[machine.1]          500 can-tx sender=1 id=0x0001 len=5
[machine.1]          500 can-rx receiver=1 id=0x0001 len=5
[machine.1]        10500 can-rx receiver=1 id=0x0101 len=2
[machine.1]        10500 can-rx receiver=1 id=0x0102 len=2
[machine.1]        10500 can-rx receiver=1 id=0x0500 len=7
[machine.1]        20500 can-rx receiver=1 id=0x0101 len=2
[machine.1]        20500 can-rx receiver=1 id=0x0102 len=2
[machine.1]        20500 can-rx receiver=1 id=0x0500 len=7
[machine.1]        30500 can-rx receiver=1 id=0x0101 len=2
[machine.1]        30500 can-rx receiver=1 id=0x0102 len=2
[machine.1]        30500 can-rx receiver=1 id=0x0500 len=7
[machine.1]        40500 can-rx receiver=1 id=0x0101 len=2
[machine.1]        40500 can-rx receiver=1 id=0x0102 len=2
[machine.1]        40500 can-rx receiver=1 id=0x0500 len=7
[machine.1]        50500 can-tx sender=1 id=0x0010 len=2
[machine.1]        50500 can-rx receiver=1 id=0x0101 len=2
[machine.1]        50500 can-rx receiver=1 id=0x0102 len=2
[machine.1]        50500 can-rx receiver=1 id=0x0500 len=7
[machine.1]        60500 can-rx receiver=1 id=0x0101 len=2
[machine.1]        60500 can-rx receiver=1 id=0x0102 len=2
[machine.1]        60500 can-rx receiver=1 id=0x0500 len=7
[machine.1]        70500 can-rx receiver=1 id=0x0101 len=2
[machine.1]        70500 can-rx receiver=1 id=0x0102 len=2
[machine.1]        70500 can-rx receiver=1 id=0x0500 len=7
[machine.1]        80500 can-rx receiver=1 id=0x0101 len=2
[machine.1]        80500 can-rx receiver=1 id=0x0102 len=2
[machine.1]        80500 can-rx receiver=1 id=0x0500 len=7
[machine.1]        90500 can-rx receiver=1 id=0x0101 len=2
[machine.1]        90500 can-rx receiver=1 id=0x0102 len=2
[machine.1]        90500 can-rx receiver=1 id=0x0500 len=7
[machine.1]       100500 can-tx sender=1 id=0x0001 len=5
[machine.1]       100500 can-rx receiver=1 id=0x0001 len=5
[machine.1]       100500 can-tx sender=1 id=0x0010 len=2
[machine.1]       100500 can-rx receiver=1 id=0x0101 len=2
[machine.1]       100500 can-rx receiver=1 id=0x0102 len=2
[machine.1]       100500 can-rx receiver=1 id=0x0500 len=7
[machine.1]       110500 can-rx receiver=1 id=0x0101 len=2
[machine.1]       110500 can-rx receiver=1 id=0x0102 len=2
[machine.1]       110500 can-rx receiver=1 id=0x0500 len=7
[machine.1]       120500 can-rx receiver=1 id=0x0101 len=2
[machine.1]       120500 can-rx receiver=1 id=0x0102 len=2
[machine.1]       120500 can-rx receiver=1 id=0x0500 len=7
[machine.1]       130500 can-rx receiver=1 id=0x0101 len=2
[machine.1]       130500 can-rx receiver=1 id=0x0102 len=2
[machine.1]       130500 can-rx receiver=1 id=0x0500 len=7
[machine.1]       140500 can-rx receiver=1 id=0x0101 len=2
[machine.1]       140500 can-rx receiver=1 id=0x0102 len=2
[machine.1]       140500 can-rx receiver=1 id=0x0500 len=7
[machine.1]       150500 can-tx sender=1 id=0x0010 len=2
[machine.1]       150500 can-rx receiver=1 id=0x0101 len=2
[machine.1]       150500 can-rx receiver=1 id=0x0102 len=2
[machine.1]       150500 can-rx receiver=1 id=0x0500 len=7
[machine.1]       160500 can-rx receiver=1 id=0x0101 len=2
[machine.1]       160500 can-rx receiver=1 id=0x0102 len=2
[machine.1]       160500 can-rx receiver=1 id=0x0500 len=7
[machine.1]       170500 can-rx receiver=1 id=0x0101 len=2
[machine.1]       170500 can-rx receiver=1 id=0x0102 len=2
[machine.1]       170500 can-rx receiver=1 id=0x0500 len=7
[machine.1]       180500 can-rx receiver=1 id=0x0101 len=2
[machine.1]       180500 can-rx receiver=1 id=0x0102 len=2
[machine.1]       180500 can-rx receiver=1 id=0x0500 len=7
[machine.1]       190500 can-rx receiver=1 id=0x0101 len=2
[machine.1]       190500 can-rx receiver=1 id=0x0102 len=2
[machine.1]       190500 can-rx receiver=1 id=0x0500 len=7
[machine.1]       200500 can-tx sender=1 id=0x0001 len=5
[machine.1]       200500 can-rx receiver=1 id=0x0001 len=5
[machine.1]       200500 can-tx sender=1 id=0x0010 len=2
[machine.1]       200500 can-rx receiver=1 id=0x0101 len=2
[machine.1]       200500 can-rx receiver=1 id=0x0102 len=2
[machine.1]       200500 can-rx receiver=1 id=0x0500 len=7
[machine.1]       210500 can-rx receiver=1 id=0x0101 len=2
[machine.1]       210500 can-rx receiver=1 id=0x0102 len=2
[machine.1]       210500 can-rx receiver=1 id=0x0500 len=7
[machine.1]       220500 can-rx receiver=1 id=0x0101 len=2
[machine.1]       220500 can-rx receiver=1 id=0x0102 len=2
[machine.1]       220500 can-rx receiver=1 id=0x0500 len=7
[machine.1]       230500 can-rx receiver=1 id=0x0101 len=2
[machine.1]       230500 can-rx receiver=1 id=0x0102 len=2
[machine.1]       230500 can-rx receiver=1 id=0x0500 len=7
[machine.1]       240500 can-rx receiver=1 id=0x0101 len=2
[machine.1]       240500 can-rx receiver=1 id=0x0102 len=2
[machine.1]       240500 can-rx receiver=1 id=0x0500 len=7
[machine.1]       250500 can-tx sender=1 id=0x0010 len=2
[machine.1]       250500 can-rx receiver=1 id=0x0101 len=2
[machine.1]       250500 can-rx receiver=1 id=0x0102 len=2
[machine.1]       250500 can-rx receiver=1 id=0x0500 len=7
[machine.1]       260500 can-rx receiver=1 id=0x0101 len=2
[machine.1]       260500 can-rx receiver=1 id=0x0102 len=2
[machine.1]       260500 can-rx receiver=1 id=0x0500 len=7
[machine.1]       270500 can-rx receiver=1 id=0x0101 len=2
[machine.1]       270500 can-rx receiver=1 id=0x0102 len=2
[machine.1]       270500 can-rx receiver=1 id=0x0500 len=7
[machine.1]       280500 can-rx receiver=1 id=0x0101 len=2
[machine.1]       280500 can-rx receiver=1 id=0x0102 len=2
[machine.1]       280500 can-rx receiver=1 id=0x0500 len=7
[machine.1]       290500 can-rx receiver=1 id=0x0101 len=2
[machine.1]       290500 can-rx receiver=1 id=0x0102 len=2
[machine.1]       290500 can-rx receiver=1 id=0x0500 len=7
[machine.1]       300500 can-tx sender=1 id=0x0001 len=5
[machine.1]       300500 can-rx receiver=1 id=0x0001 len=5
[machine.1]       300500 can-tx sender=1 id=0x0010 len=2
[machine.1]       300500 can-rx receiver=1 id=0x0101 len=2
[machine.1]       300500 can-rx receiver=1 id=0x0102 len=2
[machine.1]       300500 can-rx receiver=1 id=0x0500 len=7
[machine.1]       310500 can-rx receiver=1 id=0x0101 len=2
[machine.1]       310500 can-rx receiver=1 id=0x0102 len=2
[machine.1]       310500 can-rx receiver=1 id=0x0500 len=7
[machine.1]       320500 can-rx receiver=1 id=0x0101 len=2
[machine.1]       320500 can-rx receiver=1 id=0x0102 len=2
[machine.1]       320500 can-rx receiver=1 id=0x0500 len=7
[machine.1]       330500 can-rx receiver=1 id=0x0101 len=2
[machine.1]       330500 can-rx receiver=1 id=0x0102 len=2
[machine.1]       330500 can-rx receiver=1 id=0x0500 len=7
[machine.1]       340500 can-rx receiver=1 id=0x0101 len=2
[machine.1]       340500 can-rx receiver=1 id=0x0102 len=2
[machine.1]       340500 can-rx receiver=1 id=0x0500 len=7
[machine.1]       350500 can-tx sender=1 id=0x0010 len=2
[machine.1]       350500 can-rx receiver=1 id=0x0101 len=2
[machine.1]       350500 can-rx receiver=1 id=0x0102 len=2
[machine.1]       350500 can-rx receiver=1 id=0x0500 len=7
[machine.1]       360500 can-rx receiver=1 id=0x0101 len=2
[machine.1]       360500 can-rx receiver=1 id=0x0102 len=2
[machine.1]       360500 can-rx receiver=1 id=0x0500 len=7
[machine.1]       370500 can-rx receiver=1 id=0x0101 len=2
[machine.1]       370500 can-rx receiver=1 id=0x0102 len=2
[machine.1]       370500 can-rx receiver=1 id=0x0500 len=7
[machine.1]       380500 can-rx receiver=1 id=0x0101 len=2
[machine.1]       380500 can-rx receiver=1 id=0x0102 len=2
[machine.1]       380500 can-rx receiver=1 id=0x0500 len=7
[machine.1]       390500 can-rx receiver=1 id=0x0101 len=2
[machine.1]       390500 can-rx receiver=1 id=0x0102 len=2
[machine.1]       390500 can-rx receiver=1 id=0x0500 len=7
[machine.1]       400500 can-tx sender=1 id=0x0001 len=5
[machine.1]       400500 can-rx receiver=1 id=0x0001 len=5
[machine.1]       400500 can-tx sender=1 id=0x0010 len=2
[machine.1]       400500 can-rx receiver=1 id=0x0101 len=2
[machine.1]       400500 can-rx receiver=1 id=0x0102 len=2
[machine.1]       400500 can-rx receiver=1 id=0x0500 len=7
[machine.1]       410500 can-rx receiver=1 id=0x0101 len=2
[machine.1]       410500 can-rx receiver=1 id=0x0102 len=2
[machine.1]       410500 can-rx receiver=1 id=0x0500 len=7
[machine.1]       420500 can-rx receiver=1 id=0x0101 len=2
[machine.1]       420500 can-rx receiver=1 id=0x0102 len=2
[machine.1]       420500 can-rx receiver=1 id=0x0500 len=7
[machine.1]       430500 can-rx receiver=1 id=0x0101 len=2
[machine.1]       430500 can-rx receiver=1 id=0x0102 len=2
[machine.1]       430500 can-rx receiver=1 id=0x0500 len=7
[machine.1]       440500 can-rx receiver=1 id=0x0101 len=2
[machine.1]       440500 can-rx receiver=1 id=0x0102 len=2
[machine.1]       440500 can-rx receiver=1 id=0x0500 len=7
[machine.1]       450500 can-tx sender=1 id=0x0010 len=2
[machine.1]       450500 can-rx receiver=1 id=0x0101 len=2
[machine.1]       450500 can-rx receiver=1 id=0x0102 len=2
[machine.1]       450500 can-rx receiver=1 id=0x0500 len=7
[machine.1]       460500 can-rx receiver=1 id=0x0101 len=2
[machine.1]       460500 can-rx receiver=1 id=0x0102 len=2
[machine.1]       460500 can-rx receiver=1 id=0x0500 len=7
[machine.1]       470500 can-rx receiver=1 id=0x0101 len=2
[machine.1]       470500 can-rx receiver=1 id=0x0102 len=2
[machine.1]       470500 can-rx receiver=1 id=0x0500 len=7
[machine.1]       480500 can-rx receiver=1 id=0x0101 len=2
[machine.1]       480500 can-rx receiver=1 id=0x0102 len=2
[machine.1]       480500 can-rx receiver=1 id=0x0500 len=7
[machine.1]       490500 can-rx receiver=1 id=0x0101 len=2
[machine.1]       490500 can-rx receiver=1 id=0x0102 len=2
[machine.1]       490500 can-rx receiver=1 id=0x0500 len=7
[machine.1]       500500 can-rx receiver=1 id=0x0001 len=5
[machine.1]       500500 can-rx receiver=1 id=0x0001 len=5
[machine.1]       500500 can-rx receiver=1 id=0x0001 len=5
[machine.1]       500500 can-rx receiver=1 id=0x0001 len=5
[machine.1]       500500 can-rx receiver=1 id=0x0001 len=5
[machine.1]       500500 can-rx receiver=1 id=0x0001 len=5
[machine.1]       500500 can-rx receiver=1 id=0x0001 len=5
[machine.1]       500500 can-rx receiver=1 id=0x0001 len=5
[machine.1]       500500 can-rx receiver=1 id=0x0001 len=5
[machine.1]       500500 can-rx receiver=1 id=0x0001 len=5
[machine.1]       500500 can-rx receiver=1 id=0x0001 len=5
[machine.1]       500500 can-rx receiver=1 id=0x0001 len=5
[machine.1]       500500 can-rx receiver=1 id=0x0001 len=5
[machine.1]       500500 can-rx receiver=1 id=0x0001 len=5
[machine.1]       500500 can-rx receiver=1 id=0x0001 len=5
[machine.1]       500500 can-rx receiver=1 id=0x0001 len=5
[machine.1]       500500 can-rx receiver=1 id=0x0001 len=5
[machine.1]       500500 can-rx receiver=1 id=0x0001 len=5
[machine.1]       500500 can-rx receiver=1 id=0x0001 len=5
[machine.1]       500500 can-rx receiver=1 id=0x0001 len=5
[machine.1]       500500 can-tx sender=1 id=0x0001 len=5
[machine.1]       500500 can-rx receiver=1 id=0x0001 len=5
[machine.1]       500500 can-tx sender=1 id=0x0010 len=2
[machine.1]       500500 can-rx receiver=1 id=0x0101 len=2
[machine.1]       500500 can-rx receiver=1 id=0x0102 len=2
[machine.1]       500500 can-rx receiver=1 id=0x0500 len=7
[machine.1]       510500 can-rx receiver=1 id=0x0101 len=2
[machine.1]       510500 can-rx receiver=1 id=0x0102 len=2
[machine.1]       510500 can-rx receiver=1 id=0x0500 len=7
[machine.1]       520500 can-rx receiver=1 id=0x0101 len=2
[machine.1]       520500 can-rx receiver=1 id=0x0102 len=2
[machine.1]       520500 can-rx receiver=1 id=0x0500 len=7
[machine.1]       530500 can-rx receiver=1 id=0x0101 len=2
[machine.1]       530500 can-rx receiver=1 id=0x0102 len=2
[machine.1]       530500 can-rx receiver=1 id=0x0500 len=7
[machine.1]       540500 can-rx receiver=1 id=0x0101 len=2
[machine.1]       540500 can-rx receiver=1 id=0x0102 len=2
[machine.1]       540500 can-rx receiver=1 id=0x0500 len=7
[machine.1]       550500 can-tx sender=1 id=0x0010 len=2
[machine.1]       550500 can-rx receiver=1 id=0x0101 len=2
[machine.1]       550500 can-rx receiver=1 id=0x0102 len=2
[machine.1]       550500 can-rx receiver=1 id=0x0500 len=7
[machine.1]       560500 can-rx receiver=1 id=0x0101 len=2
[machine.1]       560500 can-rx receiver=1 id=0x0102 len=2
[machine.1]       560500 can-rx receiver=1 id=0x0500 len=7
[machine.1]       570500 can-rx receiver=1 id=0x0101 len=2
[machine.1]       570500 can-rx receiver=1 id=0x0102 len=2
[machine.1]       570500 can-rx receiver=1 id=0x0500 len=7
[machine.1]       580500 can-rx receiver=1 id=0x0101 len=2
[machine.1]       580500 can-rx receiver=1 id=0x0102 len=2
[machine.1]       580500 can-rx receiver=1 id=0x0500 len=7
[machine.1]       590500 can-rx receiver=1 id=0x0101 len=2
[machine.1]       590500 can-rx receiver=1 id=0x0102 len=2
[machine.1]       590500 can-rx receiver=1 id=0x0500 len=7
[machine.1]       600500 can-tx sender=1 id=0x0001 len=5
[machine.1]       600500 can-rx receiver=1 id=0x0001 len=5
[machine.1]       600500 can-tx sender=1 id=0x0010 len=2
[machine.1]       600500 can-rx receiver=1 id=0x0101 len=2
[machine.1]       600500 can-rx receiver=1 id=0x0102 len=2
[machine.1]       600500 can-rx receiver=1 id=0x0500 len=7
[machine.1]       610500 can-rx receiver=1 id=0x0101 len=2
[machine.1]       610500 can-rx receiver=1 id=0x0102 len=2
[machine.1]       610500 can-rx receiver=1 id=0x0500 len=7
[machine.1]       620500 can-rx receiver=1 id=0x0101 len=2
[machine.1]       620500 can-rx receiver=1 id=0x0102 len=2
[machine.1]       620500 can-rx receiver=1 id=0x0500 len=7
[machine.1]       630500 can-rx receiver=1 id=0x0101 len=2
[machine.1]       630500 can-rx receiver=1 id=0x0102 len=2
[machine.1]       630500 can-rx receiver=1 id=0x0500 len=7
[machine.1]       640500 can-rx receiver=1 id=0x0101 len=2
[machine.1]       640500 can-rx receiver=1 id=0x0102 len=2
[machine.1]       640500 can-rx receiver=1 id=0x0500 len=7
[machine.1]       650500 can-tx sender=1 id=0x0010 len=2
[machine.1]       650500 can-rx receiver=1 id=0x0101 len=2
[machine.1]       650500 can-rx receiver=1 id=0x0102 len=2
[machine.1]       650500 can-rx receiver=1 id=0x0500 len=7
[machine.1]       660500 can-rx receiver=1 id=0x0101 len=2
[machine.1]       660500 can-rx receiver=1 id=0x0102 len=2
[machine.1]       660500 can-rx receiver=1 id=0x0500 len=7
[machine.1]       670500 can-rx receiver=1 id=0x0101 len=2
[machine.1]       670500 can-rx receiver=1 id=0x0102 len=2
[machine.1]       670500 can-rx receiver=1 id=0x0500 len=7
[machine.1]       680500 can-rx receiver=1 id=0x0101 len=2
[machine.1]       680500 can-rx receiver=1 id=0x0102 len=2
[machine.1]       680500 can-rx receiver=1 id=0x0500 len=7
[machine.1]       690500 can-rx receiver=1 id=0x0101 len=2
[machine.1]       690500 can-rx receiver=1 id=0x0102 len=2
[machine.1]       690500 can-rx receiver=1 id=0x0500 len=7
[machine.1]       700500 can-tx sender=1 id=0x0001 len=5
[machine.1]       700500 can-rx receiver=1 id=0x0001 len=5
[machine.1]       700500 can-tx sender=1 id=0x0010 len=2
[machine.1]       700500 can-rx receiver=1 id=0x0101 len=2
[machine.1]       700500 can-rx receiver=1 id=0x0102 len=2
[machine.1]       700500 can-rx receiver=1 id=0x0500 len=7
[machine.1]       710500 can-rx receiver=1 id=0x0101 len=2
[machine.1]       710500 can-rx receiver=1 id=0x0102 len=2
[machine.1]       710500 can-rx receiver=1 id=0x0500 len=7
[machine.1]       720500 can-rx receiver=1 id=0x0101 len=2
[machine.1]       720500 can-rx receiver=1 id=0x0102 len=2
[machine.1]       720500 can-rx receiver=1 id=0x0500 len=7
[machine.1]       730500 can-rx receiver=1 id=0x0101 len=2
[machine.1]       730500 can-rx receiver=1 id=0x0102 len=2
[machine.1]       730500 can-rx receiver=1 id=0x0500 len=7
[machine.1]       740500 can-rx receiver=1 id=0x0101 len=2
[machine.1]       740500 can-rx receiver=1 id=0x0102 len=2
[machine.1]       740500 can-rx receiver=1 id=0x0500 len=7
[machine.1]       750500 can-tx sender=1 id=0x0010 len=2
[machine.1]       750500 can-rx receiver=1 id=0x0101 len=2
[machine.1]       750500 can-rx receiver=1 id=0x0102 len=2
[machine.1]       750500 can-rx receiver=1 id=0x0500 len=7
[machine.1]       760500 can-rx receiver=1 id=0x0101 len=2
[machine.1]       760500 can-rx receiver=1 id=0x0102 len=2
[machine.1]       760500 can-rx receiver=1 id=0x0500 len=7
[machine.1]       770500 can-rx receiver=1 id=0x0101 len=2
[machine.1]       770500 can-rx receiver=1 id=0x0102 len=2
[machine.1]       770500 can-rx receiver=1 id=0x0500 len=7
[machine.1]       780500 can-rx receiver=1 id=0x0101 len=2
[machine.1]       780500 can-rx receiver=1 id=0x0102 len=2
[machine.1]       780500 can-rx receiver=1 id=0x0500 len=7
[machine.1]       790500 can-rx receiver=1 id=0x0101 len=2
[machine.1]       790500 can-rx receiver=1 id=0x0102 len=2
[machine.1]       790500 can-rx receiver=1 id=0x0500 len=7
[machine.1]       800500 can-tx sender=1 id=0x0001 len=5
[machine.1]       800500 can-rx receiver=1 id=0x0001 len=5
[machine.1]       800500 can-tx sender=1 id=0x0010 len=2
[machine.1]       800500 can-rx receiver=1 id=0x0101 len=2
[machine.1]       800500 can-rx receiver=1 id=0x0102 len=2
[machine.1]       800500 can-rx receiver=1 id=0x0500 len=7
[machine.1]       810500 can-rx receiver=1 id=0x0101 len=2
[machine.1]       810500 can-rx receiver=1 id=0x0102 len=2
[machine.1]       810500 can-rx receiver=1 id=0x0500 len=7
[machine.1]       820500 can-rx receiver=1 id=0x0101 len=2
[machine.1]       820500 can-rx receiver=1 id=0x0102 len=2
[machine.1]       820500 can-rx receiver=1 id=0x0500 len=7
[machine.1]       830500 can-rx receiver=1 id=0x0101 len=2
[machine.1]       830500 can-rx receiver=1 id=0x0102 len=2
[machine.1]       830500 can-rx receiver=1 id=0x0500 len=7
[machine.1]       840500 can-rx receiver=1 id=0x0101 len=2
[machine.1]       840500 can-rx receiver=1 id=0x0102 len=2
[machine.1]       840500 can-rx receiver=1 id=0x0500 len=7
[machine.1]       850500 can-tx sender=1 id=0x0010 len=2
[machine.1]       850500 can-rx receiver=1 id=0x0101 len=2
[machine.1]       850500 can-rx receiver=1 id=0x0102 len=2
[machine.1]       850500 can-rx receiver=1 id=0x0500 len=7
[machine.1]       860500 can-rx receiver=1 id=0x0101 len=2
[machine.1]       860500 can-rx receiver=1 id=0x0102 len=2
[machine.1]       860500 can-rx receiver=1 id=0x0500 len=7
[machine.1]       870500 can-rx receiver=1 id=0x0101 len=2
[machine.1]       870500 can-rx receiver=1 id=0x0102 len=2
[machine.1]       870500 can-rx receiver=1 id=0x0500 len=7
[machine.1]       880500 can-rx receiver=1 id=0x0101 len=2
[machine.1]       880500 can-rx receiver=1 id=0x0102 len=2
[machine.1]       880500 can-rx receiver=1 id=0x0500 len=7
[machine.1]       890500 can-rx receiver=1 id=0x0101 len=2
[machine.1]       890500 can-rx receiver=1 id=0x0102 len=2
[machine.1]       890500 can-rx receiver=1 id=0x0500 len=7
[machine.1]       900500 can-tx sender=1 id=0x0001 len=5
[machine.1]       900500 can-rx receiver=1 id=0x0001 len=5
[machine.1]       900500 can-tx sender=1 id=0x0010 len=2
[machine.1]       900500 can-rx receiver=1 id=0x0101 len=2
[machine.1]       900500 can-rx receiver=1 id=0x0102 len=2
[machine.1]       900500 can-rx receiver=1 id=0x0500 len=7
[machine.1]       910500 can-rx receiver=1 id=0x0101 len=2
[machine.1]       910500 can-rx receiver=1 id=0x0102 len=2
[machine.1]       910500 can-rx receiver=1 id=0x0500 len=7
[machine.1]       920500 can-rx receiver=1 id=0x0101 len=2
[machine.1]       920500 can-rx receiver=1 id=0x0102 len=2
[machine.1]       920500 can-rx receiver=1 id=0x0500 len=7
[machine.1]       930500 can-rx receiver=1 id=0x0101 len=2
[machine.1]       930500 can-rx receiver=1 id=0x0102 len=2
[machine.1]       930500 can-rx receiver=1 id=0x0500 len=7
[machine.1]       940500 can-rx receiver=1 id=0x0101 len=2
[machine.1]       940500 can-rx receiver=1 id=0x0102 len=2
[machine.1]       940500 can-rx receiver=1 id=0x0500 len=7
[machine.1]       950500 can-tx sender=1 id=0x0010 len=2
[machine.1]       950500 can-rx receiver=1 id=0x0101 len=2
[machine.1]       950500 can-rx receiver=1 id=0x0102 len=2
[machine.1]       950500 can-rx receiver=1 id=0x0500 len=7
[machine.1]       960500 can-rx receiver=1 id=0x0101 len=2
[machine.1]       960500 can-rx receiver=1 id=0x0102 len=2
[machine.1]       960500 can-rx receiver=1 id=0x0500 len=7
[machine.1]       970500 can-rx receiver=1 id=0x0101 len=2
[machine.1]       970500 can-rx receiver=1 id=0x0102 len=2
[machine.1]       970500 can-rx receiver=1 id=0x0500 len=7
[machine.1]       980500 can-rx receiver=1 id=0x0101 len=2
[machine.1]       980500 can-rx receiver=1 id=0x0102 len=2
[machine.1]       980500 can-rx receiver=1 id=0x0500 len=7
[machine.1]       990500 can-rx receiver=1 id=0x0101 len=2
[machine.1]       990500 can-rx receiver=1 id=0x0102 len=2
[machine.1]       990500 can-rx receiver=1 id=0x0500 len=7
[machine.1]      1000500 can-tx sender=1 id=0x0001 len=5
[machine.1]      1000500 can-rx receiver=1 id=0x0001 len=5
[machine.1]      1000500 can-tx sender=1 id=0x0010 len=2
[machine.1]      1000500 can-rx receiver=1 id=0x0101 len=2
[machine.1]      1000500 can-rx receiver=1 id=0x0102 len=2
[machine.1]      1000500 can-rx receiver=1 id=0x0500 len=7
[machine.1]      1010500 can-rx receiver=1 id=0x0101 len=2
[machine.1]      1010500 can-rx receiver=1 id=0x0102 len=2
[machine.1]      1010500 can-rx receiver=1 id=0x0500 len=7
[machine.1]      1020500 can-rx receiver=1 id=0x0101 len=2
[machine.1]      1020500 can-rx receiver=1 id=0x0102 len=2
[machine.1]      1020500 can-rx receiver=1 id=0x0500 len=7
[machine.1]      1030500 can-rx receiver=1 id=0x0101 len=2
[machine.1]      1030500 can-rx receiver=1 id=0x0102 len=2
[machine.1]      1030500 can-rx receiver=1 id=0x0500 len=7
[machine.1]      1040500 can-rx receiver=1 id=0x0101 len=2
[machine.1]      1040500 can-rx receiver=1 id=0x0102 len=2
[machine.1]      1040500 can-rx receiver=1 id=0x0500 len=7
[machine.1]      1050500 can-tx sender=1 id=0x0010 len=2
[machine.1]      1050500 can-rx receiver=1 id=0x0101 len=2
[machine.1]      1050500 can-rx receiver=1 id=0x0102 len=2
[machine.1]      1050500 can-rx receiver=1 id=0x0500 len=7
[machine.1]      1060500 can-rx receiver=1 id=0x0101 len=2
[machine.1]      1060500 can-rx receiver=1 id=0x0102 len=2
[machine.1]      1060500 can-rx receiver=1 id=0x0500 len=7
[machine.1]      1070500 can-rx receiver=1 id=0x0101 len=2
[machine.1]      1070500 can-rx receiver=1 id=0x0102 len=2
[machine.1]      1070500 can-rx receiver=1 id=0x0500 len=7
[machine.1]      1080500 can-rx receiver=1 id=0x0101 len=2
[machine.1]      1080500 can-rx receiver=1 id=0x0102 len=2
[machine.1]      1080500 can-rx receiver=1 id=0x0500 len=7
[machine.1]      1090500 can-rx receiver=1 id=0x0101 len=2
[machine.1]      1090500 can-rx receiver=1 id=0x0102 len=2
[machine.1]      1090500 can-rx receiver=1 id=0x0500 len=7
[machine.1]      1100500 can-tx sender=1 id=0x0001 len=5
[machine.1]      1100500 can-rx receiver=1 id=0x0001 len=5
[machine.1]      1100500 can-tx sender=1 id=0x0010 len=2
[machine.1]      1100500 can-rx receiver=1 id=0x0101 len=2
[machine.1]      1100500 can-rx receiver=1 id=0x0102 len=2
[machine.1]      1100500 can-rx receiver=1 id=0x0500 len=7
[machine.1]      1110500 can-rx receiver=1 id=0x0101 len=2
[machine.1]      1110500 can-rx receiver=1 id=0x0102 len=2
[machine.1]      1110500 can-rx receiver=1 id=0x0500 len=7
[machine.1]      1120500 can-rx receiver=1 id=0x0101 len=2
[machine.1]      1120500 can-rx receiver=1 id=0x0102 len=2
[machine.1]      1120500 can-rx receiver=1 id=0x0500 len=7
[machine.1]      1130500 can-rx receiver=1 id=0x0101 len=2
[machine.1]      1130500 can-rx receiver=1 id=0x0102 len=2
[machine.1]      1130500 can-rx receiver=1 id=0x0500 len=7
[machine.1]      1140500 can-rx receiver=1 id=0x0101 len=2
[machine.1]      1140500 can-rx receiver=1 id=0x0102 len=2
[machine.1]      1140500 can-rx receiver=1 id=0x0500 len=7
[machine.1]      1150500 can-tx sender=1 id=0x0010 len=2
[machine.1]      1150500 can-rx receiver=1 id=0x0101 len=2
[machine.1]      1150500 can-rx receiver=1 id=0x0102 len=2
[machine.1]      1150500 can-rx receiver=1 id=0x0500 len=7
[machine.1]      1160500 can-rx receiver=1 id=0x0101 len=2
[machine.1]      1160500 can-rx receiver=1 id=0x0102 len=2
[machine.1]      1160500 can-rx receiver=1 id=0x0500 len=7
[machine.1]      1170500 can-rx receiver=1 id=0x0101 len=2
[machine.1]      1170500 can-rx receiver=1 id=0x0102 len=2
[machine.1]      1170500 can-rx receiver=1 id=0x0500 len=7
[machine.1]      1180500 can-rx receiver=1 id=0x0101 len=2
[machine.1]      1180500 can-rx receiver=1 id=0x0102 len=2
[machine.1]      1180500 can-rx receiver=1 id=0x0500 len=7
[machine.1]      1190500 can-rx receiver=1 id=0x0101 len=2
[machine.1]      1190500 can-rx receiver=1 id=0x0102 len=2
[machine.1]      1190500 can-rx receiver=1 id=0x0500 len=7
[machine.1]      1200500 can-tx sender=1 id=0x0001 len=5
[machine.1]      1200500 can-rx receiver=1 id=0x0001 len=5
[machine.1]      1200500 can-tx sender=1 id=0x0010 len=2
[machine.1]      1200500 can-rx receiver=1 id=0x0101 len=2
[machine.1]      1200500 can-rx receiver=1 id=0x0102 len=2
[machine.1]      1200500 can-rx receiver=1 id=0x0500 len=7
[machine.1]      1210500 can-rx receiver=1 id=0x0101 len=2
[machine.1]      1210500 can-rx receiver=1 id=0x0102 len=2
[machine.1]      1210500 can-rx receiver=1 id=0x0500 len=7
[machine.1]      1220500 can-rx receiver=1 id=0x0101 len=2
[machine.1]      1220500 can-rx receiver=1 id=0x0102 len=2
[machine.1]      1220500 can-rx receiver=1 id=0x0500 len=7
[machine.1]      1230500 can-rx receiver=1 id=0x0101 len=2
[machine.1]      1230500 can-rx receiver=1 id=0x0102 len=2
[machine.1]      1230500 can-rx receiver=1 id=0x0500 len=7
[machine.1]      1240500 can-rx receiver=1 id=0x0101 len=2
[machine.1]      1240500 can-rx receiver=1 id=0x0102 len=2
[machine.1]      1240500 can-rx receiver=1 id=0x0500 len=7
[machine.1]      1250500 can-tx sender=1 id=0x0010 len=2
[machine.1]      1250500 can-rx receiver=1 id=0x0101 len=2
[machine.1]      1250500 can-rx receiver=1 id=0x0102 len=2
[machine.1]      1250500 can-rx receiver=1 id=0x0500 len=7
[machine.1]      1260500 can-rx receiver=1 id=0x0101 len=2
[machine.1]      1260500 can-rx receiver=1 id=0x0102 len=2
[machine.1]      1260500 can-rx receiver=1 id=0x0500 len=7
[machine.1]      1270500 can-rx receiver=1 id=0x0101 len=2
[machine.1]      1270500 can-rx receiver=1 id=0x0102 len=2
[machine.1]      1270500 can-rx receiver=1 id=0x0500 len=7
[machine.1]      1280500 can-rx receiver=1 id=0x0101 len=2
[machine.1]      1280500 can-rx receiver=1 id=0x0102 len=2
[machine.1]      1280500 can-rx receiver=1 id=0x0500 len=7
[machine.1]      1290500 can-rx receiver=1 id=0x0101 len=2
[machine.1]      1290500 can-rx receiver=1 id=0x0102 len=2
[machine.1]      1290500 can-rx receiver=1 id=0x0500 len=7
[machine.1]      1300500 can-tx sender=1 id=0x0001 len=5
[machine.1]      1300500 can-rx receiver=1 id=0x0001 len=5
[machine.1]      1300500 can-tx sender=1 id=0x0010 len=2
[machine.1]      1300500 can-rx receiver=1 id=0x0101 len=2
[machine.1]      1300500 can-rx receiver=1 id=0x0102 len=2
[machine.1]      1300500 can-rx receiver=1 id=0x0500 len=7
[machine.1]      1310500 can-rx receiver=1 id=0x0101 len=2
[machine.1]      1310500 can-rx receiver=1 id=0x0102 len=2
[machine.1]      1310500 can-rx receiver=1 id=0x0500 len=7
[machine.1]      1320500 can-rx receiver=1 id=0x0101 len=2
[machine.1]      1320500 can-rx receiver=1 id=0x0102 len=2
[machine.1]      1320500 can-rx receiver=1 id=0x0500 len=7
[machine.1]      1330500 can-rx receiver=1 id=0x0101 len=2
[machine.1]      1330500 can-rx receiver=1 id=0x0102 len=2
[machine.1]      1330500 can-rx receiver=1 id=0x0500 len=7
[machine.1]      1340500 can-rx receiver=1 id=0x0101 len=2
[machine.1]      1340500 can-rx receiver=1 id=0x0102 len=2
[machine.1]      1340500 can-rx receiver=1 id=0x0500 len=7
[machine.1]      1350500 can-tx sender=1 id=0x0010 len=2
[machine.1]      1350500 can-rx receiver=1 id=0x0101 len=2
[machine.1]      1350500 can-rx receiver=1 id=0x0102 len=2
[machine.1]      1350500 can-rx receiver=1 id=0x0500 len=7
[machine.1]      1360500 can-rx receiver=1 id=0x0101 len=2
[machine.1]      1360500 can-rx receiver=1 id=0x0102 len=2
[machine.1]      1360500 can-rx receiver=1 id=0x0500 len=7
[machine.1]      1370500 can-rx receiver=1 id=0x0101 len=2
[machine.1]      1370500 can-rx receiver=1 id=0x0102 len=2
[machine.1]      1370500 can-rx receiver=1 id=0x0500 len=7
[machine.1]      1380500 can-rx receiver=1 id=0x0101 len=2
[machine.1]      1380500 can-rx receiver=1 id=0x0102 len=2
[machine.1]      1380500 can-rx receiver=1 id=0x0500 len=7
[machine.1]      1390500 can-rx receiver=1 id=0x0101 len=2
[machine.1]      1390500 can-rx receiver=1 id=0x0102 len=2
[machine.1]      1390500 can-rx receiver=1 id=0x0500 len=7
[machine.1]      1400500 can-tx sender=1 id=0x0001 len=5
[machine.1]      1400500 can-rx receiver=1 id=0x0001 len=5
[machine.1]      1400500 can-tx sender=1 id=0x0010 len=2
[machine.1]      1400500 can-rx receiver=1 id=0x0101 len=2
[machine.1]      1400500 can-rx receiver=1 id=0x0102 len=2
[machine.1]      1400500 can-rx receiver=1 id=0x0500 len=7
[machine.1]      1410500 can-rx receiver=1 id=0x0101 len=2
[machine.1]      1410500 can-rx receiver=1 id=0x0102 len=2
[machine.1]      1410500 can-rx receiver=1 id=0x0500 len=7
[machine.1]      1420500 can-rx receiver=1 id=0x0101 len=2
[machine.1]      1420500 can-rx receiver=1 id=0x0102 len=2
[machine.1]      1420500 can-rx receiver=1 id=0x0500 len=7
[machine.1]      1430500 can-rx receiver=1 id=0x0101 len=2
[machine.1]      1430500 can-rx receiver=1 id=0x0102 len=2
[machine.1]      1430500 can-rx receiver=1 id=0x0500 len=7
[machine.1]      1440500 can-rx receiver=1 id=0x0101 len=2
[machine.1]      1440500 can-rx receiver=1 id=0x0102 len=2
[machine.1]      1440500 can-rx receiver=1 id=0x0500 len=7
[machine.1]      1450500 can-tx sender=1 id=0x0010 len=2
[machine.1]      1450500 can-rx receiver=1 id=0x0101 len=2
[machine.1]      1450500 can-rx receiver=1 id=0x0102 len=2
[machine.1]      1450500 can-rx receiver=1 id=0x0500 len=7
[machine.1]      1460500 can-rx receiver=1 id=0x0101 len=2
[machine.1]      1460500 can-rx receiver=1 id=0x0102 len=2
[machine.1]      1460500 can-rx receiver=1 id=0x0500 len=7
[machine.1]      1470500 can-rx receiver=1 id=0x0101 len=2
[machine.1]      1470500 can-rx receiver=1 id=0x0102 len=2
[machine.1]      1470500 can-rx receiver=1 id=0x0500 len=7
[machine.1]      1480500 can-rx receiver=1 id=0x0101 len=2
[machine.1]      1480500 can-rx receiver=1 id=0x0102 len=2
[machine.1]      1480500 can-rx receiver=1 id=0x0500 len=7
[machine.1]      1490500 can-rx receiver=1 id=0x0101 len=2
[machine.1]      1490500 can-rx receiver=1 id=0x0102 len=2
[machine.1]      1490500 can-rx receiver=1 id=0x0500 len=7
[machine.1]      1500500 can-tx sender=1 id=0x0001 len=5
[machine.1]      1500500 can-rx receiver=1 id=0x0001 len=5
[machine.1]      1500500 can-tx sender=1 id=0x0010 len=2
[machine.1]      1500500 can-rx receiver=1 id=0x0101 len=2
[machine.1]      1500500 can-rx receiver=1 id=0x0102 len=2
[machine.1]      1500500 can-rx receiver=1 id=0x0500 len=7
[machine.1]      1510500 can-rx receiver=1 id=0x0101 len=2
[machine.1]      1510500 can-rx receiver=1 id=0x0102 len=2
[machine.1]      1510500 can-rx receiver=1 id=0x0500 len=7
[machine.1]      1520500 can-rx receiver=1 id=0x0101 len=2
[machine.1]      1520500 can-rx receiver=1 id=0x0102 len=2
[machine.1]      1520500 can-rx receiver=1 id=0x0500 len=7
[machine.1]      1530500 can-rx receiver=1 id=0x0101 len=2
[machine.1]      1530500 can-rx receiver=1 id=0x0102 len=2
[machine.1]      1530500 can-rx receiver=1 id=0x0500 len=7
[machine.1]      1540500 can-rx receiver=1 id=0x0101 len=2
[machine.1]      1540500 can-rx receiver=1 id=0x0102 len=2
[machine.1]      1540500 can-rx receiver=1 id=0x0500 len=7
[machine.1]      1550500 can-tx sender=1 id=0x0010 len=2
[machine.1]      1550500 can-rx receiver=1 id=0x0101 len=2
[machine.1]      1550500 can-rx receiver=1 id=0x0102 len=2
[machine.1]      1550500 can-rx receiver=1 id=0x0500 len=7
[machine.1]      1560500 can-rx receiver=1 id=0x0101 len=2
[machine.1]      1560500 can-rx receiver=1 id=0x0102 len=2
[machine.1]      1560500 can-rx receiver=1 id=0x0500 len=7
[machine.1]      1570500 can-rx receiver=1 id=0x0101 len=2
[machine.1]      1570500 can-rx receiver=1 id=0x0102 len=2
[machine.1]      1570500 can-rx receiver=1 id=0x0500 len=7
[machine.1]      1580500 can-rx receiver=1 id=0x0101 len=2
[machine.1]      1580500 can-rx receiver=1 id=0x0102 len=2
[machine.1]      1580500 can-rx receiver=1 id=0x0500 len=7
[machine.1]      1590500 can-rx receiver=1 id=0x0101 len=2
[machine.1]      1590500 can-rx receiver=1 id=0x0102 len=2
[machine.1]      1590500 can-rx receiver=1 id=0x0500 len=7
[machine.1]      1600500 can-tx sender=1 id=0x0001 len=5
[machine.1]      1600500 can-rx receiver=1 id=0x0001 len=5
[machine.1]      1600500 can-tx sender=1 id=0x0010 len=2
[machine.1]      1600500 can-rx receiver=1 id=0x0101 len=2
[machine.1]      1600500 can-rx receiver=1 id=0x0102 len=2
[machine.1]      1600500 can-rx receiver=1 id=0x0500 len=7
[machine.1]      1610500 can-rx receiver=1 id=0x0101 len=2
[machine.1]      1610500 can-rx receiver=1 id=0x0102 len=2
[machine.1]      1610500 can-rx receiver=1 id=0x0500 len=7
[machine.1]      1620500 can-rx receiver=1 id=0x0101 len=2
[machine.1]      1620500 can-rx receiver=1 id=0x0102 len=2
[machine.1]      1620500 can-rx receiver=1 id=0x0500 len=7
[machine.1]      1630500 can-rx receiver=1 id=0x0101 len=2
[machine.1]      1630500 can-rx receiver=1 id=0x0102 len=2
[machine.1]      1630500 can-rx receiver=1 id=0x0500 len=7
[machine.1]      1640500 can-rx receiver=1 id=0x0101 len=2
[machine.1]      1640500 can-rx receiver=1 id=0x0102 len=2
[machine.1]      1640500 can-rx receiver=1 id=0x0500 len=7
[machine.1]      1650500 can-tx sender=1 id=0x0010 len=2
[machine.1]      1650500 can-rx receiver=1 id=0x0101 len=2
[machine.1]      1650500 can-rx receiver=1 id=0x0102 len=2
[machine.1]      1650500 can-rx receiver=1 id=0x0500 len=7
[machine.1]      1660500 can-rx receiver=1 id=0x0101 len=2
[machine.1]      1660500 can-rx receiver=1 id=0x0102 len=2
[machine.1]      1660500 can-rx receiver=1 id=0x0500 len=7
[machine.1]      1670500 can-rx receiver=1 id=0x0101 len=2
[machine.1]      1670500 can-rx receiver=1 id=0x0102 len=2
[machine.1]      1670500 can-rx receiver=1 id=0x0500 len=7
[machine.1]      1680500 can-rx receiver=1 id=0x0101 len=2
[machine.1]      1680500 can-rx receiver=1 id=0x0102 len=2
[machine.1]      1680500 can-rx receiver=1 id=0x0500 len=7
[machine.1]      1690500 can-rx receiver=1 id=0x0101 len=2
[machine.1]      1690500 can-rx receiver=1 id=0x0102 len=2
[machine.1]      1690500 can-rx receiver=1 id=0x0500 len=7
[machine.1]      1700500 can-tx sender=1 id=0x0001 len=5
[machine.1]      1700500 can-rx receiver=1 id=0x0001 len=5
[machine.1]      1700500 can-tx sender=1 id=0x0010 len=2
[machine.1]      1700500 can-rx receiver=1 id=0x0101 len=2
[machine.1]      1700500 can-rx receiver=1 id=0x0102 len=2
[machine.1]      1700500 can-rx receiver=1 id=0x0500 len=7
[machine.1]      1710500 can-rx receiver=1 id=0x0101 len=2
[machine.1]      1710500 can-rx receiver=1 id=0x0102 len=2
[machine.1]      1710500 can-rx receiver=1 id=0x0500 len=7
[machine.1]      1720500 can-rx receiver=1 id=0x0101 len=2
[machine.1]      1720500 can-rx receiver=1 id=0x0102 len=2
[machine.1]      1720500 can-rx receiver=1 id=0x0500 len=7
[machine.1]      1730500 can-rx receiver=1 id=0x0101 len=2
[machine.1]      1730500 can-rx receiver=1 id=0x0102 len=2
[machine.1]      1730500 can-rx receiver=1 id=0x0500 len=7
[machine.1]      1740500 can-rx receiver=1 id=0x0101 len=2
[machine.1]      1740500 can-rx receiver=1 id=0x0102 len=2
[machine.1]      1740500 can-rx receiver=1 id=0x0500 len=7
[machine.1]      1750500 can-tx sender=1 id=0x0010 len=2
[machine.1]      1750500 can-rx receiver=1 id=0x0101 len=2
[machine.1]      1750500 can-rx receiver=1 id=0x0102 len=2
[machine.1]      1750500 can-rx receiver=1 id=0x0500 len=7
[machine.1]      1760500 can-rx receiver=1 id=0x0101 len=2
[machine.1]      1760500 can-rx receiver=1 id=0x0102 len=2
[machine.1]      1760500 can-rx receiver=1 id=0x0500 len=7
[machine.1]      1770500 can-rx receiver=1 id=0x0101 len=2
[machine.1]      1770500 can-rx receiver=1 id=0x0102 len=2
[machine.1]      1770500 can-rx receiver=1 id=0x0500 len=7
[machine.1]      1780500 can-rx receiver=1 id=0x0101 len=2
[machine.1]      1780500 can-rx receiver=1 id=0x0102 len=2
[machine.1]      1780500 can-rx receiver=1 id=0x0500 len=7
[machine.1]      1790500 can-rx receiver=1 id=0x0101 len=2
[machine.1]      1790500 can-rx receiver=1 id=0x0102 len=2
[machine.1]      1790500 can-rx receiver=1 id=0x0500 len=7
[machine.1]      1800500 can-tx sender=1 id=0x0001 len=5
[machine.1]      1800500 can-rx receiver=1 id=0x0001 len=5
[machine.1]      1800500 can-tx sender=1 id=0x0010 len=2
[machine.1]      1800500 can-rx receiver=1 id=0x0101 len=2
[machine.1]      1800500 can-rx receiver=1 id=0x0102 len=2
[machine.1]      1800500 can-rx receiver=1 id=0x0500 len=7
[machine.1]      1810500 can-rx receiver=1 id=0x0101 len=2
[machine.1]      1810500 can-rx receiver=1 id=0x0102 len=2
[machine.1]      1810500 can-rx receiver=1 id=0x0500 len=7
[machine.1]      1820500 can-rx receiver=1 id=0x0101 len=2
[machine.1]      1820500 can-rx receiver=1 id=0x0102 len=2
[machine.1]      1820500 can-rx receiver=1 id=0x0500 len=7
[machine.1]      1830500 can-rx receiver=1 id=0x0101 len=2
[machine.1]      1830500 can-rx receiver=1 id=0x0102 len=2
[machine.1]      1830500 can-rx receiver=1 id=0x0500 len=7
[machine.1]      1840500 can-rx receiver=1 id=0x0101 len=2
[machine.1]      1840500 can-rx receiver=1 id=0x0102 len=2
[machine.1]      1840500 can-rx receiver=1 id=0x0500 len=7
[machine.1]      1850500 can-tx sender=1 id=0x0010 len=2
[machine.1]      1850500 can-rx receiver=1 id=0x0101 len=2
[machine.1]      1850500 can-rx receiver=1 id=0x0102 len=2
[machine.1]      1850500 can-rx receiver=1 id=0x0500 len=7
[machine.1]      1860500 can-rx receiver=1 id=0x0101 len=2
[machine.1]      1860500 can-rx receiver=1 id=0x0102 len=2
[machine.1]      1860500 can-rx receiver=1 id=0x0500 len=7
[machine.1]      1870500 can-rx receiver=1 id=0x0101 len=2
[machine.1]      1870500 can-rx receiver=1 id=0x0102 len=2
[machine.1]      1870500 can-rx receiver=1 id=0x0500 len=7
[machine.1]      1880500 can-rx receiver=1 id=0x0101 len=2
[machine.1]      1880500 can-rx receiver=1 id=0x0102 len=2
[machine.1]      1880500 can-rx receiver=1 id=0x0500 len=7
[machine.1]      1890500 can-rx receiver=1 id=0x0101 len=2
[machine.1]      1890500 can-rx receiver=1 id=0x0102 len=2
[machine.1]      1890500 can-rx receiver=1 id=0x0500 len=7
[machine.1]      1900500 can-tx sender=1 id=0x0001 len=5
[machine.1]      1900500 can-rx receiver=1 id=0x0001 len=5
[machine.1]      1900500 can-tx sender=1 id=0x0010 len=2
[machine.1]      1900500 can-rx receiver=1 id=0x0101 len=2
[machine.1]      1900500 can-rx receiver=1 id=0x0102 len=2
[machine.1]      1900500 can-rx receiver=1 id=0x0500 len=7
[machine.1]      1910500 can-rx receiver=1 id=0x0101 len=2
[machine.1]      1910500 can-rx receiver=1 id=0x0102 len=2
[machine.1]      1910500 can-rx receiver=1 id=0x0500 len=7
[machine.1]      1920500 can-rx receiver=1 id=0x0101 len=2
[machine.1]      1920500 can-rx receiver=1 id=0x0102 len=2
[machine.1]      1920500 can-rx receiver=1 id=0x0500 len=7
[machine.1]      1930500 can-rx receiver=1 id=0x0101 len=2
[machine.1]      1930500 can-rx receiver=1 id=0x0102 len=2
[machine.1]      1930500 can-rx receiver=1 id=0x0500 len=7
[machine.1]      1940500 can-rx receiver=1 id=0x0101 len=2
[machine.1]      1940500 can-rx receiver=1 id=0x0102 len=2
[machine.1]      1940500 can-rx receiver=1 id=0x0500 len=7
[machine.1]      1950500 can-tx sender=1 id=0x0010 len=2
[machine.1]      1950500 can-rx receiver=1 id=0x0101 len=2
[machine.1]      1950500 can-rx receiver=1 id=0x0102 len=2
[machine.1]      1950500 can-rx receiver=1 id=0x0500 len=7
[machine.1]      1960500 can-rx receiver=1 id=0x0101 len=2
[machine.1]      1960500 can-rx receiver=1 id=0x0102 len=2
[machine.1]      1960500 can-rx receiver=1 id=0x0500 len=7
[machine.1]      1970500 can-rx receiver=1 id=0x0101 len=2
[machine.1]      1970500 can-rx receiver=1 id=0x0102 len=2
[machine.1]      1970500 can-rx receiver=1 id=0x0500 len=7
[machine.1]      1980500 can-rx receiver=1 id=0x0101 len=2
[machine.1]      1980500 can-rx receiver=1 id=0x0102 len=2
[machine.1]      1980500 can-rx receiver=1 id=0x0500 len=7
[machine.1]      1990500 can-rx receiver=1 id=0x0101 len=2
[machine.1]      1990500 can-rx receiver=1 id=0x0102 len=2
[machine.1]      1990500 can-rx receiver=1 id=0x0500 len=7
[machine.1]            0 task-created id=1 name="gateway"
[machine.1]            0 user-u32 "microcar_boot_gateway" = 1
[machine.1]            0 user-u32 "microcar_tasks_created" = 1
[machine.1]            0 task-created id=2 name="IDLE"
[machine.1]            0 task-created id=3 name="Tmr Svc"
[machine.1]            0 task-resume id=1 reason=scheduler
[machine.1]            0 task-created id=4 name="hb_rx"
[machine.1]            0 task-yield id=1 reason=RtosPortYield
[machine.1]            0 user-u32 "gateway_mutex" = 1
[machine.1]            0 user-u32 "gateway_event_group" = 1
[machine.1]            0 user-u32 "gateway_queue" = 1
[machine.1]            0 user-u32 "gateway_can_sem" = 1
[machine.1]            0 task-resume id=4 reason=scheduler
[machine.1]            0 task-yield id=4 reason=RtosPortYield
[machine.1]            0 task-resume id=1 reason=scheduler
[machine.1]            0 task-created id=5 name="fault_agg"
[machine.1]            0 task-created id=6 name="can_proc"
[machine.1]            0 task-yield id=1 reason=RtosPortYield
[machine.1]            0 task-resume id=6 reason=scheduler
[machine.1]            0 task-yield id=6 reason=RtosPortYield
[machine.1]            0 task-resume id=1 reason=scheduler
[machine.1]            0 task-yield id=1 reason=RtosPortYield
[machine.1]            0 user-u32 "can_send" = 0
[machine.1]            0 task-resume id=3 reason=scheduler
[machine.1]            0 task-yield id=3 reason=RtosPortYield
[machine.1]            0 task-resume id=5 reason=scheduler
[machine.1]            0 task-yield id=5 reason=RtosPortYield
[machine.1]            0 task-resume id=2 reason=scheduler
[machine.1]            0 task-yield id=2 reason=Idle
[machine.1]         5000 task-resume id=4 reason=scheduler
[machine.1]         5000 task-yield id=4 reason=RtosPortYield
[machine.1]         5000 user-u32 "can_recv" = 0
[machine.1]         5000 task-resume id=6 reason=scheduler
[machine.1]         5000 task-yield id=6 reason=RtosPortYield
[machine.1]         5000 user-u32 "can_frame_proc" = 1
[machine.1]         5000 task-resume id=4 reason=scheduler
[machine.1]         5000 task-yield id=4 reason=RtosPortYield
[machine.1]         5000 user-u32 "can_recv" = 0
[machine.1]         5000 task-resume id=2 reason=scheduler
[machine.1]         5000 task-yield id=2 reason=Idle
[machine.1]        10000 task-resume id=4 reason=scheduler
[machine.1]        10000 task-yield id=4 reason=RtosPortYield
[machine.1]        10000 user-u32 "can_recv" = 0
[machine.1]        10000 task-resume id=1 reason=scheduler
[machine.1]        10000 task-yield id=1 reason=RtosPortYield
[machine.1]        10000 task-resume id=2 reason=scheduler
[machine.1]        10000 task-yield id=2 reason=Idle
[machine.1]        15000 task-resume id=4 reason=scheduler
[machine.1]        15000 task-yield id=4 reason=RtosPortYield
[machine.1]        15000 user-u32 "can_recv" = 0
[machine.1]        15000 task-resume id=6 reason=scheduler
[machine.1]        15000 task-yield id=6 reason=RtosPortYield
[machine.1]        15000 user-u32 "can_frame_proc" = 2
[machine.1]        15000 task-resume id=4 reason=scheduler
[machine.1]        15000 task-yield id=4 reason=RtosPortYield
[machine.1]        15000 user-u32 "can_recv" = 0
[machine.1]        15000 task-resume id=6 reason=scheduler
[machine.1]        15000 task-yield id=6 reason=RtosPortYield
[machine.1]        15000 user-u32 "can_frame_proc" = 3
[machine.1]        15000 task-resume id=4 reason=scheduler
[machine.1]        15000 task-yield id=4 reason=RtosPortYield
[machine.1]        15000 user-u32 "can_recv" = 0
[machine.1]        15000 task-resume id=6 reason=scheduler
[machine.1]        15000 task-yield id=6 reason=RtosPortYield
[machine.1]        15000 user-u32 "can_frame_proc" = 4
[machine.1]        15000 task-resume id=4 reason=scheduler
[machine.1]        15000 task-yield id=4 reason=RtosPortYield
[machine.1]        15000 user-u32 "can_recv" = 0
[machine.1]        15000 task-resume id=2 reason=scheduler
[machine.1]        15000 task-yield id=2 reason=Idle
[machine.1]        20000 task-resume id=4 reason=scheduler
[machine.1]        20000 task-yield id=4 reason=RtosPortYield
[machine.1]        20000 user-u32 "can_recv" = 0
[machine.1]        20000 task-resume id=1 reason=scheduler
[machine.1]        20000 task-yield id=1 reason=RtosPortYield
[machine.1]        20000 task-resume id=2 reason=scheduler
[machine.1]        20000 task-yield id=2 reason=Idle
[machine.1]        25000 task-resume id=4 reason=scheduler
[machine.1]        25000 task-yield id=4 reason=RtosPortYield
[machine.1]        25000 user-u32 "can_recv" = 0
[machine.1]        25000 task-resume id=6 reason=scheduler
[machine.1]        25000 task-yield id=6 reason=RtosPortYield
[machine.1]        25000 user-u32 "can_frame_proc" = 5
[machine.1]        25000 task-resume id=4 reason=scheduler
[machine.1]        25000 task-yield id=4 reason=RtosPortYield
[machine.1]        25000 user-u32 "can_recv" = 0
[machine.1]        25000 task-resume id=6 reason=scheduler
[machine.1]        25000 task-yield id=6 reason=RtosPortYield
[machine.1]        25000 user-u32 "can_frame_proc" = 6
[machine.1]        25000 task-resume id=4 reason=scheduler
[machine.1]        25000 task-yield id=4 reason=RtosPortYield
[machine.1]        25000 user-u32 "can_recv" = 0
[machine.1]        25000 task-resume id=6 reason=scheduler
[machine.1]        25000 task-yield id=6 reason=RtosPortYield
[machine.1]        25000 user-u32 "can_frame_proc" = 7
[machine.1]        25000 task-resume id=4 reason=scheduler
[machine.1]        25000 task-yield id=4 reason=RtosPortYield
[machine.1]        25000 user-u32 "can_recv" = 0
[machine.1]        25000 task-resume id=2 reason=scheduler
[machine.1]        25000 task-yield id=2 reason=Idle
[machine.1]        30000 task-resume id=4 reason=scheduler
[machine.1]        30000 task-yield id=4 reason=RtosPortYield
[machine.1]        30000 user-u32 "can_recv" = 0
[machine.1]        30000 task-resume id=1 reason=scheduler
[machine.1]        30000 task-yield id=1 reason=RtosPortYield
[machine.1]        30000 task-resume id=2 reason=scheduler
[machine.1]        30000 task-yield id=2 reason=Idle
[machine.1]        35000 task-resume id=4 reason=scheduler
[machine.1]        35000 task-yield id=4 reason=RtosPortYield
[machine.1]        35000 user-u32 "can_recv" = 0
[machine.1]        35000 task-resume id=6 reason=scheduler
[machine.1]        35000 task-yield id=6 reason=RtosPortYield
[machine.1]        35000 user-u32 "can_frame_proc" = 8
[machine.1]        35000 task-resume id=4 reason=scheduler
[machine.1]        35000 task-yield id=4 reason=RtosPortYield
[machine.1]        35000 user-u32 "can_recv" = 0
[machine.1]        35000 task-resume id=6 reason=scheduler
[machine.1]        35000 task-yield id=6 reason=RtosPortYield
[machine.1]        35000 user-u32 "can_frame_proc" = 9
[machine.1]        35000 task-resume id=4 reason=scheduler
[machine.1]        35000 task-yield id=4 reason=RtosPortYield
[machine.1]        35000 user-u32 "can_recv" = 0
[machine.1]        35000 task-resume id=6 reason=scheduler
[machine.1]        35000 task-yield id=6 reason=RtosPortYield
[machine.1]        35000 user-u32 "can_frame_proc" = 10
[machine.1]        35000 task-resume id=4 reason=scheduler
[machine.1]        35000 task-yield id=4 reason=RtosPortYield
[machine.1]        35000 user-u32 "can_recv" = 0
[machine.1]        35000 task-resume id=2 reason=scheduler
[machine.1]        35000 task-yield id=2 reason=Idle
[machine.1]        40000 task-resume id=4 reason=scheduler
[machine.1]        40000 task-yield id=4 reason=RtosPortYield
[machine.1]        40000 user-u32 "can_recv" = 0
[machine.1]        40000 task-resume id=1 reason=scheduler
[machine.1]        40000 task-yield id=1 reason=RtosPortYield
[machine.1]        40000 task-resume id=2 reason=scheduler
[machine.1]        40000 task-yield id=2 reason=Idle
[machine.1]        45000 task-resume id=4 reason=scheduler
[machine.1]        45000 task-yield id=4 reason=RtosPortYield
[machine.1]        45000 user-u32 "can_recv" = 0
[machine.1]        45000 task-resume id=6 reason=scheduler
[machine.1]        45000 task-yield id=6 reason=RtosPortYield
[machine.1]        45000 user-u32 "can_frame_proc" = 11
[machine.1]        45000 task-resume id=4 reason=scheduler
[machine.1]        45000 task-yield id=4 reason=RtosPortYield
[machine.1]        45000 user-u32 "can_recv" = 0
[machine.1]        45000 task-resume id=6 reason=scheduler
[machine.1]        45000 task-yield id=6 reason=RtosPortYield
[machine.1]        45000 user-u32 "can_frame_proc" = 12
[machine.1]        45000 task-resume id=4 reason=scheduler
[machine.1]        45000 task-yield id=4 reason=RtosPortYield
[machine.1]        45000 user-u32 "can_recv" = 0
[machine.1]        45000 task-resume id=6 reason=scheduler
[machine.1]        45000 task-yield id=6 reason=RtosPortYield
[machine.1]        45000 user-u32 "can_frame_proc" = 13
[machine.1]        45000 task-resume id=4 reason=scheduler
[machine.1]        45000 task-yield id=4 reason=RtosPortYield
[machine.1]        45000 user-u32 "can_recv" = 0
[machine.1]        45000 task-resume id=2 reason=scheduler
[machine.1]        45000 task-yield id=2 reason=Idle
[machine.1]        50000 task-resume id=4 reason=scheduler
[machine.1]        50000 task-yield id=4 reason=RtosPortYield
[machine.1]        50000 user-u32 "can_recv" = 0
[machine.1]        50000 task-resume id=1 reason=scheduler
[machine.1]        50000 task-yield id=1 reason=RtosPortYield
[machine.1]        50000 user-u32 "can_send" = 0
[machine.1]        50000 task-resume id=2 reason=scheduler
[machine.1]        50000 task-yield id=2 reason=Idle
[machine.1]        55000 task-resume id=4 reason=scheduler
[machine.1]        55000 task-yield id=4 reason=RtosPortYield
[machine.1]        55000 user-u32 "can_recv" = 0
[machine.1]        55000 task-resume id=6 reason=scheduler
[machine.1]        55000 task-yield id=6 reason=RtosPortYield
[machine.1]        55000 user-u32 "can_frame_proc" = 14
[machine.1]        55000 task-resume id=4 reason=scheduler
[machine.1]        55000 task-yield id=4 reason=RtosPortYield
[machine.1]        55000 user-u32 "can_recv" = 0
[machine.1]        55000 task-resume id=6 reason=scheduler
[machine.1]        55000 task-yield id=6 reason=RtosPortYield
[machine.1]        55000 user-u32 "can_frame_proc" = 15
[machine.1]        55000 task-resume id=4 reason=scheduler
[machine.1]        55000 task-yield id=4 reason=RtosPortYield
[machine.1]        55000 user-u32 "can_recv" = 0
[machine.1]        55000 task-resume id=6 reason=scheduler
[machine.1]        55000 task-yield id=6 reason=RtosPortYield
[machine.1]        55000 user-u32 "can_frame_proc" = 16
[machine.1]        55000 task-resume id=4 reason=scheduler
[machine.1]        55000 task-yield id=4 reason=RtosPortYield
[machine.1]        55000 user-u32 "can_recv" = 0
[machine.1]        55000 task-resume id=2 reason=scheduler
[machine.1]        55000 task-yield id=2 reason=Idle
[machine.1]        60000 task-resume id=4 reason=scheduler
[machine.1]        60000 task-yield id=4 reason=RtosPortYield
[machine.1]        60000 user-u32 "can_recv" = 0
[machine.1]        60000 task-resume id=1 reason=scheduler
[machine.1]        60000 task-yield id=1 reason=RtosPortYield
[machine.1]        60000 task-resume id=2 reason=scheduler
[machine.1]        60000 task-yield id=2 reason=Idle
[machine.1]        65000 task-resume id=4 reason=scheduler
[machine.1]        65000 task-yield id=4 reason=RtosPortYield
[machine.1]        65000 user-u32 "can_recv" = 0
[machine.1]        65000 task-resume id=6 reason=scheduler
[machine.1]        65000 task-yield id=6 reason=RtosPortYield
[machine.1]        65000 user-u32 "can_frame_proc" = 17
[machine.1]        65000 task-resume id=4 reason=scheduler
[machine.1]        65000 task-yield id=4 reason=RtosPortYield
[machine.1]        65000 user-u32 "can_recv" = 0
[machine.1]        65000 task-resume id=6 reason=scheduler
[machine.1]        65000 task-yield id=6 reason=RtosPortYield
[machine.1]        65000 user-u32 "can_frame_proc" = 18
[machine.1]        65000 task-resume id=4 reason=scheduler
[machine.1]        65000 task-yield id=4 reason=RtosPortYield
[machine.1]        65000 user-u32 "can_recv" = 0
[machine.1]        65000 task-resume id=6 reason=scheduler
[machine.1]        65000 task-yield id=6 reason=RtosPortYield
[machine.1]        65000 user-u32 "can_frame_proc" = 19
[machine.1]        65000 task-resume id=4 reason=scheduler
[machine.1]        65000 task-yield id=4 reason=RtosPortYield
[machine.1]        65000 user-u32 "can_recv" = 0
[machine.1]        65000 task-resume id=2 reason=scheduler
[machine.1]        65000 task-yield id=2 reason=Idle
[machine.1]        70000 task-resume id=4 reason=scheduler
[machine.1]        70000 task-yield id=4 reason=RtosPortYield
[machine.1]        70000 user-u32 "can_recv" = 0
[machine.1]        70000 task-resume id=1 reason=scheduler
[machine.1]        70000 task-yield id=1 reason=RtosPortYield
[machine.1]        70000 task-resume id=2 reason=scheduler
[machine.1]        70000 task-yield id=2 reason=Idle
[machine.1]        75000 task-resume id=4 reason=scheduler
[machine.1]        75000 task-yield id=4 reason=RtosPortYield
[machine.1]        75000 user-u32 "can_recv" = 0
[machine.1]        75000 task-resume id=6 reason=scheduler
[machine.1]        75000 task-yield id=6 reason=RtosPortYield
[machine.1]        75000 user-u32 "can_frame_proc" = 20
[machine.1]        75000 task-resume id=4 reason=scheduler
[machine.1]        75000 task-yield id=4 reason=RtosPortYield
[machine.1]        75000 user-u32 "can_recv" = 0
[machine.1]        75000 task-resume id=6 reason=scheduler
[machine.1]        75000 task-yield id=6 reason=RtosPortYield
[machine.1]        75000 user-u32 "can_frame_proc" = 21
[machine.1]        75000 task-resume id=4 reason=scheduler
[machine.1]        75000 task-yield id=4 reason=RtosPortYield
[machine.1]        75000 user-u32 "can_recv" = 0
[machine.1]        75000 task-resume id=6 reason=scheduler
[machine.1]        75000 task-yield id=6 reason=RtosPortYield
[machine.1]        75000 user-u32 "can_frame_proc" = 22
[machine.1]        75000 task-resume id=4 reason=scheduler
[machine.1]        75000 task-yield id=4 reason=RtosPortYield
[machine.1]        75000 user-u32 "can_recv" = 0
[machine.1]        75000 task-resume id=2 reason=scheduler
[machine.1]        75000 task-yield id=2 reason=Idle
[machine.1]        80000 task-resume id=4 reason=scheduler
[machine.1]        80000 task-yield id=4 reason=RtosPortYield
[machine.1]        80000 user-u32 "can_recv" = 0
[machine.1]        80000 task-resume id=1 reason=scheduler
[machine.1]        80000 task-yield id=1 reason=RtosPortYield
[machine.1]        80000 task-resume id=2 reason=scheduler
[machine.1]        80000 task-yield id=2 reason=Idle
[machine.1]        85000 task-resume id=4 reason=scheduler
[machine.1]        85000 task-yield id=4 reason=RtosPortYield
[machine.1]        85000 user-u32 "can_recv" = 0
[machine.1]        85000 task-resume id=6 reason=scheduler
[machine.1]        85000 task-yield id=6 reason=RtosPortYield
[machine.1]        85000 user-u32 "can_frame_proc" = 23
[machine.1]        85000 task-resume id=4 reason=scheduler
[machine.1]        85000 task-yield id=4 reason=RtosPortYield
[machine.1]        85000 user-u32 "can_recv" = 0
[machine.1]        85000 task-resume id=6 reason=scheduler
[machine.1]        85000 task-yield id=6 reason=RtosPortYield
[machine.1]        85000 user-u32 "can_frame_proc" = 24
[machine.1]        85000 task-resume id=4 reason=scheduler
[machine.1]        85000 task-yield id=4 reason=RtosPortYield
[machine.1]        85000 user-u32 "can_recv" = 0
[machine.1]        85000 task-resume id=6 reason=scheduler
[machine.1]        85000 task-yield id=6 reason=RtosPortYield
[machine.1]        85000 user-u32 "can_frame_proc" = 25
[machine.1]        85000 task-resume id=4 reason=scheduler
[machine.1]        85000 task-yield id=4 reason=RtosPortYield
[machine.1]        85000 user-u32 "can_recv" = 0
[machine.1]        85000 task-resume id=2 reason=scheduler
[machine.1]        85000 task-yield id=2 reason=Idle
[machine.1]        90000 task-resume id=4 reason=scheduler
[machine.1]        90000 task-yield id=4 reason=RtosPortYield
[machine.1]        90000 user-u32 "can_recv" = 0
[machine.1]        90000 task-resume id=1 reason=scheduler
[machine.1]        90000 task-yield id=1 reason=RtosPortYield
[machine.1]        90000 task-resume id=2 reason=scheduler
[machine.1]        90000 task-yield id=2 reason=Idle
[machine.1]        95000 task-resume id=4 reason=scheduler
[machine.1]        95000 task-yield id=4 reason=RtosPortYield
[machine.1]        95000 user-u32 "can_recv" = 0
[machine.1]        95000 task-resume id=6 reason=scheduler
[machine.1]        95000 task-yield id=6 reason=RtosPortYield
[machine.1]        95000 user-u32 "can_frame_proc" = 26
[machine.1]        95000 task-resume id=4 reason=scheduler
[machine.1]        95000 task-yield id=4 reason=RtosPortYield
[machine.1]        95000 user-u32 "can_recv" = 0
[machine.1]        95000 task-resume id=6 reason=scheduler
[machine.1]        95000 task-yield id=6 reason=RtosPortYield
[machine.1]        95000 user-u32 "can_frame_proc" = 27
[machine.1]        95000 task-resume id=4 reason=scheduler
[machine.1]        95000 task-yield id=4 reason=RtosPortYield
[machine.1]        95000 user-u32 "can_recv" = 0
[machine.1]        95000 task-resume id=6 reason=scheduler
[machine.1]        95000 task-yield id=6 reason=RtosPortYield
[machine.1]        95000 user-u32 "can_frame_proc" = 28
[machine.1]        95000 task-resume id=4 reason=scheduler
[machine.1]        95000 task-yield id=4 reason=RtosPortYield
[machine.1]        95000 user-u32 "can_recv" = 0
[machine.1]        95000 task-resume id=2 reason=scheduler
[machine.1]        95000 task-yield id=2 reason=Idle
[machine.1]       100000 task-resume id=4 reason=scheduler
[machine.1]       100000 task-yield id=4 reason=RtosPortYield
[machine.1]       100000 user-u32 "can_recv" = 0
[machine.1]       100000 task-resume id=1 reason=scheduler
[machine.1]       100000 task-yield id=1 reason=RtosPortYield
[machine.1]       100000 user-u32 "can_send" = 0
[machine.1]       100000 user-u32 "can_send" = 0
[machine.1]       100000 task-resume id=5 reason=scheduler
[machine.1]       100000 task-yield id=5 reason=RtosPortYield
[machine.1]       100000 user-u32 "fault_aggregate" = 0
[machine.1]       100000 task-resume id=2 reason=scheduler
[machine.1]       100000 task-yield id=2 reason=Idle
[machine.1]       105000 task-resume id=4 reason=scheduler
[machine.1]       105000 task-yield id=4 reason=RtosPortYield
[machine.1]       105000 user-u32 "can_recv" = 0
[machine.1]       105000 task-resume id=6 reason=scheduler
[machine.1]       105000 task-yield id=6 reason=RtosPortYield
[machine.1]       105000 user-u32 "can_frame_proc" = 29
[machine.1]       105000 task-resume id=4 reason=scheduler
[machine.1]       105000 task-yield id=4 reason=RtosPortYield
[machine.1]       105000 user-u32 "can_recv" = 0
[machine.1]       105000 task-resume id=6 reason=scheduler
[machine.1]       105000 task-yield id=6 reason=RtosPortYield
[machine.1]       105000 user-u32 "can_frame_proc" = 30
[machine.1]       105000 task-resume id=4 reason=scheduler
[machine.1]       105000 task-yield id=4 reason=RtosPortYield
[machine.1]       105000 user-u32 "can_recv" = 0
[machine.1]       105000 task-resume id=6 reason=scheduler
[machine.1]       105000 task-yield id=6 reason=RtosPortYield
[machine.1]       105000 user-u32 "can_frame_proc" = 31
[machine.1]       105000 task-resume id=4 reason=scheduler
[machine.1]       105000 task-yield id=4 reason=RtosPortYield
[machine.1]       105000 user-u32 "can_recv" = 0
[machine.1]       105000 task-resume id=6 reason=scheduler
[machine.1]       105000 task-yield id=6 reason=RtosPortYield
[machine.1]       105000 user-u32 "can_frame_proc" = 32
[machine.1]       105000 task-resume id=4 reason=scheduler
[machine.1]       105000 task-yield id=4 reason=RtosPortYield
[machine.1]       105000 user-u32 "can_recv" = 0
[machine.1]       105000 task-resume id=2 reason=scheduler
[machine.1]       105000 task-yield id=2 reason=Idle
[machine.1]       110000 task-resume id=4 reason=scheduler
[machine.1]       110000 task-yield id=4 reason=RtosPortYield
[machine.1]       110000 user-u32 "can_recv" = 0
[machine.1]       110000 task-resume id=1 reason=scheduler
[machine.1]       110000 task-yield id=1 reason=RtosPortYield
[machine.1]       110000 task-resume id=2 reason=scheduler
[machine.1]       110000 task-yield id=2 reason=Idle
[machine.1]       115000 task-resume id=4 reason=scheduler
[machine.1]       115000 task-yield id=4 reason=RtosPortYield
[machine.1]       115000 user-u32 "can_recv" = 0
[machine.1]       115000 task-resume id=6 reason=scheduler
[machine.1]       115000 task-yield id=6 reason=RtosPortYield
[machine.1]       115000 user-u32 "can_frame_proc" = 33
[machine.1]       115000 task-resume id=4 reason=scheduler
[machine.1]       115000 task-yield id=4 reason=RtosPortYield
[machine.1]       115000 user-u32 "can_recv" = 0
[machine.1]       115000 task-resume id=6 reason=scheduler
[machine.1]       115000 task-yield id=6 reason=RtosPortYield
[machine.1]       115000 user-u32 "can_frame_proc" = 34
[machine.1]       115000 task-resume id=4 reason=scheduler
[machine.1]       115000 task-yield id=4 reason=RtosPortYield
[machine.1]       115000 user-u32 "can_recv" = 0
[machine.1]       115000 task-resume id=6 reason=scheduler
[machine.1]       115000 task-yield id=6 reason=RtosPortYield
[machine.1]       115000 user-u32 "can_frame_proc" = 35
[machine.1]       115000 task-resume id=4 reason=scheduler
[machine.1]       115000 task-yield id=4 reason=RtosPortYield
[machine.1]       115000 user-u32 "can_recv" = 0
[machine.1]       115000 task-resume id=2 reason=scheduler
[machine.1]       115000 task-yield id=2 reason=Idle
[machine.1]       120000 task-resume id=4 reason=scheduler
[machine.1]       120000 task-yield id=4 reason=RtosPortYield
[machine.1]       120000 user-u32 "can_recv" = 0
[machine.1]       120000 task-resume id=1 reason=scheduler
[machine.1]       120000 task-yield id=1 reason=RtosPortYield
[machine.1]       120000 task-resume id=2 reason=scheduler
[machine.1]       120000 task-yield id=2 reason=Idle
[machine.1]       125000 task-resume id=4 reason=scheduler
[machine.1]       125000 task-yield id=4 reason=RtosPortYield
[machine.1]       125000 user-u32 "can_recv" = 0
[machine.1]       125000 task-resume id=6 reason=scheduler
[machine.1]       125000 task-yield id=6 reason=RtosPortYield
[machine.1]       125000 user-u32 "can_frame_proc" = 36
[machine.1]       125000 task-resume id=4 reason=scheduler
[machine.1]       125000 task-yield id=4 reason=RtosPortYield
[machine.1]       125000 user-u32 "can_recv" = 0
[machine.1]       125000 task-resume id=6 reason=scheduler
[machine.1]       125000 task-yield id=6 reason=RtosPortYield
[machine.1]       125000 user-u32 "can_frame_proc" = 37
[machine.1]       125000 task-resume id=4 reason=scheduler
[machine.1]       125000 task-yield id=4 reason=RtosPortYield
[machine.1]       125000 user-u32 "can_recv" = 0
[machine.1]       125000 task-resume id=6 reason=scheduler
[machine.1]       125000 task-yield id=6 reason=RtosPortYield
[machine.1]       125000 user-u32 "can_frame_proc" = 38
[machine.1]       125000 task-resume id=4 reason=scheduler
[machine.1]       125000 task-yield id=4 reason=RtosPortYield
[machine.1]       125000 user-u32 "can_recv" = 0
[machine.1]       125000 task-resume id=2 reason=scheduler
[machine.1]       125000 task-yield id=2 reason=Idle
[machine.1]       130000 task-resume id=4 reason=scheduler
[machine.1]       130000 task-yield id=4 reason=RtosPortYield
[machine.1]       130000 user-u32 "can_recv" = 0
[machine.1]       130000 task-resume id=1 reason=scheduler
[machine.1]       130000 task-yield id=1 reason=RtosPortYield
[machine.1]       130000 task-resume id=2 reason=scheduler
[machine.1]       130000 task-yield id=2 reason=Idle
[machine.1]       135000 task-resume id=4 reason=scheduler
[machine.1]       135000 task-yield id=4 reason=RtosPortYield
[machine.1]       135000 user-u32 "can_recv" = 0
[machine.1]       135000 task-resume id=6 reason=scheduler
[machine.1]       135000 task-yield id=6 reason=RtosPortYield
[machine.1]       135000 user-u32 "can_frame_proc" = 39
[machine.1]       135000 task-resume id=4 reason=scheduler
[machine.1]       135000 task-yield id=4 reason=RtosPortYield
[machine.1]       135000 user-u32 "can_recv" = 0
[machine.1]       135000 task-resume id=6 reason=scheduler
[machine.1]       135000 task-yield id=6 reason=RtosPortYield
[machine.1]       135000 user-u32 "can_frame_proc" = 40
[machine.1]       135000 task-resume id=4 reason=scheduler
[machine.1]       135000 task-yield id=4 reason=RtosPortYield
[machine.1]       135000 user-u32 "can_recv" = 0
[machine.1]       135000 task-resume id=6 reason=scheduler
[machine.1]       135000 task-yield id=6 reason=RtosPortYield
[machine.1]       135000 user-u32 "can_frame_proc" = 41
[machine.1]       135000 task-resume id=4 reason=scheduler
[machine.1]       135000 task-yield id=4 reason=RtosPortYield
[machine.1]       135000 user-u32 "can_recv" = 0
[machine.1]       135000 task-resume id=2 reason=scheduler
[machine.1]       135000 task-yield id=2 reason=Idle
[machine.1]       140000 task-resume id=4 reason=scheduler
[machine.1]       140000 task-yield id=4 reason=RtosPortYield
[machine.1]       140000 user-u32 "can_recv" = 0
[machine.1]       140000 task-resume id=1 reason=scheduler
[machine.1]       140000 task-yield id=1 reason=RtosPortYield
[machine.1]       140000 task-resume id=2 reason=scheduler
[machine.1]       140000 task-yield id=2 reason=Idle
[machine.1]       145000 task-resume id=4 reason=scheduler
[machine.1]       145000 task-yield id=4 reason=RtosPortYield
[machine.1]       145000 user-u32 "can_recv" = 0
[machine.1]       145000 task-resume id=6 reason=scheduler
[machine.1]       145000 task-yield id=6 reason=RtosPortYield
[machine.1]       145000 user-u32 "can_frame_proc" = 42
[machine.1]       145000 task-resume id=4 reason=scheduler
[machine.1]       145000 task-yield id=4 reason=RtosPortYield
[machine.1]       145000 user-u32 "can_recv" = 0
[machine.1]       145000 task-resume id=6 reason=scheduler
[machine.1]       145000 task-yield id=6 reason=RtosPortYield
[machine.1]       145000 user-u32 "can_frame_proc" = 43
[machine.1]       145000 task-resume id=4 reason=scheduler
[machine.1]       145000 task-yield id=4 reason=RtosPortYield
[machine.1]       145000 user-u32 "can_recv" = 0
[machine.1]       145000 task-resume id=6 reason=scheduler
[machine.1]       145000 task-yield id=6 reason=RtosPortYield
[machine.1]       145000 user-u32 "can_frame_proc" = 44
[machine.1]       145000 task-resume id=4 reason=scheduler
[machine.1]       145000 task-yield id=4 reason=RtosPortYield
[machine.1]       145000 user-u32 "can_recv" = 0
[machine.1]       145000 task-resume id=2 reason=scheduler
[machine.1]       145000 task-yield id=2 reason=Idle
[machine.1]       150000 task-resume id=4 reason=scheduler
[machine.1]       150000 task-yield id=4 reason=RtosPortYield
[machine.1]       150000 user-u32 "can_recv" = 0
[machine.1]       150000 task-resume id=1 reason=scheduler
[machine.1]       150000 task-yield id=1 reason=RtosPortYield
[machine.1]       150000 user-u32 "can_send" = 0
[machine.1]       150000 task-resume id=2 reason=scheduler
[machine.1]       150000 task-yield id=2 reason=Idle
[machine.1]       155000 task-resume id=4 reason=scheduler
[machine.1]       155000 task-yield id=4 reason=RtosPortYield
[machine.1]       155000 user-u32 "can_recv" = 0
[machine.1]       155000 task-resume id=6 reason=scheduler
[machine.1]       155000 task-yield id=6 reason=RtosPortYield
[machine.1]       155000 user-u32 "can_frame_proc" = 45
[machine.1]       155000 task-resume id=4 reason=scheduler
[machine.1]       155000 task-yield id=4 reason=RtosPortYield
[machine.1]       155000 user-u32 "can_recv" = 0
[machine.1]       155000 task-resume id=6 reason=scheduler
[machine.1]       155000 task-yield id=6 reason=RtosPortYield
[machine.1]       155000 user-u32 "can_frame_proc" = 46
[machine.1]       155000 task-resume id=4 reason=scheduler
[machine.1]       155000 task-yield id=4 reason=RtosPortYield
[machine.1]       155000 user-u32 "can_recv" = 0
[machine.1]       155000 task-resume id=6 reason=scheduler
[machine.1]       155000 task-yield id=6 reason=RtosPortYield
[machine.1]       155000 user-u32 "can_frame_proc" = 47
[machine.1]       155000 task-resume id=4 reason=scheduler
[machine.1]       155000 task-yield id=4 reason=RtosPortYield
[machine.1]       155000 user-u32 "can_recv" = 0
[machine.1]       155000 task-resume id=2 reason=scheduler
[machine.1]       155000 task-yield id=2 reason=Idle
[machine.1]       160000 task-resume id=4 reason=scheduler
[machine.1]       160000 task-yield id=4 reason=RtosPortYield
[machine.1]       160000 user-u32 "can_recv" = 0
[machine.1]       160000 task-resume id=1 reason=scheduler
[machine.1]       160000 task-yield id=1 reason=RtosPortYield
[machine.1]       160000 task-resume id=2 reason=scheduler
[machine.1]       160000 task-yield id=2 reason=Idle
[machine.1]       165000 task-resume id=4 reason=scheduler
[machine.1]       165000 task-yield id=4 reason=RtosPortYield
[machine.1]       165000 user-u32 "can_recv" = 0
[machine.1]       165000 task-resume id=6 reason=scheduler
[machine.1]       165000 task-yield id=6 reason=RtosPortYield
[machine.1]       165000 user-u32 "can_frame_proc" = 48
[machine.1]       165000 task-resume id=4 reason=scheduler
[machine.1]       165000 task-yield id=4 reason=RtosPortYield
[machine.1]       165000 user-u32 "can_recv" = 0
[machine.1]       165000 task-resume id=6 reason=scheduler
[machine.1]       165000 task-yield id=6 reason=RtosPortYield
[machine.1]       165000 user-u32 "can_frame_proc" = 49
[machine.1]       165000 task-resume id=4 reason=scheduler
[machine.1]       165000 task-yield id=4 reason=RtosPortYield
[machine.1]       165000 user-u32 "can_recv" = 0
[machine.1]       165000 task-resume id=6 reason=scheduler
[machine.1]       165000 task-yield id=6 reason=RtosPortYield
[machine.1]       165000 user-u32 "can_frame_proc" = 50
[machine.1]       165000 task-resume id=4 reason=scheduler
[machine.1]       165000 task-yield id=4 reason=RtosPortYield
[machine.1]       165000 user-u32 "can_recv" = 0
[machine.1]       165000 task-resume id=2 reason=scheduler
[machine.1]       165000 task-yield id=2 reason=Idle
[machine.1]       170000 task-resume id=4 reason=scheduler
[machine.1]       170000 task-yield id=4 reason=RtosPortYield
[machine.1]       170000 user-u32 "can_recv" = 0
[machine.1]       170000 task-resume id=1 reason=scheduler
[machine.1]       170000 task-yield id=1 reason=RtosPortYield
[machine.1]       170000 task-resume id=2 reason=scheduler
[machine.1]       170000 task-yield id=2 reason=Idle
[machine.1]       175000 task-resume id=4 reason=scheduler
[machine.1]       175000 task-yield id=4 reason=RtosPortYield
[machine.1]       175000 user-u32 "can_recv" = 0
[machine.1]       175000 task-resume id=6 reason=scheduler
[machine.1]       175000 task-yield id=6 reason=RtosPortYield
[machine.1]       175000 user-u32 "can_frame_proc" = 51
[machine.1]       175000 task-resume id=4 reason=scheduler
[machine.1]       175000 task-yield id=4 reason=RtosPortYield
[machine.1]       175000 user-u32 "can_recv" = 0
[machine.1]       175000 task-resume id=6 reason=scheduler
[machine.1]       175000 task-yield id=6 reason=RtosPortYield
[machine.1]       175000 user-u32 "can_frame_proc" = 52
[machine.1]       175000 task-resume id=4 reason=scheduler
[machine.1]       175000 task-yield id=4 reason=RtosPortYield
[machine.1]       175000 user-u32 "can_recv" = 0
[machine.1]       175000 task-resume id=6 reason=scheduler
[machine.1]       175000 task-yield id=6 reason=RtosPortYield
[machine.1]       175000 user-u32 "can_frame_proc" = 53
[machine.1]       175000 task-resume id=4 reason=scheduler
[machine.1]       175000 task-yield id=4 reason=RtosPortYield
[machine.1]       175000 user-u32 "can_recv" = 0
[machine.1]       175000 task-resume id=2 reason=scheduler
[machine.1]       175000 task-yield id=2 reason=Idle
[machine.1]       180000 task-resume id=4 reason=scheduler
[machine.1]       180000 task-yield id=4 reason=RtosPortYield
[machine.1]       180000 user-u32 "can_recv" = 0
[machine.1]       180000 task-resume id=1 reason=scheduler
[machine.1]       180000 task-yield id=1 reason=RtosPortYield
[machine.1]       180000 task-resume id=2 reason=scheduler
[machine.1]       180000 task-yield id=2 reason=Idle
[machine.1]       185000 task-resume id=4 reason=scheduler
[machine.1]       185000 task-yield id=4 reason=RtosPortYield
[machine.1]       185000 user-u32 "can_recv" = 0
[machine.1]       185000 task-resume id=6 reason=scheduler
[machine.1]       185000 task-yield id=6 reason=RtosPortYield
[machine.1]       185000 user-u32 "can_frame_proc" = 54
[machine.1]       185000 task-resume id=4 reason=scheduler
[machine.1]       185000 task-yield id=4 reason=RtosPortYield
[machine.1]       185000 user-u32 "can_recv" = 0
[machine.1]       185000 task-resume id=6 reason=scheduler
[machine.1]       185000 task-yield id=6 reason=RtosPortYield
[machine.1]       185000 user-u32 "can_frame_proc" = 55
[machine.1]       185000 task-resume id=4 reason=scheduler
[machine.1]       185000 task-yield id=4 reason=RtosPortYield
[machine.1]       185000 user-u32 "can_recv" = 0
[machine.1]       185000 task-resume id=6 reason=scheduler
[machine.1]       185000 task-yield id=6 reason=RtosPortYield
[machine.1]       185000 user-u32 "can_frame_proc" = 56
[machine.1]       185000 task-resume id=4 reason=scheduler
[machine.1]       185000 task-yield id=4 reason=RtosPortYield
[machine.1]       185000 user-u32 "can_recv" = 0
[machine.1]       185000 task-resume id=2 reason=scheduler
[machine.1]       185000 task-yield id=2 reason=Idle
[machine.1]       190000 task-resume id=4 reason=scheduler
[machine.1]       190000 task-yield id=4 reason=RtosPortYield
[machine.1]       190000 user-u32 "can_recv" = 0
[machine.1]       190000 task-resume id=1 reason=scheduler
[machine.1]       190000 task-yield id=1 reason=RtosPortYield
[machine.1]       190000 task-resume id=2 reason=scheduler
[machine.1]       190000 task-yield id=2 reason=Idle
[machine.1]       195000 task-resume id=4 reason=scheduler
[machine.1]       195000 task-yield id=4 reason=RtosPortYield
[machine.1]       195000 user-u32 "can_recv" = 0
[machine.1]       195000 task-resume id=6 reason=scheduler
[machine.1]       195000 task-yield id=6 reason=RtosPortYield
[machine.1]       195000 user-u32 "can_frame_proc" = 57
[machine.1]       195000 task-resume id=4 reason=scheduler
[machine.1]       195000 task-yield id=4 reason=RtosPortYield
[machine.1]       195000 user-u32 "can_recv" = 0
[machine.1]       195000 task-resume id=6 reason=scheduler
[machine.1]       195000 task-yield id=6 reason=RtosPortYield
[machine.1]       195000 user-u32 "can_frame_proc" = 58
[machine.1]       195000 task-resume id=4 reason=scheduler
[machine.1]       195000 task-yield id=4 reason=RtosPortYield
[machine.1]       195000 user-u32 "can_recv" = 0
[machine.1]       195000 task-resume id=6 reason=scheduler
[machine.1]       195000 task-yield id=6 reason=RtosPortYield
[machine.1]       195000 user-u32 "can_frame_proc" = 59
[machine.1]       195000 task-resume id=4 reason=scheduler
[machine.1]       195000 task-yield id=4 reason=RtosPortYield
[machine.1]       195000 user-u32 "can_recv" = 0
[machine.1]       195000 task-resume id=2 reason=scheduler
[machine.1]       195000 task-yield id=2 reason=Idle
[machine.1]       200000 task-resume id=4 reason=scheduler
[machine.1]       200000 task-yield id=4 reason=RtosPortYield
[machine.1]       200000 user-u32 "can_recv" = 0
[machine.1]       200000 task-resume id=1 reason=scheduler
[machine.1]       200000 task-yield id=1 reason=RtosPortYield
[machine.1]       200000 user-u32 "can_send" = 0
[machine.1]       200000 user-u32 "can_send" = 0
[machine.1]       200000 task-resume id=5 reason=scheduler
[machine.1]       200000 task-yield id=5 reason=RtosPortYield
[machine.1]       200000 user-u32 "fault_aggregate" = 0
[machine.1]       200000 task-resume id=2 reason=scheduler
[machine.1]       200000 task-yield id=2 reason=Idle
[machine.1]       205000 task-resume id=4 reason=scheduler
[machine.1]       205000 task-yield id=4 reason=RtosPortYield
[machine.1]       205000 user-u32 "can_recv" = 0
[machine.1]       205000 task-resume id=6 reason=scheduler
[machine.1]       205000 task-yield id=6 reason=RtosPortYield
[machine.1]       205000 user-u32 "can_frame_proc" = 60
[machine.1]       205000 task-resume id=4 reason=scheduler
[machine.1]       205000 task-yield id=4 reason=RtosPortYield
[machine.1]       205000 user-u32 "can_recv" = 0
[machine.1]       205000 task-resume id=6 reason=scheduler
[machine.1]       205000 task-yield id=6 reason=RtosPortYield
[machine.1]       205000 user-u32 "can_frame_proc" = 61
[machine.1]       205000 task-resume id=4 reason=scheduler
[machine.1]       205000 task-yield id=4 reason=RtosPortYield
[machine.1]       205000 user-u32 "can_recv" = 0
[machine.1]       205000 task-resume id=6 reason=scheduler
[machine.1]       205000 task-yield id=6 reason=RtosPortYield
[machine.1]       205000 user-u32 "can_frame_proc" = 62
[machine.1]       205000 task-resume id=4 reason=scheduler
[machine.1]       205000 task-yield id=4 reason=RtosPortYield
[machine.1]       205000 user-u32 "can_recv" = 0
[machine.1]       205000 task-resume id=6 reason=scheduler
[machine.1]       205000 task-yield id=6 reason=RtosPortYield
[machine.1]       205000 user-u32 "can_frame_proc" = 63
[machine.1]       205000 task-resume id=4 reason=scheduler
[machine.1]       205000 task-yield id=4 reason=RtosPortYield
[machine.1]       205000 user-u32 "can_recv" = 0
[machine.1]       205000 task-resume id=2 reason=scheduler
[machine.1]       205000 task-yield id=2 reason=Idle
[machine.1]       210000 task-resume id=4 reason=scheduler
[machine.1]       210000 task-yield id=4 reason=RtosPortYield
[machine.1]       210000 user-u32 "can_recv" = 0
[machine.1]       210000 task-resume id=1 reason=scheduler
[machine.1]       210000 task-yield id=1 reason=RtosPortYield
[machine.1]       210000 task-resume id=2 reason=scheduler
[machine.1]       210000 task-yield id=2 reason=Idle
[machine.1]       215000 task-resume id=4 reason=scheduler
[machine.1]       215000 task-yield id=4 reason=RtosPortYield
[machine.1]       215000 user-u32 "can_recv" = 0
[machine.1]       215000 task-resume id=6 reason=scheduler
[machine.1]       215000 task-yield id=6 reason=RtosPortYield
[machine.1]       215000 user-u32 "can_frame_proc" = 64
[machine.1]       215000 task-resume id=4 reason=scheduler
[machine.1]       215000 task-yield id=4 reason=RtosPortYield
[machine.1]       215000 user-u32 "can_recv" = 0
[machine.1]       215000 task-resume id=6 reason=scheduler
[machine.1]       215000 task-yield id=6 reason=RtosPortYield
[machine.1]       215000 user-u32 "can_frame_proc" = 65
[machine.1]       215000 task-resume id=4 reason=scheduler
[machine.1]       215000 task-yield id=4 reason=RtosPortYield
[machine.1]       215000 user-u32 "can_recv" = 0
[machine.1]       215000 task-resume id=6 reason=scheduler
[machine.1]       215000 task-yield id=6 reason=RtosPortYield
[machine.1]       215000 user-u32 "can_frame_proc" = 66
[machine.1]       215000 task-resume id=4 reason=scheduler
[machine.1]       215000 task-yield id=4 reason=RtosPortYield
[machine.1]       215000 user-u32 "can_recv" = 0
[machine.1]       215000 task-resume id=2 reason=scheduler
[machine.1]       215000 task-yield id=2 reason=Idle
[machine.1]       220000 task-resume id=4 reason=scheduler
[machine.1]       220000 task-yield id=4 reason=RtosPortYield
[machine.1]       220000 user-u32 "can_recv" = 0
[machine.1]       220000 task-resume id=1 reason=scheduler
[machine.1]       220000 task-yield id=1 reason=RtosPortYield
[machine.1]       220000 task-resume id=2 reason=scheduler
[machine.1]       220000 task-yield id=2 reason=Idle
[machine.1]       225000 task-resume id=4 reason=scheduler
[machine.1]       225000 task-yield id=4 reason=RtosPortYield
[machine.1]       225000 user-u32 "can_recv" = 0
[machine.1]       225000 task-resume id=6 reason=scheduler
[machine.1]       225000 task-yield id=6 reason=RtosPortYield
[machine.1]       225000 user-u32 "can_frame_proc" = 67
[machine.1]       225000 task-resume id=4 reason=scheduler
[machine.1]       225000 task-yield id=4 reason=RtosPortYield
[machine.1]       225000 user-u32 "can_recv" = 0
[machine.1]       225000 task-resume id=6 reason=scheduler
[machine.1]       225000 task-yield id=6 reason=RtosPortYield
[machine.1]       225000 user-u32 "can_frame_proc" = 68
[machine.1]       225000 task-resume id=4 reason=scheduler
[machine.1]       225000 task-yield id=4 reason=RtosPortYield
[machine.1]       225000 user-u32 "can_recv" = 0
[machine.1]       225000 task-resume id=6 reason=scheduler
[machine.1]       225000 task-yield id=6 reason=RtosPortYield
[machine.1]       225000 user-u32 "can_frame_proc" = 69
[machine.1]       225000 task-resume id=4 reason=scheduler
[machine.1]       225000 task-yield id=4 reason=RtosPortYield
[machine.1]       225000 user-u32 "can_recv" = 0
[machine.1]       225000 task-resume id=2 reason=scheduler
[machine.1]       225000 task-yield id=2 reason=Idle
[machine.1]       230000 task-resume id=4 reason=scheduler
[machine.1]       230000 task-yield id=4 reason=RtosPortYield
[machine.1]       230000 user-u32 "can_recv" = 0
[machine.1]       230000 task-resume id=1 reason=scheduler
[machine.1]       230000 task-yield id=1 reason=RtosPortYield
[machine.1]       230000 task-resume id=2 reason=scheduler
[machine.1]       230000 task-yield id=2 reason=Idle
[machine.1]       235000 task-resume id=4 reason=scheduler
[machine.1]       235000 task-yield id=4 reason=RtosPortYield
[machine.1]       235000 user-u32 "can_recv" = 0
[machine.1]       235000 task-resume id=6 reason=scheduler
[machine.1]       235000 task-yield id=6 reason=RtosPortYield
[machine.1]       235000 user-u32 "can_frame_proc" = 70
[machine.1]       235000 task-resume id=4 reason=scheduler
[machine.1]       235000 task-yield id=4 reason=RtosPortYield
[machine.1]       235000 user-u32 "can_recv" = 0
[machine.1]       235000 task-resume id=6 reason=scheduler
[machine.1]       235000 task-yield id=6 reason=RtosPortYield
[machine.1]       235000 user-u32 "can_frame_proc" = 71
[machine.1]       235000 task-resume id=4 reason=scheduler
[machine.1]       235000 task-yield id=4 reason=RtosPortYield
[machine.1]       235000 user-u32 "can_recv" = 0
[machine.1]       235000 task-resume id=6 reason=scheduler
[machine.1]       235000 task-yield id=6 reason=RtosPortYield
[machine.1]       235000 user-u32 "can_frame_proc" = 72
[machine.1]       235000 task-resume id=4 reason=scheduler
[machine.1]       235000 task-yield id=4 reason=RtosPortYield
[machine.1]       235000 user-u32 "can_recv" = 0
[machine.1]       235000 task-resume id=2 reason=scheduler
[machine.1]       235000 task-yield id=2 reason=Idle
[machine.1]       240000 task-resume id=4 reason=scheduler
[machine.1]       240000 task-yield id=4 reason=RtosPortYield
[machine.1]       240000 user-u32 "can_recv" = 0
[machine.1]       240000 task-resume id=1 reason=scheduler
[machine.1]       240000 task-yield id=1 reason=RtosPortYield
[machine.1]       240000 task-resume id=2 reason=scheduler
[machine.1]       240000 task-yield id=2 reason=Idle
[machine.1]       245000 task-resume id=4 reason=scheduler
[machine.1]       245000 task-yield id=4 reason=RtosPortYield
[machine.1]       245000 user-u32 "can_recv" = 0
[machine.1]       245000 task-resume id=6 reason=scheduler
[machine.1]       245000 task-yield id=6 reason=RtosPortYield
[machine.1]       245000 user-u32 "can_frame_proc" = 73
[machine.1]       245000 task-resume id=4 reason=scheduler
[machine.1]       245000 task-yield id=4 reason=RtosPortYield
[machine.1]       245000 user-u32 "can_recv" = 0
[machine.1]       245000 task-resume id=6 reason=scheduler
[machine.1]       245000 task-yield id=6 reason=RtosPortYield
[machine.1]       245000 user-u32 "can_frame_proc" = 74
[machine.1]       245000 task-resume id=4 reason=scheduler
[machine.1]       245000 task-yield id=4 reason=RtosPortYield
[machine.1]       245000 user-u32 "can_recv" = 0
[machine.1]       245000 task-resume id=6 reason=scheduler
[machine.1]       245000 task-yield id=6 reason=RtosPortYield
[machine.1]       245000 user-u32 "can_frame_proc" = 75
[machine.1]       245000 task-resume id=4 reason=scheduler
[machine.1]       245000 task-yield id=4 reason=RtosPortYield
[machine.1]       245000 user-u32 "can_recv" = 0
[machine.1]       245000 task-resume id=2 reason=scheduler
[machine.1]       245000 task-yield id=2 reason=Idle
[machine.1]       250000 task-resume id=4 reason=scheduler
[machine.1]       250000 task-yield id=4 reason=RtosPortYield
[machine.1]       250000 user-u32 "can_recv" = 0
[machine.1]       250000 task-resume id=1 reason=scheduler
[machine.1]       250000 task-yield id=1 reason=RtosPortYield
[machine.1]       250000 user-u32 "can_send" = 0
[machine.1]       250000 task-resume id=2 reason=scheduler
[machine.1]       250000 task-yield id=2 reason=Idle
[machine.1]       255000 task-resume id=4 reason=scheduler
[machine.1]       255000 task-yield id=4 reason=RtosPortYield
[machine.1]       255000 user-u32 "can_recv" = 0
[machine.1]       255000 task-resume id=6 reason=scheduler
[machine.1]       255000 task-yield id=6 reason=RtosPortYield
[machine.1]       255000 user-u32 "can_frame_proc" = 76
[machine.1]       255000 task-resume id=4 reason=scheduler
[machine.1]       255000 task-yield id=4 reason=RtosPortYield
[machine.1]       255000 user-u32 "can_recv" = 0
[machine.1]       255000 task-resume id=6 reason=scheduler
[machine.1]       255000 task-yield id=6 reason=RtosPortYield
[machine.1]       255000 user-u32 "can_frame_proc" = 77
[machine.1]       255000 task-resume id=4 reason=scheduler
[machine.1]       255000 task-yield id=4 reason=RtosPortYield
[machine.1]       255000 user-u32 "can_recv" = 0
[machine.1]       255000 task-resume id=6 reason=scheduler
[machine.1]       255000 task-yield id=6 reason=RtosPortYield
[machine.1]       255000 user-u32 "can_frame_proc" = 78
[machine.1]       255000 task-resume id=4 reason=scheduler
[machine.1]       255000 task-yield id=4 reason=RtosPortYield
[machine.1]       255000 user-u32 "can_recv" = 0
[machine.1]       255000 task-resume id=2 reason=scheduler
[machine.1]       255000 task-yield id=2 reason=Idle
[machine.1]       260000 task-resume id=4 reason=scheduler
[machine.1]       260000 task-yield id=4 reason=RtosPortYield
[machine.1]       260000 user-u32 "can_recv" = 0
[machine.1]       260000 task-resume id=1 reason=scheduler
[machine.1]       260000 task-yield id=1 reason=RtosPortYield
[machine.1]       260000 task-resume id=2 reason=scheduler
[machine.1]       260000 task-yield id=2 reason=Idle
[machine.1]       265000 task-resume id=4 reason=scheduler
[machine.1]       265000 task-yield id=4 reason=RtosPortYield
[machine.1]       265000 user-u32 "can_recv" = 0
[machine.1]       265000 task-resume id=6 reason=scheduler
[machine.1]       265000 task-yield id=6 reason=RtosPortYield
[machine.1]       265000 user-u32 "can_frame_proc" = 79
[machine.1]       265000 task-resume id=4 reason=scheduler
[machine.1]       265000 task-yield id=4 reason=RtosPortYield
[machine.1]       265000 user-u32 "can_recv" = 0
[machine.1]       265000 task-resume id=6 reason=scheduler
[machine.1]       265000 task-yield id=6 reason=RtosPortYield
[machine.1]       265000 user-u32 "can_frame_proc" = 80
[machine.1]       265000 task-resume id=4 reason=scheduler
[machine.1]       265000 task-yield id=4 reason=RtosPortYield
[machine.1]       265000 user-u32 "can_recv" = 0
[machine.1]       265000 task-resume id=6 reason=scheduler
[machine.1]       265000 task-yield id=6 reason=RtosPortYield
[machine.1]       265000 user-u32 "can_frame_proc" = 81
[machine.1]       265000 task-resume id=4 reason=scheduler
[machine.1]       265000 task-yield id=4 reason=RtosPortYield
[machine.1]       265000 user-u32 "can_recv" = 0
[machine.1]       265000 task-resume id=2 reason=scheduler
[machine.1]       265000 task-yield id=2 reason=Idle
[machine.1]       270000 task-resume id=4 reason=scheduler
[machine.1]       270000 task-yield id=4 reason=RtosPortYield
[machine.1]       270000 user-u32 "can_recv" = 0
[machine.1]       270000 task-resume id=1 reason=scheduler
[machine.1]       270000 task-yield id=1 reason=RtosPortYield
[machine.1]       270000 task-resume id=2 reason=scheduler
[machine.1]       270000 task-yield id=2 reason=Idle
[machine.1]       275000 task-resume id=4 reason=scheduler
[machine.1]       275000 task-yield id=4 reason=RtosPortYield
[machine.1]       275000 user-u32 "can_recv" = 0
[machine.1]       275000 task-resume id=6 reason=scheduler
[machine.1]       275000 task-yield id=6 reason=RtosPortYield
[machine.1]       275000 user-u32 "can_frame_proc" = 82
[machine.1]       275000 task-resume id=4 reason=scheduler
[machine.1]       275000 task-yield id=4 reason=RtosPortYield
[machine.1]       275000 user-u32 "can_recv" = 0
[machine.1]       275000 task-resume id=6 reason=scheduler
[machine.1]       275000 task-yield id=6 reason=RtosPortYield
[machine.1]       275000 user-u32 "can_frame_proc" = 83
[machine.1]       275000 task-resume id=4 reason=scheduler
[machine.1]       275000 task-yield id=4 reason=RtosPortYield
[machine.1]       275000 user-u32 "can_recv" = 0
[machine.1]       275000 task-resume id=6 reason=scheduler
[machine.1]       275000 task-yield id=6 reason=RtosPortYield
[machine.1]       275000 user-u32 "can_frame_proc" = 84
[machine.1]       275000 task-resume id=4 reason=scheduler
[machine.1]       275000 task-yield id=4 reason=RtosPortYield
[machine.1]       275000 user-u32 "can_recv" = 0
[machine.1]       275000 task-resume id=2 reason=scheduler
[machine.1]       275000 task-yield id=2 reason=Idle
[machine.1]       280000 task-resume id=4 reason=scheduler
[machine.1]       280000 task-yield id=4 reason=RtosPortYield
[machine.1]       280000 user-u32 "can_recv" = 0
[machine.1]       280000 task-resume id=1 reason=scheduler
[machine.1]       280000 task-yield id=1 reason=RtosPortYield
[machine.1]       280000 task-resume id=2 reason=scheduler
[machine.1]       280000 task-yield id=2 reason=Idle
[machine.1]       285000 task-resume id=4 reason=scheduler
[machine.1]       285000 task-yield id=4 reason=RtosPortYield
[machine.1]       285000 user-u32 "can_recv" = 0
[machine.1]       285000 task-resume id=6 reason=scheduler
[machine.1]       285000 task-yield id=6 reason=RtosPortYield
[machine.1]       285000 user-u32 "can_frame_proc" = 85
[machine.1]       285000 task-resume id=4 reason=scheduler
[machine.1]       285000 task-yield id=4 reason=RtosPortYield
[machine.1]       285000 user-u32 "can_recv" = 0
[machine.1]       285000 task-resume id=6 reason=scheduler
[machine.1]       285000 task-yield id=6 reason=RtosPortYield
[machine.1]       285000 user-u32 "can_frame_proc" = 86
[machine.1]       285000 task-resume id=4 reason=scheduler
[machine.1]       285000 task-yield id=4 reason=RtosPortYield
[machine.1]       285000 user-u32 "can_recv" = 0
[machine.1]       285000 task-resume id=6 reason=scheduler
[machine.1]       285000 task-yield id=6 reason=RtosPortYield
[machine.1]       285000 user-u32 "can_frame_proc" = 87
[machine.1]       285000 task-resume id=4 reason=scheduler
[machine.1]       285000 task-yield id=4 reason=RtosPortYield
[machine.1]       285000 user-u32 "can_recv" = 0
[machine.1]       285000 task-resume id=2 reason=scheduler
[machine.1]       285000 task-yield id=2 reason=Idle
[machine.1]       290000 task-resume id=4 reason=scheduler
[machine.1]       290000 task-yield id=4 reason=RtosPortYield
[machine.1]       290000 user-u32 "can_recv" = 0
[machine.1]       290000 task-resume id=1 reason=scheduler
[machine.1]       290000 task-yield id=1 reason=RtosPortYield
[machine.1]       290000 task-resume id=2 reason=scheduler
[machine.1]       290000 task-yield id=2 reason=Idle
[machine.1]       295000 task-resume id=4 reason=scheduler
[machine.1]       295000 task-yield id=4 reason=RtosPortYield
[machine.1]       295000 user-u32 "can_recv" = 0
[machine.1]       295000 task-resume id=6 reason=scheduler
[machine.1]       295000 task-yield id=6 reason=RtosPortYield
[machine.1]       295000 user-u32 "can_frame_proc" = 88
[machine.1]       295000 task-resume id=4 reason=scheduler
[machine.1]       295000 task-yield id=4 reason=RtosPortYield
[machine.1]       295000 user-u32 "can_recv" = 0
[machine.1]       295000 task-resume id=6 reason=scheduler
[machine.1]       295000 task-yield id=6 reason=RtosPortYield
[machine.1]       295000 user-u32 "can_frame_proc" = 89
[machine.1]       295000 task-resume id=4 reason=scheduler
[machine.1]       295000 task-yield id=4 reason=RtosPortYield
[machine.1]       295000 user-u32 "can_recv" = 0
[machine.1]       295000 task-resume id=6 reason=scheduler
[machine.1]       295000 task-yield id=6 reason=RtosPortYield
[machine.1]       295000 user-u32 "can_frame_proc" = 90
[machine.1]       295000 task-resume id=4 reason=scheduler
[machine.1]       295000 task-yield id=4 reason=RtosPortYield
[machine.1]       295000 user-u32 "can_recv" = 0
[machine.1]       295000 task-resume id=2 reason=scheduler
[machine.1]       295000 task-yield id=2 reason=Idle
[machine.1]       300000 task-resume id=4 reason=scheduler
[machine.1]       300000 task-yield id=4 reason=RtosPortYield
[machine.1]       300000 user-u32 "can_recv" = 0
[machine.1]       300000 task-resume id=1 reason=scheduler
[machine.1]       300000 task-yield id=1 reason=RtosPortYield
[machine.1]       300000 user-u32 "can_send" = 0
[machine.1]       300000 user-u32 "can_send" = 0
[machine.1]       300000 task-resume id=5 reason=scheduler
[machine.1]       300000 task-yield id=5 reason=RtosPortYield
[machine.1]       300000 user-u32 "fault_aggregate" = 0
[machine.1]       300000 task-resume id=2 reason=scheduler
[machine.1]       300000 task-yield id=2 reason=Idle
[machine.1]       305000 task-resume id=4 reason=scheduler
[machine.1]       305000 task-yield id=4 reason=RtosPortYield
[machine.1]       305000 user-u32 "can_recv" = 0
[machine.1]       305000 task-resume id=6 reason=scheduler
[machine.1]       305000 task-yield id=6 reason=RtosPortYield
[machine.1]       305000 user-u32 "can_frame_proc" = 91
[machine.1]       305000 task-resume id=4 reason=scheduler
[machine.1]       305000 task-yield id=4 reason=RtosPortYield
[machine.1]       305000 user-u32 "can_recv" = 0
[machine.1]       305000 task-resume id=6 reason=scheduler
[machine.1]       305000 task-yield id=6 reason=RtosPortYield
[machine.1]       305000 user-u32 "can_frame_proc" = 92
[machine.1]       305000 task-resume id=4 reason=scheduler
[machine.1]       305000 task-yield id=4 reason=RtosPortYield
[machine.1]       305000 user-u32 "can_recv" = 0
[machine.1]       305000 task-resume id=6 reason=scheduler
[machine.1]       305000 task-yield id=6 reason=RtosPortYield
[machine.1]       305000 user-u32 "can_frame_proc" = 93
[machine.1]       305000 task-resume id=4 reason=scheduler
[machine.1]       305000 task-yield id=4 reason=RtosPortYield
[machine.1]       305000 user-u32 "can_recv" = 0
[machine.1]       305000 task-resume id=6 reason=scheduler
[machine.1]       305000 task-yield id=6 reason=RtosPortYield
[machine.1]       305000 user-u32 "can_frame_proc" = 94
[machine.1]       305000 task-resume id=4 reason=scheduler
[machine.1]       305000 task-yield id=4 reason=RtosPortYield
[machine.1]       305000 user-u32 "can_recv" = 0
[machine.1]       305000 task-resume id=2 reason=scheduler
[machine.1]       305000 task-yield id=2 reason=Idle
[machine.1]       310000 task-resume id=4 reason=scheduler
[machine.1]       310000 task-yield id=4 reason=RtosPortYield
[machine.1]       310000 user-u32 "can_recv" = 0
[machine.1]       310000 task-resume id=1 reason=scheduler
[machine.1]       310000 task-yield id=1 reason=RtosPortYield
[machine.1]       310000 task-resume id=2 reason=scheduler
[machine.1]       310000 task-yield id=2 reason=Idle
[machine.1]       315000 task-resume id=4 reason=scheduler
[machine.1]       315000 task-yield id=4 reason=RtosPortYield
[machine.1]       315000 user-u32 "can_recv" = 0
[machine.1]       315000 task-resume id=6 reason=scheduler
[machine.1]       315000 task-yield id=6 reason=RtosPortYield
[machine.1]       315000 user-u32 "can_frame_proc" = 95
[machine.1]       315000 task-resume id=4 reason=scheduler
[machine.1]       315000 task-yield id=4 reason=RtosPortYield
[machine.1]       315000 user-u32 "can_recv" = 0
[machine.1]       315000 task-resume id=6 reason=scheduler
[machine.1]       315000 task-yield id=6 reason=RtosPortYield
[machine.1]       315000 user-u32 "can_frame_proc" = 96
[machine.1]       315000 task-resume id=4 reason=scheduler
[machine.1]       315000 task-yield id=4 reason=RtosPortYield
[machine.1]       315000 user-u32 "can_recv" = 0
[machine.1]       315000 task-resume id=6 reason=scheduler
[machine.1]       315000 task-yield id=6 reason=RtosPortYield
[machine.1]       315000 user-u32 "can_frame_proc" = 97
[machine.1]       315000 task-resume id=4 reason=scheduler
[machine.1]       315000 task-yield id=4 reason=RtosPortYield
[machine.1]       315000 user-u32 "can_recv" = 0
[machine.1]       315000 task-resume id=2 reason=scheduler
[machine.1]       315000 task-yield id=2 reason=Idle
[machine.1]       320000 task-resume id=4 reason=scheduler
[machine.1]       320000 task-yield id=4 reason=RtosPortYield
[machine.1]       320000 user-u32 "can_recv" = 0
[machine.1]       320000 task-resume id=1 reason=scheduler
[machine.1]       320000 task-yield id=1 reason=RtosPortYield
[machine.1]       320000 task-resume id=2 reason=scheduler
[machine.1]       320000 task-yield id=2 reason=Idle
[machine.1]       325000 task-resume id=4 reason=scheduler
[machine.1]       325000 task-yield id=4 reason=RtosPortYield
[machine.1]       325000 user-u32 "can_recv" = 0
[machine.1]       325000 task-resume id=6 reason=scheduler
[machine.1]       325000 task-yield id=6 reason=RtosPortYield
[machine.1]       325000 user-u32 "can_frame_proc" = 98
[machine.1]       325000 task-resume id=4 reason=scheduler
[machine.1]       325000 task-yield id=4 reason=RtosPortYield
[machine.1]       325000 user-u32 "can_recv" = 0
[machine.1]       325000 task-resume id=6 reason=scheduler
[machine.1]       325000 task-yield id=6 reason=RtosPortYield
[machine.1]       325000 user-u32 "can_frame_proc" = 99
[machine.1]       325000 task-resume id=4 reason=scheduler
[machine.1]       325000 task-yield id=4 reason=RtosPortYield
[machine.1]       325000 user-u32 "can_recv" = 0
[machine.1]       325000 task-resume id=6 reason=scheduler
[machine.1]       325000 task-yield id=6 reason=RtosPortYield
[machine.1]       325000 user-u32 "can_frame_proc" = 100
[machine.1]       325000 task-resume id=4 reason=scheduler
[machine.1]       325000 task-yield id=4 reason=RtosPortYield
[machine.1]       325000 user-u32 "can_recv" = 0
[machine.1]       325000 task-resume id=2 reason=scheduler
[machine.1]       325000 task-yield id=2 reason=Idle
[machine.1]       330000 task-resume id=4 reason=scheduler
[machine.1]       330000 task-yield id=4 reason=RtosPortYield
[machine.1]       330000 user-u32 "can_recv" = 0
[machine.1]       330000 task-resume id=1 reason=scheduler
[machine.1]       330000 task-yield id=1 reason=RtosPortYield
[machine.1]       330000 task-resume id=2 reason=scheduler
[machine.1]       330000 task-yield id=2 reason=Idle
[machine.1]       335000 task-resume id=4 reason=scheduler
[machine.1]       335000 task-yield id=4 reason=RtosPortYield
[machine.1]       335000 user-u32 "can_recv" = 0
[machine.1]       335000 task-resume id=6 reason=scheduler
[machine.1]       335000 task-yield id=6 reason=RtosPortYield
[machine.1]       335000 user-u32 "can_frame_proc" = 101
[machine.1]       335000 task-resume id=4 reason=scheduler
[machine.1]       335000 task-yield id=4 reason=RtosPortYield
[machine.1]       335000 user-u32 "can_recv" = 0
[machine.1]       335000 task-resume id=6 reason=scheduler
[machine.1]       335000 task-yield id=6 reason=RtosPortYield
[machine.1]       335000 user-u32 "can_frame_proc" = 102
[machine.1]       335000 task-resume id=4 reason=scheduler
[machine.1]       335000 task-yield id=4 reason=RtosPortYield
[machine.1]       335000 user-u32 "can_recv" = 0
[machine.1]       335000 task-resume id=6 reason=scheduler
[machine.1]       335000 task-yield id=6 reason=RtosPortYield
[machine.1]       335000 user-u32 "can_frame_proc" = 103
[machine.1]       335000 task-resume id=4 reason=scheduler
[machine.1]       335000 task-yield id=4 reason=RtosPortYield
[machine.1]       335000 user-u32 "can_recv" = 0
[machine.1]       335000 task-resume id=2 reason=scheduler
[machine.1]       335000 task-yield id=2 reason=Idle
[machine.1]       340000 task-resume id=4 reason=scheduler
[machine.1]       340000 task-yield id=4 reason=RtosPortYield
[machine.1]       340000 user-u32 "can_recv" = 0
[machine.1]       340000 task-resume id=1 reason=scheduler
[machine.1]       340000 task-yield id=1 reason=RtosPortYield
[machine.1]       340000 task-resume id=2 reason=scheduler
[machine.1]       340000 task-yield id=2 reason=Idle
[machine.1]       345000 task-resume id=4 reason=scheduler
[machine.1]       345000 task-yield id=4 reason=RtosPortYield
[machine.1]       345000 user-u32 "can_recv" = 0
[machine.1]       345000 task-resume id=6 reason=scheduler
[machine.1]       345000 task-yield id=6 reason=RtosPortYield
[machine.1]       345000 user-u32 "can_frame_proc" = 104
[machine.1]       345000 task-resume id=4 reason=scheduler
[machine.1]       345000 task-yield id=4 reason=RtosPortYield
[machine.1]       345000 user-u32 "can_recv" = 0
[machine.1]       345000 task-resume id=6 reason=scheduler
[machine.1]       345000 task-yield id=6 reason=RtosPortYield
[machine.1]       345000 user-u32 "can_frame_proc" = 105
[machine.1]       345000 task-resume id=4 reason=scheduler
[machine.1]       345000 task-yield id=4 reason=RtosPortYield
[machine.1]       345000 user-u32 "can_recv" = 0
[machine.1]       345000 task-resume id=6 reason=scheduler
[machine.1]       345000 task-yield id=6 reason=RtosPortYield
[machine.1]       345000 user-u32 "can_frame_proc" = 106
[machine.1]       345000 task-resume id=4 reason=scheduler
[machine.1]       345000 task-yield id=4 reason=RtosPortYield
[machine.1]       345000 user-u32 "can_recv" = 0
[machine.1]       345000 task-resume id=2 reason=scheduler
[machine.1]       345000 task-yield id=2 reason=Idle
[machine.1]       350000 task-resume id=4 reason=scheduler
[machine.1]       350000 task-yield id=4 reason=RtosPortYield
[machine.1]       350000 user-u32 "can_recv" = 0
[machine.1]       350000 task-resume id=1 reason=scheduler
[machine.1]       350000 task-yield id=1 reason=RtosPortYield
[machine.1]       350000 user-u32 "can_send" = 0
[machine.1]       350000 task-resume id=2 reason=scheduler
[machine.1]       350000 task-yield id=2 reason=Idle
[machine.1]       355000 task-resume id=4 reason=scheduler
[machine.1]       355000 task-yield id=4 reason=RtosPortYield
[machine.1]       355000 user-u32 "can_recv" = 0
[machine.1]       355000 task-resume id=6 reason=scheduler
[machine.1]       355000 task-yield id=6 reason=RtosPortYield
[machine.1]       355000 user-u32 "can_frame_proc" = 107
[machine.1]       355000 task-resume id=4 reason=scheduler
[machine.1]       355000 task-yield id=4 reason=RtosPortYield
[machine.1]       355000 user-u32 "can_recv" = 0
[machine.1]       355000 task-resume id=6 reason=scheduler
[machine.1]       355000 task-yield id=6 reason=RtosPortYield
[machine.1]       355000 user-u32 "can_frame_proc" = 108
[machine.1]       355000 task-resume id=4 reason=scheduler
[machine.1]       355000 task-yield id=4 reason=RtosPortYield
[machine.1]       355000 user-u32 "can_recv" = 0
[machine.1]       355000 task-resume id=6 reason=scheduler
[machine.1]       355000 task-yield id=6 reason=RtosPortYield
[machine.1]       355000 user-u32 "can_frame_proc" = 109
[machine.1]       355000 task-resume id=4 reason=scheduler
[machine.1]       355000 task-yield id=4 reason=RtosPortYield
[machine.1]       355000 user-u32 "can_recv" = 0
[machine.1]       355000 task-resume id=2 reason=scheduler
[machine.1]       355000 task-yield id=2 reason=Idle
[machine.1]       360000 task-resume id=4 reason=scheduler
[machine.1]       360000 task-yield id=4 reason=RtosPortYield
[machine.1]       360000 user-u32 "can_recv" = 0
[machine.1]       360000 task-resume id=1 reason=scheduler
[machine.1]       360000 task-yield id=1 reason=RtosPortYield
[machine.1]       360000 task-resume id=2 reason=scheduler
[machine.1]       360000 task-yield id=2 reason=Idle
[machine.1]       365000 task-resume id=4 reason=scheduler
[machine.1]       365000 task-yield id=4 reason=RtosPortYield
[machine.1]       365000 user-u32 "can_recv" = 0
[machine.1]       365000 task-resume id=6 reason=scheduler
[machine.1]       365000 task-yield id=6 reason=RtosPortYield
[machine.1]       365000 user-u32 "can_frame_proc" = 110
[machine.1]       365000 task-resume id=4 reason=scheduler
[machine.1]       365000 task-yield id=4 reason=RtosPortYield
[machine.1]       365000 user-u32 "can_recv" = 0
[machine.1]       365000 task-resume id=6 reason=scheduler
[machine.1]       365000 task-yield id=6 reason=RtosPortYield
[machine.1]       365000 user-u32 "can_frame_proc" = 111
[machine.1]       365000 task-resume id=4 reason=scheduler
[machine.1]       365000 task-yield id=4 reason=RtosPortYield
[machine.1]       365000 user-u32 "can_recv" = 0
[machine.1]       365000 task-resume id=6 reason=scheduler
[machine.1]       365000 task-yield id=6 reason=RtosPortYield
[machine.1]       365000 user-u32 "can_frame_proc" = 112
[machine.1]       365000 task-resume id=4 reason=scheduler
[machine.1]       365000 task-yield id=4 reason=RtosPortYield
[machine.1]       365000 user-u32 "can_recv" = 0
[machine.1]       365000 task-resume id=2 reason=scheduler
[machine.1]       365000 task-yield id=2 reason=Idle
[machine.1]       370000 task-resume id=4 reason=scheduler
[machine.1]       370000 task-yield id=4 reason=RtosPortYield
[machine.1]       370000 user-u32 "can_recv" = 0
[machine.1]       370000 task-resume id=1 reason=scheduler
[machine.1]       370000 task-yield id=1 reason=RtosPortYield
[machine.1]       370000 task-resume id=2 reason=scheduler
[machine.1]       370000 task-yield id=2 reason=Idle
[machine.1]       375000 task-resume id=4 reason=scheduler
[machine.1]       375000 task-yield id=4 reason=RtosPortYield
[machine.1]       375000 user-u32 "can_recv" = 0
[machine.1]       375000 task-resume id=6 reason=scheduler
[machine.1]       375000 task-yield id=6 reason=RtosPortYield
[machine.1]       375000 user-u32 "can_frame_proc" = 113
[machine.1]       375000 task-resume id=4 reason=scheduler
[machine.1]       375000 task-yield id=4 reason=RtosPortYield
[machine.1]       375000 user-u32 "can_recv" = 0
[machine.1]       375000 task-resume id=6 reason=scheduler
[machine.1]       375000 task-yield id=6 reason=RtosPortYield
[machine.1]       375000 user-u32 "can_frame_proc" = 114
[machine.1]       375000 task-resume id=4 reason=scheduler
[machine.1]       375000 task-yield id=4 reason=RtosPortYield
[machine.1]       375000 user-u32 "can_recv" = 0
[machine.1]       375000 task-resume id=6 reason=scheduler
[machine.1]       375000 task-yield id=6 reason=RtosPortYield
[machine.1]       375000 user-u32 "can_frame_proc" = 115
[machine.1]       375000 task-resume id=4 reason=scheduler
[machine.1]       375000 task-yield id=4 reason=RtosPortYield
[machine.1]       375000 user-u32 "can_recv" = 0
[machine.1]       375000 task-resume id=2 reason=scheduler
[machine.1]       375000 task-yield id=2 reason=Idle
[machine.1]       380000 task-resume id=4 reason=scheduler
[machine.1]       380000 task-yield id=4 reason=RtosPortYield
[machine.1]       380000 user-u32 "can_recv" = 0
[machine.1]       380000 task-resume id=1 reason=scheduler
[machine.1]       380000 task-yield id=1 reason=RtosPortYield
[machine.1]       380000 task-resume id=2 reason=scheduler
[machine.1]       380000 task-yield id=2 reason=Idle
[machine.1]       385000 task-resume id=4 reason=scheduler
[machine.1]       385000 task-yield id=4 reason=RtosPortYield
[machine.1]       385000 user-u32 "can_recv" = 0
[machine.1]       385000 task-resume id=6 reason=scheduler
[machine.1]       385000 task-yield id=6 reason=RtosPortYield
[machine.1]       385000 user-u32 "can_frame_proc" = 116
[machine.1]       385000 task-resume id=4 reason=scheduler
[machine.1]       385000 task-yield id=4 reason=RtosPortYield
[machine.1]       385000 user-u32 "can_recv" = 0
[machine.1]       385000 task-resume id=6 reason=scheduler
[machine.1]       385000 task-yield id=6 reason=RtosPortYield
[machine.1]       385000 user-u32 "can_frame_proc" = 117
[machine.1]       385000 task-resume id=4 reason=scheduler
[machine.1]       385000 task-yield id=4 reason=RtosPortYield
[machine.1]       385000 user-u32 "can_recv" = 0
[machine.1]       385000 task-resume id=6 reason=scheduler
[machine.1]       385000 task-yield id=6 reason=RtosPortYield
[machine.1]       385000 user-u32 "can_frame_proc" = 118
[machine.1]       385000 task-resume id=4 reason=scheduler
[machine.1]       385000 task-yield id=4 reason=RtosPortYield
[machine.1]       385000 user-u32 "can_recv" = 0
[machine.1]       385000 task-resume id=2 reason=scheduler
[machine.1]       385000 task-yield id=2 reason=Idle
[machine.1]       390000 task-resume id=4 reason=scheduler
[machine.1]       390000 task-yield id=4 reason=RtosPortYield
[machine.1]       390000 user-u32 "can_recv" = 0
[machine.1]       390000 task-resume id=1 reason=scheduler
[machine.1]       390000 task-yield id=1 reason=RtosPortYield
[machine.1]       390000 task-resume id=2 reason=scheduler
[machine.1]       390000 task-yield id=2 reason=Idle
[machine.1]       395000 task-resume id=4 reason=scheduler
[machine.1]       395000 task-yield id=4 reason=RtosPortYield
[machine.1]       395000 user-u32 "can_recv" = 0
[machine.1]       395000 task-resume id=6 reason=scheduler
[machine.1]       395000 task-yield id=6 reason=RtosPortYield
[machine.1]       395000 user-u32 "can_frame_proc" = 119
[machine.1]       395000 task-resume id=4 reason=scheduler
[machine.1]       395000 task-yield id=4 reason=RtosPortYield
[machine.1]       395000 user-u32 "can_recv" = 0
[machine.1]       395000 task-resume id=6 reason=scheduler
[machine.1]       395000 task-yield id=6 reason=RtosPortYield
[machine.1]       395000 user-u32 "can_frame_proc" = 120
[machine.1]       395000 task-resume id=4 reason=scheduler
[machine.1]       395000 task-yield id=4 reason=RtosPortYield
[machine.1]       395000 user-u32 "can_recv" = 0
[machine.1]       395000 task-resume id=6 reason=scheduler
[machine.1]       395000 task-yield id=6 reason=RtosPortYield
[machine.1]       395000 user-u32 "can_frame_proc" = 121
[machine.1]       395000 task-resume id=4 reason=scheduler
[machine.1]       395000 task-yield id=4 reason=RtosPortYield
[machine.1]       395000 user-u32 "can_recv" = 0
[machine.1]       395000 task-resume id=2 reason=scheduler
[machine.1]       395000 task-yield id=2 reason=Idle
[machine.1]       400000 task-resume id=4 reason=scheduler
[machine.1]       400000 task-yield id=4 reason=RtosPortYield
[machine.1]       400000 user-u32 "can_recv" = 0
[machine.1]       400000 task-resume id=1 reason=scheduler
[machine.1]       400000 task-yield id=1 reason=RtosPortYield
[machine.1]       400000 user-u32 "can_send" = 0
[machine.1]       400000 user-u32 "can_send" = 0
[machine.1]       400000 task-resume id=5 reason=scheduler
[machine.1]       400000 task-yield id=5 reason=RtosPortYield
[machine.1]       400000 user-u32 "fault_aggregate" = 0
[machine.1]       400000 task-resume id=2 reason=scheduler
[machine.1]       400000 task-yield id=2 reason=Idle
[machine.1]       405000 task-resume id=4 reason=scheduler
[machine.1]       405000 task-yield id=4 reason=RtosPortYield
[machine.1]       405000 user-u32 "can_recv" = 0
[machine.1]       405000 task-resume id=6 reason=scheduler
[machine.1]       405000 task-yield id=6 reason=RtosPortYield
[machine.1]       405000 user-u32 "can_frame_proc" = 122
[machine.1]       405000 task-resume id=4 reason=scheduler
[machine.1]       405000 task-yield id=4 reason=RtosPortYield
[machine.1]       405000 user-u32 "can_recv" = 0
[machine.1]       405000 task-resume id=6 reason=scheduler
[machine.1]       405000 task-yield id=6 reason=RtosPortYield
[machine.1]       405000 user-u32 "can_frame_proc" = 123
[machine.1]       405000 task-resume id=4 reason=scheduler
[machine.1]       405000 task-yield id=4 reason=RtosPortYield
[machine.1]       405000 user-u32 "can_recv" = 0
[machine.1]       405000 task-resume id=6 reason=scheduler
[machine.1]       405000 task-yield id=6 reason=RtosPortYield
[machine.1]       405000 user-u32 "can_frame_proc" = 124
[machine.1]       405000 task-resume id=4 reason=scheduler
[machine.1]       405000 task-yield id=4 reason=RtosPortYield
[machine.1]       405000 user-u32 "can_recv" = 0
[machine.1]       405000 task-resume id=6 reason=scheduler
[machine.1]       405000 task-yield id=6 reason=RtosPortYield
[machine.1]       405000 user-u32 "can_frame_proc" = 125
[machine.1]       405000 task-resume id=4 reason=scheduler
[machine.1]       405000 task-yield id=4 reason=RtosPortYield
[machine.1]       405000 user-u32 "can_recv" = 0
[machine.1]       405000 task-resume id=2 reason=scheduler
[machine.1]       405000 task-yield id=2 reason=Idle
[machine.1]       410000 task-resume id=4 reason=scheduler
[machine.1]       410000 task-yield id=4 reason=RtosPortYield
[machine.1]       410000 user-u32 "can_recv" = 0
[machine.1]       410000 task-resume id=1 reason=scheduler
[machine.1]       410000 task-yield id=1 reason=RtosPortYield
[machine.1]       410000 task-resume id=2 reason=scheduler
[machine.1]       410000 task-yield id=2 reason=Idle
[machine.1]       415000 task-resume id=4 reason=scheduler
[machine.1]       415000 task-yield id=4 reason=RtosPortYield
[machine.1]       415000 user-u32 "can_recv" = 0
[machine.1]       415000 task-resume id=6 reason=scheduler
[machine.1]       415000 task-yield id=6 reason=RtosPortYield
[machine.1]       415000 user-u32 "can_frame_proc" = 126
[machine.1]       415000 task-resume id=4 reason=scheduler
[machine.1]       415000 task-yield id=4 reason=RtosPortYield
[machine.1]       415000 user-u32 "can_recv" = 0
[machine.1]       415000 task-resume id=6 reason=scheduler
[machine.1]       415000 task-yield id=6 reason=RtosPortYield
[machine.1]       415000 user-u32 "can_frame_proc" = 127
[machine.1]       415000 task-resume id=4 reason=scheduler
[machine.1]       415000 task-yield id=4 reason=RtosPortYield
[machine.1]       415000 user-u32 "can_recv" = 0
[machine.1]       415000 task-resume id=6 reason=scheduler
[machine.1]       415000 task-yield id=6 reason=RtosPortYield
[machine.1]       415000 user-u32 "can_frame_proc" = 128
[machine.1]       415000 task-resume id=4 reason=scheduler
[machine.1]       415000 task-yield id=4 reason=RtosPortYield
[machine.1]       415000 user-u32 "can_recv" = 0
[machine.1]       415000 task-resume id=2 reason=scheduler
[machine.1]       415000 task-yield id=2 reason=Idle
[machine.1]       420000 task-resume id=4 reason=scheduler
[machine.1]       420000 task-yield id=4 reason=RtosPortYield
[machine.1]       420000 user-u32 "can_recv" = 0
[machine.1]       420000 task-resume id=1 reason=scheduler
[machine.1]       420000 task-yield id=1 reason=RtosPortYield
[machine.1]       420000 task-resume id=2 reason=scheduler
[machine.1]       420000 task-yield id=2 reason=Idle
[machine.1]       425000 task-resume id=4 reason=scheduler
[machine.1]       425000 task-yield id=4 reason=RtosPortYield
[machine.1]       425000 user-u32 "can_recv" = 0
[machine.1]       425000 task-resume id=6 reason=scheduler
[machine.1]       425000 task-yield id=6 reason=RtosPortYield
[machine.1]       425000 user-u32 "can_frame_proc" = 129
[machine.1]       425000 task-resume id=4 reason=scheduler
[machine.1]       425000 task-yield id=4 reason=RtosPortYield
[machine.1]       425000 user-u32 "can_recv" = 0
[machine.1]       425000 task-resume id=6 reason=scheduler
[machine.1]       425000 task-yield id=6 reason=RtosPortYield
[machine.1]       425000 user-u32 "can_frame_proc" = 130
[machine.1]       425000 task-resume id=4 reason=scheduler
[machine.1]       425000 task-yield id=4 reason=RtosPortYield
[machine.1]       425000 user-u32 "can_recv" = 0
[machine.1]       425000 task-resume id=6 reason=scheduler
[machine.1]       425000 task-yield id=6 reason=RtosPortYield
[machine.1]       425000 user-u32 "can_frame_proc" = 131
[machine.1]       425000 task-resume id=4 reason=scheduler
[machine.1]       425000 task-yield id=4 reason=RtosPortYield
[machine.1]       425000 user-u32 "can_recv" = 0
[machine.1]       425000 task-resume id=2 reason=scheduler
[machine.1]       425000 task-yield id=2 reason=Idle
[machine.1]       430000 task-resume id=4 reason=scheduler
[machine.1]       430000 task-yield id=4 reason=RtosPortYield
[machine.1]       430000 user-u32 "can_recv" = 0
[machine.1]       430000 task-resume id=1 reason=scheduler
[machine.1]       430000 task-yield id=1 reason=RtosPortYield
[machine.1]       430000 task-resume id=2 reason=scheduler
[machine.1]       430000 task-yield id=2 reason=Idle
[machine.1]       435000 task-resume id=4 reason=scheduler
[machine.1]       435000 task-yield id=4 reason=RtosPortYield
[machine.1]       435000 user-u32 "can_recv" = 0
[machine.1]       435000 task-resume id=6 reason=scheduler
[machine.1]       435000 task-yield id=6 reason=RtosPortYield
[machine.1]       435000 user-u32 "can_frame_proc" = 132
[machine.1]       435000 task-resume id=4 reason=scheduler
[machine.1]       435000 task-yield id=4 reason=RtosPortYield
[machine.1]       435000 user-u32 "can_recv" = 0
[machine.1]       435000 task-resume id=6 reason=scheduler
[machine.1]       435000 task-yield id=6 reason=RtosPortYield
[machine.1]       435000 user-u32 "can_frame_proc" = 133
[machine.1]       435000 task-resume id=4 reason=scheduler
[machine.1]       435000 task-yield id=4 reason=RtosPortYield
[machine.1]       435000 user-u32 "can_recv" = 0
[machine.1]       435000 task-resume id=6 reason=scheduler
[machine.1]       435000 task-yield id=6 reason=RtosPortYield
[machine.1]       435000 user-u32 "can_frame_proc" = 134
[machine.1]       435000 task-resume id=4 reason=scheduler
[machine.1]       435000 task-yield id=4 reason=RtosPortYield
[machine.1]       435000 user-u32 "can_recv" = 0
[machine.1]       435000 task-resume id=2 reason=scheduler
[machine.1]       435000 task-yield id=2 reason=Idle
[machine.1]       440000 task-resume id=4 reason=scheduler
[machine.1]       440000 task-yield id=4 reason=RtosPortYield
[machine.1]       440000 user-u32 "can_recv" = 0
[machine.1]       440000 task-resume id=1 reason=scheduler
[machine.1]       440000 task-yield id=1 reason=RtosPortYield
[machine.1]       440000 task-resume id=2 reason=scheduler
[machine.1]       440000 task-yield id=2 reason=Idle
[machine.1]       445000 task-resume id=4 reason=scheduler
[machine.1]       445000 task-yield id=4 reason=RtosPortYield
[machine.1]       445000 user-u32 "can_recv" = 0
[machine.1]       445000 task-resume id=6 reason=scheduler
[machine.1]       445000 task-yield id=6 reason=RtosPortYield
[machine.1]       445000 user-u32 "can_frame_proc" = 135
[machine.1]       445000 task-resume id=4 reason=scheduler
[machine.1]       445000 task-yield id=4 reason=RtosPortYield
[machine.1]       445000 user-u32 "can_recv" = 0
[machine.1]       445000 task-resume id=6 reason=scheduler
[machine.1]       445000 task-yield id=6 reason=RtosPortYield
[machine.1]       445000 user-u32 "can_frame_proc" = 136
[machine.1]       445000 task-resume id=4 reason=scheduler
[machine.1]       445000 task-yield id=4 reason=RtosPortYield
[machine.1]       445000 user-u32 "can_recv" = 0
[machine.1]       445000 task-resume id=6 reason=scheduler
[machine.1]       445000 task-yield id=6 reason=RtosPortYield
[machine.1]       445000 user-u32 "can_frame_proc" = 137
[machine.1]       445000 task-resume id=4 reason=scheduler
[machine.1]       445000 task-yield id=4 reason=RtosPortYield
[machine.1]       445000 user-u32 "can_recv" = 0
[machine.1]       445000 task-resume id=2 reason=scheduler
[machine.1]       445000 task-yield id=2 reason=Idle
[machine.1]       450000 task-resume id=4 reason=scheduler
[machine.1]       450000 task-yield id=4 reason=RtosPortYield
[machine.1]       450000 user-u32 "can_recv" = 0
[machine.1]       450000 task-resume id=1 reason=scheduler
[machine.1]       450000 task-yield id=1 reason=RtosPortYield
[machine.1]       450000 user-u32 "can_send" = 0
[machine.1]       450000 task-resume id=2 reason=scheduler
[machine.1]       450000 task-yield id=2 reason=Idle
[machine.1]       455000 task-resume id=4 reason=scheduler
[machine.1]       455000 task-yield id=4 reason=RtosPortYield
[machine.1]       455000 user-u32 "can_recv" = 0
[machine.1]       455000 task-resume id=6 reason=scheduler
[machine.1]       455000 task-yield id=6 reason=RtosPortYield
[machine.1]       455000 user-u32 "can_frame_proc" = 138
[machine.1]       455000 task-resume id=4 reason=scheduler
[machine.1]       455000 task-yield id=4 reason=RtosPortYield
[machine.1]       455000 user-u32 "can_recv" = 0
[machine.1]       455000 task-resume id=6 reason=scheduler
[machine.1]       455000 task-yield id=6 reason=RtosPortYield
[machine.1]       455000 user-u32 "can_frame_proc" = 139
[machine.1]       455000 task-resume id=4 reason=scheduler
[machine.1]       455000 task-yield id=4 reason=RtosPortYield
[machine.1]       455000 user-u32 "can_recv" = 0
[machine.1]       455000 task-resume id=6 reason=scheduler
[machine.1]       455000 task-yield id=6 reason=RtosPortYield
[machine.1]       455000 user-u32 "can_frame_proc" = 140
[machine.1]       455000 task-resume id=4 reason=scheduler
[machine.1]       455000 task-yield id=4 reason=RtosPortYield
[machine.1]       455000 user-u32 "can_recv" = 0
[machine.1]       455000 task-resume id=2 reason=scheduler
[machine.1]       455000 task-yield id=2 reason=Idle
[machine.1]       460000 task-resume id=4 reason=scheduler
[machine.1]       460000 task-yield id=4 reason=RtosPortYield
[machine.1]       460000 user-u32 "can_recv" = 0
[machine.1]       460000 task-resume id=1 reason=scheduler
[machine.1]       460000 task-yield id=1 reason=RtosPortYield
[machine.1]       460000 task-resume id=2 reason=scheduler
[machine.1]       460000 task-yield id=2 reason=Idle
[machine.1]       465000 task-resume id=4 reason=scheduler
[machine.1]       465000 task-yield id=4 reason=RtosPortYield
[machine.1]       465000 user-u32 "can_recv" = 0
[machine.1]       465000 task-resume id=6 reason=scheduler
[machine.1]       465000 task-yield id=6 reason=RtosPortYield
[machine.1]       465000 user-u32 "can_frame_proc" = 141
[machine.1]       465000 task-resume id=4 reason=scheduler
[machine.1]       465000 task-yield id=4 reason=RtosPortYield
[machine.1]       465000 user-u32 "can_recv" = 0
[machine.1]       465000 task-resume id=6 reason=scheduler
[machine.1]       465000 task-yield id=6 reason=RtosPortYield
[machine.1]       465000 user-u32 "can_frame_proc" = 142
[machine.1]       465000 task-resume id=4 reason=scheduler
[machine.1]       465000 task-yield id=4 reason=RtosPortYield
[machine.1]       465000 user-u32 "can_recv" = 0
[machine.1]       465000 task-resume id=6 reason=scheduler
[machine.1]       465000 task-yield id=6 reason=RtosPortYield
[machine.1]       465000 user-u32 "can_frame_proc" = 143
[machine.1]       465000 task-resume id=4 reason=scheduler
[machine.1]       465000 task-yield id=4 reason=RtosPortYield
[machine.1]       465000 user-u32 "can_recv" = 0
[machine.1]       465000 task-resume id=2 reason=scheduler
[machine.1]       465000 task-yield id=2 reason=Idle
[machine.1]       470000 task-resume id=4 reason=scheduler
[machine.1]       470000 task-yield id=4 reason=RtosPortYield
[machine.1]       470000 user-u32 "can_recv" = 0
[machine.1]       470000 task-resume id=1 reason=scheduler
[machine.1]       470000 task-yield id=1 reason=RtosPortYield
[machine.1]       470000 task-resume id=2 reason=scheduler
[machine.1]       470000 task-yield id=2 reason=Idle
[machine.1]       475000 task-resume id=4 reason=scheduler
[machine.1]       475000 task-yield id=4 reason=RtosPortYield
[machine.1]       475000 user-u32 "can_recv" = 0
[machine.1]       475000 task-resume id=6 reason=scheduler
[machine.1]       475000 task-yield id=6 reason=RtosPortYield
[machine.1]       475000 user-u32 "can_frame_proc" = 144
[machine.1]       475000 task-resume id=4 reason=scheduler
[machine.1]       475000 task-yield id=4 reason=RtosPortYield
[machine.1]       475000 user-u32 "can_recv" = 0
[machine.1]       475000 task-resume id=6 reason=scheduler
[machine.1]       475000 task-yield id=6 reason=RtosPortYield
[machine.1]       475000 user-u32 "can_frame_proc" = 145
[machine.1]       475000 task-resume id=4 reason=scheduler
[machine.1]       475000 task-yield id=4 reason=RtosPortYield
[machine.1]       475000 user-u32 "can_recv" = 0
[machine.1]       475000 task-resume id=6 reason=scheduler
[machine.1]       475000 task-yield id=6 reason=RtosPortYield
[machine.1]       475000 user-u32 "can_frame_proc" = 146
[machine.1]       475000 task-resume id=4 reason=scheduler
[machine.1]       475000 task-yield id=4 reason=RtosPortYield
[machine.1]       475000 user-u32 "can_recv" = 0
[machine.1]       475000 task-resume id=2 reason=scheduler
[machine.1]       475000 task-yield id=2 reason=Idle
[machine.1]       480000 task-resume id=4 reason=scheduler
[machine.1]       480000 task-yield id=4 reason=RtosPortYield
[machine.1]       480000 user-u32 "can_recv" = 0
[machine.1]       480000 task-resume id=1 reason=scheduler
[machine.1]       480000 task-yield id=1 reason=RtosPortYield
[machine.1]       480000 task-resume id=2 reason=scheduler
[machine.1]       480000 task-yield id=2 reason=Idle
[machine.1]       485000 task-resume id=4 reason=scheduler
[machine.1]       485000 task-yield id=4 reason=RtosPortYield
[machine.1]       485000 user-u32 "can_recv" = 0
[machine.1]       485000 task-resume id=6 reason=scheduler
[machine.1]       485000 task-yield id=6 reason=RtosPortYield
[machine.1]       485000 user-u32 "can_frame_proc" = 147
[machine.1]       485000 task-resume id=4 reason=scheduler
[machine.1]       485000 task-yield id=4 reason=RtosPortYield
[machine.1]       485000 user-u32 "can_recv" = 0
[machine.1]       485000 task-resume id=6 reason=scheduler
[machine.1]       485000 task-yield id=6 reason=RtosPortYield
[machine.1]       485000 user-u32 "can_frame_proc" = 148
[machine.1]       485000 task-resume id=4 reason=scheduler
[machine.1]       485000 task-yield id=4 reason=RtosPortYield
[machine.1]       485000 user-u32 "can_recv" = 0
[machine.1]       485000 task-resume id=6 reason=scheduler
[machine.1]       485000 task-yield id=6 reason=RtosPortYield
[machine.1]       485000 user-u32 "can_frame_proc" = 149
[machine.1]       485000 task-resume id=4 reason=scheduler
[machine.1]       485000 task-yield id=4 reason=RtosPortYield
[machine.1]       485000 user-u32 "can_recv" = 0
[machine.1]       485000 task-resume id=2 reason=scheduler
[machine.1]       485000 task-yield id=2 reason=Idle
[machine.1]       490000 task-resume id=4 reason=scheduler
[machine.1]       490000 task-yield id=4 reason=RtosPortYield
[machine.1]       490000 user-u32 "can_recv" = 0
[machine.1]       490000 task-resume id=1 reason=scheduler
[machine.1]       490000 task-yield id=1 reason=RtosPortYield
[machine.1]       490000 task-resume id=2 reason=scheduler
[machine.1]       490000 task-yield id=2 reason=Idle
[machine.1]       495000 task-resume id=4 reason=scheduler
[machine.1]       495000 task-yield id=4 reason=RtosPortYield
[machine.1]       495000 user-u32 "can_recv" = 0
[machine.1]       495000 task-resume id=6 reason=scheduler
[machine.1]       495000 task-yield id=6 reason=RtosPortYield
[machine.1]       495000 user-u32 "can_frame_proc" = 150
[machine.1]       495000 task-resume id=4 reason=scheduler
[machine.1]       495000 task-yield id=4 reason=RtosPortYield
[machine.1]       495000 user-u32 "can_recv" = 0
[machine.1]       495000 task-resume id=6 reason=scheduler
[machine.1]       495000 task-yield id=6 reason=RtosPortYield
[machine.1]       495000 user-u32 "can_frame_proc" = 151
[machine.1]       495000 task-resume id=4 reason=scheduler
[machine.1]       495000 task-yield id=4 reason=RtosPortYield
[machine.1]       495000 user-u32 "can_recv" = 0
[machine.1]       495000 task-resume id=6 reason=scheduler
[machine.1]       495000 task-yield id=6 reason=RtosPortYield
[machine.1]       495000 user-u32 "can_frame_proc" = 152
[machine.1]       495000 task-resume id=4 reason=scheduler
[machine.1]       495000 task-yield id=4 reason=RtosPortYield
[machine.1]       495000 user-u32 "can_recv" = 0
[machine.1]       495000 task-resume id=2 reason=scheduler
[machine.1]       495000 task-yield id=2 reason=Idle
[machine.1]       500000 task-resume id=4 reason=scheduler
[machine.1]       500000 task-yield id=4 reason=RtosPortYield
[machine.1]       500000 user-u32 "can_recv" = 0
[machine.1]       500000 task-resume id=1 reason=scheduler
[machine.1]       500000 task-yield id=1 reason=RtosPortYield
[machine.1]       500000 user-u32 "can_send" = 0
[machine.1]       500000 user-u32 "can_send" = 0
[machine.1]       500000 task-resume id=5 reason=scheduler
[machine.1]       500000 task-yield id=5 reason=RtosPortYield
[machine.1]       500000 user-u32 "fault_aggregate" = 0
[machine.1]       500000 task-resume id=2 reason=scheduler
[machine.1]       500000 task-yield id=2 reason=Idle
[machine.1]       505000 task-resume id=4 reason=scheduler
[machine.1]       505000 task-yield id=4 reason=RtosPortYield
[machine.1]       505000 user-u32 "can_recv" = 0
[machine.1]       505000 task-resume id=6 reason=scheduler
[machine.1]       505000 task-yield id=6 reason=RtosPortYield
[machine.1]       505000 user-u32 "can_frame_proc" = 153
[machine.1]       505000 task-resume id=4 reason=scheduler
[machine.1]       505000 task-yield id=4 reason=RtosPortYield
[machine.1]       505000 user-u32 "can_recv" = 0
[machine.1]       505000 task-resume id=6 reason=scheduler
[machine.1]       505000 task-yield id=6 reason=RtosPortYield
[machine.1]       505000 user-u32 "can_frame_proc" = 154
[machine.1]       505000 task-resume id=4 reason=scheduler
[machine.1]       505000 task-yield id=4 reason=RtosPortYield
[machine.1]       505000 user-u32 "can_recv" = 0
[machine.1]       505000 task-resume id=6 reason=scheduler
[machine.1]       505000 task-yield id=6 reason=RtosPortYield
[machine.1]       505000 user-u32 "can_frame_proc" = 155
[machine.1]       505000 task-resume id=4 reason=scheduler
[machine.1]       505000 task-yield id=4 reason=RtosPortYield
[machine.1]       505000 user-u32 "can_recv" = 0
[machine.1]       505000 task-resume id=6 reason=scheduler
[machine.1]       505000 task-yield id=6 reason=RtosPortYield
[machine.1]       505000 user-u32 "can_frame_proc" = 156
[machine.1]       505000 task-resume id=4 reason=scheduler
[machine.1]       505000 task-yield id=4 reason=RtosPortYield
[machine.1]       505000 user-u32 "can_recv" = 0
[machine.1]       505000 task-resume id=6 reason=scheduler
[machine.1]       505000 task-yield id=6 reason=RtosPortYield
[machine.1]       505000 user-u32 "can_frame_proc" = 157
[machine.1]       505000 task-resume id=4 reason=scheduler
[machine.1]       505000 task-yield id=4 reason=RtosPortYield
[machine.1]       505000 user-u32 "can_recv" = 0
[machine.1]       505000 task-resume id=6 reason=scheduler
[machine.1]       505000 task-yield id=6 reason=RtosPortYield
[machine.1]       505000 user-u32 "can_frame_proc" = 158
[machine.1]       505000 task-resume id=4 reason=scheduler
[machine.1]       505000 task-yield id=4 reason=RtosPortYield
[machine.1]       505000 user-u32 "can_recv" = 0
[machine.1]       505000 task-resume id=6 reason=scheduler
[machine.1]       505000 task-yield id=6 reason=RtosPortYield
[machine.1]       505000 user-u32 "can_frame_proc" = 159
[machine.1]       505000 task-resume id=4 reason=scheduler
[machine.1]       505000 task-yield id=4 reason=RtosPortYield
[machine.1]       505000 user-u32 "can_recv" = 0
[machine.1]       505000 task-resume id=6 reason=scheduler
[machine.1]       505000 task-yield id=6 reason=RtosPortYield
[machine.1]       505000 user-u32 "can_frame_proc" = 160
[machine.1]       505000 task-resume id=4 reason=scheduler
[machine.1]       505000 task-yield id=4 reason=RtosPortYield
[machine.1]       505000 user-u32 "can_recv" = 0
[machine.1]       505000 task-resume id=6 reason=scheduler
[machine.1]       505000 task-yield id=6 reason=RtosPortYield
[machine.1]       505000 user-u32 "can_frame_proc" = 161
[machine.1]       505000 task-resume id=4 reason=scheduler
[machine.1]       505000 task-yield id=4 reason=RtosPortYield
[machine.1]       505000 user-u32 "can_recv" = 0
[machine.1]       505000 task-resume id=6 reason=scheduler
[machine.1]       505000 task-yield id=6 reason=RtosPortYield
[machine.1]       505000 user-u32 "can_frame_proc" = 162
[machine.1]       505000 task-resume id=4 reason=scheduler
[machine.1]       505000 task-yield id=4 reason=RtosPortYield
[machine.1]       505000 user-u32 "can_recv" = 0
[machine.1]       505000 task-resume id=6 reason=scheduler
[machine.1]       505000 task-yield id=6 reason=RtosPortYield
[machine.1]       505000 user-u32 "can_frame_proc" = 163
[machine.1]       505000 task-resume id=4 reason=scheduler
[machine.1]       505000 task-yield id=4 reason=RtosPortYield
[machine.1]       505000 user-u32 "can_recv" = 0
[machine.1]       505000 task-resume id=6 reason=scheduler
[machine.1]       505000 task-yield id=6 reason=RtosPortYield
[machine.1]       505000 user-u32 "can_frame_proc" = 164
[machine.1]       505000 task-resume id=4 reason=scheduler
[machine.1]       505000 task-yield id=4 reason=RtosPortYield
[machine.1]       505000 user-u32 "can_recv" = 0
[machine.1]       505000 task-resume id=6 reason=scheduler
[machine.1]       505000 task-yield id=6 reason=RtosPortYield
[machine.1]       505000 user-u32 "can_frame_proc" = 165
[machine.1]       505000 task-resume id=4 reason=scheduler
[machine.1]       505000 task-yield id=4 reason=RtosPortYield
[machine.1]       505000 user-u32 "can_recv" = 0
[machine.1]       505000 task-resume id=6 reason=scheduler
[machine.1]       505000 task-yield id=6 reason=RtosPortYield
[machine.1]       505000 user-u32 "can_frame_proc" = 166
[machine.1]       505000 task-resume id=4 reason=scheduler
[machine.1]       505000 task-yield id=4 reason=RtosPortYield
[machine.1]       505000 user-u32 "can_recv" = 0
[machine.1]       505000 task-resume id=6 reason=scheduler
[machine.1]       505000 task-yield id=6 reason=RtosPortYield
[machine.1]       505000 user-u32 "can_frame_proc" = 167
[machine.1]       505000 task-resume id=4 reason=scheduler
[machine.1]       505000 task-yield id=4 reason=RtosPortYield
[machine.1]       505000 user-u32 "can_recv" = 0
[machine.1]       505000 task-resume id=6 reason=scheduler
[machine.1]       505000 task-yield id=6 reason=RtosPortYield
[machine.1]       505000 user-u32 "can_frame_proc" = 168
[machine.1]       505000 task-resume id=4 reason=scheduler
[machine.1]       505000 task-yield id=4 reason=RtosPortYield
[machine.1]       505000 user-u32 "can_recv" = 0
[machine.1]       505000 task-resume id=6 reason=scheduler
[machine.1]       505000 task-yield id=6 reason=RtosPortYield
[machine.1]       505000 user-u32 "can_frame_proc" = 169
[machine.1]       505000 task-resume id=4 reason=scheduler
[machine.1]       505000 task-yield id=4 reason=RtosPortYield
[machine.1]       505000 user-u32 "can_recv" = 0
[machine.1]       505000 task-resume id=6 reason=scheduler
[machine.1]       505000 task-yield id=6 reason=RtosPortYield
[machine.1]       505000 user-u32 "can_frame_proc" = 170
[machine.1]       505000 task-resume id=4 reason=scheduler
[machine.1]       505000 task-yield id=4 reason=RtosPortYield
[machine.1]       505000 user-u32 "can_recv" = 0
[machine.1]       505000 task-resume id=6 reason=scheduler
[machine.1]       505000 task-yield id=6 reason=RtosPortYield
[machine.1]       505000 user-u32 "can_frame_proc" = 171
[machine.1]       505000 task-resume id=4 reason=scheduler
[machine.1]       505000 task-yield id=4 reason=RtosPortYield
[machine.1]       505000 user-u32 "can_recv" = 0
[machine.1]       505000 task-resume id=6 reason=scheduler
[machine.1]       505000 task-yield id=6 reason=RtosPortYield
[machine.1]       505000 user-u32 "can_frame_proc" = 172
[machine.1]       505000 task-resume id=4 reason=scheduler
[machine.1]       505000 task-yield id=4 reason=RtosPortYield
[machine.1]       505000 user-u32 "can_recv" = 0
[machine.1]       505000 task-resume id=6 reason=scheduler
[machine.1]       505000 task-yield id=6 reason=RtosPortYield
[machine.1]       505000 user-u32 "can_frame_proc" = 173
[machine.1]       505000 task-resume id=4 reason=scheduler
[machine.1]       505000 task-yield id=4 reason=RtosPortYield
[machine.1]       505000 user-u32 "can_recv" = 0
[machine.1]       505000 task-resume id=6 reason=scheduler
[machine.1]       505000 task-yield id=6 reason=RtosPortYield
[machine.1]       505000 user-u32 "can_frame_proc" = 174
[machine.1]       505000 task-resume id=4 reason=scheduler
[machine.1]       505000 task-yield id=4 reason=RtosPortYield
[machine.1]       505000 user-u32 "can_recv" = 0
[machine.1]       505000 task-resume id=6 reason=scheduler
[machine.1]       505000 task-yield id=6 reason=RtosPortYield
[machine.1]       505000 user-u32 "can_frame_proc" = 175
[machine.1]       505000 task-resume id=4 reason=scheduler
[machine.1]       505000 task-yield id=4 reason=RtosPortYield
[machine.1]       505000 user-u32 "can_recv" = 0
[machine.1]       505000 task-resume id=6 reason=scheduler
[machine.1]       505000 task-yield id=6 reason=RtosPortYield
[machine.1]       505000 user-u32 "can_frame_proc" = 176
[machine.1]       505000 task-resume id=4 reason=scheduler
[machine.1]       505000 task-yield id=4 reason=RtosPortYield
[machine.1]       505000 user-u32 "can_recv" = 0
[machine.1]       505000 task-resume id=2 reason=scheduler
[machine.1]       505000 task-yield id=2 reason=Idle
[machine.1]       510000 task-resume id=4 reason=scheduler
[machine.1]       510000 task-yield id=4 reason=RtosPortYield
[machine.1]       510000 user-u32 "can_recv" = 0
[machine.1]       510000 task-resume id=1 reason=scheduler
[machine.1]       510000 task-yield id=1 reason=RtosPortYield
[machine.1]       510000 task-resume id=2 reason=scheduler
[machine.1]       510000 task-yield id=2 reason=Idle
[machine.1]       515000 task-resume id=4 reason=scheduler
[machine.1]       515000 task-yield id=4 reason=RtosPortYield
[machine.1]       515000 user-u32 "can_recv" = 0
[machine.1]       515000 task-resume id=6 reason=scheduler
[machine.1]       515000 task-yield id=6 reason=RtosPortYield
[machine.1]       515000 user-u32 "can_frame_proc" = 177
[machine.1]       515000 task-resume id=4 reason=scheduler
[machine.1]       515000 task-yield id=4 reason=RtosPortYield
[machine.1]       515000 user-u32 "can_recv" = 0
[machine.1]       515000 task-resume id=6 reason=scheduler
[machine.1]       515000 task-yield id=6 reason=RtosPortYield
[machine.1]       515000 user-u32 "can_frame_proc" = 178
[machine.1]       515000 task-resume id=4 reason=scheduler
[machine.1]       515000 task-yield id=4 reason=RtosPortYield
[machine.1]       515000 user-u32 "can_recv" = 0
[machine.1]       515000 task-resume id=6 reason=scheduler
[machine.1]       515000 task-yield id=6 reason=RtosPortYield
[machine.1]       515000 user-u32 "can_frame_proc" = 179
[machine.1]       515000 task-resume id=4 reason=scheduler
[machine.1]       515000 task-yield id=4 reason=RtosPortYield
[machine.1]       515000 user-u32 "can_recv" = 0
[machine.1]       515000 task-resume id=2 reason=scheduler
[machine.1]       515000 task-yield id=2 reason=Idle
[machine.1]       520000 task-resume id=4 reason=scheduler
[machine.1]       520000 task-yield id=4 reason=RtosPortYield
[machine.1]       520000 user-u32 "can_recv" = 0
[machine.1]       520000 task-resume id=1 reason=scheduler
[machine.1]       520000 task-yield id=1 reason=RtosPortYield
[machine.1]       520000 task-resume id=2 reason=scheduler
[machine.1]       520000 task-yield id=2 reason=Idle
[machine.1]       525000 task-resume id=4 reason=scheduler
[machine.1]       525000 task-yield id=4 reason=RtosPortYield
[machine.1]       525000 user-u32 "can_recv" = 0
[machine.1]       525000 task-resume id=6 reason=scheduler
[machine.1]       525000 task-yield id=6 reason=RtosPortYield
[machine.1]       525000 user-u32 "can_frame_proc" = 180
[machine.1]       525000 task-resume id=4 reason=scheduler
[machine.1]       525000 task-yield id=4 reason=RtosPortYield
[machine.1]       525000 user-u32 "can_recv" = 0
[machine.1]       525000 task-resume id=6 reason=scheduler
[machine.1]       525000 task-yield id=6 reason=RtosPortYield
[machine.1]       525000 user-u32 "can_frame_proc" = 181
[machine.1]       525000 task-resume id=4 reason=scheduler
[machine.1]       525000 task-yield id=4 reason=RtosPortYield
[machine.1]       525000 user-u32 "can_recv" = 0
[machine.1]       525000 task-resume id=6 reason=scheduler
[machine.1]       525000 task-yield id=6 reason=RtosPortYield
[machine.1]       525000 user-u32 "can_frame_proc" = 182
[machine.1]       525000 task-resume id=4 reason=scheduler
[machine.1]       525000 task-yield id=4 reason=RtosPortYield
[machine.1]       525000 user-u32 "can_recv" = 0
[machine.1]       525000 task-resume id=2 reason=scheduler
[machine.1]       525000 task-yield id=2 reason=Idle
[machine.1]       530000 task-resume id=4 reason=scheduler
[machine.1]       530000 task-yield id=4 reason=RtosPortYield
[machine.1]       530000 user-u32 "can_recv" = 0
[machine.1]       530000 task-resume id=1 reason=scheduler
[machine.1]       530000 task-yield id=1 reason=RtosPortYield
[machine.1]       530000 task-resume id=2 reason=scheduler
[machine.1]       530000 task-yield id=2 reason=Idle
[machine.1]       535000 task-resume id=4 reason=scheduler
[machine.1]       535000 task-yield id=4 reason=RtosPortYield
[machine.1]       535000 user-u32 "can_recv" = 0
[machine.1]       535000 task-resume id=6 reason=scheduler
[machine.1]       535000 task-yield id=6 reason=RtosPortYield
[machine.1]       535000 user-u32 "can_frame_proc" = 183
[machine.1]       535000 task-resume id=4 reason=scheduler
[machine.1]       535000 task-yield id=4 reason=RtosPortYield
[machine.1]       535000 user-u32 "can_recv" = 0
[machine.1]       535000 task-resume id=6 reason=scheduler
[machine.1]       535000 task-yield id=6 reason=RtosPortYield
[machine.1]       535000 user-u32 "can_frame_proc" = 184
[machine.1]       535000 task-resume id=4 reason=scheduler
[machine.1]       535000 task-yield id=4 reason=RtosPortYield
[machine.1]       535000 user-u32 "can_recv" = 0
[machine.1]       535000 task-resume id=6 reason=scheduler
[machine.1]       535000 task-yield id=6 reason=RtosPortYield
[machine.1]       535000 user-u32 "can_frame_proc" = 185
[machine.1]       535000 task-resume id=4 reason=scheduler
[machine.1]       535000 task-yield id=4 reason=RtosPortYield
[machine.1]       535000 user-u32 "can_recv" = 0
[machine.1]       535000 task-resume id=2 reason=scheduler
[machine.1]       535000 task-yield id=2 reason=Idle
[machine.1]       540000 task-resume id=4 reason=scheduler
[machine.1]       540000 task-yield id=4 reason=RtosPortYield
[machine.1]       540000 user-u32 "can_recv" = 0
[machine.1]       540000 task-resume id=1 reason=scheduler
[machine.1]       540000 task-yield id=1 reason=RtosPortYield
[machine.1]       540000 task-resume id=2 reason=scheduler
[machine.1]       540000 task-yield id=2 reason=Idle
[machine.1]       545000 task-resume id=4 reason=scheduler
[machine.1]       545000 task-yield id=4 reason=RtosPortYield
[machine.1]       545000 user-u32 "can_recv" = 0
[machine.1]       545000 task-resume id=6 reason=scheduler
[machine.1]       545000 task-yield id=6 reason=RtosPortYield
[machine.1]       545000 user-u32 "can_frame_proc" = 186
[machine.1]       545000 task-resume id=4 reason=scheduler
[machine.1]       545000 task-yield id=4 reason=RtosPortYield
[machine.1]       545000 user-u32 "can_recv" = 0
[machine.1]       545000 task-resume id=6 reason=scheduler
[machine.1]       545000 task-yield id=6 reason=RtosPortYield
[machine.1]       545000 user-u32 "can_frame_proc" = 187
[machine.1]       545000 task-resume id=4 reason=scheduler
[machine.1]       545000 task-yield id=4 reason=RtosPortYield
[machine.1]       545000 user-u32 "can_recv" = 0
[machine.1]       545000 task-resume id=6 reason=scheduler
[machine.1]       545000 task-yield id=6 reason=RtosPortYield
[machine.1]       545000 user-u32 "can_frame_proc" = 188
[machine.1]       545000 task-resume id=4 reason=scheduler
[machine.1]       545000 task-yield id=4 reason=RtosPortYield
[machine.1]       545000 user-u32 "can_recv" = 0
[machine.1]       545000 task-resume id=2 reason=scheduler
[machine.1]       545000 task-yield id=2 reason=Idle
[machine.1]       550000 task-resume id=4 reason=scheduler
[machine.1]       550000 task-yield id=4 reason=RtosPortYield
[machine.1]       550000 user-u32 "can_recv" = 0
[machine.1]       550000 task-resume id=1 reason=scheduler
[machine.1]       550000 task-yield id=1 reason=RtosPortYield
[machine.1]       550000 user-u32 "can_send" = 0
[machine.1]       550000 task-resume id=2 reason=scheduler
[machine.1]       550000 task-yield id=2 reason=Idle
[machine.1]       555000 task-resume id=4 reason=scheduler
[machine.1]       555000 task-yield id=4 reason=RtosPortYield
[machine.1]       555000 user-u32 "can_recv" = 0
[machine.1]       555000 task-resume id=6 reason=scheduler
[machine.1]       555000 task-yield id=6 reason=RtosPortYield
[machine.1]       555000 user-u32 "can_frame_proc" = 189
[machine.1]       555000 task-resume id=4 reason=scheduler
[machine.1]       555000 task-yield id=4 reason=RtosPortYield
[machine.1]       555000 user-u32 "can_recv" = 0
[machine.1]       555000 task-resume id=6 reason=scheduler
[machine.1]       555000 task-yield id=6 reason=RtosPortYield
[machine.1]       555000 user-u32 "can_frame_proc" = 190
[machine.1]       555000 task-resume id=4 reason=scheduler
[machine.1]       555000 task-yield id=4 reason=RtosPortYield
[machine.1]       555000 user-u32 "can_recv" = 0
[machine.1]       555000 task-resume id=6 reason=scheduler
[machine.1]       555000 task-yield id=6 reason=RtosPortYield
[machine.1]       555000 user-u32 "can_frame_proc" = 191
[machine.1]       555000 task-resume id=4 reason=scheduler
[machine.1]       555000 task-yield id=4 reason=RtosPortYield
[machine.1]       555000 user-u32 "can_recv" = 0
[machine.1]       555000 task-resume id=2 reason=scheduler
[machine.1]       555000 task-yield id=2 reason=Idle
[machine.1]       560000 task-resume id=4 reason=scheduler
[machine.1]       560000 task-yield id=4 reason=RtosPortYield
[machine.1]       560000 user-u32 "can_recv" = 0
[machine.1]       560000 task-resume id=1 reason=scheduler
[machine.1]       560000 task-yield id=1 reason=RtosPortYield
[machine.1]       560000 task-resume id=2 reason=scheduler
[machine.1]       560000 task-yield id=2 reason=Idle
[machine.1]       565000 task-resume id=4 reason=scheduler
[machine.1]       565000 task-yield id=4 reason=RtosPortYield
[machine.1]       565000 user-u32 "can_recv" = 0
[machine.1]       565000 task-resume id=6 reason=scheduler
[machine.1]       565000 task-yield id=6 reason=RtosPortYield
[machine.1]       565000 user-u32 "can_frame_proc" = 192
[machine.1]       565000 task-resume id=4 reason=scheduler
[machine.1]       565000 task-yield id=4 reason=RtosPortYield
[machine.1]       565000 user-u32 "can_recv" = 0
[machine.1]       565000 task-resume id=6 reason=scheduler
[machine.1]       565000 task-yield id=6 reason=RtosPortYield
[machine.1]       565000 user-u32 "can_frame_proc" = 193
[machine.1]       565000 task-resume id=4 reason=scheduler
[machine.1]       565000 task-yield id=4 reason=RtosPortYield
[machine.1]       565000 user-u32 "can_recv" = 0
[machine.1]       565000 task-resume id=6 reason=scheduler
[machine.1]       565000 task-yield id=6 reason=RtosPortYield
[machine.1]       565000 user-u32 "can_frame_proc" = 194
[machine.1]       565000 task-resume id=4 reason=scheduler
[machine.1]       565000 task-yield id=4 reason=RtosPortYield
[machine.1]       565000 user-u32 "can_recv" = 0
[machine.1]       565000 task-resume id=2 reason=scheduler
[machine.1]       565000 task-yield id=2 reason=Idle
[machine.1]       570000 task-resume id=4 reason=scheduler
[machine.1]       570000 task-yield id=4 reason=RtosPortYield
[machine.1]       570000 user-u32 "can_recv" = 0
[machine.1]       570000 task-resume id=1 reason=scheduler
[machine.1]       570000 task-yield id=1 reason=RtosPortYield
[machine.1]       570000 task-resume id=2 reason=scheduler
[machine.1]       570000 task-yield id=2 reason=Idle
[machine.1]       575000 task-resume id=4 reason=scheduler
[machine.1]       575000 task-yield id=4 reason=RtosPortYield
[machine.1]       575000 user-u32 "can_recv" = 0
[machine.1]       575000 task-resume id=6 reason=scheduler
[machine.1]       575000 task-yield id=6 reason=RtosPortYield
[machine.1]       575000 user-u32 "can_frame_proc" = 195
[machine.1]       575000 task-resume id=4 reason=scheduler
[machine.1]       575000 task-yield id=4 reason=RtosPortYield
[machine.1]       575000 user-u32 "can_recv" = 0
[machine.1]       575000 task-resume id=6 reason=scheduler
[machine.1]       575000 task-yield id=6 reason=RtosPortYield
[machine.1]       575000 user-u32 "can_frame_proc" = 196
[machine.1]       575000 task-resume id=4 reason=scheduler
[machine.1]       575000 task-yield id=4 reason=RtosPortYield
[machine.1]       575000 user-u32 "can_recv" = 0
[machine.1]       575000 task-resume id=6 reason=scheduler
[machine.1]       575000 task-yield id=6 reason=RtosPortYield
[machine.1]       575000 user-u32 "can_frame_proc" = 197
[machine.1]       575000 task-resume id=4 reason=scheduler
[machine.1]       575000 task-yield id=4 reason=RtosPortYield
[machine.1]       575000 user-u32 "can_recv" = 0
[machine.1]       575000 task-resume id=2 reason=scheduler
[machine.1]       575000 task-yield id=2 reason=Idle
[machine.1]       580000 task-resume id=4 reason=scheduler
[machine.1]       580000 task-yield id=4 reason=RtosPortYield
[machine.1]       580000 user-u32 "can_recv" = 0
[machine.1]       580000 task-resume id=1 reason=scheduler
[machine.1]       580000 task-yield id=1 reason=RtosPortYield
[machine.1]       580000 task-resume id=2 reason=scheduler
[machine.1]       580000 task-yield id=2 reason=Idle
[machine.1]       585000 task-resume id=4 reason=scheduler
[machine.1]       585000 task-yield id=4 reason=RtosPortYield
[machine.1]       585000 user-u32 "can_recv" = 0
[machine.1]       585000 task-resume id=6 reason=scheduler
[machine.1]       585000 task-yield id=6 reason=RtosPortYield
[machine.1]       585000 user-u32 "can_frame_proc" = 198
[machine.1]       585000 task-resume id=4 reason=scheduler
[machine.1]       585000 task-yield id=4 reason=RtosPortYield
[machine.1]       585000 user-u32 "can_recv" = 0
[machine.1]       585000 task-resume id=6 reason=scheduler
[machine.1]       585000 task-yield id=6 reason=RtosPortYield
[machine.1]       585000 user-u32 "can_frame_proc" = 199
[machine.1]       585000 task-resume id=4 reason=scheduler
[machine.1]       585000 task-yield id=4 reason=RtosPortYield
[machine.1]       585000 user-u32 "can_recv" = 0
[machine.1]       585000 task-resume id=6 reason=scheduler
[machine.1]       585000 task-yield id=6 reason=RtosPortYield
[machine.1]       585000 user-u32 "can_frame_proc" = 200
[machine.1]       585000 task-resume id=4 reason=scheduler
[machine.1]       585000 task-yield id=4 reason=RtosPortYield
[machine.1]       585000 user-u32 "can_recv" = 0
[machine.1]       585000 task-resume id=2 reason=scheduler
[machine.1]       585000 task-yield id=2 reason=Idle
[machine.1]       590000 task-resume id=4 reason=scheduler
[machine.1]       590000 task-yield id=4 reason=RtosPortYield
[machine.1]       590000 user-u32 "can_recv" = 0
[machine.1]       590000 task-resume id=1 reason=scheduler
[machine.1]       590000 task-yield id=1 reason=RtosPortYield
[machine.1]       590000 task-resume id=2 reason=scheduler
[machine.1]       590000 task-yield id=2 reason=Idle
[machine.1]       595000 task-resume id=4 reason=scheduler
[machine.1]       595000 task-yield id=4 reason=RtosPortYield
[machine.1]       595000 user-u32 "can_recv" = 0
[machine.1]       595000 task-resume id=6 reason=scheduler
[machine.1]       595000 task-yield id=6 reason=RtosPortYield
[machine.1]       595000 user-u32 "can_frame_proc" = 201
[machine.1]       595000 task-resume id=4 reason=scheduler
[machine.1]       595000 task-yield id=4 reason=RtosPortYield
[machine.1]       595000 user-u32 "can_recv" = 0
[machine.1]       595000 task-resume id=6 reason=scheduler
[machine.1]       595000 task-yield id=6 reason=RtosPortYield
[machine.1]       595000 user-u32 "can_frame_proc" = 202
[machine.1]       595000 task-resume id=4 reason=scheduler
[machine.1]       595000 task-yield id=4 reason=RtosPortYield
[machine.1]       595000 user-u32 "can_recv" = 0
[machine.1]       595000 task-resume id=6 reason=scheduler
[machine.1]       595000 task-yield id=6 reason=RtosPortYield
[machine.1]       595000 user-u32 "can_frame_proc" = 203
[machine.1]       595000 task-resume id=4 reason=scheduler
[machine.1]       595000 task-yield id=4 reason=RtosPortYield
[machine.1]       595000 user-u32 "can_recv" = 0
[machine.1]       595000 task-resume id=2 reason=scheduler
[machine.1]       595000 task-yield id=2 reason=Idle
[machine.1]       600000 task-resume id=4 reason=scheduler
[machine.1]       600000 task-yield id=4 reason=RtosPortYield
[machine.1]       600000 user-u32 "can_recv" = 0
[machine.1]       600000 task-resume id=1 reason=scheduler
[machine.1]       600000 task-yield id=1 reason=RtosPortYield
[machine.1]       600000 user-u32 "can_send" = 0
[machine.1]       600000 user-u32 "can_send" = 0
[machine.1]       600000 task-resume id=5 reason=scheduler
[machine.1]       600000 task-yield id=5 reason=RtosPortYield
[machine.1]       600000 user-u32 "fault_aggregate" = 0
[machine.1]       600000 task-resume id=2 reason=scheduler
[machine.1]       600000 task-yield id=2 reason=Idle
[machine.1]       605000 task-resume id=4 reason=scheduler
[machine.1]       605000 task-yield id=4 reason=RtosPortYield
[machine.1]       605000 user-u32 "can_recv" = 0
[machine.1]       605000 task-resume id=6 reason=scheduler
[machine.1]       605000 task-yield id=6 reason=RtosPortYield
[machine.1]       605000 user-u32 "can_frame_proc" = 204
[machine.1]       605000 task-resume id=4 reason=scheduler
[machine.1]       605000 task-yield id=4 reason=RtosPortYield
[machine.1]       605000 user-u32 "can_recv" = 0
[machine.1]       605000 task-resume id=6 reason=scheduler
[machine.1]       605000 task-yield id=6 reason=RtosPortYield
[machine.1]       605000 user-u32 "can_frame_proc" = 205
[machine.1]       605000 task-resume id=4 reason=scheduler
[machine.1]       605000 task-yield id=4 reason=RtosPortYield
[machine.1]       605000 user-u32 "can_recv" = 0
[machine.1]       605000 task-resume id=6 reason=scheduler
[machine.1]       605000 task-yield id=6 reason=RtosPortYield
[machine.1]       605000 user-u32 "can_frame_proc" = 206
[machine.1]       605000 task-resume id=4 reason=scheduler
[machine.1]       605000 task-yield id=4 reason=RtosPortYield
[machine.1]       605000 user-u32 "can_recv" = 0
[machine.1]       605000 task-resume id=6 reason=scheduler
[machine.1]       605000 task-yield id=6 reason=RtosPortYield
[machine.1]       605000 user-u32 "can_frame_proc" = 207
[machine.1]       605000 task-resume id=4 reason=scheduler
[machine.1]       605000 task-yield id=4 reason=RtosPortYield
[machine.1]       605000 user-u32 "can_recv" = 0
[machine.1]       605000 task-resume id=2 reason=scheduler
[machine.1]       605000 task-yield id=2 reason=Idle
[machine.1]       610000 task-resume id=4 reason=scheduler
[machine.1]       610000 task-yield id=4 reason=RtosPortYield
[machine.1]       610000 user-u32 "can_recv" = 0
[machine.1]       610000 task-resume id=1 reason=scheduler
[machine.1]       610000 task-yield id=1 reason=RtosPortYield
[machine.1]       610000 task-resume id=2 reason=scheduler
[machine.1]       610000 task-yield id=2 reason=Idle
[machine.1]       615000 task-resume id=4 reason=scheduler
[machine.1]       615000 task-yield id=4 reason=RtosPortYield
[machine.1]       615000 user-u32 "can_recv" = 0
[machine.1]       615000 task-resume id=6 reason=scheduler
[machine.1]       615000 task-yield id=6 reason=RtosPortYield
[machine.1]       615000 user-u32 "can_frame_proc" = 208
[machine.1]       615000 task-resume id=4 reason=scheduler
[machine.1]       615000 task-yield id=4 reason=RtosPortYield
[machine.1]       615000 user-u32 "can_recv" = 0
[machine.1]       615000 task-resume id=6 reason=scheduler
[machine.1]       615000 task-yield id=6 reason=RtosPortYield
[machine.1]       615000 user-u32 "can_frame_proc" = 209
[machine.1]       615000 task-resume id=4 reason=scheduler
[machine.1]       615000 task-yield id=4 reason=RtosPortYield
[machine.1]       615000 user-u32 "can_recv" = 0
[machine.1]       615000 task-resume id=6 reason=scheduler
[machine.1]       615000 task-yield id=6 reason=RtosPortYield
[machine.1]       615000 user-u32 "can_frame_proc" = 210
[machine.1]       615000 task-resume id=4 reason=scheduler
[machine.1]       615000 task-yield id=4 reason=RtosPortYield
[machine.1]       615000 user-u32 "can_recv" = 0
[machine.1]       615000 task-resume id=2 reason=scheduler
[machine.1]       615000 task-yield id=2 reason=Idle
[machine.1]       620000 task-resume id=4 reason=scheduler
[machine.1]       620000 task-yield id=4 reason=RtosPortYield
[machine.1]       620000 user-u32 "can_recv" = 0
[machine.1]       620000 task-resume id=1 reason=scheduler
[machine.1]       620000 task-yield id=1 reason=RtosPortYield
[machine.1]       620000 task-resume id=2 reason=scheduler
[machine.1]       620000 task-yield id=2 reason=Idle
[machine.1]       625000 task-resume id=4 reason=scheduler
[machine.1]       625000 task-yield id=4 reason=RtosPortYield
[machine.1]       625000 user-u32 "can_recv" = 0
[machine.1]       625000 task-resume id=6 reason=scheduler
[machine.1]       625000 task-yield id=6 reason=RtosPortYield
[machine.1]       625000 user-u32 "can_frame_proc" = 211
[machine.1]       625000 task-resume id=4 reason=scheduler
[machine.1]       625000 task-yield id=4 reason=RtosPortYield
[machine.1]       625000 user-u32 "can_recv" = 0
[machine.1]       625000 task-resume id=6 reason=scheduler
[machine.1]       625000 task-yield id=6 reason=RtosPortYield
[machine.1]       625000 user-u32 "can_frame_proc" = 212
[machine.1]       625000 task-resume id=4 reason=scheduler
[machine.1]       625000 task-yield id=4 reason=RtosPortYield
[machine.1]       625000 user-u32 "can_recv" = 0
[machine.1]       625000 task-resume id=6 reason=scheduler
[machine.1]       625000 task-yield id=6 reason=RtosPortYield
[machine.1]       625000 user-u32 "can_frame_proc" = 213
[machine.1]       625000 task-resume id=4 reason=scheduler
[machine.1]       625000 task-yield id=4 reason=RtosPortYield
[machine.1]       625000 user-u32 "can_recv" = 0
[machine.1]       625000 task-resume id=2 reason=scheduler
[machine.1]       625000 task-yield id=2 reason=Idle
[machine.1]       630000 task-resume id=4 reason=scheduler
[machine.1]       630000 task-yield id=4 reason=RtosPortYield
[machine.1]       630000 user-u32 "can_recv" = 0
[machine.1]       630000 task-resume id=1 reason=scheduler
[machine.1]       630000 task-yield id=1 reason=RtosPortYield
[machine.1]       630000 task-resume id=2 reason=scheduler
[machine.1]       630000 task-yield id=2 reason=Idle
[machine.1]       635000 task-resume id=4 reason=scheduler
[machine.1]       635000 task-yield id=4 reason=RtosPortYield
[machine.1]       635000 user-u32 "can_recv" = 0
[machine.1]       635000 task-resume id=6 reason=scheduler
[machine.1]       635000 task-yield id=6 reason=RtosPortYield
[machine.1]       635000 user-u32 "can_frame_proc" = 214
[machine.1]       635000 task-resume id=4 reason=scheduler
[machine.1]       635000 task-yield id=4 reason=RtosPortYield
[machine.1]       635000 user-u32 "can_recv" = 0
[machine.1]       635000 task-resume id=6 reason=scheduler
[machine.1]       635000 task-yield id=6 reason=RtosPortYield
[machine.1]       635000 user-u32 "can_frame_proc" = 215
[machine.1]       635000 task-resume id=4 reason=scheduler
[machine.1]       635000 task-yield id=4 reason=RtosPortYield
[machine.1]       635000 user-u32 "can_recv" = 0
[machine.1]       635000 task-resume id=6 reason=scheduler
[machine.1]       635000 task-yield id=6 reason=RtosPortYield
[machine.1]       635000 user-u32 "can_frame_proc" = 216
[machine.1]       635000 task-resume id=4 reason=scheduler
[machine.1]       635000 task-yield id=4 reason=RtosPortYield
[machine.1]       635000 user-u32 "can_recv" = 0
[machine.1]       635000 task-resume id=2 reason=scheduler
[machine.1]       635000 task-yield id=2 reason=Idle
[machine.1]       640000 task-resume id=4 reason=scheduler
[machine.1]       640000 task-yield id=4 reason=RtosPortYield
[machine.1]       640000 user-u32 "can_recv" = 0
[machine.1]       640000 task-resume id=1 reason=scheduler
[machine.1]       640000 task-yield id=1 reason=RtosPortYield
[machine.1]       640000 task-resume id=2 reason=scheduler
[machine.1]       640000 task-yield id=2 reason=Idle
[machine.1]       645000 task-resume id=4 reason=scheduler
[machine.1]       645000 task-yield id=4 reason=RtosPortYield
[machine.1]       645000 user-u32 "can_recv" = 0
[machine.1]       645000 task-resume id=6 reason=scheduler
[machine.1]       645000 task-yield id=6 reason=RtosPortYield
[machine.1]       645000 user-u32 "can_frame_proc" = 217
[machine.1]       645000 task-resume id=4 reason=scheduler
[machine.1]       645000 task-yield id=4 reason=RtosPortYield
[machine.1]       645000 user-u32 "can_recv" = 0
[machine.1]       645000 task-resume id=6 reason=scheduler
[machine.1]       645000 task-yield id=6 reason=RtosPortYield
[machine.1]       645000 user-u32 "can_frame_proc" = 218
[machine.1]       645000 task-resume id=4 reason=scheduler
[machine.1]       645000 task-yield id=4 reason=RtosPortYield
[machine.1]       645000 user-u32 "can_recv" = 0
[machine.1]       645000 task-resume id=6 reason=scheduler
[machine.1]       645000 task-yield id=6 reason=RtosPortYield
[machine.1]       645000 user-u32 "can_frame_proc" = 219
[machine.1]       645000 task-resume id=4 reason=scheduler
[machine.1]       645000 task-yield id=4 reason=RtosPortYield
[machine.1]       645000 user-u32 "can_recv" = 0
[machine.1]       645000 task-resume id=2 reason=scheduler
[machine.1]       645000 task-yield id=2 reason=Idle
[machine.1]       650000 task-resume id=4 reason=scheduler
[machine.1]       650000 task-yield id=4 reason=RtosPortYield
[machine.1]       650000 user-u32 "can_recv" = 0
[machine.1]       650000 task-resume id=1 reason=scheduler
[machine.1]       650000 task-yield id=1 reason=RtosPortYield
[machine.1]       650000 user-u32 "can_send" = 0
[machine.1]       650000 task-resume id=2 reason=scheduler
[machine.1]       650000 task-yield id=2 reason=Idle
[machine.1]       655000 task-resume id=4 reason=scheduler
[machine.1]       655000 task-yield id=4 reason=RtosPortYield
[machine.1]       655000 user-u32 "can_recv" = 0
[machine.1]       655000 task-resume id=6 reason=scheduler
[machine.1]       655000 task-yield id=6 reason=RtosPortYield
[machine.1]       655000 user-u32 "can_frame_proc" = 220
[machine.1]       655000 task-resume id=4 reason=scheduler
[machine.1]       655000 task-yield id=4 reason=RtosPortYield
[machine.1]       655000 user-u32 "can_recv" = 0
[machine.1]       655000 task-resume id=6 reason=scheduler
[machine.1]       655000 task-yield id=6 reason=RtosPortYield
[machine.1]       655000 user-u32 "can_frame_proc" = 221
[machine.1]       655000 task-resume id=4 reason=scheduler
[machine.1]       655000 task-yield id=4 reason=RtosPortYield
[machine.1]       655000 user-u32 "can_recv" = 0
[machine.1]       655000 task-resume id=6 reason=scheduler
[machine.1]       655000 task-yield id=6 reason=RtosPortYield
[machine.1]       655000 user-u32 "can_frame_proc" = 222
[machine.1]       655000 task-resume id=4 reason=scheduler
[machine.1]       655000 task-yield id=4 reason=RtosPortYield
[machine.1]       655000 user-u32 "can_recv" = 0
[machine.1]       655000 task-resume id=2 reason=scheduler
[machine.1]       655000 task-yield id=2 reason=Idle
[machine.1]       660000 task-resume id=4 reason=scheduler
[machine.1]       660000 task-yield id=4 reason=RtosPortYield
[machine.1]       660000 user-u32 "can_recv" = 0
[machine.1]       660000 task-resume id=1 reason=scheduler
[machine.1]       660000 task-yield id=1 reason=RtosPortYield
[machine.1]       660000 task-resume id=2 reason=scheduler
[machine.1]       660000 task-yield id=2 reason=Idle
[machine.1]       665000 task-resume id=4 reason=scheduler
[machine.1]       665000 task-yield id=4 reason=RtosPortYield
[machine.1]       665000 user-u32 "can_recv" = 0
[machine.1]       665000 task-resume id=6 reason=scheduler
[machine.1]       665000 task-yield id=6 reason=RtosPortYield
[machine.1]       665000 user-u32 "can_frame_proc" = 223
[machine.1]       665000 task-resume id=4 reason=scheduler
[machine.1]       665000 task-yield id=4 reason=RtosPortYield
[machine.1]       665000 user-u32 "can_recv" = 0
[machine.1]       665000 task-resume id=6 reason=scheduler
[machine.1]       665000 task-yield id=6 reason=RtosPortYield
[machine.1]       665000 user-u32 "can_frame_proc" = 224
[machine.1]       665000 task-resume id=4 reason=scheduler
[machine.1]       665000 task-yield id=4 reason=RtosPortYield
[machine.1]       665000 user-u32 "can_recv" = 0
[machine.1]       665000 task-resume id=6 reason=scheduler
[machine.1]       665000 task-yield id=6 reason=RtosPortYield
[machine.1]       665000 user-u32 "can_frame_proc" = 225
[machine.1]       665000 task-resume id=4 reason=scheduler
[machine.1]       665000 task-yield id=4 reason=RtosPortYield
[machine.1]       665000 user-u32 "can_recv" = 0
[machine.1]       665000 task-resume id=2 reason=scheduler
[machine.1]       665000 task-yield id=2 reason=Idle
[machine.1]       670000 task-resume id=4 reason=scheduler
[machine.1]       670000 task-yield id=4 reason=RtosPortYield
[machine.1]       670000 user-u32 "can_recv" = 0
[machine.1]       670000 task-resume id=1 reason=scheduler
[machine.1]       670000 task-yield id=1 reason=RtosPortYield
[machine.1]       670000 task-resume id=2 reason=scheduler
[machine.1]       670000 task-yield id=2 reason=Idle
[machine.1]       675000 task-resume id=4 reason=scheduler
[machine.1]       675000 task-yield id=4 reason=RtosPortYield
[machine.1]       675000 user-u32 "can_recv" = 0
[machine.1]       675000 task-resume id=6 reason=scheduler
[machine.1]       675000 task-yield id=6 reason=RtosPortYield
[machine.1]       675000 user-u32 "can_frame_proc" = 226
[machine.1]       675000 task-resume id=4 reason=scheduler
[machine.1]       675000 task-yield id=4 reason=RtosPortYield
[machine.1]       675000 user-u32 "can_recv" = 0
[machine.1]       675000 task-resume id=6 reason=scheduler
[machine.1]       675000 task-yield id=6 reason=RtosPortYield
[machine.1]       675000 user-u32 "can_frame_proc" = 227
[machine.1]       675000 task-resume id=4 reason=scheduler
[machine.1]       675000 task-yield id=4 reason=RtosPortYield
[machine.1]       675000 user-u32 "can_recv" = 0
[machine.1]       675000 task-resume id=6 reason=scheduler
[machine.1]       675000 task-yield id=6 reason=RtosPortYield
[machine.1]       675000 user-u32 "can_frame_proc" = 228
[machine.1]       675000 task-resume id=4 reason=scheduler
[machine.1]       675000 task-yield id=4 reason=RtosPortYield
[machine.1]       675000 user-u32 "can_recv" = 0
[machine.1]       675000 task-resume id=2 reason=scheduler
[machine.1]       675000 task-yield id=2 reason=Idle
[machine.1]       680000 task-resume id=4 reason=scheduler
[machine.1]       680000 task-yield id=4 reason=RtosPortYield
[machine.1]       680000 user-u32 "can_recv" = 0
[machine.1]       680000 task-resume id=1 reason=scheduler
[machine.1]       680000 task-yield id=1 reason=RtosPortYield
[machine.1]       680000 task-resume id=2 reason=scheduler
[machine.1]       680000 task-yield id=2 reason=Idle
[machine.1]       685000 task-resume id=4 reason=scheduler
[machine.1]       685000 task-yield id=4 reason=RtosPortYield
[machine.1]       685000 user-u32 "can_recv" = 0
[machine.1]       685000 task-resume id=6 reason=scheduler
[machine.1]       685000 task-yield id=6 reason=RtosPortYield
[machine.1]       685000 user-u32 "can_frame_proc" = 229
[machine.1]       685000 task-resume id=4 reason=scheduler
[machine.1]       685000 task-yield id=4 reason=RtosPortYield
[machine.1]       685000 user-u32 "can_recv" = 0
[machine.1]       685000 task-resume id=6 reason=scheduler
[machine.1]       685000 task-yield id=6 reason=RtosPortYield
[machine.1]       685000 user-u32 "can_frame_proc" = 230
[machine.1]       685000 task-resume id=4 reason=scheduler
[machine.1]       685000 task-yield id=4 reason=RtosPortYield
[machine.1]       685000 user-u32 "can_recv" = 0
[machine.1]       685000 task-resume id=6 reason=scheduler
[machine.1]       685000 task-yield id=6 reason=RtosPortYield
[machine.1]       685000 user-u32 "can_frame_proc" = 231
[machine.1]       685000 task-resume id=4 reason=scheduler
[machine.1]       685000 task-yield id=4 reason=RtosPortYield
[machine.1]       685000 user-u32 "can_recv" = 0
[machine.1]       685000 task-resume id=2 reason=scheduler
[machine.1]       685000 task-yield id=2 reason=Idle
[machine.1]       690000 task-resume id=4 reason=scheduler
[machine.1]       690000 task-yield id=4 reason=RtosPortYield
[machine.1]       690000 user-u32 "can_recv" = 0
[machine.1]       690000 task-resume id=1 reason=scheduler
[machine.1]       690000 task-yield id=1 reason=RtosPortYield
[machine.1]       690000 task-resume id=2 reason=scheduler
[machine.1]       690000 task-yield id=2 reason=Idle
[machine.1]       695000 task-resume id=4 reason=scheduler
[machine.1]       695000 task-yield id=4 reason=RtosPortYield
[machine.1]       695000 user-u32 "can_recv" = 0
[machine.1]       695000 task-resume id=6 reason=scheduler
[machine.1]       695000 task-yield id=6 reason=RtosPortYield
[machine.1]       695000 user-u32 "can_frame_proc" = 232
[machine.1]       695000 task-resume id=4 reason=scheduler
[machine.1]       695000 task-yield id=4 reason=RtosPortYield
[machine.1]       695000 user-u32 "can_recv" = 0
[machine.1]       695000 task-resume id=6 reason=scheduler
[machine.1]       695000 task-yield id=6 reason=RtosPortYield
[machine.1]       695000 user-u32 "can_frame_proc" = 233
[machine.1]       695000 task-resume id=4 reason=scheduler
[machine.1]       695000 task-yield id=4 reason=RtosPortYield
[machine.1]       695000 user-u32 "can_recv" = 0
[machine.1]       695000 task-resume id=6 reason=scheduler
[machine.1]       695000 task-yield id=6 reason=RtosPortYield
[machine.1]       695000 user-u32 "can_frame_proc" = 234
[machine.1]       695000 task-resume id=4 reason=scheduler
[machine.1]       695000 task-yield id=4 reason=RtosPortYield
[machine.1]       695000 user-u32 "can_recv" = 0
[machine.1]       695000 task-resume id=2 reason=scheduler
[machine.1]       695000 task-yield id=2 reason=Idle
[machine.1]       700000 task-resume id=4 reason=scheduler
[machine.1]       700000 task-yield id=4 reason=RtosPortYield
[machine.1]       700000 user-u32 "can_recv" = 0
[machine.1]       700000 task-resume id=1 reason=scheduler
[machine.1]       700000 task-yield id=1 reason=RtosPortYield
[machine.1]       700000 user-u32 "can_send" = 0
[machine.1]       700000 user-u32 "can_send" = 0
[machine.1]       700000 task-resume id=5 reason=scheduler
[machine.1]       700000 task-yield id=5 reason=RtosPortYield
[machine.1]       700000 user-u32 "fault_aggregate" = 0
[machine.1]       700000 task-resume id=2 reason=scheduler
[machine.1]       700000 task-yield id=2 reason=Idle
[machine.1]       705000 task-resume id=4 reason=scheduler
[machine.1]       705000 task-yield id=4 reason=RtosPortYield
[machine.1]       705000 user-u32 "can_recv" = 0
[machine.1]       705000 task-resume id=6 reason=scheduler
[machine.1]       705000 task-yield id=6 reason=RtosPortYield
[machine.1]       705000 user-u32 "can_frame_proc" = 235
[machine.1]       705000 task-resume id=4 reason=scheduler
[machine.1]       705000 task-yield id=4 reason=RtosPortYield
[machine.1]       705000 user-u32 "can_recv" = 0
[machine.1]       705000 task-resume id=6 reason=scheduler
[machine.1]       705000 task-yield id=6 reason=RtosPortYield
[machine.1]       705000 user-u32 "can_frame_proc" = 236
[machine.1]       705000 task-resume id=4 reason=scheduler
[machine.1]       705000 task-yield id=4 reason=RtosPortYield
[machine.1]       705000 user-u32 "can_recv" = 0
[machine.1]       705000 task-resume id=6 reason=scheduler
[machine.1]       705000 task-yield id=6 reason=RtosPortYield
[machine.1]       705000 user-u32 "can_frame_proc" = 237
[machine.1]       705000 task-resume id=4 reason=scheduler
[machine.1]       705000 task-yield id=4 reason=RtosPortYield
[machine.1]       705000 user-u32 "can_recv" = 0
[machine.1]       705000 task-resume id=6 reason=scheduler
[machine.1]       705000 task-yield id=6 reason=RtosPortYield
[machine.1]       705000 user-u32 "can_frame_proc" = 238
[machine.1]       705000 task-resume id=4 reason=scheduler
[machine.1]       705000 task-yield id=4 reason=RtosPortYield
[machine.1]       705000 user-u32 "can_recv" = 0
[machine.1]       705000 task-resume id=2 reason=scheduler
[machine.1]       705000 task-yield id=2 reason=Idle
[machine.1]       710000 task-resume id=4 reason=scheduler
[machine.1]       710000 task-yield id=4 reason=RtosPortYield
[machine.1]       710000 user-u32 "can_recv" = 0
[machine.1]       710000 task-resume id=1 reason=scheduler
[machine.1]       710000 task-yield id=1 reason=RtosPortYield
[machine.1]       710000 task-resume id=2 reason=scheduler
[machine.1]       710000 task-yield id=2 reason=Idle
[machine.1]       715000 task-resume id=4 reason=scheduler
[machine.1]       715000 task-yield id=4 reason=RtosPortYield
[machine.1]       715000 user-u32 "can_recv" = 0
[machine.1]       715000 task-resume id=6 reason=scheduler
[machine.1]       715000 task-yield id=6 reason=RtosPortYield
[machine.1]       715000 user-u32 "can_frame_proc" = 239
[machine.1]       715000 task-resume id=4 reason=scheduler
[machine.1]       715000 task-yield id=4 reason=RtosPortYield
[machine.1]       715000 user-u32 "can_recv" = 0
[machine.1]       715000 task-resume id=6 reason=scheduler
[machine.1]       715000 task-yield id=6 reason=RtosPortYield
[machine.1]       715000 user-u32 "can_frame_proc" = 240
[machine.1]       715000 task-resume id=4 reason=scheduler
[machine.1]       715000 task-yield id=4 reason=RtosPortYield
[machine.1]       715000 user-u32 "can_recv" = 0
[machine.1]       715000 task-resume id=6 reason=scheduler
[machine.1]       715000 task-yield id=6 reason=RtosPortYield
[machine.1]       715000 user-u32 "can_frame_proc" = 241
[machine.1]       715000 task-resume id=4 reason=scheduler
[machine.1]       715000 task-yield id=4 reason=RtosPortYield
[machine.1]       715000 user-u32 "can_recv" = 0
[machine.1]       715000 task-resume id=2 reason=scheduler
[machine.1]       715000 task-yield id=2 reason=Idle
[machine.1]       720000 task-resume id=4 reason=scheduler
[machine.1]       720000 task-yield id=4 reason=RtosPortYield
[machine.1]       720000 user-u32 "can_recv" = 0
[machine.1]       720000 task-resume id=1 reason=scheduler
[machine.1]       720000 task-yield id=1 reason=RtosPortYield
[machine.1]       720000 task-resume id=2 reason=scheduler
[machine.1]       720000 task-yield id=2 reason=Idle
[machine.1]       725000 task-resume id=4 reason=scheduler
[machine.1]       725000 task-yield id=4 reason=RtosPortYield
[machine.1]       725000 user-u32 "can_recv" = 0
[machine.1]       725000 task-resume id=6 reason=scheduler
[machine.1]       725000 task-yield id=6 reason=RtosPortYield
[machine.1]       725000 user-u32 "can_frame_proc" = 242
[machine.1]       725000 task-resume id=4 reason=scheduler
[machine.1]       725000 task-yield id=4 reason=RtosPortYield
[machine.1]       725000 user-u32 "can_recv" = 0
[machine.1]       725000 task-resume id=6 reason=scheduler
[machine.1]       725000 task-yield id=6 reason=RtosPortYield
[machine.1]       725000 user-u32 "can_frame_proc" = 243
[machine.1]       725000 task-resume id=4 reason=scheduler
[machine.1]       725000 task-yield id=4 reason=RtosPortYield
[machine.1]       725000 user-u32 "can_recv" = 0
[machine.1]       725000 task-resume id=6 reason=scheduler
[machine.1]       725000 task-yield id=6 reason=RtosPortYield
[machine.1]       725000 user-u32 "can_frame_proc" = 244
[machine.1]       725000 task-resume id=4 reason=scheduler
[machine.1]       725000 task-yield id=4 reason=RtosPortYield
[machine.1]       725000 user-u32 "can_recv" = 0
[machine.1]       725000 task-resume id=2 reason=scheduler
[machine.1]       725000 task-yield id=2 reason=Idle
[machine.1]       730000 task-resume id=4 reason=scheduler
[machine.1]       730000 task-yield id=4 reason=RtosPortYield
[machine.1]       730000 user-u32 "can_recv" = 0
[machine.1]       730000 task-resume id=1 reason=scheduler
[machine.1]       730000 task-yield id=1 reason=RtosPortYield
[machine.1]       730000 task-resume id=2 reason=scheduler
[machine.1]       730000 task-yield id=2 reason=Idle
[machine.1]       735000 task-resume id=4 reason=scheduler
[machine.1]       735000 task-yield id=4 reason=RtosPortYield
[machine.1]       735000 user-u32 "can_recv" = 0
[machine.1]       735000 task-resume id=6 reason=scheduler
[machine.1]       735000 task-yield id=6 reason=RtosPortYield
[machine.1]       735000 user-u32 "can_frame_proc" = 245
[machine.1]       735000 task-resume id=4 reason=scheduler
[machine.1]       735000 task-yield id=4 reason=RtosPortYield
[machine.1]       735000 user-u32 "can_recv" = 0
[machine.1]       735000 task-resume id=6 reason=scheduler
[machine.1]       735000 task-yield id=6 reason=RtosPortYield
[machine.1]       735000 user-u32 "can_frame_proc" = 246
[machine.1]       735000 task-resume id=4 reason=scheduler
[machine.1]       735000 task-yield id=4 reason=RtosPortYield
[machine.1]       735000 user-u32 "can_recv" = 0
[machine.1]       735000 task-resume id=6 reason=scheduler
[machine.1]       735000 task-yield id=6 reason=RtosPortYield
[machine.1]       735000 user-u32 "can_frame_proc" = 247
[machine.1]       735000 task-resume id=4 reason=scheduler
[machine.1]       735000 task-yield id=4 reason=RtosPortYield
[machine.1]       735000 user-u32 "can_recv" = 0
[machine.1]       735000 task-resume id=2 reason=scheduler
[machine.1]       735000 task-yield id=2 reason=Idle
[machine.1]       740000 task-resume id=4 reason=scheduler
[machine.1]       740000 task-yield id=4 reason=RtosPortYield
[machine.1]       740000 user-u32 "can_recv" = 0
[machine.1]       740000 task-resume id=1 reason=scheduler
[machine.1]       740000 task-yield id=1 reason=RtosPortYield
[machine.1]       740000 task-resume id=2 reason=scheduler
[machine.1]       740000 task-yield id=2 reason=Idle
[machine.1]       745000 task-resume id=4 reason=scheduler
[machine.1]       745000 task-yield id=4 reason=RtosPortYield
[machine.1]       745000 user-u32 "can_recv" = 0
[machine.1]       745000 task-resume id=6 reason=scheduler
[machine.1]       745000 task-yield id=6 reason=RtosPortYield
[machine.1]       745000 user-u32 "can_frame_proc" = 248
[machine.1]       745000 task-resume id=4 reason=scheduler
[machine.1]       745000 task-yield id=4 reason=RtosPortYield
[machine.1]       745000 user-u32 "can_recv" = 0
[machine.1]       745000 task-resume id=6 reason=scheduler
[machine.1]       745000 task-yield id=6 reason=RtosPortYield
[machine.1]       745000 user-u32 "can_frame_proc" = 249
[machine.1]       745000 task-resume id=4 reason=scheduler
[machine.1]       745000 task-yield id=4 reason=RtosPortYield
[machine.1]       745000 user-u32 "can_recv" = 0
[machine.1]       745000 task-resume id=6 reason=scheduler
[machine.1]       745000 task-yield id=6 reason=RtosPortYield
[machine.1]       745000 user-u32 "can_frame_proc" = 250
[machine.1]       745000 task-resume id=4 reason=scheduler
[machine.1]       745000 task-yield id=4 reason=RtosPortYield
[machine.1]       745000 user-u32 "can_recv" = 0
[machine.1]       745000 task-resume id=2 reason=scheduler
[machine.1]       745000 task-yield id=2 reason=Idle
[machine.1]       750000 task-resume id=4 reason=scheduler
[machine.1]       750000 task-yield id=4 reason=RtosPortYield
[machine.1]       750000 user-u32 "can_recv" = 0
[machine.1]       750000 task-resume id=1 reason=scheduler
[machine.1]       750000 task-yield id=1 reason=RtosPortYield
[machine.1]       750000 user-u32 "can_send" = 0
[machine.1]       750000 task-resume id=2 reason=scheduler
[machine.1]       750000 task-yield id=2 reason=Idle
[machine.1]       755000 task-resume id=4 reason=scheduler
[machine.1]       755000 task-yield id=4 reason=RtosPortYield
[machine.1]       755000 user-u32 "can_recv" = 0
[machine.1]       755000 task-resume id=6 reason=scheduler
[machine.1]       755000 task-yield id=6 reason=RtosPortYield
[machine.1]       755000 user-u32 "can_frame_proc" = 251
[machine.1]       755000 task-resume id=4 reason=scheduler
[machine.1]       755000 task-yield id=4 reason=RtosPortYield
[machine.1]       755000 user-u32 "can_recv" = 0
[machine.1]       755000 task-resume id=6 reason=scheduler
[machine.1]       755000 task-yield id=6 reason=RtosPortYield
[machine.1]       755000 user-u32 "can_frame_proc" = 252
[machine.1]       755000 task-resume id=4 reason=scheduler
[machine.1]       755000 task-yield id=4 reason=RtosPortYield
[machine.1]       755000 user-u32 "can_recv" = 0
[machine.1]       755000 task-resume id=6 reason=scheduler
[machine.1]       755000 task-yield id=6 reason=RtosPortYield
[machine.1]       755000 user-u32 "can_frame_proc" = 253
[machine.1]       755000 task-resume id=4 reason=scheduler
[machine.1]       755000 task-yield id=4 reason=RtosPortYield
[machine.1]       755000 user-u32 "can_recv" = 0
[machine.1]       755000 task-resume id=2 reason=scheduler
[machine.1]       755000 task-yield id=2 reason=Idle
[machine.1]       760000 task-resume id=4 reason=scheduler
[machine.1]       760000 task-yield id=4 reason=RtosPortYield
[machine.1]       760000 user-u32 "can_recv" = 0
[machine.1]       760000 task-resume id=1 reason=scheduler
[machine.1]       760000 task-yield id=1 reason=RtosPortYield
[machine.1]       760000 task-resume id=2 reason=scheduler
[machine.1]       760000 task-yield id=2 reason=Idle
[machine.1]       765000 task-resume id=4 reason=scheduler
[machine.1]       765000 task-yield id=4 reason=RtosPortYield
[machine.1]       765000 user-u32 "can_recv" = 0
[machine.1]       765000 task-resume id=6 reason=scheduler
[machine.1]       765000 task-yield id=6 reason=RtosPortYield
[machine.1]       765000 user-u32 "can_frame_proc" = 254
[machine.1]       765000 task-resume id=4 reason=scheduler
[machine.1]       765000 task-yield id=4 reason=RtosPortYield
[machine.1]       765000 user-u32 "can_recv" = 0
[machine.1]       765000 task-resume id=6 reason=scheduler
[machine.1]       765000 task-yield id=6 reason=RtosPortYield
[machine.1]       765000 user-u32 "can_frame_proc" = 255
[machine.1]       765000 task-resume id=4 reason=scheduler
[machine.1]       765000 task-yield id=4 reason=RtosPortYield
[machine.1]       765000 user-u32 "can_recv" = 0
[machine.1]       765000 task-resume id=6 reason=scheduler
[machine.1]       765000 task-yield id=6 reason=RtosPortYield
[machine.1]       765000 user-u32 "can_frame_proc" = 256
[machine.1]       765000 task-resume id=4 reason=scheduler
[machine.1]       765000 task-yield id=4 reason=RtosPortYield
[machine.1]       765000 user-u32 "can_recv" = 0
[machine.1]       765000 task-resume id=2 reason=scheduler
[machine.1]       765000 task-yield id=2 reason=Idle
[machine.1]       770000 task-resume id=4 reason=scheduler
[machine.1]       770000 task-yield id=4 reason=RtosPortYield
[machine.1]       770000 user-u32 "can_recv" = 0
[machine.1]       770000 task-resume id=1 reason=scheduler
[machine.1]       770000 task-yield id=1 reason=RtosPortYield
[machine.1]       770000 task-resume id=2 reason=scheduler
[machine.1]       770000 task-yield id=2 reason=Idle
[machine.1]       775000 task-resume id=4 reason=scheduler
[machine.1]       775000 task-yield id=4 reason=RtosPortYield
[machine.1]       775000 user-u32 "can_recv" = 0
[machine.1]       775000 task-resume id=6 reason=scheduler
[machine.1]       775000 task-yield id=6 reason=RtosPortYield
[machine.1]       775000 user-u32 "can_frame_proc" = 257
[machine.1]       775000 task-resume id=4 reason=scheduler
[machine.1]       775000 task-yield id=4 reason=RtosPortYield
[machine.1]       775000 user-u32 "can_recv" = 0
[machine.1]       775000 task-resume id=6 reason=scheduler
[machine.1]       775000 task-yield id=6 reason=RtosPortYield
[machine.1]       775000 user-u32 "can_frame_proc" = 258
[machine.1]       775000 task-resume id=4 reason=scheduler
[machine.1]       775000 task-yield id=4 reason=RtosPortYield
[machine.1]       775000 user-u32 "can_recv" = 0
[machine.1]       775000 task-resume id=6 reason=scheduler
[machine.1]       775000 task-yield id=6 reason=RtosPortYield
[machine.1]       775000 user-u32 "can_frame_proc" = 259
[machine.1]       775000 task-resume id=4 reason=scheduler
[machine.1]       775000 task-yield id=4 reason=RtosPortYield
[machine.1]       775000 user-u32 "can_recv" = 0
[machine.1]       775000 task-resume id=2 reason=scheduler
[machine.1]       775000 task-yield id=2 reason=Idle
[machine.1]       780000 task-resume id=4 reason=scheduler
[machine.1]       780000 task-yield id=4 reason=RtosPortYield
[machine.1]       780000 user-u32 "can_recv" = 0
[machine.1]       780000 task-resume id=1 reason=scheduler
[machine.1]       780000 task-yield id=1 reason=RtosPortYield
[machine.1]       780000 task-resume id=2 reason=scheduler
[machine.1]       780000 task-yield id=2 reason=Idle
[machine.1]       785000 task-resume id=4 reason=scheduler
[machine.1]       785000 task-yield id=4 reason=RtosPortYield
[machine.1]       785000 user-u32 "can_recv" = 0
[machine.1]       785000 task-resume id=6 reason=scheduler
[machine.1]       785000 task-yield id=6 reason=RtosPortYield
[machine.1]       785000 user-u32 "can_frame_proc" = 260
[machine.1]       785000 task-resume id=4 reason=scheduler
[machine.1]       785000 task-yield id=4 reason=RtosPortYield
[machine.1]       785000 user-u32 "can_recv" = 0
[machine.1]       785000 task-resume id=6 reason=scheduler
[machine.1]       785000 task-yield id=6 reason=RtosPortYield
[machine.1]       785000 user-u32 "can_frame_proc" = 261
[machine.1]       785000 task-resume id=4 reason=scheduler
[machine.1]       785000 task-yield id=4 reason=RtosPortYield
[machine.1]       785000 user-u32 "can_recv" = 0
[machine.1]       785000 task-resume id=6 reason=scheduler
[machine.1]       785000 task-yield id=6 reason=RtosPortYield
[machine.1]       785000 user-u32 "can_frame_proc" = 262
[machine.1]       785000 task-resume id=4 reason=scheduler
[machine.1]       785000 task-yield id=4 reason=RtosPortYield
[machine.1]       785000 user-u32 "can_recv" = 0
[machine.1]       785000 task-resume id=2 reason=scheduler
[machine.1]       785000 task-yield id=2 reason=Idle
[machine.1]       790000 task-resume id=4 reason=scheduler
[machine.1]       790000 task-yield id=4 reason=RtosPortYield
[machine.1]       790000 user-u32 "can_recv" = 0
[machine.1]       790000 task-resume id=1 reason=scheduler
[machine.1]       790000 task-yield id=1 reason=RtosPortYield
[machine.1]       790000 task-resume id=2 reason=scheduler
[machine.1]       790000 task-yield id=2 reason=Idle
[machine.1]       795000 task-resume id=4 reason=scheduler
[machine.1]       795000 task-yield id=4 reason=RtosPortYield
[machine.1]       795000 user-u32 "can_recv" = 0
[machine.1]       795000 task-resume id=6 reason=scheduler
[machine.1]       795000 task-yield id=6 reason=RtosPortYield
[machine.1]       795000 user-u32 "can_frame_proc" = 263
[machine.1]       795000 task-resume id=4 reason=scheduler
[machine.1]       795000 task-yield id=4 reason=RtosPortYield
[machine.1]       795000 user-u32 "can_recv" = 0
[machine.1]       795000 task-resume id=6 reason=scheduler
[machine.1]       795000 task-yield id=6 reason=RtosPortYield
[machine.1]       795000 user-u32 "can_frame_proc" = 264
[machine.1]       795000 task-resume id=4 reason=scheduler
[machine.1]       795000 task-yield id=4 reason=RtosPortYield
[machine.1]       795000 user-u32 "can_recv" = 0
[machine.1]       795000 task-resume id=6 reason=scheduler
[machine.1]       795000 task-yield id=6 reason=RtosPortYield
[machine.1]       795000 user-u32 "can_frame_proc" = 265
[machine.1]       795000 task-resume id=4 reason=scheduler
[machine.1]       795000 task-yield id=4 reason=RtosPortYield
[machine.1]       795000 user-u32 "can_recv" = 0
[machine.1]       795000 task-resume id=2 reason=scheduler
[machine.1]       795000 task-yield id=2 reason=Idle
[machine.1]       800000 task-resume id=4 reason=scheduler
[machine.1]       800000 task-yield id=4 reason=RtosPortYield
[machine.1]       800000 user-u32 "can_recv" = 0
[machine.1]       800000 task-resume id=1 reason=scheduler
[machine.1]       800000 task-yield id=1 reason=RtosPortYield
[machine.1]       800000 user-u32 "can_send" = 0
[machine.1]       800000 user-u32 "can_send" = 0
[machine.1]       800000 task-resume id=5 reason=scheduler
[machine.1]       800000 task-yield id=5 reason=RtosPortYield
[machine.1]       800000 user-u32 "fault_aggregate" = 0
[machine.1]       800000 task-resume id=2 reason=scheduler
[machine.1]       800000 task-yield id=2 reason=Idle
[machine.1]       805000 task-resume id=4 reason=scheduler
[machine.1]       805000 task-yield id=4 reason=RtosPortYield
[machine.1]       805000 user-u32 "can_recv" = 0
[machine.1]       805000 task-resume id=6 reason=scheduler
[machine.1]       805000 task-yield id=6 reason=RtosPortYield
[machine.1]       805000 user-u32 "can_frame_proc" = 266
[machine.1]       805000 task-resume id=4 reason=scheduler
[machine.1]       805000 task-yield id=4 reason=RtosPortYield
[machine.1]       805000 user-u32 "can_recv" = 0
[machine.1]       805000 task-resume id=6 reason=scheduler
[machine.1]       805000 task-yield id=6 reason=RtosPortYield
[machine.1]       805000 user-u32 "can_frame_proc" = 267
[machine.1]       805000 task-resume id=4 reason=scheduler
[machine.1]       805000 task-yield id=4 reason=RtosPortYield
[machine.1]       805000 user-u32 "can_recv" = 0
[machine.1]       805000 task-resume id=6 reason=scheduler
[machine.1]       805000 task-yield id=6 reason=RtosPortYield
[machine.1]       805000 user-u32 "can_frame_proc" = 268
[machine.1]       805000 task-resume id=4 reason=scheduler
[machine.1]       805000 task-yield id=4 reason=RtosPortYield
[machine.1]       805000 user-u32 "can_recv" = 0
[machine.1]       805000 task-resume id=6 reason=scheduler
[machine.1]       805000 task-yield id=6 reason=RtosPortYield
[machine.1]       805000 user-u32 "can_frame_proc" = 269
[machine.1]       805000 task-resume id=4 reason=scheduler
[machine.1]       805000 task-yield id=4 reason=RtosPortYield
[machine.1]       805000 user-u32 "can_recv" = 0
[machine.1]       805000 task-resume id=2 reason=scheduler
[machine.1]       805000 task-yield id=2 reason=Idle
[machine.1]       810000 task-resume id=4 reason=scheduler
[machine.1]       810000 task-yield id=4 reason=RtosPortYield
[machine.1]       810000 user-u32 "can_recv" = 0
[machine.1]       810000 task-resume id=1 reason=scheduler
[machine.1]       810000 task-yield id=1 reason=RtosPortYield
[machine.1]       810000 task-resume id=2 reason=scheduler
[machine.1]       810000 task-yield id=2 reason=Idle
[machine.1]       815000 task-resume id=4 reason=scheduler
[machine.1]       815000 task-yield id=4 reason=RtosPortYield
[machine.1]       815000 user-u32 "can_recv" = 0
[machine.1]       815000 task-resume id=6 reason=scheduler
[machine.1]       815000 task-yield id=6 reason=RtosPortYield
[machine.1]       815000 user-u32 "can_frame_proc" = 270
[machine.1]       815000 task-resume id=4 reason=scheduler
[machine.1]       815000 task-yield id=4 reason=RtosPortYield
[machine.1]       815000 user-u32 "can_recv" = 0
[machine.1]       815000 task-resume id=6 reason=scheduler
[machine.1]       815000 task-yield id=6 reason=RtosPortYield
[machine.1]       815000 user-u32 "can_frame_proc" = 271
[machine.1]       815000 task-resume id=4 reason=scheduler
[machine.1]       815000 task-yield id=4 reason=RtosPortYield
[machine.1]       815000 user-u32 "can_recv" = 0
[machine.1]       815000 task-resume id=6 reason=scheduler
[machine.1]       815000 task-yield id=6 reason=RtosPortYield
[machine.1]       815000 user-u32 "can_frame_proc" = 272
[machine.1]       815000 task-resume id=4 reason=scheduler
[machine.1]       815000 task-yield id=4 reason=RtosPortYield
[machine.1]       815000 user-u32 "can_recv" = 0
[machine.1]       815000 task-resume id=2 reason=scheduler
[machine.1]       815000 task-yield id=2 reason=Idle
[machine.1]       820000 task-resume id=4 reason=scheduler
[machine.1]       820000 task-yield id=4 reason=RtosPortYield
[machine.1]       820000 user-u32 "can_recv" = 0
[machine.1]       820000 task-resume id=1 reason=scheduler
[machine.1]       820000 task-yield id=1 reason=RtosPortYield
[machine.1]       820000 task-resume id=2 reason=scheduler
[machine.1]       820000 task-yield id=2 reason=Idle
[machine.1]       825000 task-resume id=4 reason=scheduler
[machine.1]       825000 task-yield id=4 reason=RtosPortYield
[machine.1]       825000 user-u32 "can_recv" = 0
[machine.1]       825000 task-resume id=6 reason=scheduler
[machine.1]       825000 task-yield id=6 reason=RtosPortYield
[machine.1]       825000 user-u32 "can_frame_proc" = 273
[machine.1]       825000 task-resume id=4 reason=scheduler
[machine.1]       825000 task-yield id=4 reason=RtosPortYield
[machine.1]       825000 user-u32 "can_recv" = 0
[machine.1]       825000 task-resume id=6 reason=scheduler
[machine.1]       825000 task-yield id=6 reason=RtosPortYield
[machine.1]       825000 user-u32 "can_frame_proc" = 274
[machine.1]       825000 task-resume id=4 reason=scheduler
[machine.1]       825000 task-yield id=4 reason=RtosPortYield
[machine.1]       825000 user-u32 "can_recv" = 0
[machine.1]       825000 task-resume id=6 reason=scheduler
[machine.1]       825000 task-yield id=6 reason=RtosPortYield
[machine.1]       825000 user-u32 "can_frame_proc" = 275
[machine.1]       825000 task-resume id=4 reason=scheduler
[machine.1]       825000 task-yield id=4 reason=RtosPortYield
[machine.1]       825000 user-u32 "can_recv" = 0
[machine.1]       825000 task-resume id=2 reason=scheduler
[machine.1]       825000 task-yield id=2 reason=Idle
[machine.1]       830000 task-resume id=4 reason=scheduler
[machine.1]       830000 task-yield id=4 reason=RtosPortYield
[machine.1]       830000 user-u32 "can_recv" = 0
[machine.1]       830000 task-resume id=1 reason=scheduler
[machine.1]       830000 task-yield id=1 reason=RtosPortYield
[machine.1]       830000 task-resume id=2 reason=scheduler
[machine.1]       830000 task-yield id=2 reason=Idle
[machine.1]       835000 task-resume id=4 reason=scheduler
[machine.1]       835000 task-yield id=4 reason=RtosPortYield
[machine.1]       835000 user-u32 "can_recv" = 0
[machine.1]       835000 task-resume id=6 reason=scheduler
[machine.1]       835000 task-yield id=6 reason=RtosPortYield
[machine.1]       835000 user-u32 "can_frame_proc" = 276
[machine.1]       835000 task-resume id=4 reason=scheduler
[machine.1]       835000 task-yield id=4 reason=RtosPortYield
[machine.1]       835000 user-u32 "can_recv" = 0
[machine.1]       835000 task-resume id=6 reason=scheduler
[machine.1]       835000 task-yield id=6 reason=RtosPortYield
[machine.1]       835000 user-u32 "can_frame_proc" = 277
[machine.1]       835000 task-resume id=4 reason=scheduler
[machine.1]       835000 task-yield id=4 reason=RtosPortYield
[machine.1]       835000 user-u32 "can_recv" = 0
[machine.1]       835000 task-resume id=6 reason=scheduler
[machine.1]       835000 task-yield id=6 reason=RtosPortYield
[machine.1]       835000 user-u32 "can_frame_proc" = 278
[machine.1]       835000 task-resume id=4 reason=scheduler
[machine.1]       835000 task-yield id=4 reason=RtosPortYield
[machine.1]       835000 user-u32 "can_recv" = 0
[machine.1]       835000 task-resume id=2 reason=scheduler
[machine.1]       835000 task-yield id=2 reason=Idle
[machine.1]       840000 task-resume id=4 reason=scheduler
[machine.1]       840000 task-yield id=4 reason=RtosPortYield
[machine.1]       840000 user-u32 "can_recv" = 0
[machine.1]       840000 task-resume id=1 reason=scheduler
[machine.1]       840000 task-yield id=1 reason=RtosPortYield
[machine.1]       840000 task-resume id=2 reason=scheduler
[machine.1]       840000 task-yield id=2 reason=Idle
[machine.1]       845000 task-resume id=4 reason=scheduler
[machine.1]       845000 task-yield id=4 reason=RtosPortYield
[machine.1]       845000 user-u32 "can_recv" = 0
[machine.1]       845000 task-resume id=6 reason=scheduler
[machine.1]       845000 task-yield id=6 reason=RtosPortYield
[machine.1]       845000 user-u32 "can_frame_proc" = 279
[machine.1]       845000 task-resume id=4 reason=scheduler
[machine.1]       845000 task-yield id=4 reason=RtosPortYield
[machine.1]       845000 user-u32 "can_recv" = 0
[machine.1]       845000 task-resume id=6 reason=scheduler
[machine.1]       845000 task-yield id=6 reason=RtosPortYield
[machine.1]       845000 user-u32 "can_frame_proc" = 280
[machine.1]       845000 task-resume id=4 reason=scheduler
[machine.1]       845000 task-yield id=4 reason=RtosPortYield
[machine.1]       845000 user-u32 "can_recv" = 0
[machine.1]       845000 task-resume id=6 reason=scheduler
[machine.1]       845000 task-yield id=6 reason=RtosPortYield
[machine.1]       845000 user-u32 "can_frame_proc" = 281
[machine.1]       845000 task-resume id=4 reason=scheduler
[machine.1]       845000 task-yield id=4 reason=RtosPortYield
[machine.1]       845000 user-u32 "can_recv" = 0
[machine.1]       845000 task-resume id=2 reason=scheduler
[machine.1]       845000 task-yield id=2 reason=Idle
[machine.1]       850000 task-resume id=4 reason=scheduler
[machine.1]       850000 task-yield id=4 reason=RtosPortYield
[machine.1]       850000 user-u32 "can_recv" = 0
[machine.1]       850000 task-resume id=1 reason=scheduler
[machine.1]       850000 task-yield id=1 reason=RtosPortYield
[machine.1]       850000 user-u32 "can_send" = 0
[machine.1]       850000 task-resume id=2 reason=scheduler
[machine.1]       850000 task-yield id=2 reason=Idle
[machine.1]       855000 task-resume id=4 reason=scheduler
[machine.1]       855000 task-yield id=4 reason=RtosPortYield
[machine.1]       855000 user-u32 "can_recv" = 0
[machine.1]       855000 task-resume id=6 reason=scheduler
[machine.1]       855000 task-yield id=6 reason=RtosPortYield
[machine.1]       855000 user-u32 "can_frame_proc" = 282
[machine.1]       855000 task-resume id=4 reason=scheduler
[machine.1]       855000 task-yield id=4 reason=RtosPortYield
[machine.1]       855000 user-u32 "can_recv" = 0
[machine.1]       855000 task-resume id=6 reason=scheduler
[machine.1]       855000 task-yield id=6 reason=RtosPortYield
[machine.1]       855000 user-u32 "can_frame_proc" = 283
[machine.1]       855000 task-resume id=4 reason=scheduler
[machine.1]       855000 task-yield id=4 reason=RtosPortYield
[machine.1]       855000 user-u32 "can_recv" = 0
[machine.1]       855000 task-resume id=6 reason=scheduler
[machine.1]       855000 task-yield id=6 reason=RtosPortYield
[machine.1]       855000 user-u32 "can_frame_proc" = 284
[machine.1]       855000 task-resume id=4 reason=scheduler
[machine.1]       855000 task-yield id=4 reason=RtosPortYield
[machine.1]       855000 user-u32 "can_recv" = 0
[machine.1]       855000 task-resume id=2 reason=scheduler
[machine.1]       855000 task-yield id=2 reason=Idle
[machine.1]       860000 task-resume id=4 reason=scheduler
[machine.1]       860000 task-yield id=4 reason=RtosPortYield
[machine.1]       860000 user-u32 "can_recv" = 0
[machine.1]       860000 task-resume id=1 reason=scheduler
[machine.1]       860000 task-yield id=1 reason=RtosPortYield
[machine.1]       860000 task-resume id=2 reason=scheduler
[machine.1]       860000 task-yield id=2 reason=Idle
[machine.1]       865000 task-resume id=4 reason=scheduler
[machine.1]       865000 task-yield id=4 reason=RtosPortYield
[machine.1]       865000 user-u32 "can_recv" = 0
[machine.1]       865000 task-resume id=6 reason=scheduler
[machine.1]       865000 task-yield id=6 reason=RtosPortYield
[machine.1]       865000 user-u32 "can_frame_proc" = 285
[machine.1]       865000 task-resume id=4 reason=scheduler
[machine.1]       865000 task-yield id=4 reason=RtosPortYield
[machine.1]       865000 user-u32 "can_recv" = 0
[machine.1]       865000 task-resume id=6 reason=scheduler
[machine.1]       865000 task-yield id=6 reason=RtosPortYield
[machine.1]       865000 user-u32 "can_frame_proc" = 286
[machine.1]       865000 task-resume id=4 reason=scheduler
[machine.1]       865000 task-yield id=4 reason=RtosPortYield
[machine.1]       865000 user-u32 "can_recv" = 0
[machine.1]       865000 task-resume id=6 reason=scheduler
[machine.1]       865000 task-yield id=6 reason=RtosPortYield
[machine.1]       865000 user-u32 "can_frame_proc" = 287
[machine.1]       865000 task-resume id=4 reason=scheduler
[machine.1]       865000 task-yield id=4 reason=RtosPortYield
[machine.1]       865000 user-u32 "can_recv" = 0
[machine.1]       865000 task-resume id=2 reason=scheduler
[machine.1]       865000 task-yield id=2 reason=Idle
[machine.1]       870000 task-resume id=4 reason=scheduler
[machine.1]       870000 task-yield id=4 reason=RtosPortYield
[machine.1]       870000 user-u32 "can_recv" = 0
[machine.1]       870000 task-resume id=1 reason=scheduler
[machine.1]       870000 task-yield id=1 reason=RtosPortYield
[machine.1]       870000 task-resume id=2 reason=scheduler
[machine.1]       870000 task-yield id=2 reason=Idle
[machine.1]       875000 task-resume id=4 reason=scheduler
[machine.1]       875000 task-yield id=4 reason=RtosPortYield
[machine.1]       875000 user-u32 "can_recv" = 0
[machine.1]       875000 task-resume id=6 reason=scheduler
[machine.1]       875000 task-yield id=6 reason=RtosPortYield
[machine.1]       875000 user-u32 "can_frame_proc" = 288
[machine.1]       875000 task-resume id=4 reason=scheduler
[machine.1]       875000 task-yield id=4 reason=RtosPortYield
[machine.1]       875000 user-u32 "can_recv" = 0
[machine.1]       875000 task-resume id=6 reason=scheduler
[machine.1]       875000 task-yield id=6 reason=RtosPortYield
[machine.1]       875000 user-u32 "can_frame_proc" = 289
[machine.1]       875000 task-resume id=4 reason=scheduler
[machine.1]       875000 task-yield id=4 reason=RtosPortYield
[machine.1]       875000 user-u32 "can_recv" = 0
[machine.1]       875000 task-resume id=6 reason=scheduler
[machine.1]       875000 task-yield id=6 reason=RtosPortYield
[machine.1]       875000 user-u32 "can_frame_proc" = 290
[machine.1]       875000 task-resume id=4 reason=scheduler
[machine.1]       875000 task-yield id=4 reason=RtosPortYield
[machine.1]       875000 user-u32 "can_recv" = 0
[machine.1]       875000 task-resume id=2 reason=scheduler
[machine.1]       875000 task-yield id=2 reason=Idle
[machine.1]       880000 task-resume id=4 reason=scheduler
[machine.1]       880000 task-yield id=4 reason=RtosPortYield
[machine.1]       880000 user-u32 "can_recv" = 0
[machine.1]       880000 task-resume id=1 reason=scheduler
[machine.1]       880000 task-yield id=1 reason=RtosPortYield
[machine.1]       880000 task-resume id=2 reason=scheduler
[machine.1]       880000 task-yield id=2 reason=Idle
[machine.1]       885000 task-resume id=4 reason=scheduler
[machine.1]       885000 task-yield id=4 reason=RtosPortYield
[machine.1]       885000 user-u32 "can_recv" = 0
[machine.1]       885000 task-resume id=6 reason=scheduler
[machine.1]       885000 task-yield id=6 reason=RtosPortYield
[machine.1]       885000 user-u32 "can_frame_proc" = 291
[machine.1]       885000 task-resume id=4 reason=scheduler
[machine.1]       885000 task-yield id=4 reason=RtosPortYield
[machine.1]       885000 user-u32 "can_recv" = 0
[machine.1]       885000 task-resume id=6 reason=scheduler
[machine.1]       885000 task-yield id=6 reason=RtosPortYield
[machine.1]       885000 user-u32 "can_frame_proc" = 292
[machine.1]       885000 task-resume id=4 reason=scheduler
[machine.1]       885000 task-yield id=4 reason=RtosPortYield
[machine.1]       885000 user-u32 "can_recv" = 0
[machine.1]       885000 task-resume id=6 reason=scheduler
[machine.1]       885000 task-yield id=6 reason=RtosPortYield
[machine.1]       885000 user-u32 "can_frame_proc" = 293
[machine.1]       885000 task-resume id=4 reason=scheduler
[machine.1]       885000 task-yield id=4 reason=RtosPortYield
[machine.1]       885000 user-u32 "can_recv" = 0
[machine.1]       885000 task-resume id=2 reason=scheduler
[machine.1]       885000 task-yield id=2 reason=Idle
[machine.1]       890000 task-resume id=4 reason=scheduler
[machine.1]       890000 task-yield id=4 reason=RtosPortYield
[machine.1]       890000 user-u32 "can_recv" = 0
[machine.1]       890000 task-resume id=1 reason=scheduler
[machine.1]       890000 task-yield id=1 reason=RtosPortYield
[machine.1]       890000 task-resume id=2 reason=scheduler
[machine.1]       890000 task-yield id=2 reason=Idle
[machine.1]       895000 task-resume id=4 reason=scheduler
[machine.1]       895000 task-yield id=4 reason=RtosPortYield
[machine.1]       895000 user-u32 "can_recv" = 0
[machine.1]       895000 task-resume id=6 reason=scheduler
[machine.1]       895000 task-yield id=6 reason=RtosPortYield
[machine.1]       895000 user-u32 "can_frame_proc" = 294
[machine.1]       895000 task-resume id=4 reason=scheduler
[machine.1]       895000 task-yield id=4 reason=RtosPortYield
[machine.1]       895000 user-u32 "can_recv" = 0
[machine.1]       895000 task-resume id=6 reason=scheduler
[machine.1]       895000 task-yield id=6 reason=RtosPortYield
[machine.1]       895000 user-u32 "can_frame_proc" = 295
[machine.1]       895000 task-resume id=4 reason=scheduler
[machine.1]       895000 task-yield id=4 reason=RtosPortYield
[machine.1]       895000 user-u32 "can_recv" = 0
[machine.1]       895000 task-resume id=6 reason=scheduler
[machine.1]       895000 task-yield id=6 reason=RtosPortYield
[machine.1]       895000 user-u32 "can_frame_proc" = 296
[machine.1]       895000 task-resume id=4 reason=scheduler
[machine.1]       895000 task-yield id=4 reason=RtosPortYield
[machine.1]       895000 user-u32 "can_recv" = 0
[machine.1]       895000 task-resume id=2 reason=scheduler
[machine.1]       895000 task-yield id=2 reason=Idle
[machine.1]       900000 task-resume id=4 reason=scheduler
[machine.1]       900000 task-yield id=4 reason=RtosPortYield
[machine.1]       900000 user-u32 "can_recv" = 0
[machine.1]       900000 task-resume id=1 reason=scheduler
[machine.1]       900000 task-yield id=1 reason=RtosPortYield
[machine.1]       900000 user-u32 "can_send" = 0
[machine.1]       900000 user-u32 "can_send" = 0
[machine.1]       900000 task-resume id=5 reason=scheduler
[machine.1]       900000 task-yield id=5 reason=RtosPortYield
[machine.1]       900000 user-u32 "fault_aggregate" = 0
[machine.1]       900000 task-resume id=2 reason=scheduler
[machine.1]       900000 task-yield id=2 reason=Idle
[machine.1]       905000 task-resume id=4 reason=scheduler
[machine.1]       905000 task-yield id=4 reason=RtosPortYield
[machine.1]       905000 user-u32 "can_recv" = 0
[machine.1]       905000 task-resume id=6 reason=scheduler
[machine.1]       905000 task-yield id=6 reason=RtosPortYield
[machine.1]       905000 user-u32 "can_frame_proc" = 297
[machine.1]       905000 task-resume id=4 reason=scheduler
[machine.1]       905000 task-yield id=4 reason=RtosPortYield
[machine.1]       905000 user-u32 "can_recv" = 0
[machine.1]       905000 task-resume id=6 reason=scheduler
[machine.1]       905000 task-yield id=6 reason=RtosPortYield
[machine.1]       905000 user-u32 "can_frame_proc" = 298
[machine.1]       905000 task-resume id=4 reason=scheduler
[machine.1]       905000 task-yield id=4 reason=RtosPortYield
[machine.1]       905000 user-u32 "can_recv" = 0
[machine.1]       905000 task-resume id=6 reason=scheduler
[machine.1]       905000 task-yield id=6 reason=RtosPortYield
[machine.1]       905000 user-u32 "can_frame_proc" = 299
[machine.1]       905000 task-resume id=4 reason=scheduler
[machine.1]       905000 task-yield id=4 reason=RtosPortYield
[machine.1]       905000 user-u32 "can_recv" = 0
[machine.1]       905000 task-resume id=6 reason=scheduler
[machine.1]       905000 task-yield id=6 reason=RtosPortYield
[machine.1]       905000 user-u32 "can_frame_proc" = 300
[machine.1]       905000 task-resume id=4 reason=scheduler
[machine.1]       905000 task-yield id=4 reason=RtosPortYield
[machine.1]       905000 user-u32 "can_recv" = 0
[machine.1]       905000 task-resume id=2 reason=scheduler
[machine.1]       905000 task-yield id=2 reason=Idle
[machine.1]       910000 task-resume id=4 reason=scheduler
[machine.1]       910000 task-yield id=4 reason=RtosPortYield
[machine.1]       910000 user-u32 "can_recv" = 0
[machine.1]       910000 task-resume id=1 reason=scheduler
[machine.1]       910000 task-yield id=1 reason=RtosPortYield
[machine.1]       910000 task-resume id=2 reason=scheduler
[machine.1]       910000 task-yield id=2 reason=Idle
[machine.1]       915000 task-resume id=4 reason=scheduler
[machine.1]       915000 task-yield id=4 reason=RtosPortYield
[machine.1]       915000 user-u32 "can_recv" = 0
[machine.1]       915000 task-resume id=6 reason=scheduler
[machine.1]       915000 task-yield id=6 reason=RtosPortYield
[machine.1]       915000 user-u32 "can_frame_proc" = 301
[machine.1]       915000 task-resume id=4 reason=scheduler
[machine.1]       915000 task-yield id=4 reason=RtosPortYield
[machine.1]       915000 user-u32 "can_recv" = 0
[machine.1]       915000 task-resume id=6 reason=scheduler
[machine.1]       915000 task-yield id=6 reason=RtosPortYield
[machine.1]       915000 user-u32 "can_frame_proc" = 302
[machine.1]       915000 task-resume id=4 reason=scheduler
[machine.1]       915000 task-yield id=4 reason=RtosPortYield
[machine.1]       915000 user-u32 "can_recv" = 0
[machine.1]       915000 task-resume id=6 reason=scheduler
[machine.1]       915000 task-yield id=6 reason=RtosPortYield
[machine.1]       915000 user-u32 "can_frame_proc" = 303
[machine.1]       915000 task-resume id=4 reason=scheduler
[machine.1]       915000 task-yield id=4 reason=RtosPortYield
[machine.1]       915000 user-u32 "can_recv" = 0
[machine.1]       915000 task-resume id=2 reason=scheduler
[machine.1]       915000 task-yield id=2 reason=Idle
[machine.1]       920000 task-resume id=4 reason=scheduler
[machine.1]       920000 task-yield id=4 reason=RtosPortYield
[machine.1]       920000 user-u32 "can_recv" = 0
[machine.1]       920000 task-resume id=1 reason=scheduler
[machine.1]       920000 task-yield id=1 reason=RtosPortYield
[machine.1]       920000 task-resume id=2 reason=scheduler
[machine.1]       920000 task-yield id=2 reason=Idle
[machine.1]       925000 task-resume id=4 reason=scheduler
[machine.1]       925000 task-yield id=4 reason=RtosPortYield
[machine.1]       925000 user-u32 "can_recv" = 0
[machine.1]       925000 task-resume id=6 reason=scheduler
[machine.1]       925000 task-yield id=6 reason=RtosPortYield
[machine.1]       925000 user-u32 "can_frame_proc" = 304
[machine.1]       925000 task-resume id=4 reason=scheduler
[machine.1]       925000 task-yield id=4 reason=RtosPortYield
[machine.1]       925000 user-u32 "can_recv" = 0
[machine.1]       925000 task-resume id=6 reason=scheduler
[machine.1]       925000 task-yield id=6 reason=RtosPortYield
[machine.1]       925000 user-u32 "can_frame_proc" = 305
[machine.1]       925000 task-resume id=4 reason=scheduler
[machine.1]       925000 task-yield id=4 reason=RtosPortYield
[machine.1]       925000 user-u32 "can_recv" = 0
[machine.1]       925000 task-resume id=6 reason=scheduler
[machine.1]       925000 task-yield id=6 reason=RtosPortYield
[machine.1]       925000 user-u32 "can_frame_proc" = 306
[machine.1]       925000 task-resume id=4 reason=scheduler
[machine.1]       925000 task-yield id=4 reason=RtosPortYield
[machine.1]       925000 user-u32 "can_recv" = 0
[machine.1]       925000 task-resume id=2 reason=scheduler
[machine.1]       925000 task-yield id=2 reason=Idle
[machine.1]       930000 task-resume id=4 reason=scheduler
[machine.1]       930000 task-yield id=4 reason=RtosPortYield
[machine.1]       930000 user-u32 "can_recv" = 0
[machine.1]       930000 task-resume id=1 reason=scheduler
[machine.1]       930000 task-yield id=1 reason=RtosPortYield
[machine.1]       930000 task-resume id=2 reason=scheduler
[machine.1]       930000 task-yield id=2 reason=Idle
[machine.1]       935000 task-resume id=4 reason=scheduler
[machine.1]       935000 task-yield id=4 reason=RtosPortYield
[machine.1]       935000 user-u32 "can_recv" = 0
[machine.1]       935000 task-resume id=6 reason=scheduler
[machine.1]       935000 task-yield id=6 reason=RtosPortYield
[machine.1]       935000 user-u32 "can_frame_proc" = 307
[machine.1]       935000 task-resume id=4 reason=scheduler
[machine.1]       935000 task-yield id=4 reason=RtosPortYield
[machine.1]       935000 user-u32 "can_recv" = 0
[machine.1]       935000 task-resume id=6 reason=scheduler
[machine.1]       935000 task-yield id=6 reason=RtosPortYield
[machine.1]       935000 user-u32 "can_frame_proc" = 308
[machine.1]       935000 task-resume id=4 reason=scheduler
[machine.1]       935000 task-yield id=4 reason=RtosPortYield
[machine.1]       935000 user-u32 "can_recv" = 0
[machine.1]       935000 task-resume id=6 reason=scheduler
[machine.1]       935000 task-yield id=6 reason=RtosPortYield
[machine.1]       935000 user-u32 "can_frame_proc" = 309
[machine.1]       935000 task-resume id=4 reason=scheduler
[machine.1]       935000 task-yield id=4 reason=RtosPortYield
[machine.1]       935000 user-u32 "can_recv" = 0
[machine.1]       935000 task-resume id=2 reason=scheduler
[machine.1]       935000 task-yield id=2 reason=Idle
[machine.1]       940000 task-resume id=4 reason=scheduler
[machine.1]       940000 task-yield id=4 reason=RtosPortYield
[machine.1]       940000 user-u32 "can_recv" = 0
[machine.1]       940000 task-resume id=1 reason=scheduler
[machine.1]       940000 task-yield id=1 reason=RtosPortYield
[machine.1]       940000 task-resume id=2 reason=scheduler
[machine.1]       940000 task-yield id=2 reason=Idle
[machine.1]       945000 task-resume id=4 reason=scheduler
[machine.1]       945000 task-yield id=4 reason=RtosPortYield
[machine.1]       945000 user-u32 "can_recv" = 0
[machine.1]       945000 task-resume id=6 reason=scheduler
[machine.1]       945000 task-yield id=6 reason=RtosPortYield
[machine.1]       945000 user-u32 "can_frame_proc" = 310
[machine.1]       945000 task-resume id=4 reason=scheduler
[machine.1]       945000 task-yield id=4 reason=RtosPortYield
[machine.1]       945000 user-u32 "can_recv" = 0
[machine.1]       945000 task-resume id=6 reason=scheduler
[machine.1]       945000 task-yield id=6 reason=RtosPortYield
[machine.1]       945000 user-u32 "can_frame_proc" = 311
[machine.1]       945000 task-resume id=4 reason=scheduler
[machine.1]       945000 task-yield id=4 reason=RtosPortYield
[machine.1]       945000 user-u32 "can_recv" = 0
[machine.1]       945000 task-resume id=6 reason=scheduler
[machine.1]       945000 task-yield id=6 reason=RtosPortYield
[machine.1]       945000 user-u32 "can_frame_proc" = 312
[machine.1]       945000 task-resume id=4 reason=scheduler
[machine.1]       945000 task-yield id=4 reason=RtosPortYield
[machine.1]       945000 user-u32 "can_recv" = 0
[machine.1]       945000 task-resume id=2 reason=scheduler
[machine.1]       945000 task-yield id=2 reason=Idle
[machine.1]       950000 task-resume id=4 reason=scheduler
[machine.1]       950000 task-yield id=4 reason=RtosPortYield
[machine.1]       950000 user-u32 "can_recv" = 0
[machine.1]       950000 task-resume id=1 reason=scheduler
[machine.1]       950000 task-yield id=1 reason=RtosPortYield
[machine.1]       950000 user-u32 "can_send" = 0
[machine.1]       950000 task-resume id=2 reason=scheduler
[machine.1]       950000 task-yield id=2 reason=Idle
[machine.1]       955000 task-resume id=4 reason=scheduler
[machine.1]       955000 task-yield id=4 reason=RtosPortYield
[machine.1]       955000 user-u32 "can_recv" = 0
[machine.1]       955000 task-resume id=6 reason=scheduler
[machine.1]       955000 task-yield id=6 reason=RtosPortYield
[machine.1]       955000 user-u32 "can_frame_proc" = 313
[machine.1]       955000 task-resume id=4 reason=scheduler
[machine.1]       955000 task-yield id=4 reason=RtosPortYield
[machine.1]       955000 user-u32 "can_recv" = 0
[machine.1]       955000 task-resume id=6 reason=scheduler
[machine.1]       955000 task-yield id=6 reason=RtosPortYield
[machine.1]       955000 user-u32 "can_frame_proc" = 314
[machine.1]       955000 task-resume id=4 reason=scheduler
[machine.1]       955000 task-yield id=4 reason=RtosPortYield
[machine.1]       955000 user-u32 "can_recv" = 0
[machine.1]       955000 task-resume id=6 reason=scheduler
[machine.1]       955000 task-yield id=6 reason=RtosPortYield
[machine.1]       955000 user-u32 "can_frame_proc" = 315
[machine.1]       955000 task-resume id=4 reason=scheduler
[machine.1]       955000 task-yield id=4 reason=RtosPortYield
[machine.1]       955000 user-u32 "can_recv" = 0
[machine.1]       955000 task-resume id=2 reason=scheduler
[machine.1]       955000 task-yield id=2 reason=Idle
[machine.1]       960000 task-resume id=4 reason=scheduler
[machine.1]       960000 task-yield id=4 reason=RtosPortYield
[machine.1]       960000 user-u32 "can_recv" = 0
[machine.1]       960000 task-resume id=1 reason=scheduler
[machine.1]       960000 task-yield id=1 reason=RtosPortYield
[machine.1]       960000 task-resume id=2 reason=scheduler
[machine.1]       960000 task-yield id=2 reason=Idle
[machine.1]       965000 task-resume id=4 reason=scheduler
[machine.1]       965000 task-yield id=4 reason=RtosPortYield
[machine.1]       965000 user-u32 "can_recv" = 0
[machine.1]       965000 task-resume id=6 reason=scheduler
[machine.1]       965000 task-yield id=6 reason=RtosPortYield
[machine.1]       965000 user-u32 "can_frame_proc" = 316
[machine.1]       965000 task-resume id=4 reason=scheduler
[machine.1]       965000 task-yield id=4 reason=RtosPortYield
[machine.1]       965000 user-u32 "can_recv" = 0
[machine.1]       965000 task-resume id=6 reason=scheduler
[machine.1]       965000 task-yield id=6 reason=RtosPortYield
[machine.1]       965000 user-u32 "can_frame_proc" = 317
[machine.1]       965000 task-resume id=4 reason=scheduler
[machine.1]       965000 task-yield id=4 reason=RtosPortYield
[machine.1]       965000 user-u32 "can_recv" = 0
[machine.1]       965000 task-resume id=6 reason=scheduler
[machine.1]       965000 task-yield id=6 reason=RtosPortYield
[machine.1]       965000 user-u32 "can_frame_proc" = 318
[machine.1]       965000 task-resume id=4 reason=scheduler
[machine.1]       965000 task-yield id=4 reason=RtosPortYield
[machine.1]       965000 user-u32 "can_recv" = 0
[machine.1]       965000 task-resume id=2 reason=scheduler
[machine.1]       965000 task-yield id=2 reason=Idle
[machine.1]       970000 task-resume id=4 reason=scheduler
[machine.1]       970000 task-yield id=4 reason=RtosPortYield
[machine.1]       970000 user-u32 "can_recv" = 0
[machine.1]       970000 task-resume id=1 reason=scheduler
[machine.1]       970000 task-yield id=1 reason=RtosPortYield
[machine.1]       970000 task-resume id=2 reason=scheduler
[machine.1]       970000 task-yield id=2 reason=Idle
[machine.1]       975000 task-resume id=4 reason=scheduler
[machine.1]       975000 task-yield id=4 reason=RtosPortYield
[machine.1]       975000 user-u32 "can_recv" = 0
[machine.1]       975000 task-resume id=6 reason=scheduler
[machine.1]       975000 task-yield id=6 reason=RtosPortYield
[machine.1]       975000 user-u32 "can_frame_proc" = 319
[machine.1]       975000 task-resume id=4 reason=scheduler
[machine.1]       975000 task-yield id=4 reason=RtosPortYield
[machine.1]       975000 user-u32 "can_recv" = 0
[machine.1]       975000 task-resume id=6 reason=scheduler
[machine.1]       975000 task-yield id=6 reason=RtosPortYield
[machine.1]       975000 user-u32 "can_frame_proc" = 320
[machine.1]       975000 task-resume id=4 reason=scheduler
[machine.1]       975000 task-yield id=4 reason=RtosPortYield
[machine.1]       975000 user-u32 "can_recv" = 0
[machine.1]       975000 task-resume id=6 reason=scheduler
[machine.1]       975000 task-yield id=6 reason=RtosPortYield
[machine.1]       975000 user-u32 "can_frame_proc" = 321
[machine.1]       975000 task-resume id=4 reason=scheduler
[machine.1]       975000 task-yield id=4 reason=RtosPortYield
[machine.1]       975000 user-u32 "can_recv" = 0
[machine.1]       975000 task-resume id=2 reason=scheduler
[machine.1]       975000 task-yield id=2 reason=Idle
[machine.1]       980000 task-resume id=4 reason=scheduler
[machine.1]       980000 task-yield id=4 reason=RtosPortYield
[machine.1]       980000 user-u32 "can_recv" = 0
[machine.1]       980000 task-resume id=1 reason=scheduler
[machine.1]       980000 task-yield id=1 reason=RtosPortYield
[machine.1]       980000 task-resume id=2 reason=scheduler
[machine.1]       980000 task-yield id=2 reason=Idle
[machine.1]       985000 task-resume id=4 reason=scheduler
[machine.1]       985000 task-yield id=4 reason=RtosPortYield
[machine.1]       985000 user-u32 "can_recv" = 0
[machine.1]       985000 task-resume id=6 reason=scheduler
[machine.1]       985000 task-yield id=6 reason=RtosPortYield
[machine.1]       985000 user-u32 "can_frame_proc" = 322
[machine.1]       985000 task-resume id=4 reason=scheduler
[machine.1]       985000 task-yield id=4 reason=RtosPortYield
[machine.1]       985000 user-u32 "can_recv" = 0
[machine.1]       985000 task-resume id=6 reason=scheduler
[machine.1]       985000 task-yield id=6 reason=RtosPortYield
[machine.1]       985000 user-u32 "can_frame_proc" = 323
[machine.1]       985000 task-resume id=4 reason=scheduler
[machine.1]       985000 task-yield id=4 reason=RtosPortYield
[machine.1]       985000 user-u32 "can_recv" = 0
[machine.1]       985000 task-resume id=6 reason=scheduler
[machine.1]       985000 task-yield id=6 reason=RtosPortYield
[machine.1]       985000 user-u32 "can_frame_proc" = 324
[machine.1]       985000 task-resume id=4 reason=scheduler
[machine.1]       985000 task-yield id=4 reason=RtosPortYield
[machine.1]       985000 user-u32 "can_recv" = 0
[machine.1]       985000 task-resume id=2 reason=scheduler
[machine.1]       985000 task-yield id=2 reason=Idle
[machine.1]       990000 task-resume id=4 reason=scheduler
[machine.1]       990000 task-yield id=4 reason=RtosPortYield
[machine.1]       990000 user-u32 "can_recv" = 0
[machine.1]       990000 task-resume id=1 reason=scheduler
[machine.1]       990000 task-yield id=1 reason=RtosPortYield
[machine.1]       990000 task-resume id=2 reason=scheduler
[machine.1]       990000 task-yield id=2 reason=Idle
[machine.1]       995000 task-resume id=4 reason=scheduler
[machine.1]       995000 task-yield id=4 reason=RtosPortYield
[machine.1]       995000 user-u32 "can_recv" = 0
[machine.1]       995000 task-resume id=6 reason=scheduler
[machine.1]       995000 task-yield id=6 reason=RtosPortYield
[machine.1]       995000 user-u32 "can_frame_proc" = 325
[machine.1]       995000 task-resume id=4 reason=scheduler
[machine.1]       995000 task-yield id=4 reason=RtosPortYield
[machine.1]       995000 user-u32 "can_recv" = 0
[machine.1]       995000 task-resume id=6 reason=scheduler
[machine.1]       995000 task-yield id=6 reason=RtosPortYield
[machine.1]       995000 user-u32 "can_frame_proc" = 326
[machine.1]       995000 task-resume id=4 reason=scheduler
[machine.1]       995000 task-yield id=4 reason=RtosPortYield
[machine.1]       995000 user-u32 "can_recv" = 0
[machine.1]       995000 task-resume id=6 reason=scheduler
[machine.1]       995000 task-yield id=6 reason=RtosPortYield
[machine.1]       995000 user-u32 "can_frame_proc" = 327
[machine.1]       995000 task-resume id=4 reason=scheduler
[machine.1]       995000 task-yield id=4 reason=RtosPortYield
[machine.1]       995000 user-u32 "can_recv" = 0
[machine.1]       995000 task-resume id=2 reason=scheduler
[machine.1]       995000 task-yield id=2 reason=Idle
[machine.1]      1000000 task-resume id=4 reason=scheduler
[machine.1]      1000000 task-yield id=4 reason=RtosPortYield
[machine.1]      1000000 user-u32 "can_recv" = 0
[machine.1]      1000000 task-resume id=1 reason=scheduler
[machine.1]      1000000 task-yield id=1 reason=RtosPortYield
[machine.1]      1000000 user-u32 "can_send" = 0
[machine.1]      1000000 user-u32 "can_send" = 0
[machine.1]      1000000 task-resume id=5 reason=scheduler
[machine.1]      1000000 task-yield id=5 reason=RtosPortYield
[machine.1]      1000000 user-u32 "fault_aggregate" = 0
[machine.1]      1000000 task-resume id=2 reason=scheduler
[machine.1]      1000000 task-yield id=2 reason=Idle
[machine.1]      1005000 task-resume id=4 reason=scheduler
[machine.1]      1005000 task-yield id=4 reason=RtosPortYield
[machine.1]      1005000 user-u32 "can_recv" = 0
[machine.1]      1005000 task-resume id=6 reason=scheduler
[machine.1]      1005000 task-yield id=6 reason=RtosPortYield
[machine.1]      1005000 user-u32 "can_frame_proc" = 328
[machine.1]      1005000 task-resume id=4 reason=scheduler
[machine.1]      1005000 task-yield id=4 reason=RtosPortYield
[machine.1]      1005000 user-u32 "can_recv" = 0
[machine.1]      1005000 task-resume id=6 reason=scheduler
[machine.1]      1005000 task-yield id=6 reason=RtosPortYield
[machine.1]      1005000 user-u32 "can_frame_proc" = 329
[machine.1]      1005000 task-resume id=4 reason=scheduler
[machine.1]      1005000 task-yield id=4 reason=RtosPortYield
[machine.1]      1005000 user-u32 "can_recv" = 0
[machine.1]      1005000 task-resume id=6 reason=scheduler
[machine.1]      1005000 task-yield id=6 reason=RtosPortYield
[machine.1]      1005000 user-u32 "can_frame_proc" = 330
[machine.1]      1005000 task-resume id=4 reason=scheduler
[machine.1]      1005000 task-yield id=4 reason=RtosPortYield
[machine.1]      1005000 user-u32 "can_recv" = 0
[machine.1]      1005000 task-resume id=6 reason=scheduler
[machine.1]      1005000 task-yield id=6 reason=RtosPortYield
[machine.1]      1005000 user-u32 "can_frame_proc" = 331
[machine.1]      1005000 task-resume id=4 reason=scheduler
[machine.1]      1005000 task-yield id=4 reason=RtosPortYield
[machine.1]      1005000 user-u32 "can_recv" = 0
[machine.1]      1005000 task-resume id=2 reason=scheduler
[machine.1]      1005000 task-yield id=2 reason=Idle
[machine.1]      1010000 task-resume id=4 reason=scheduler
[machine.1]      1010000 task-yield id=4 reason=RtosPortYield
[machine.1]      1010000 user-u32 "can_recv" = 0
[machine.1]      1010000 task-resume id=1 reason=scheduler
[machine.1]      1010000 task-yield id=1 reason=RtosPortYield
[machine.1]      1010000 task-resume id=2 reason=scheduler
[machine.1]      1010000 task-yield id=2 reason=Idle
[machine.1]      1015000 task-resume id=4 reason=scheduler
[machine.1]      1015000 task-yield id=4 reason=RtosPortYield
[machine.1]      1015000 user-u32 "can_recv" = 0
[machine.1]      1015000 task-resume id=6 reason=scheduler
[machine.1]      1015000 task-yield id=6 reason=RtosPortYield
[machine.1]      1015000 user-u32 "can_frame_proc" = 332
[machine.1]      1015000 task-resume id=4 reason=scheduler
[machine.1]      1015000 task-yield id=4 reason=RtosPortYield
[machine.1]      1015000 user-u32 "can_recv" = 0
[machine.1]      1015000 task-resume id=6 reason=scheduler
[machine.1]      1015000 task-yield id=6 reason=RtosPortYield
[machine.1]      1015000 user-u32 "can_frame_proc" = 333
[machine.1]      1015000 task-resume id=4 reason=scheduler
[machine.1]      1015000 task-yield id=4 reason=RtosPortYield
[machine.1]      1015000 user-u32 "can_recv" = 0
[machine.1]      1015000 task-resume id=6 reason=scheduler
[machine.1]      1015000 task-yield id=6 reason=RtosPortYield
[machine.1]      1015000 user-u32 "can_frame_proc" = 334
[machine.1]      1015000 task-resume id=4 reason=scheduler
[machine.1]      1015000 task-yield id=4 reason=RtosPortYield
[machine.1]      1015000 user-u32 "can_recv" = 0
[machine.1]      1015000 task-resume id=2 reason=scheduler
[machine.1]      1015000 task-yield id=2 reason=Idle
[machine.1]      1020000 task-resume id=4 reason=scheduler
[machine.1]      1020000 task-yield id=4 reason=RtosPortYield
[machine.1]      1020000 user-u32 "can_recv" = 0
[machine.1]      1020000 task-resume id=1 reason=scheduler
[machine.1]      1020000 task-yield id=1 reason=RtosPortYield
[machine.1]      1020000 task-resume id=2 reason=scheduler
[machine.1]      1020000 task-yield id=2 reason=Idle
[machine.1]      1025000 task-resume id=4 reason=scheduler
[machine.1]      1025000 task-yield id=4 reason=RtosPortYield
[machine.1]      1025000 user-u32 "can_recv" = 0
[machine.1]      1025000 task-resume id=6 reason=scheduler
[machine.1]      1025000 task-yield id=6 reason=RtosPortYield
[machine.1]      1025000 user-u32 "can_frame_proc" = 335
[machine.1]      1025000 task-resume id=4 reason=scheduler
[machine.1]      1025000 task-yield id=4 reason=RtosPortYield
[machine.1]      1025000 user-u32 "can_recv" = 0
[machine.1]      1025000 task-resume id=6 reason=scheduler
[machine.1]      1025000 task-yield id=6 reason=RtosPortYield
[machine.1]      1025000 user-u32 "can_frame_proc" = 336
[machine.1]      1025000 task-resume id=4 reason=scheduler
[machine.1]      1025000 task-yield id=4 reason=RtosPortYield
[machine.1]      1025000 user-u32 "can_recv" = 0
[machine.1]      1025000 task-resume id=6 reason=scheduler
[machine.1]      1025000 task-yield id=6 reason=RtosPortYield
[machine.1]      1025000 user-u32 "can_frame_proc" = 337
[machine.1]      1025000 task-resume id=4 reason=scheduler
[machine.1]      1025000 task-yield id=4 reason=RtosPortYield
[machine.1]      1025000 user-u32 "can_recv" = 0
[machine.1]      1025000 task-resume id=2 reason=scheduler
[machine.1]      1025000 task-yield id=2 reason=Idle
[machine.1]      1030000 task-resume id=4 reason=scheduler
[machine.1]      1030000 task-yield id=4 reason=RtosPortYield
[machine.1]      1030000 user-u32 "can_recv" = 0
[machine.1]      1030000 task-resume id=1 reason=scheduler
[machine.1]      1030000 task-yield id=1 reason=RtosPortYield
[machine.1]      1030000 task-resume id=2 reason=scheduler
[machine.1]      1030000 task-yield id=2 reason=Idle
[machine.1]      1035000 task-resume id=4 reason=scheduler
[machine.1]      1035000 task-yield id=4 reason=RtosPortYield
[machine.1]      1035000 user-u32 "can_recv" = 0
[machine.1]      1035000 task-resume id=6 reason=scheduler
[machine.1]      1035000 task-yield id=6 reason=RtosPortYield
[machine.1]      1035000 user-u32 "can_frame_proc" = 338
[machine.1]      1035000 task-resume id=4 reason=scheduler
[machine.1]      1035000 task-yield id=4 reason=RtosPortYield
[machine.1]      1035000 user-u32 "can_recv" = 0
[machine.1]      1035000 task-resume id=6 reason=scheduler
[machine.1]      1035000 task-yield id=6 reason=RtosPortYield
[machine.1]      1035000 user-u32 "can_frame_proc" = 339
[machine.1]      1035000 task-resume id=4 reason=scheduler
[machine.1]      1035000 task-yield id=4 reason=RtosPortYield
[machine.1]      1035000 user-u32 "can_recv" = 0
[machine.1]      1035000 task-resume id=6 reason=scheduler
[machine.1]      1035000 task-yield id=6 reason=RtosPortYield
[machine.1]      1035000 user-u32 "can_frame_proc" = 340
[machine.1]      1035000 task-resume id=4 reason=scheduler
[machine.1]      1035000 task-yield id=4 reason=RtosPortYield
[machine.1]      1035000 user-u32 "can_recv" = 0
[machine.1]      1035000 task-resume id=2 reason=scheduler
[machine.1]      1035000 task-yield id=2 reason=Idle
[machine.1]      1040000 task-resume id=4 reason=scheduler
[machine.1]      1040000 task-yield id=4 reason=RtosPortYield
[machine.1]      1040000 user-u32 "can_recv" = 0
[machine.1]      1040000 task-resume id=1 reason=scheduler
[machine.1]      1040000 task-yield id=1 reason=RtosPortYield
[machine.1]      1040000 task-resume id=2 reason=scheduler
[machine.1]      1040000 task-yield id=2 reason=Idle
[machine.1]      1045000 task-resume id=4 reason=scheduler
[machine.1]      1045000 task-yield id=4 reason=RtosPortYield
[machine.1]      1045000 user-u32 "can_recv" = 0
[machine.1]      1045000 task-resume id=6 reason=scheduler
[machine.1]      1045000 task-yield id=6 reason=RtosPortYield
[machine.1]      1045000 user-u32 "can_frame_proc" = 341
[machine.1]      1045000 task-resume id=4 reason=scheduler
[machine.1]      1045000 task-yield id=4 reason=RtosPortYield
[machine.1]      1045000 user-u32 "can_recv" = 0
[machine.1]      1045000 task-resume id=6 reason=scheduler
[machine.1]      1045000 task-yield id=6 reason=RtosPortYield
[machine.1]      1045000 user-u32 "can_frame_proc" = 342
[machine.1]      1045000 task-resume id=4 reason=scheduler
[machine.1]      1045000 task-yield id=4 reason=RtosPortYield
[machine.1]      1045000 user-u32 "can_recv" = 0
[machine.1]      1045000 task-resume id=6 reason=scheduler
[machine.1]      1045000 task-yield id=6 reason=RtosPortYield
[machine.1]      1045000 user-u32 "can_frame_proc" = 343
[machine.1]      1045000 task-resume id=4 reason=scheduler
[machine.1]      1045000 task-yield id=4 reason=RtosPortYield
[machine.1]      1045000 user-u32 "can_recv" = 0
[machine.1]      1045000 task-resume id=2 reason=scheduler
[machine.1]      1045000 task-yield id=2 reason=Idle
[machine.1]      1050000 task-resume id=4 reason=scheduler
[machine.1]      1050000 task-yield id=4 reason=RtosPortYield
[machine.1]      1050000 user-u32 "can_recv" = 0
[machine.1]      1050000 task-resume id=1 reason=scheduler
[machine.1]      1050000 task-yield id=1 reason=RtosPortYield
[machine.1]      1050000 user-u32 "can_send" = 0
[machine.1]      1050000 task-resume id=2 reason=scheduler
[machine.1]      1050000 task-yield id=2 reason=Idle
[machine.1]      1055000 task-resume id=4 reason=scheduler
[machine.1]      1055000 task-yield id=4 reason=RtosPortYield
[machine.1]      1055000 user-u32 "can_recv" = 0
[machine.1]      1055000 task-resume id=6 reason=scheduler
[machine.1]      1055000 task-yield id=6 reason=RtosPortYield
[machine.1]      1055000 user-u32 "can_frame_proc" = 344
[machine.1]      1055000 task-resume id=4 reason=scheduler
[machine.1]      1055000 task-yield id=4 reason=RtosPortYield
[machine.1]      1055000 user-u32 "can_recv" = 0
[machine.1]      1055000 task-resume id=6 reason=scheduler
[machine.1]      1055000 task-yield id=6 reason=RtosPortYield
[machine.1]      1055000 user-u32 "can_frame_proc" = 345
[machine.1]      1055000 task-resume id=4 reason=scheduler
[machine.1]      1055000 task-yield id=4 reason=RtosPortYield
[machine.1]      1055000 user-u32 "can_recv" = 0
[machine.1]      1055000 task-resume id=6 reason=scheduler
[machine.1]      1055000 task-yield id=6 reason=RtosPortYield
[machine.1]      1055000 user-u32 "can_frame_proc" = 346
[machine.1]      1055000 task-resume id=4 reason=scheduler
[machine.1]      1055000 task-yield id=4 reason=RtosPortYield
[machine.1]      1055000 user-u32 "can_recv" = 0
[machine.1]      1055000 task-resume id=2 reason=scheduler
[machine.1]      1055000 task-yield id=2 reason=Idle
[machine.1]      1060000 task-resume id=4 reason=scheduler
[machine.1]      1060000 task-yield id=4 reason=RtosPortYield
[machine.1]      1060000 user-u32 "can_recv" = 0
[machine.1]      1060000 task-resume id=1 reason=scheduler
[machine.1]      1060000 task-yield id=1 reason=RtosPortYield
[machine.1]      1060000 task-resume id=2 reason=scheduler
[machine.1]      1060000 task-yield id=2 reason=Idle
[machine.1]      1065000 task-resume id=4 reason=scheduler
[machine.1]      1065000 task-yield id=4 reason=RtosPortYield
[machine.1]      1065000 user-u32 "can_recv" = 0
[machine.1]      1065000 task-resume id=6 reason=scheduler
[machine.1]      1065000 task-yield id=6 reason=RtosPortYield
[machine.1]      1065000 user-u32 "can_frame_proc" = 347
[machine.1]      1065000 task-resume id=4 reason=scheduler
[machine.1]      1065000 task-yield id=4 reason=RtosPortYield
[machine.1]      1065000 user-u32 "can_recv" = 0
[machine.1]      1065000 task-resume id=6 reason=scheduler
[machine.1]      1065000 task-yield id=6 reason=RtosPortYield
[machine.1]      1065000 user-u32 "can_frame_proc" = 348
[machine.1]      1065000 task-resume id=4 reason=scheduler
[machine.1]      1065000 task-yield id=4 reason=RtosPortYield
[machine.1]      1065000 user-u32 "can_recv" = 0
[machine.1]      1065000 task-resume id=6 reason=scheduler
[machine.1]      1065000 task-yield id=6 reason=RtosPortYield
[machine.1]      1065000 user-u32 "can_frame_proc" = 349
[machine.1]      1065000 task-resume id=4 reason=scheduler
[machine.1]      1065000 task-yield id=4 reason=RtosPortYield
[machine.1]      1065000 user-u32 "can_recv" = 0
[machine.1]      1065000 task-resume id=2 reason=scheduler
[machine.1]      1065000 task-yield id=2 reason=Idle
[machine.1]      1070000 task-resume id=4 reason=scheduler
[machine.1]      1070000 task-yield id=4 reason=RtosPortYield
[machine.1]      1070000 user-u32 "can_recv" = 0
[machine.1]      1070000 task-resume id=1 reason=scheduler
[machine.1]      1070000 task-yield id=1 reason=RtosPortYield
[machine.1]      1070000 task-resume id=2 reason=scheduler
[machine.1]      1070000 task-yield id=2 reason=Idle
[machine.1]      1075000 task-resume id=4 reason=scheduler
[machine.1]      1075000 task-yield id=4 reason=RtosPortYield
[machine.1]      1075000 user-u32 "can_recv" = 0
[machine.1]      1075000 task-resume id=6 reason=scheduler
[machine.1]      1075000 task-yield id=6 reason=RtosPortYield
[machine.1]      1075000 user-u32 "can_frame_proc" = 350
[machine.1]      1075000 task-resume id=4 reason=scheduler
[machine.1]      1075000 task-yield id=4 reason=RtosPortYield
[machine.1]      1075000 user-u32 "can_recv" = 0
[machine.1]      1075000 task-resume id=6 reason=scheduler
[machine.1]      1075000 task-yield id=6 reason=RtosPortYield
[machine.1]      1075000 user-u32 "can_frame_proc" = 351
[machine.1]      1075000 task-resume id=4 reason=scheduler
[machine.1]      1075000 task-yield id=4 reason=RtosPortYield
[machine.1]      1075000 user-u32 "can_recv" = 0
[machine.1]      1075000 task-resume id=6 reason=scheduler
[machine.1]      1075000 task-yield id=6 reason=RtosPortYield
[machine.1]      1075000 user-u32 "can_frame_proc" = 352
[machine.1]      1075000 task-resume id=4 reason=scheduler
[machine.1]      1075000 task-yield id=4 reason=RtosPortYield
[machine.1]      1075000 user-u32 "can_recv" = 0
[machine.1]      1075000 task-resume id=2 reason=scheduler
[machine.1]      1075000 task-yield id=2 reason=Idle
[machine.1]      1080000 task-resume id=4 reason=scheduler
[machine.1]      1080000 task-yield id=4 reason=RtosPortYield
[machine.1]      1080000 user-u32 "can_recv" = 0
[machine.1]      1080000 task-resume id=1 reason=scheduler
[machine.1]      1080000 task-yield id=1 reason=RtosPortYield
[machine.1]      1080000 task-resume id=2 reason=scheduler
[machine.1]      1080000 task-yield id=2 reason=Idle
[machine.1]      1085000 task-resume id=4 reason=scheduler
[machine.1]      1085000 task-yield id=4 reason=RtosPortYield
[machine.1]      1085000 user-u32 "can_recv" = 0
[machine.1]      1085000 task-resume id=6 reason=scheduler
[machine.1]      1085000 task-yield id=6 reason=RtosPortYield
[machine.1]      1085000 user-u32 "can_frame_proc" = 353
[machine.1]      1085000 task-resume id=4 reason=scheduler
[machine.1]      1085000 task-yield id=4 reason=RtosPortYield
[machine.1]      1085000 user-u32 "can_recv" = 0
[machine.1]      1085000 task-resume id=6 reason=scheduler
[machine.1]      1085000 task-yield id=6 reason=RtosPortYield
[machine.1]      1085000 user-u32 "can_frame_proc" = 354
[machine.1]      1085000 task-resume id=4 reason=scheduler
[machine.1]      1085000 task-yield id=4 reason=RtosPortYield
[machine.1]      1085000 user-u32 "can_recv" = 0
[machine.1]      1085000 task-resume id=6 reason=scheduler
[machine.1]      1085000 task-yield id=6 reason=RtosPortYield
[machine.1]      1085000 user-u32 "can_frame_proc" = 355
[machine.1]      1085000 task-resume id=4 reason=scheduler
[machine.1]      1085000 task-yield id=4 reason=RtosPortYield
[machine.1]      1085000 user-u32 "can_recv" = 0
[machine.1]      1085000 task-resume id=2 reason=scheduler
[machine.1]      1085000 task-yield id=2 reason=Idle
[machine.1]      1090000 task-resume id=4 reason=scheduler
[machine.1]      1090000 task-yield id=4 reason=RtosPortYield
[machine.1]      1090000 user-u32 "can_recv" = 0
[machine.1]      1090000 task-resume id=1 reason=scheduler
[machine.1]      1090000 task-yield id=1 reason=RtosPortYield
[machine.1]      1090000 task-resume id=2 reason=scheduler
[machine.1]      1090000 task-yield id=2 reason=Idle
[machine.1]      1095000 task-resume id=4 reason=scheduler
[machine.1]      1095000 task-yield id=4 reason=RtosPortYield
[machine.1]      1095000 user-u32 "can_recv" = 0
[machine.1]      1095000 task-resume id=6 reason=scheduler
[machine.1]      1095000 task-yield id=6 reason=RtosPortYield
[machine.1]      1095000 user-u32 "can_frame_proc" = 356
[machine.1]      1095000 task-resume id=4 reason=scheduler
[machine.1]      1095000 task-yield id=4 reason=RtosPortYield
[machine.1]      1095000 user-u32 "can_recv" = 0
[machine.1]      1095000 task-resume id=6 reason=scheduler
[machine.1]      1095000 task-yield id=6 reason=RtosPortYield
[machine.1]      1095000 user-u32 "can_frame_proc" = 357
[machine.1]      1095000 task-resume id=4 reason=scheduler
[machine.1]      1095000 task-yield id=4 reason=RtosPortYield
[machine.1]      1095000 user-u32 "can_recv" = 0
[machine.1]      1095000 task-resume id=6 reason=scheduler
[machine.1]      1095000 task-yield id=6 reason=RtosPortYield
[machine.1]      1095000 user-u32 "can_frame_proc" = 358
[machine.1]      1095000 task-resume id=4 reason=scheduler
[machine.1]      1095000 task-yield id=4 reason=RtosPortYield
[machine.1]      1095000 user-u32 "can_recv" = 0
[machine.1]      1095000 task-resume id=2 reason=scheduler
[machine.1]      1095000 task-yield id=2 reason=Idle
[machine.1]      1100000 task-resume id=4 reason=scheduler
[machine.1]      1100000 task-yield id=4 reason=RtosPortYield
[machine.1]      1100000 user-u32 "can_recv" = 0
[machine.1]      1100000 task-resume id=1 reason=scheduler
[machine.1]      1100000 task-yield id=1 reason=RtosPortYield
[machine.1]      1100000 user-u32 "can_send" = 0
[machine.1]      1100000 user-u32 "can_send" = 0
[machine.1]      1100000 task-resume id=5 reason=scheduler
[machine.1]      1100000 task-yield id=5 reason=RtosPortYield
[machine.1]      1100000 user-u32 "fault_aggregate" = 0
[machine.1]      1100000 task-resume id=2 reason=scheduler
[machine.1]      1100000 task-yield id=2 reason=Idle
[machine.1]      1105000 task-resume id=4 reason=scheduler
[machine.1]      1105000 task-yield id=4 reason=RtosPortYield
[machine.1]      1105000 user-u32 "can_recv" = 0
[machine.1]      1105000 task-resume id=6 reason=scheduler
[machine.1]      1105000 task-yield id=6 reason=RtosPortYield
[machine.1]      1105000 user-u32 "can_frame_proc" = 359
[machine.1]      1105000 task-resume id=4 reason=scheduler
[machine.1]      1105000 task-yield id=4 reason=RtosPortYield
[machine.1]      1105000 user-u32 "can_recv" = 0
[machine.1]      1105000 task-resume id=6 reason=scheduler
[machine.1]      1105000 task-yield id=6 reason=RtosPortYield
[machine.1]      1105000 user-u32 "can_frame_proc" = 360
[machine.1]      1105000 task-resume id=4 reason=scheduler
[machine.1]      1105000 task-yield id=4 reason=RtosPortYield
[machine.1]      1105000 user-u32 "can_recv" = 0
[machine.1]      1105000 task-resume id=6 reason=scheduler
[machine.1]      1105000 task-yield id=6 reason=RtosPortYield
[machine.1]      1105000 user-u32 "can_frame_proc" = 361
[machine.1]      1105000 task-resume id=4 reason=scheduler
[machine.1]      1105000 task-yield id=4 reason=RtosPortYield
[machine.1]      1105000 user-u32 "can_recv" = 0
[machine.1]      1105000 task-resume id=6 reason=scheduler
[machine.1]      1105000 task-yield id=6 reason=RtosPortYield
[machine.1]      1105000 user-u32 "can_frame_proc" = 362
[machine.1]      1105000 task-resume id=4 reason=scheduler
[machine.1]      1105000 task-yield id=4 reason=RtosPortYield
[machine.1]      1105000 user-u32 "can_recv" = 0
[machine.1]      1105000 task-resume id=2 reason=scheduler
[machine.1]      1105000 task-yield id=2 reason=Idle
[machine.1]      1110000 task-resume id=4 reason=scheduler
[machine.1]      1110000 task-yield id=4 reason=RtosPortYield
[machine.1]      1110000 user-u32 "can_recv" = 0
[machine.1]      1110000 task-resume id=1 reason=scheduler
[machine.1]      1110000 task-yield id=1 reason=RtosPortYield
[machine.1]      1110000 task-resume id=2 reason=scheduler
[machine.1]      1110000 task-yield id=2 reason=Idle
[machine.1]      1115000 task-resume id=4 reason=scheduler
[machine.1]      1115000 task-yield id=4 reason=RtosPortYield
[machine.1]      1115000 user-u32 "can_recv" = 0
[machine.1]      1115000 task-resume id=6 reason=scheduler
[machine.1]      1115000 task-yield id=6 reason=RtosPortYield
[machine.1]      1115000 user-u32 "can_frame_proc" = 363
[machine.1]      1115000 task-resume id=4 reason=scheduler
[machine.1]      1115000 task-yield id=4 reason=RtosPortYield
[machine.1]      1115000 user-u32 "can_recv" = 0
[machine.1]      1115000 task-resume id=6 reason=scheduler
[machine.1]      1115000 task-yield id=6 reason=RtosPortYield
[machine.1]      1115000 user-u32 "can_frame_proc" = 364
[machine.1]      1115000 task-resume id=4 reason=scheduler
[machine.1]      1115000 task-yield id=4 reason=RtosPortYield
[machine.1]      1115000 user-u32 "can_recv" = 0
[machine.1]      1115000 task-resume id=6 reason=scheduler
[machine.1]      1115000 task-yield id=6 reason=RtosPortYield
[machine.1]      1115000 user-u32 "can_frame_proc" = 365
[machine.1]      1115000 task-resume id=4 reason=scheduler
[machine.1]      1115000 task-yield id=4 reason=RtosPortYield
[machine.1]      1115000 user-u32 "can_recv" = 0
[machine.1]      1115000 task-resume id=2 reason=scheduler
[machine.1]      1115000 task-yield id=2 reason=Idle
[machine.1]      1120000 task-resume id=4 reason=scheduler
[machine.1]      1120000 task-yield id=4 reason=RtosPortYield
[machine.1]      1120000 user-u32 "can_recv" = 0
[machine.1]      1120000 task-resume id=1 reason=scheduler
[machine.1]      1120000 task-yield id=1 reason=RtosPortYield
[machine.1]      1120000 task-resume id=2 reason=scheduler
[machine.1]      1120000 task-yield id=2 reason=Idle
[machine.1]      1125000 task-resume id=4 reason=scheduler
[machine.1]      1125000 task-yield id=4 reason=RtosPortYield
[machine.1]      1125000 user-u32 "can_recv" = 0
[machine.1]      1125000 task-resume id=6 reason=scheduler
[machine.1]      1125000 task-yield id=6 reason=RtosPortYield
[machine.1]      1125000 user-u32 "can_frame_proc" = 366
[machine.1]      1125000 task-resume id=4 reason=scheduler
[machine.1]      1125000 task-yield id=4 reason=RtosPortYield
[machine.1]      1125000 user-u32 "can_recv" = 0
[machine.1]      1125000 task-resume id=6 reason=scheduler
[machine.1]      1125000 task-yield id=6 reason=RtosPortYield
[machine.1]      1125000 user-u32 "can_frame_proc" = 367
[machine.1]      1125000 task-resume id=4 reason=scheduler
[machine.1]      1125000 task-yield id=4 reason=RtosPortYield
[machine.1]      1125000 user-u32 "can_recv" = 0
[machine.1]      1125000 task-resume id=6 reason=scheduler
[machine.1]      1125000 task-yield id=6 reason=RtosPortYield
[machine.1]      1125000 user-u32 "can_frame_proc" = 368
[machine.1]      1125000 task-resume id=4 reason=scheduler
[machine.1]      1125000 task-yield id=4 reason=RtosPortYield
[machine.1]      1125000 user-u32 "can_recv" = 0
[machine.1]      1125000 task-resume id=2 reason=scheduler
[machine.1]      1125000 task-yield id=2 reason=Idle
[machine.1]      1130000 task-resume id=4 reason=scheduler
[machine.1]      1130000 task-yield id=4 reason=RtosPortYield
[machine.1]      1130000 user-u32 "can_recv" = 0
[machine.1]      1130000 task-resume id=1 reason=scheduler
[machine.1]      1130000 task-yield id=1 reason=RtosPortYield
[machine.1]      1130000 task-resume id=2 reason=scheduler
[machine.1]      1130000 task-yield id=2 reason=Idle
[machine.1]      1135000 task-resume id=4 reason=scheduler
[machine.1]      1135000 task-yield id=4 reason=RtosPortYield
[machine.1]      1135000 user-u32 "can_recv" = 0
[machine.1]      1135000 task-resume id=6 reason=scheduler
[machine.1]      1135000 task-yield id=6 reason=RtosPortYield
[machine.1]      1135000 user-u32 "can_frame_proc" = 369
[machine.1]      1135000 task-resume id=4 reason=scheduler
[machine.1]      1135000 task-yield id=4 reason=RtosPortYield
[machine.1]      1135000 user-u32 "can_recv" = 0
[machine.1]      1135000 task-resume id=6 reason=scheduler
[machine.1]      1135000 task-yield id=6 reason=RtosPortYield
[machine.1]      1135000 user-u32 "can_frame_proc" = 370
[machine.1]      1135000 task-resume id=4 reason=scheduler
[machine.1]      1135000 task-yield id=4 reason=RtosPortYield
[machine.1]      1135000 user-u32 "can_recv" = 0
[machine.1]      1135000 task-resume id=6 reason=scheduler
[machine.1]      1135000 task-yield id=6 reason=RtosPortYield
[machine.1]      1135000 user-u32 "can_frame_proc" = 371
[machine.1]      1135000 task-resume id=4 reason=scheduler
[machine.1]      1135000 task-yield id=4 reason=RtosPortYield
[machine.1]      1135000 user-u32 "can_recv" = 0
[machine.1]      1135000 task-resume id=2 reason=scheduler
[machine.1]      1135000 task-yield id=2 reason=Idle
[machine.1]      1140000 task-resume id=4 reason=scheduler
[machine.1]      1140000 task-yield id=4 reason=RtosPortYield
[machine.1]      1140000 user-u32 "can_recv" = 0
[machine.1]      1140000 task-resume id=1 reason=scheduler
[machine.1]      1140000 task-yield id=1 reason=RtosPortYield
[machine.1]      1140000 task-resume id=2 reason=scheduler
[machine.1]      1140000 task-yield id=2 reason=Idle
[machine.1]      1145000 task-resume id=4 reason=scheduler
[machine.1]      1145000 task-yield id=4 reason=RtosPortYield
[machine.1]      1145000 user-u32 "can_recv" = 0
[machine.1]      1145000 task-resume id=6 reason=scheduler
[machine.1]      1145000 task-yield id=6 reason=RtosPortYield
[machine.1]      1145000 user-u32 "can_frame_proc" = 372
[machine.1]      1145000 task-resume id=4 reason=scheduler
[machine.1]      1145000 task-yield id=4 reason=RtosPortYield
[machine.1]      1145000 user-u32 "can_recv" = 0
[machine.1]      1145000 task-resume id=6 reason=scheduler
[machine.1]      1145000 task-yield id=6 reason=RtosPortYield
[machine.1]      1145000 user-u32 "can_frame_proc" = 373
[machine.1]      1145000 task-resume id=4 reason=scheduler
[machine.1]      1145000 task-yield id=4 reason=RtosPortYield
[machine.1]      1145000 user-u32 "can_recv" = 0
[machine.1]      1145000 task-resume id=6 reason=scheduler
[machine.1]      1145000 task-yield id=6 reason=RtosPortYield
[machine.1]      1145000 user-u32 "can_frame_proc" = 374
[machine.1]      1145000 task-resume id=4 reason=scheduler
[machine.1]      1145000 task-yield id=4 reason=RtosPortYield
[machine.1]      1145000 user-u32 "can_recv" = 0
[machine.1]      1145000 task-resume id=2 reason=scheduler
[machine.1]      1145000 task-yield id=2 reason=Idle
[machine.1]      1150000 task-resume id=4 reason=scheduler
[machine.1]      1150000 task-yield id=4 reason=RtosPortYield
[machine.1]      1150000 user-u32 "can_recv" = 0
[machine.1]      1150000 task-resume id=1 reason=scheduler
[machine.1]      1150000 task-yield id=1 reason=RtosPortYield
[machine.1]      1150000 user-u32 "can_send" = 0
[machine.1]      1150000 task-resume id=2 reason=scheduler
[machine.1]      1150000 task-yield id=2 reason=Idle
[machine.1]      1155000 task-resume id=4 reason=scheduler
[machine.1]      1155000 task-yield id=4 reason=RtosPortYield
[machine.1]      1155000 user-u32 "can_recv" = 0
[machine.1]      1155000 task-resume id=6 reason=scheduler
[machine.1]      1155000 task-yield id=6 reason=RtosPortYield
[machine.1]      1155000 user-u32 "can_frame_proc" = 375
[machine.1]      1155000 task-resume id=4 reason=scheduler
[machine.1]      1155000 task-yield id=4 reason=RtosPortYield
[machine.1]      1155000 user-u32 "can_recv" = 0
[machine.1]      1155000 task-resume id=6 reason=scheduler
[machine.1]      1155000 task-yield id=6 reason=RtosPortYield
[machine.1]      1155000 user-u32 "can_frame_proc" = 376
[machine.1]      1155000 task-resume id=4 reason=scheduler
[machine.1]      1155000 task-yield id=4 reason=RtosPortYield
[machine.1]      1155000 user-u32 "can_recv" = 0
[machine.1]      1155000 task-resume id=6 reason=scheduler
[machine.1]      1155000 task-yield id=6 reason=RtosPortYield
[machine.1]      1155000 user-u32 "can_frame_proc" = 377
[machine.1]      1155000 task-resume id=4 reason=scheduler
[machine.1]      1155000 task-yield id=4 reason=RtosPortYield
[machine.1]      1155000 user-u32 "can_recv" = 0
[machine.1]      1155000 task-resume id=2 reason=scheduler
[machine.1]      1155000 task-yield id=2 reason=Idle
[machine.1]      1160000 task-resume id=4 reason=scheduler
[machine.1]      1160000 task-yield id=4 reason=RtosPortYield
[machine.1]      1160000 user-u32 "can_recv" = 0
[machine.1]      1160000 task-resume id=1 reason=scheduler
[machine.1]      1160000 task-yield id=1 reason=RtosPortYield
[machine.1]      1160000 task-resume id=2 reason=scheduler
[machine.1]      1160000 task-yield id=2 reason=Idle
[machine.1]      1165000 task-resume id=4 reason=scheduler
[machine.1]      1165000 task-yield id=4 reason=RtosPortYield
[machine.1]      1165000 user-u32 "can_recv" = 0
[machine.1]      1165000 task-resume id=6 reason=scheduler
[machine.1]      1165000 task-yield id=6 reason=RtosPortYield
[machine.1]      1165000 user-u32 "can_frame_proc" = 378
[machine.1]      1165000 task-resume id=4 reason=scheduler
[machine.1]      1165000 task-yield id=4 reason=RtosPortYield
[machine.1]      1165000 user-u32 "can_recv" = 0
[machine.1]      1165000 task-resume id=6 reason=scheduler
[machine.1]      1165000 task-yield id=6 reason=RtosPortYield
[machine.1]      1165000 user-u32 "can_frame_proc" = 379
[machine.1]      1165000 task-resume id=4 reason=scheduler
[machine.1]      1165000 task-yield id=4 reason=RtosPortYield
[machine.1]      1165000 user-u32 "can_recv" = 0
[machine.1]      1165000 task-resume id=6 reason=scheduler
[machine.1]      1165000 task-yield id=6 reason=RtosPortYield
[machine.1]      1165000 user-u32 "can_frame_proc" = 380
[machine.1]      1165000 task-resume id=4 reason=scheduler
[machine.1]      1165000 task-yield id=4 reason=RtosPortYield
[machine.1]      1165000 user-u32 "can_recv" = 0
[machine.1]      1165000 task-resume id=2 reason=scheduler
[machine.1]      1165000 task-yield id=2 reason=Idle
[machine.1]      1170000 task-resume id=4 reason=scheduler
[machine.1]      1170000 task-yield id=4 reason=RtosPortYield
[machine.1]      1170000 user-u32 "can_recv" = 0
[machine.1]      1170000 task-resume id=1 reason=scheduler
[machine.1]      1170000 task-yield id=1 reason=RtosPortYield
[machine.1]      1170000 task-resume id=2 reason=scheduler
[machine.1]      1170000 task-yield id=2 reason=Idle
[machine.1]      1175000 task-resume id=4 reason=scheduler
[machine.1]      1175000 task-yield id=4 reason=RtosPortYield
[machine.1]      1175000 user-u32 "can_recv" = 0
[machine.1]      1175000 task-resume id=6 reason=scheduler
[machine.1]      1175000 task-yield id=6 reason=RtosPortYield
[machine.1]      1175000 user-u32 "can_frame_proc" = 381
[machine.1]      1175000 task-resume id=4 reason=scheduler
[machine.1]      1175000 task-yield id=4 reason=RtosPortYield
[machine.1]      1175000 user-u32 "can_recv" = 0
[machine.1]      1175000 task-resume id=6 reason=scheduler
[machine.1]      1175000 task-yield id=6 reason=RtosPortYield
[machine.1]      1175000 user-u32 "can_frame_proc" = 382
[machine.1]      1175000 task-resume id=4 reason=scheduler
[machine.1]      1175000 task-yield id=4 reason=RtosPortYield
[machine.1]      1175000 user-u32 "can_recv" = 0
[machine.1]      1175000 task-resume id=6 reason=scheduler
[machine.1]      1175000 task-yield id=6 reason=RtosPortYield
[machine.1]      1175000 user-u32 "can_frame_proc" = 383
[machine.1]      1175000 task-resume id=4 reason=scheduler
[machine.1]      1175000 task-yield id=4 reason=RtosPortYield
[machine.1]      1175000 user-u32 "can_recv" = 0
[machine.1]      1175000 task-resume id=2 reason=scheduler
[machine.1]      1175000 task-yield id=2 reason=Idle
[machine.1]      1180000 task-resume id=4 reason=scheduler
[machine.1]      1180000 task-yield id=4 reason=RtosPortYield
[machine.1]      1180000 user-u32 "can_recv" = 0
[machine.1]      1180000 task-resume id=1 reason=scheduler
[machine.1]      1180000 task-yield id=1 reason=RtosPortYield
[machine.1]      1180000 task-resume id=2 reason=scheduler
[machine.1]      1180000 task-yield id=2 reason=Idle
[machine.1]      1185000 task-resume id=4 reason=scheduler
[machine.1]      1185000 task-yield id=4 reason=RtosPortYield
[machine.1]      1185000 user-u32 "can_recv" = 0
[machine.1]      1185000 task-resume id=6 reason=scheduler
[machine.1]      1185000 task-yield id=6 reason=RtosPortYield
[machine.1]      1185000 user-u32 "can_frame_proc" = 384
[machine.1]      1185000 task-resume id=4 reason=scheduler
[machine.1]      1185000 task-yield id=4 reason=RtosPortYield
[machine.1]      1185000 user-u32 "can_recv" = 0
[machine.1]      1185000 task-resume id=6 reason=scheduler
[machine.1]      1185000 task-yield id=6 reason=RtosPortYield
[machine.1]      1185000 user-u32 "can_frame_proc" = 385
[machine.1]      1185000 task-resume id=4 reason=scheduler
[machine.1]      1185000 task-yield id=4 reason=RtosPortYield
[machine.1]      1185000 user-u32 "can_recv" = 0
[machine.1]      1185000 task-resume id=6 reason=scheduler
[machine.1]      1185000 task-yield id=6 reason=RtosPortYield
[machine.1]      1185000 user-u32 "can_frame_proc" = 386
[machine.1]      1185000 task-resume id=4 reason=scheduler
[machine.1]      1185000 task-yield id=4 reason=RtosPortYield
[machine.1]      1185000 user-u32 "can_recv" = 0
[machine.1]      1185000 task-resume id=2 reason=scheduler
[machine.1]      1185000 task-yield id=2 reason=Idle
[machine.1]      1190000 task-resume id=4 reason=scheduler
[machine.1]      1190000 task-yield id=4 reason=RtosPortYield
[machine.1]      1190000 user-u32 "can_recv" = 0
[machine.1]      1190000 task-resume id=1 reason=scheduler
[machine.1]      1190000 task-yield id=1 reason=RtosPortYield
[machine.1]      1190000 task-resume id=2 reason=scheduler
[machine.1]      1190000 task-yield id=2 reason=Idle
[machine.1]      1195000 task-resume id=4 reason=scheduler
[machine.1]      1195000 task-yield id=4 reason=RtosPortYield
[machine.1]      1195000 user-u32 "can_recv" = 0
[machine.1]      1195000 task-resume id=6 reason=scheduler
[machine.1]      1195000 task-yield id=6 reason=RtosPortYield
[machine.1]      1195000 user-u32 "can_frame_proc" = 387
[machine.1]      1195000 task-resume id=4 reason=scheduler
[machine.1]      1195000 task-yield id=4 reason=RtosPortYield
[machine.1]      1195000 user-u32 "can_recv" = 0
[machine.1]      1195000 task-resume id=6 reason=scheduler
[machine.1]      1195000 task-yield id=6 reason=RtosPortYield
[machine.1]      1195000 user-u32 "can_frame_proc" = 388
[machine.1]      1195000 task-resume id=4 reason=scheduler
[machine.1]      1195000 task-yield id=4 reason=RtosPortYield
[machine.1]      1195000 user-u32 "can_recv" = 0
[machine.1]      1195000 task-resume id=6 reason=scheduler
[machine.1]      1195000 task-yield id=6 reason=RtosPortYield
[machine.1]      1195000 user-u32 "can_frame_proc" = 389
[machine.1]      1195000 task-resume id=4 reason=scheduler
[machine.1]      1195000 task-yield id=4 reason=RtosPortYield
[machine.1]      1195000 user-u32 "can_recv" = 0
[machine.1]      1195000 task-resume id=2 reason=scheduler
[machine.1]      1195000 task-yield id=2 reason=Idle
[machine.1]      1200000 task-resume id=4 reason=scheduler
[machine.1]      1200000 task-yield id=4 reason=RtosPortYield
[machine.1]      1200000 user-u32 "can_recv" = 0
[machine.1]      1200000 task-resume id=1 reason=scheduler
[machine.1]      1200000 task-yield id=1 reason=RtosPortYield
[machine.1]      1200000 user-u32 "can_send" = 0
[machine.1]      1200000 user-u32 "can_send" = 0
[machine.1]      1200000 task-resume id=5 reason=scheduler
[machine.1]      1200000 task-yield id=5 reason=RtosPortYield
[machine.1]      1200000 user-u32 "fault_aggregate" = 0
[machine.1]      1200000 task-resume id=2 reason=scheduler
[machine.1]      1200000 task-yield id=2 reason=Idle
[machine.1]      1205000 task-resume id=4 reason=scheduler
[machine.1]      1205000 task-yield id=4 reason=RtosPortYield
[machine.1]      1205000 user-u32 "can_recv" = 0
[machine.1]      1205000 task-resume id=6 reason=scheduler
[machine.1]      1205000 task-yield id=6 reason=RtosPortYield
[machine.1]      1205000 user-u32 "can_frame_proc" = 390
[machine.1]      1205000 task-resume id=4 reason=scheduler
[machine.1]      1205000 task-yield id=4 reason=RtosPortYield
[machine.1]      1205000 user-u32 "can_recv" = 0
[machine.1]      1205000 task-resume id=6 reason=scheduler
[machine.1]      1205000 task-yield id=6 reason=RtosPortYield
[machine.1]      1205000 user-u32 "can_frame_proc" = 391
[machine.1]      1205000 task-resume id=4 reason=scheduler
[machine.1]      1205000 task-yield id=4 reason=RtosPortYield
[machine.1]      1205000 user-u32 "can_recv" = 0
[machine.1]      1205000 task-resume id=6 reason=scheduler
[machine.1]      1205000 task-yield id=6 reason=RtosPortYield
[machine.1]      1205000 user-u32 "can_frame_proc" = 392
[machine.1]      1205000 task-resume id=4 reason=scheduler
[machine.1]      1205000 task-yield id=4 reason=RtosPortYield
[machine.1]      1205000 user-u32 "can_recv" = 0
[machine.1]      1205000 task-resume id=6 reason=scheduler
[machine.1]      1205000 task-yield id=6 reason=RtosPortYield
[machine.1]      1205000 user-u32 "can_frame_proc" = 393
[machine.1]      1205000 task-resume id=4 reason=scheduler
[machine.1]      1205000 task-yield id=4 reason=RtosPortYield
[machine.1]      1205000 user-u32 "can_recv" = 0
[machine.1]      1205000 task-resume id=2 reason=scheduler
[machine.1]      1205000 task-yield id=2 reason=Idle
[machine.1]      1210000 task-resume id=4 reason=scheduler
[machine.1]      1210000 task-yield id=4 reason=RtosPortYield
[machine.1]      1210000 user-u32 "can_recv" = 0
[machine.1]      1210000 task-resume id=1 reason=scheduler
[machine.1]      1210000 task-yield id=1 reason=RtosPortYield
[machine.1]      1210000 task-resume id=2 reason=scheduler
[machine.1]      1210000 task-yield id=2 reason=Idle
[machine.1]      1215000 task-resume id=4 reason=scheduler
[machine.1]      1215000 task-yield id=4 reason=RtosPortYield
[machine.1]      1215000 user-u32 "can_recv" = 0
[machine.1]      1215000 task-resume id=6 reason=scheduler
[machine.1]      1215000 task-yield id=6 reason=RtosPortYield
[machine.1]      1215000 user-u32 "can_frame_proc" = 394
[machine.1]      1215000 task-resume id=4 reason=scheduler
[machine.1]      1215000 task-yield id=4 reason=RtosPortYield
[machine.1]      1215000 user-u32 "can_recv" = 0
[machine.1]      1215000 task-resume id=6 reason=scheduler
[machine.1]      1215000 task-yield id=6 reason=RtosPortYield
[machine.1]      1215000 user-u32 "can_frame_proc" = 395
[machine.1]      1215000 task-resume id=4 reason=scheduler
[machine.1]      1215000 task-yield id=4 reason=RtosPortYield
[machine.1]      1215000 user-u32 "can_recv" = 0
[machine.1]      1215000 task-resume id=6 reason=scheduler
[machine.1]      1215000 task-yield id=6 reason=RtosPortYield
[machine.1]      1215000 user-u32 "can_frame_proc" = 396
[machine.1]      1215000 task-resume id=4 reason=scheduler
[machine.1]      1215000 task-yield id=4 reason=RtosPortYield
[machine.1]      1215000 user-u32 "can_recv" = 0
[machine.1]      1215000 task-resume id=2 reason=scheduler
[machine.1]      1215000 task-yield id=2 reason=Idle
[machine.1]      1220000 task-resume id=4 reason=scheduler
[machine.1]      1220000 task-yield id=4 reason=RtosPortYield
[machine.1]      1220000 user-u32 "can_recv" = 0
[machine.1]      1220000 task-resume id=1 reason=scheduler
[machine.1]      1220000 task-yield id=1 reason=RtosPortYield
[machine.1]      1220000 task-resume id=2 reason=scheduler
[machine.1]      1220000 task-yield id=2 reason=Idle
[machine.1]      1225000 task-resume id=4 reason=scheduler
[machine.1]      1225000 task-yield id=4 reason=RtosPortYield
[machine.1]      1225000 user-u32 "can_recv" = 0
[machine.1]      1225000 task-resume id=6 reason=scheduler
[machine.1]      1225000 task-yield id=6 reason=RtosPortYield
[machine.1]      1225000 user-u32 "can_frame_proc" = 397
[machine.1]      1225000 task-resume id=4 reason=scheduler
[machine.1]      1225000 task-yield id=4 reason=RtosPortYield
[machine.1]      1225000 user-u32 "can_recv" = 0
[machine.1]      1225000 task-resume id=6 reason=scheduler
[machine.1]      1225000 task-yield id=6 reason=RtosPortYield
[machine.1]      1225000 user-u32 "can_frame_proc" = 398
[machine.1]      1225000 task-resume id=4 reason=scheduler
[machine.1]      1225000 task-yield id=4 reason=RtosPortYield
[machine.1]      1225000 user-u32 "can_recv" = 0
[machine.1]      1225000 task-resume id=6 reason=scheduler
[machine.1]      1225000 task-yield id=6 reason=RtosPortYield
[machine.1]      1225000 user-u32 "can_frame_proc" = 399
[machine.1]      1225000 task-resume id=4 reason=scheduler
[machine.1]      1225000 task-yield id=4 reason=RtosPortYield
[machine.1]      1225000 user-u32 "can_recv" = 0
[machine.1]      1225000 task-resume id=2 reason=scheduler
[machine.1]      1225000 task-yield id=2 reason=Idle
[machine.1]      1230000 task-resume id=4 reason=scheduler
[machine.1]      1230000 task-yield id=4 reason=RtosPortYield
[machine.1]      1230000 user-u32 "can_recv" = 0
[machine.1]      1230000 task-resume id=1 reason=scheduler
[machine.1]      1230000 task-yield id=1 reason=RtosPortYield
[machine.1]      1230000 task-resume id=2 reason=scheduler
[machine.1]      1230000 task-yield id=2 reason=Idle
[machine.1]      1235000 task-resume id=4 reason=scheduler
[machine.1]      1235000 task-yield id=4 reason=RtosPortYield
[machine.1]      1235000 user-u32 "can_recv" = 0
[machine.1]      1235000 task-resume id=6 reason=scheduler
[machine.1]      1235000 task-yield id=6 reason=RtosPortYield
[machine.1]      1235000 user-u32 "can_frame_proc" = 400
[machine.1]      1235000 task-resume id=4 reason=scheduler
[machine.1]      1235000 task-yield id=4 reason=RtosPortYield
[machine.1]      1235000 user-u32 "can_recv" = 0
[machine.1]      1235000 task-resume id=6 reason=scheduler
[machine.1]      1235000 task-yield id=6 reason=RtosPortYield
[machine.1]      1235000 user-u32 "can_frame_proc" = 401
[machine.1]      1235000 task-resume id=4 reason=scheduler
[machine.1]      1235000 task-yield id=4 reason=RtosPortYield
[machine.1]      1235000 user-u32 "can_recv" = 0
[machine.1]      1235000 task-resume id=6 reason=scheduler
[machine.1]      1235000 task-yield id=6 reason=RtosPortYield
[machine.1]      1235000 user-u32 "can_frame_proc" = 402
[machine.1]      1235000 task-resume id=4 reason=scheduler
[machine.1]      1235000 task-yield id=4 reason=RtosPortYield
[machine.1]      1235000 user-u32 "can_recv" = 0
[machine.1]      1235000 task-resume id=2 reason=scheduler
[machine.1]      1235000 task-yield id=2 reason=Idle
[machine.1]      1240000 task-resume id=4 reason=scheduler
[machine.1]      1240000 task-yield id=4 reason=RtosPortYield
[machine.1]      1240000 user-u32 "can_recv" = 0
[machine.1]      1240000 task-resume id=1 reason=scheduler
[machine.1]      1240000 task-yield id=1 reason=RtosPortYield
[machine.1]      1240000 task-resume id=2 reason=scheduler
[machine.1]      1240000 task-yield id=2 reason=Idle
[machine.1]      1245000 task-resume id=4 reason=scheduler
[machine.1]      1245000 task-yield id=4 reason=RtosPortYield
[machine.1]      1245000 user-u32 "can_recv" = 0
[machine.1]      1245000 task-resume id=6 reason=scheduler
[machine.1]      1245000 task-yield id=6 reason=RtosPortYield
[machine.1]      1245000 user-u32 "can_frame_proc" = 403
[machine.1]      1245000 task-resume id=4 reason=scheduler
[machine.1]      1245000 task-yield id=4 reason=RtosPortYield
[machine.1]      1245000 user-u32 "can_recv" = 0
[machine.1]      1245000 task-resume id=6 reason=scheduler
[machine.1]      1245000 task-yield id=6 reason=RtosPortYield
[machine.1]      1245000 user-u32 "can_frame_proc" = 404
[machine.1]      1245000 task-resume id=4 reason=scheduler
[machine.1]      1245000 task-yield id=4 reason=RtosPortYield
[machine.1]      1245000 user-u32 "can_recv" = 0
[machine.1]      1245000 task-resume id=6 reason=scheduler
[machine.1]      1245000 task-yield id=6 reason=RtosPortYield
[machine.1]      1245000 user-u32 "can_frame_proc" = 405
[machine.1]      1245000 task-resume id=4 reason=scheduler
[machine.1]      1245000 task-yield id=4 reason=RtosPortYield
[machine.1]      1245000 user-u32 "can_recv" = 0
[machine.1]      1245000 task-resume id=2 reason=scheduler
[machine.1]      1245000 task-yield id=2 reason=Idle
[machine.1]      1250000 task-resume id=4 reason=scheduler
[machine.1]      1250000 task-yield id=4 reason=RtosPortYield
[machine.1]      1250000 user-u32 "can_recv" = 0
[machine.1]      1250000 task-resume id=1 reason=scheduler
[machine.1]      1250000 task-yield id=1 reason=RtosPortYield
[machine.1]      1250000 user-u32 "can_send" = 0
[machine.1]      1250000 task-resume id=2 reason=scheduler
[machine.1]      1250000 task-yield id=2 reason=Idle
[machine.1]      1255000 task-resume id=4 reason=scheduler
[machine.1]      1255000 task-yield id=4 reason=RtosPortYield
[machine.1]      1255000 user-u32 "can_recv" = 0
[machine.1]      1255000 task-resume id=6 reason=scheduler
[machine.1]      1255000 task-yield id=6 reason=RtosPortYield
[machine.1]      1255000 user-u32 "can_frame_proc" = 406
[machine.1]      1255000 task-resume id=4 reason=scheduler
[machine.1]      1255000 task-yield id=4 reason=RtosPortYield
[machine.1]      1255000 user-u32 "can_recv" = 0
[machine.1]      1255000 task-resume id=6 reason=scheduler
[machine.1]      1255000 task-yield id=6 reason=RtosPortYield
[machine.1]      1255000 user-u32 "can_frame_proc" = 407
[machine.1]      1255000 task-resume id=4 reason=scheduler
[machine.1]      1255000 task-yield id=4 reason=RtosPortYield
[machine.1]      1255000 user-u32 "can_recv" = 0
[machine.1]      1255000 task-resume id=6 reason=scheduler
[machine.1]      1255000 task-yield id=6 reason=RtosPortYield
[machine.1]      1255000 user-u32 "can_frame_proc" = 408
[machine.1]      1255000 task-resume id=4 reason=scheduler
[machine.1]      1255000 task-yield id=4 reason=RtosPortYield
[machine.1]      1255000 user-u32 "can_recv" = 0
[machine.1]      1255000 task-resume id=2 reason=scheduler
[machine.1]      1255000 task-yield id=2 reason=Idle
[machine.1]      1260000 task-resume id=4 reason=scheduler
[machine.1]      1260000 task-yield id=4 reason=RtosPortYield
[machine.1]      1260000 user-u32 "can_recv" = 0
[machine.1]      1260000 task-resume id=1 reason=scheduler
[machine.1]      1260000 task-yield id=1 reason=RtosPortYield
[machine.1]      1260000 task-resume id=2 reason=scheduler
[machine.1]      1260000 task-yield id=2 reason=Idle
[machine.1]      1265000 task-resume id=4 reason=scheduler
[machine.1]      1265000 task-yield id=4 reason=RtosPortYield
[machine.1]      1265000 user-u32 "can_recv" = 0
[machine.1]      1265000 task-resume id=6 reason=scheduler
[machine.1]      1265000 task-yield id=6 reason=RtosPortYield
[machine.1]      1265000 user-u32 "can_frame_proc" = 409
[machine.1]      1265000 task-resume id=4 reason=scheduler
[machine.1]      1265000 task-yield id=4 reason=RtosPortYield
[machine.1]      1265000 user-u32 "can_recv" = 0
[machine.1]      1265000 task-resume id=6 reason=scheduler
[machine.1]      1265000 task-yield id=6 reason=RtosPortYield
[machine.1]      1265000 user-u32 "can_frame_proc" = 410
[machine.1]      1265000 task-resume id=4 reason=scheduler
[machine.1]      1265000 task-yield id=4 reason=RtosPortYield
[machine.1]      1265000 user-u32 "can_recv" = 0
[machine.1]      1265000 task-resume id=6 reason=scheduler
[machine.1]      1265000 task-yield id=6 reason=RtosPortYield
[machine.1]      1265000 user-u32 "can_frame_proc" = 411
[machine.1]      1265000 task-resume id=4 reason=scheduler
[machine.1]      1265000 task-yield id=4 reason=RtosPortYield
[machine.1]      1265000 user-u32 "can_recv" = 0
[machine.1]      1265000 task-resume id=2 reason=scheduler
[machine.1]      1265000 task-yield id=2 reason=Idle
[machine.1]      1270000 task-resume id=4 reason=scheduler
[machine.1]      1270000 task-yield id=4 reason=RtosPortYield
[machine.1]      1270000 user-u32 "can_recv" = 0
[machine.1]      1270000 task-resume id=1 reason=scheduler
[machine.1]      1270000 task-yield id=1 reason=RtosPortYield
[machine.1]      1270000 task-resume id=2 reason=scheduler
[machine.1]      1270000 task-yield id=2 reason=Idle
[machine.1]      1275000 task-resume id=4 reason=scheduler
[machine.1]      1275000 task-yield id=4 reason=RtosPortYield
[machine.1]      1275000 user-u32 "can_recv" = 0
[machine.1]      1275000 task-resume id=6 reason=scheduler
[machine.1]      1275000 task-yield id=6 reason=RtosPortYield
[machine.1]      1275000 user-u32 "can_frame_proc" = 412
[machine.1]      1275000 task-resume id=4 reason=scheduler
[machine.1]      1275000 task-yield id=4 reason=RtosPortYield
[machine.1]      1275000 user-u32 "can_recv" = 0
[machine.1]      1275000 task-resume id=6 reason=scheduler
[machine.1]      1275000 task-yield id=6 reason=RtosPortYield
[machine.1]      1275000 user-u32 "can_frame_proc" = 413
[machine.1]      1275000 task-resume id=4 reason=scheduler
[machine.1]      1275000 task-yield id=4 reason=RtosPortYield
[machine.1]      1275000 user-u32 "can_recv" = 0
[machine.1]      1275000 task-resume id=6 reason=scheduler
[machine.1]      1275000 task-yield id=6 reason=RtosPortYield
[machine.1]      1275000 user-u32 "can_frame_proc" = 414
[machine.1]      1275000 task-resume id=4 reason=scheduler
[machine.1]      1275000 task-yield id=4 reason=RtosPortYield
[machine.1]      1275000 user-u32 "can_recv" = 0
[machine.1]      1275000 task-resume id=2 reason=scheduler
[machine.1]      1275000 task-yield id=2 reason=Idle
[machine.1]      1280000 task-resume id=4 reason=scheduler
[machine.1]      1280000 task-yield id=4 reason=RtosPortYield
[machine.1]      1280000 user-u32 "can_recv" = 0
[machine.1]      1280000 task-resume id=1 reason=scheduler
[machine.1]      1280000 task-yield id=1 reason=RtosPortYield
[machine.1]      1280000 task-resume id=2 reason=scheduler
[machine.1]      1280000 task-yield id=2 reason=Idle
[machine.1]      1285000 task-resume id=4 reason=scheduler
[machine.1]      1285000 task-yield id=4 reason=RtosPortYield
[machine.1]      1285000 user-u32 "can_recv" = 0
[machine.1]      1285000 task-resume id=6 reason=scheduler
[machine.1]      1285000 task-yield id=6 reason=RtosPortYield
[machine.1]      1285000 user-u32 "can_frame_proc" = 415
[machine.1]      1285000 task-resume id=4 reason=scheduler
[machine.1]      1285000 task-yield id=4 reason=RtosPortYield
[machine.1]      1285000 user-u32 "can_recv" = 0
[machine.1]      1285000 task-resume id=6 reason=scheduler
[machine.1]      1285000 task-yield id=6 reason=RtosPortYield
[machine.1]      1285000 user-u32 "can_frame_proc" = 416
[machine.1]      1285000 task-resume id=4 reason=scheduler
[machine.1]      1285000 task-yield id=4 reason=RtosPortYield
[machine.1]      1285000 user-u32 "can_recv" = 0
[machine.1]      1285000 task-resume id=6 reason=scheduler
[machine.1]      1285000 task-yield id=6 reason=RtosPortYield
[machine.1]      1285000 user-u32 "can_frame_proc" = 417
[machine.1]      1285000 task-resume id=4 reason=scheduler
[machine.1]      1285000 task-yield id=4 reason=RtosPortYield
[machine.1]      1285000 user-u32 "can_recv" = 0
[machine.1]      1285000 task-resume id=2 reason=scheduler
[machine.1]      1285000 task-yield id=2 reason=Idle
[machine.1]      1290000 task-resume id=4 reason=scheduler
[machine.1]      1290000 task-yield id=4 reason=RtosPortYield
[machine.1]      1290000 user-u32 "can_recv" = 0
[machine.1]      1290000 task-resume id=1 reason=scheduler
[machine.1]      1290000 task-yield id=1 reason=RtosPortYield
[machine.1]      1290000 task-resume id=2 reason=scheduler
[machine.1]      1290000 task-yield id=2 reason=Idle
[machine.1]      1295000 task-resume id=4 reason=scheduler
[machine.1]      1295000 task-yield id=4 reason=RtosPortYield
[machine.1]      1295000 user-u32 "can_recv" = 0
[machine.1]      1295000 task-resume id=6 reason=scheduler
[machine.1]      1295000 task-yield id=6 reason=RtosPortYield
[machine.1]      1295000 user-u32 "can_frame_proc" = 418
[machine.1]      1295000 task-resume id=4 reason=scheduler
[machine.1]      1295000 task-yield id=4 reason=RtosPortYield
[machine.1]      1295000 user-u32 "can_recv" = 0
[machine.1]      1295000 task-resume id=6 reason=scheduler
[machine.1]      1295000 task-yield id=6 reason=RtosPortYield
[machine.1]      1295000 user-u32 "can_frame_proc" = 419
[machine.1]      1295000 task-resume id=4 reason=scheduler
[machine.1]      1295000 task-yield id=4 reason=RtosPortYield
[machine.1]      1295000 user-u32 "can_recv" = 0
[machine.1]      1295000 task-resume id=6 reason=scheduler
[machine.1]      1295000 task-yield id=6 reason=RtosPortYield
[machine.1]      1295000 user-u32 "can_frame_proc" = 420
[machine.1]      1295000 task-resume id=4 reason=scheduler
[machine.1]      1295000 task-yield id=4 reason=RtosPortYield
[machine.1]      1295000 user-u32 "can_recv" = 0
[machine.1]      1295000 task-resume id=2 reason=scheduler
[machine.1]      1295000 task-yield id=2 reason=Idle
[machine.1]      1300000 task-resume id=4 reason=scheduler
[machine.1]      1300000 task-yield id=4 reason=RtosPortYield
[machine.1]      1300000 user-u32 "can_recv" = 0
[machine.1]      1300000 task-resume id=1 reason=scheduler
[machine.1]      1300000 task-yield id=1 reason=RtosPortYield
[machine.1]      1300000 user-u32 "can_send" = 0
[machine.1]      1300000 user-u32 "can_send" = 0
[machine.1]      1300000 task-resume id=5 reason=scheduler
[machine.1]      1300000 task-yield id=5 reason=RtosPortYield
[machine.1]      1300000 user-u32 "fault_aggregate" = 0
[machine.1]      1300000 task-resume id=2 reason=scheduler
[machine.1]      1300000 task-yield id=2 reason=Idle
[machine.1]      1305000 task-resume id=4 reason=scheduler
[machine.1]      1305000 task-yield id=4 reason=RtosPortYield
[machine.1]      1305000 user-u32 "can_recv" = 0
[machine.1]      1305000 task-resume id=6 reason=scheduler
[machine.1]      1305000 task-yield id=6 reason=RtosPortYield
[machine.1]      1305000 user-u32 "can_frame_proc" = 421
[machine.1]      1305000 task-resume id=4 reason=scheduler
[machine.1]      1305000 task-yield id=4 reason=RtosPortYield
[machine.1]      1305000 user-u32 "can_recv" = 0
[machine.1]      1305000 task-resume id=6 reason=scheduler
[machine.1]      1305000 task-yield id=6 reason=RtosPortYield
[machine.1]      1305000 user-u32 "can_frame_proc" = 422
[machine.1]      1305000 task-resume id=4 reason=scheduler
[machine.1]      1305000 task-yield id=4 reason=RtosPortYield
[machine.1]      1305000 user-u32 "can_recv" = 0
[machine.1]      1305000 task-resume id=6 reason=scheduler
[machine.1]      1305000 task-yield id=6 reason=RtosPortYield
[machine.1]      1305000 user-u32 "can_frame_proc" = 423
[machine.1]      1305000 task-resume id=4 reason=scheduler
[machine.1]      1305000 task-yield id=4 reason=RtosPortYield
[machine.1]      1305000 user-u32 "can_recv" = 0
[machine.1]      1305000 task-resume id=6 reason=scheduler
[machine.1]      1305000 task-yield id=6 reason=RtosPortYield
[machine.1]      1305000 user-u32 "can_frame_proc" = 424
[machine.1]      1305000 task-resume id=4 reason=scheduler
[machine.1]      1305000 task-yield id=4 reason=RtosPortYield
[machine.1]      1305000 user-u32 "can_recv" = 0
[machine.1]      1305000 task-resume id=2 reason=scheduler
[machine.1]      1305000 task-yield id=2 reason=Idle
[machine.1]      1310000 task-resume id=4 reason=scheduler
[machine.1]      1310000 task-yield id=4 reason=RtosPortYield
[machine.1]      1310000 user-u32 "can_recv" = 0
[machine.1]      1310000 task-resume id=1 reason=scheduler
[machine.1]      1310000 task-yield id=1 reason=RtosPortYield
[machine.1]      1310000 task-resume id=2 reason=scheduler
[machine.1]      1310000 task-yield id=2 reason=Idle
[machine.1]      1315000 task-resume id=4 reason=scheduler
[machine.1]      1315000 task-yield id=4 reason=RtosPortYield
[machine.1]      1315000 user-u32 "can_recv" = 0
[machine.1]      1315000 task-resume id=6 reason=scheduler
[machine.1]      1315000 task-yield id=6 reason=RtosPortYield
[machine.1]      1315000 user-u32 "can_frame_proc" = 425
[machine.1]      1315000 task-resume id=4 reason=scheduler
[machine.1]      1315000 task-yield id=4 reason=RtosPortYield
[machine.1]      1315000 user-u32 "can_recv" = 0
[machine.1]      1315000 task-resume id=6 reason=scheduler
[machine.1]      1315000 task-yield id=6 reason=RtosPortYield
[machine.1]      1315000 user-u32 "can_frame_proc" = 426
[machine.1]      1315000 task-resume id=4 reason=scheduler
[machine.1]      1315000 task-yield id=4 reason=RtosPortYield
[machine.1]      1315000 user-u32 "can_recv" = 0
[machine.1]      1315000 task-resume id=6 reason=scheduler
[machine.1]      1315000 task-yield id=6 reason=RtosPortYield
[machine.1]      1315000 user-u32 "can_frame_proc" = 427
[machine.1]      1315000 task-resume id=4 reason=scheduler
[machine.1]      1315000 task-yield id=4 reason=RtosPortYield
[machine.1]      1315000 user-u32 "can_recv" = 0
[machine.1]      1315000 task-resume id=2 reason=scheduler
[machine.1]      1315000 task-yield id=2 reason=Idle
[machine.1]      1320000 task-resume id=4 reason=scheduler
[machine.1]      1320000 task-yield id=4 reason=RtosPortYield
[machine.1]      1320000 user-u32 "can_recv" = 0
[machine.1]      1320000 task-resume id=1 reason=scheduler
[machine.1]      1320000 task-yield id=1 reason=RtosPortYield
[machine.1]      1320000 task-resume id=2 reason=scheduler
[machine.1]      1320000 task-yield id=2 reason=Idle
[machine.1]      1325000 task-resume id=4 reason=scheduler
[machine.1]      1325000 task-yield id=4 reason=RtosPortYield
[machine.1]      1325000 user-u32 "can_recv" = 0
[machine.1]      1325000 task-resume id=6 reason=scheduler
[machine.1]      1325000 task-yield id=6 reason=RtosPortYield
[machine.1]      1325000 user-u32 "can_frame_proc" = 428
[machine.1]      1325000 task-resume id=4 reason=scheduler
[machine.1]      1325000 task-yield id=4 reason=RtosPortYield
[machine.1]      1325000 user-u32 "can_recv" = 0
[machine.1]      1325000 task-resume id=6 reason=scheduler
[machine.1]      1325000 task-yield id=6 reason=RtosPortYield
[machine.1]      1325000 user-u32 "can_frame_proc" = 429
[machine.1]      1325000 task-resume id=4 reason=scheduler
[machine.1]      1325000 task-yield id=4 reason=RtosPortYield
[machine.1]      1325000 user-u32 "can_recv" = 0
[machine.1]      1325000 task-resume id=6 reason=scheduler
[machine.1]      1325000 task-yield id=6 reason=RtosPortYield
[machine.1]      1325000 user-u32 "can_frame_proc" = 430
[machine.1]      1325000 task-resume id=4 reason=scheduler
[machine.1]      1325000 task-yield id=4 reason=RtosPortYield
[machine.1]      1325000 user-u32 "can_recv" = 0
[machine.1]      1325000 task-resume id=2 reason=scheduler
[machine.1]      1325000 task-yield id=2 reason=Idle
[machine.1]      1330000 task-resume id=4 reason=scheduler
[machine.1]      1330000 task-yield id=4 reason=RtosPortYield
[machine.1]      1330000 user-u32 "can_recv" = 0
[machine.1]      1330000 task-resume id=1 reason=scheduler
[machine.1]      1330000 task-yield id=1 reason=RtosPortYield
[machine.1]      1330000 task-resume id=2 reason=scheduler
[machine.1]      1330000 task-yield id=2 reason=Idle
[machine.1]      1335000 task-resume id=4 reason=scheduler
[machine.1]      1335000 task-yield id=4 reason=RtosPortYield
[machine.1]      1335000 user-u32 "can_recv" = 0
[machine.1]      1335000 task-resume id=6 reason=scheduler
[machine.1]      1335000 task-yield id=6 reason=RtosPortYield
[machine.1]      1335000 user-u32 "can_frame_proc" = 431
[machine.1]      1335000 task-resume id=4 reason=scheduler
[machine.1]      1335000 task-yield id=4 reason=RtosPortYield
[machine.1]      1335000 user-u32 "can_recv" = 0
[machine.1]      1335000 task-resume id=6 reason=scheduler
[machine.1]      1335000 task-yield id=6 reason=RtosPortYield
[machine.1]      1335000 user-u32 "can_frame_proc" = 432
[machine.1]      1335000 task-resume id=4 reason=scheduler
[machine.1]      1335000 task-yield id=4 reason=RtosPortYield
[machine.1]      1335000 user-u32 "can_recv" = 0
[machine.1]      1335000 task-resume id=6 reason=scheduler
[machine.1]      1335000 task-yield id=6 reason=RtosPortYield
[machine.1]      1335000 user-u32 "can_frame_proc" = 433
[machine.1]      1335000 task-resume id=4 reason=scheduler
[machine.1]      1335000 task-yield id=4 reason=RtosPortYield
[machine.1]      1335000 user-u32 "can_recv" = 0
[machine.1]      1335000 task-resume id=2 reason=scheduler
[machine.1]      1335000 task-yield id=2 reason=Idle
[machine.1]      1340000 task-resume id=4 reason=scheduler
[machine.1]      1340000 task-yield id=4 reason=RtosPortYield
[machine.1]      1340000 user-u32 "can_recv" = 0
[machine.1]      1340000 task-resume id=1 reason=scheduler
[machine.1]      1340000 task-yield id=1 reason=RtosPortYield
[machine.1]      1340000 task-resume id=2 reason=scheduler
[machine.1]      1340000 task-yield id=2 reason=Idle
[machine.1]      1345000 task-resume id=4 reason=scheduler
[machine.1]      1345000 task-yield id=4 reason=RtosPortYield
[machine.1]      1345000 user-u32 "can_recv" = 0
[machine.1]      1345000 task-resume id=6 reason=scheduler
[machine.1]      1345000 task-yield id=6 reason=RtosPortYield
[machine.1]      1345000 user-u32 "can_frame_proc" = 434
[machine.1]      1345000 task-resume id=4 reason=scheduler
[machine.1]      1345000 task-yield id=4 reason=RtosPortYield
[machine.1]      1345000 user-u32 "can_recv" = 0
[machine.1]      1345000 task-resume id=6 reason=scheduler
[machine.1]      1345000 task-yield id=6 reason=RtosPortYield
[machine.1]      1345000 user-u32 "can_frame_proc" = 435
[machine.1]      1345000 task-resume id=4 reason=scheduler
[machine.1]      1345000 task-yield id=4 reason=RtosPortYield
[machine.1]      1345000 user-u32 "can_recv" = 0
[machine.1]      1345000 task-resume id=6 reason=scheduler
[machine.1]      1345000 task-yield id=6 reason=RtosPortYield
[machine.1]      1345000 user-u32 "can_frame_proc" = 436
[machine.1]      1345000 task-resume id=4 reason=scheduler
[machine.1]      1345000 task-yield id=4 reason=RtosPortYield
[machine.1]      1345000 user-u32 "can_recv" = 0
[machine.1]      1345000 task-resume id=2 reason=scheduler
[machine.1]      1345000 task-yield id=2 reason=Idle
[machine.1]      1350000 task-resume id=4 reason=scheduler
[machine.1]      1350000 task-yield id=4 reason=RtosPortYield
[machine.1]      1350000 user-u32 "can_recv" = 0
[machine.1]      1350000 task-resume id=1 reason=scheduler
[machine.1]      1350000 task-yield id=1 reason=RtosPortYield
[machine.1]      1350000 user-u32 "can_send" = 0
[machine.1]      1350000 task-resume id=2 reason=scheduler
[machine.1]      1350000 task-yield id=2 reason=Idle
[machine.1]      1355000 task-resume id=4 reason=scheduler
[machine.1]      1355000 task-yield id=4 reason=RtosPortYield
[machine.1]      1355000 user-u32 "can_recv" = 0
[machine.1]      1355000 task-resume id=6 reason=scheduler
[machine.1]      1355000 task-yield id=6 reason=RtosPortYield
[machine.1]      1355000 user-u32 "can_frame_proc" = 437
[machine.1]      1355000 task-resume id=4 reason=scheduler
[machine.1]      1355000 task-yield id=4 reason=RtosPortYield
[machine.1]      1355000 user-u32 "can_recv" = 0
[machine.1]      1355000 task-resume id=6 reason=scheduler
[machine.1]      1355000 task-yield id=6 reason=RtosPortYield
[machine.1]      1355000 user-u32 "can_frame_proc" = 438
[machine.1]      1355000 task-resume id=4 reason=scheduler
[machine.1]      1355000 task-yield id=4 reason=RtosPortYield
[machine.1]      1355000 user-u32 "can_recv" = 0
[machine.1]      1355000 task-resume id=6 reason=scheduler
[machine.1]      1355000 task-yield id=6 reason=RtosPortYield
[machine.1]      1355000 user-u32 "can_frame_proc" = 439
[machine.1]      1355000 task-resume id=4 reason=scheduler
[machine.1]      1355000 task-yield id=4 reason=RtosPortYield
[machine.1]      1355000 user-u32 "can_recv" = 0
[machine.1]      1355000 task-resume id=2 reason=scheduler
[machine.1]      1355000 task-yield id=2 reason=Idle
[machine.1]      1360000 task-resume id=4 reason=scheduler
[machine.1]      1360000 task-yield id=4 reason=RtosPortYield
[machine.1]      1360000 user-u32 "can_recv" = 0
[machine.1]      1360000 task-resume id=1 reason=scheduler
[machine.1]      1360000 task-yield id=1 reason=RtosPortYield
[machine.1]      1360000 task-resume id=2 reason=scheduler
[machine.1]      1360000 task-yield id=2 reason=Idle
[machine.1]      1365000 task-resume id=4 reason=scheduler
[machine.1]      1365000 task-yield id=4 reason=RtosPortYield
[machine.1]      1365000 user-u32 "can_recv" = 0
[machine.1]      1365000 task-resume id=6 reason=scheduler
[machine.1]      1365000 task-yield id=6 reason=RtosPortYield
[machine.1]      1365000 user-u32 "can_frame_proc" = 440
[machine.1]      1365000 task-resume id=4 reason=scheduler
[machine.1]      1365000 task-yield id=4 reason=RtosPortYield
[machine.1]      1365000 user-u32 "can_recv" = 0
[machine.1]      1365000 task-resume id=6 reason=scheduler
[machine.1]      1365000 task-yield id=6 reason=RtosPortYield
[machine.1]      1365000 user-u32 "can_frame_proc" = 441
[machine.1]      1365000 task-resume id=4 reason=scheduler
[machine.1]      1365000 task-yield id=4 reason=RtosPortYield
[machine.1]      1365000 user-u32 "can_recv" = 0
[machine.1]      1365000 task-resume id=6 reason=scheduler
[machine.1]      1365000 task-yield id=6 reason=RtosPortYield
[machine.1]      1365000 user-u32 "can_frame_proc" = 442
[machine.1]      1365000 task-resume id=4 reason=scheduler
[machine.1]      1365000 task-yield id=4 reason=RtosPortYield
[machine.1]      1365000 user-u32 "can_recv" = 0
[machine.1]      1365000 task-resume id=2 reason=scheduler
[machine.1]      1365000 task-yield id=2 reason=Idle
[machine.1]      1370000 task-resume id=4 reason=scheduler
[machine.1]      1370000 task-yield id=4 reason=RtosPortYield
[machine.1]      1370000 user-u32 "can_recv" = 0
[machine.1]      1370000 task-resume id=1 reason=scheduler
[machine.1]      1370000 task-yield id=1 reason=RtosPortYield
[machine.1]      1370000 task-resume id=2 reason=scheduler
[machine.1]      1370000 task-yield id=2 reason=Idle
[machine.1]      1375000 task-resume id=4 reason=scheduler
[machine.1]      1375000 task-yield id=4 reason=RtosPortYield
[machine.1]      1375000 user-u32 "can_recv" = 0
[machine.1]      1375000 task-resume id=6 reason=scheduler
[machine.1]      1375000 task-yield id=6 reason=RtosPortYield
[machine.1]      1375000 user-u32 "can_frame_proc" = 443
[machine.1]      1375000 task-resume id=4 reason=scheduler
[machine.1]      1375000 task-yield id=4 reason=RtosPortYield
[machine.1]      1375000 user-u32 "can_recv" = 0
[machine.1]      1375000 task-resume id=6 reason=scheduler
[machine.1]      1375000 task-yield id=6 reason=RtosPortYield
[machine.1]      1375000 user-u32 "can_frame_proc" = 444
[machine.1]      1375000 task-resume id=4 reason=scheduler
[machine.1]      1375000 task-yield id=4 reason=RtosPortYield
[machine.1]      1375000 user-u32 "can_recv" = 0
[machine.1]      1375000 task-resume id=6 reason=scheduler
[machine.1]      1375000 task-yield id=6 reason=RtosPortYield
[machine.1]      1375000 user-u32 "can_frame_proc" = 445
[machine.1]      1375000 task-resume id=4 reason=scheduler
[machine.1]      1375000 task-yield id=4 reason=RtosPortYield
[machine.1]      1375000 user-u32 "can_recv" = 0
[machine.1]      1375000 task-resume id=2 reason=scheduler
[machine.1]      1375000 task-yield id=2 reason=Idle
[machine.1]      1380000 task-resume id=4 reason=scheduler
[machine.1]      1380000 task-yield id=4 reason=RtosPortYield
[machine.1]      1380000 user-u32 "can_recv" = 0
[machine.1]      1380000 task-resume id=1 reason=scheduler
[machine.1]      1380000 task-yield id=1 reason=RtosPortYield
[machine.1]      1380000 task-resume id=2 reason=scheduler
[machine.1]      1380000 task-yield id=2 reason=Idle
[machine.1]      1385000 task-resume id=4 reason=scheduler
[machine.1]      1385000 task-yield id=4 reason=RtosPortYield
[machine.1]      1385000 user-u32 "can_recv" = 0
[machine.1]      1385000 task-resume id=6 reason=scheduler
[machine.1]      1385000 task-yield id=6 reason=RtosPortYield
[machine.1]      1385000 user-u32 "can_frame_proc" = 446
[machine.1]      1385000 task-resume id=4 reason=scheduler
[machine.1]      1385000 task-yield id=4 reason=RtosPortYield
[machine.1]      1385000 user-u32 "can_recv" = 0
[machine.1]      1385000 task-resume id=6 reason=scheduler
[machine.1]      1385000 task-yield id=6 reason=RtosPortYield
[machine.1]      1385000 user-u32 "can_frame_proc" = 447
[machine.1]      1385000 task-resume id=4 reason=scheduler
[machine.1]      1385000 task-yield id=4 reason=RtosPortYield
[machine.1]      1385000 user-u32 "can_recv" = 0
[machine.1]      1385000 task-resume id=6 reason=scheduler
[machine.1]      1385000 task-yield id=6 reason=RtosPortYield
[machine.1]      1385000 user-u32 "can_frame_proc" = 448
[machine.1]      1385000 task-resume id=4 reason=scheduler
[machine.1]      1385000 task-yield id=4 reason=RtosPortYield
[machine.1]      1385000 user-u32 "can_recv" = 0
[machine.1]      1385000 task-resume id=2 reason=scheduler
[machine.1]      1385000 task-yield id=2 reason=Idle
[machine.1]      1390000 task-resume id=4 reason=scheduler
[machine.1]      1390000 task-yield id=4 reason=RtosPortYield
[machine.1]      1390000 user-u32 "can_recv" = 0
[machine.1]      1390000 task-resume id=1 reason=scheduler
[machine.1]      1390000 task-yield id=1 reason=RtosPortYield
[machine.1]      1390000 task-resume id=2 reason=scheduler
[machine.1]      1390000 task-yield id=2 reason=Idle
[machine.1]      1395000 task-resume id=4 reason=scheduler
[machine.1]      1395000 task-yield id=4 reason=RtosPortYield
[machine.1]      1395000 user-u32 "can_recv" = 0
[machine.1]      1395000 task-resume id=6 reason=scheduler
[machine.1]      1395000 task-yield id=6 reason=RtosPortYield
[machine.1]      1395000 user-u32 "can_frame_proc" = 449
[machine.1]      1395000 task-resume id=4 reason=scheduler
[machine.1]      1395000 task-yield id=4 reason=RtosPortYield
[machine.1]      1395000 user-u32 "can_recv" = 0
[machine.1]      1395000 task-resume id=6 reason=scheduler
[machine.1]      1395000 task-yield id=6 reason=RtosPortYield
[machine.1]      1395000 user-u32 "can_frame_proc" = 450
[machine.1]      1395000 task-resume id=4 reason=scheduler
[machine.1]      1395000 task-yield id=4 reason=RtosPortYield
[machine.1]      1395000 user-u32 "can_recv" = 0
[machine.1]      1395000 task-resume id=6 reason=scheduler
[machine.1]      1395000 task-yield id=6 reason=RtosPortYield
[machine.1]      1395000 user-u32 "can_frame_proc" = 451
[machine.1]      1395000 task-resume id=4 reason=scheduler
[machine.1]      1395000 task-yield id=4 reason=RtosPortYield
[machine.1]      1395000 user-u32 "can_recv" = 0
[machine.1]      1395000 task-resume id=2 reason=scheduler
[machine.1]      1395000 task-yield id=2 reason=Idle
[machine.1]      1400000 task-resume id=4 reason=scheduler
[machine.1]      1400000 task-yield id=4 reason=RtosPortYield
[machine.1]      1400000 user-u32 "can_recv" = 0
[machine.1]      1400000 task-resume id=1 reason=scheduler
[machine.1]      1400000 task-yield id=1 reason=RtosPortYield
[machine.1]      1400000 user-u32 "can_send" = 0
[machine.1]      1400000 user-u32 "can_send" = 0
[machine.1]      1400000 task-resume id=5 reason=scheduler
[machine.1]      1400000 task-yield id=5 reason=RtosPortYield
[machine.1]      1400000 user-u32 "fault_aggregate" = 0
[machine.1]      1400000 task-resume id=2 reason=scheduler
[machine.1]      1400000 task-yield id=2 reason=Idle
[machine.1]      1405000 task-resume id=4 reason=scheduler
[machine.1]      1405000 task-yield id=4 reason=RtosPortYield
[machine.1]      1405000 user-u32 "can_recv" = 0
[machine.1]      1405000 task-resume id=6 reason=scheduler
[machine.1]      1405000 task-yield id=6 reason=RtosPortYield
[machine.1]      1405000 user-u32 "can_frame_proc" = 452
[machine.1]      1405000 task-resume id=4 reason=scheduler
[machine.1]      1405000 task-yield id=4 reason=RtosPortYield
[machine.1]      1405000 user-u32 "can_recv" = 0
[machine.1]      1405000 task-resume id=6 reason=scheduler
[machine.1]      1405000 task-yield id=6 reason=RtosPortYield
[machine.1]      1405000 user-u32 "can_frame_proc" = 453
[machine.1]      1405000 task-resume id=4 reason=scheduler
[machine.1]      1405000 task-yield id=4 reason=RtosPortYield
[machine.1]      1405000 user-u32 "can_recv" = 0
[machine.1]      1405000 task-resume id=6 reason=scheduler
[machine.1]      1405000 task-yield id=6 reason=RtosPortYield
[machine.1]      1405000 user-u32 "can_frame_proc" = 454
[machine.1]      1405000 task-resume id=4 reason=scheduler
[machine.1]      1405000 task-yield id=4 reason=RtosPortYield
[machine.1]      1405000 user-u32 "can_recv" = 0
[machine.1]      1405000 task-resume id=6 reason=scheduler
[machine.1]      1405000 task-yield id=6 reason=RtosPortYield
[machine.1]      1405000 user-u32 "can_frame_proc" = 455
[machine.1]      1405000 task-resume id=4 reason=scheduler
[machine.1]      1405000 task-yield id=4 reason=RtosPortYield
[machine.1]      1405000 user-u32 "can_recv" = 0
[machine.1]      1405000 task-resume id=2 reason=scheduler
[machine.1]      1405000 task-yield id=2 reason=Idle
[machine.1]      1410000 task-resume id=4 reason=scheduler
[machine.1]      1410000 task-yield id=4 reason=RtosPortYield
[machine.1]      1410000 user-u32 "can_recv" = 0
[machine.1]      1410000 task-resume id=1 reason=scheduler
[machine.1]      1410000 task-yield id=1 reason=RtosPortYield
[machine.1]      1410000 task-resume id=2 reason=scheduler
[machine.1]      1410000 task-yield id=2 reason=Idle
[machine.1]      1415000 task-resume id=4 reason=scheduler
[machine.1]      1415000 task-yield id=4 reason=RtosPortYield
[machine.1]      1415000 user-u32 "can_recv" = 0
[machine.1]      1415000 task-resume id=6 reason=scheduler
[machine.1]      1415000 task-yield id=6 reason=RtosPortYield
[machine.1]      1415000 user-u32 "can_frame_proc" = 456
[machine.1]      1415000 task-resume id=4 reason=scheduler
[machine.1]      1415000 task-yield id=4 reason=RtosPortYield
[machine.1]      1415000 user-u32 "can_recv" = 0
[machine.1]      1415000 task-resume id=6 reason=scheduler
[machine.1]      1415000 task-yield id=6 reason=RtosPortYield
[machine.1]      1415000 user-u32 "can_frame_proc" = 457
[machine.1]      1415000 task-resume id=4 reason=scheduler
[machine.1]      1415000 task-yield id=4 reason=RtosPortYield
[machine.1]      1415000 user-u32 "can_recv" = 0
[machine.1]      1415000 task-resume id=6 reason=scheduler
[machine.1]      1415000 task-yield id=6 reason=RtosPortYield
[machine.1]      1415000 user-u32 "can_frame_proc" = 458
[machine.1]      1415000 task-resume id=4 reason=scheduler
[machine.1]      1415000 task-yield id=4 reason=RtosPortYield
[machine.1]      1415000 user-u32 "can_recv" = 0
[machine.1]      1415000 task-resume id=2 reason=scheduler
[machine.1]      1415000 task-yield id=2 reason=Idle
[machine.1]      1420000 task-resume id=4 reason=scheduler
[machine.1]      1420000 task-yield id=4 reason=RtosPortYield
[machine.1]      1420000 user-u32 "can_recv" = 0
[machine.1]      1420000 task-resume id=1 reason=scheduler
[machine.1]      1420000 task-yield id=1 reason=RtosPortYield
[machine.1]      1420000 task-resume id=2 reason=scheduler
[machine.1]      1420000 task-yield id=2 reason=Idle
[machine.1]      1425000 task-resume id=4 reason=scheduler
[machine.1]      1425000 task-yield id=4 reason=RtosPortYield
[machine.1]      1425000 user-u32 "can_recv" = 0
[machine.1]      1425000 task-resume id=6 reason=scheduler
[machine.1]      1425000 task-yield id=6 reason=RtosPortYield
[machine.1]      1425000 user-u32 "can_frame_proc" = 459
[machine.1]      1425000 task-resume id=4 reason=scheduler
[machine.1]      1425000 task-yield id=4 reason=RtosPortYield
[machine.1]      1425000 user-u32 "can_recv" = 0
[machine.1]      1425000 task-resume id=6 reason=scheduler
[machine.1]      1425000 task-yield id=6 reason=RtosPortYield
[machine.1]      1425000 user-u32 "can_frame_proc" = 460
[machine.1]      1425000 task-resume id=4 reason=scheduler
[machine.1]      1425000 task-yield id=4 reason=RtosPortYield
[machine.1]      1425000 user-u32 "can_recv" = 0
[machine.1]      1425000 task-resume id=6 reason=scheduler
[machine.1]      1425000 task-yield id=6 reason=RtosPortYield
[machine.1]      1425000 user-u32 "can_frame_proc" = 461
[machine.1]      1425000 task-resume id=4 reason=scheduler
[machine.1]      1425000 task-yield id=4 reason=RtosPortYield
[machine.1]      1425000 user-u32 "can_recv" = 0
[machine.1]      1425000 task-resume id=2 reason=scheduler
[machine.1]      1425000 task-yield id=2 reason=Idle
[machine.1]      1430000 task-resume id=4 reason=scheduler
[machine.1]      1430000 task-yield id=4 reason=RtosPortYield
[machine.1]      1430000 user-u32 "can_recv" = 0
[machine.1]      1430000 task-resume id=1 reason=scheduler
[machine.1]      1430000 task-yield id=1 reason=RtosPortYield
[machine.1]      1430000 task-resume id=2 reason=scheduler
[machine.1]      1430000 task-yield id=2 reason=Idle
[machine.1]      1435000 task-resume id=4 reason=scheduler
[machine.1]      1435000 task-yield id=4 reason=RtosPortYield
[machine.1]      1435000 user-u32 "can_recv" = 0
[machine.1]      1435000 task-resume id=6 reason=scheduler
[machine.1]      1435000 task-yield id=6 reason=RtosPortYield
[machine.1]      1435000 user-u32 "can_frame_proc" = 462
[machine.1]      1435000 task-resume id=4 reason=scheduler
[machine.1]      1435000 task-yield id=4 reason=RtosPortYield
[machine.1]      1435000 user-u32 "can_recv" = 0
[machine.1]      1435000 task-resume id=6 reason=scheduler
[machine.1]      1435000 task-yield id=6 reason=RtosPortYield
[machine.1]      1435000 user-u32 "can_frame_proc" = 463
[machine.1]      1435000 task-resume id=4 reason=scheduler
[machine.1]      1435000 task-yield id=4 reason=RtosPortYield
[machine.1]      1435000 user-u32 "can_recv" = 0
[machine.1]      1435000 task-resume id=6 reason=scheduler
[machine.1]      1435000 task-yield id=6 reason=RtosPortYield
[machine.1]      1435000 user-u32 "can_frame_proc" = 464
[machine.1]      1435000 task-resume id=4 reason=scheduler
[machine.1]      1435000 task-yield id=4 reason=RtosPortYield
[machine.1]      1435000 user-u32 "can_recv" = 0
[machine.1]      1435000 task-resume id=2 reason=scheduler
[machine.1]      1435000 task-yield id=2 reason=Idle
[machine.1]      1440000 task-resume id=4 reason=scheduler
[machine.1]      1440000 task-yield id=4 reason=RtosPortYield
[machine.1]      1440000 user-u32 "can_recv" = 0
[machine.1]      1440000 task-resume id=1 reason=scheduler
[machine.1]      1440000 task-yield id=1 reason=RtosPortYield
[machine.1]      1440000 task-resume id=2 reason=scheduler
[machine.1]      1440000 task-yield id=2 reason=Idle
[machine.1]      1445000 task-resume id=4 reason=scheduler
[machine.1]      1445000 task-yield id=4 reason=RtosPortYield
[machine.1]      1445000 user-u32 "can_recv" = 0
[machine.1]      1445000 task-resume id=6 reason=scheduler
[machine.1]      1445000 task-yield id=6 reason=RtosPortYield
[machine.1]      1445000 user-u32 "can_frame_proc" = 465
[machine.1]      1445000 task-resume id=4 reason=scheduler
[machine.1]      1445000 task-yield id=4 reason=RtosPortYield
[machine.1]      1445000 user-u32 "can_recv" = 0
[machine.1]      1445000 task-resume id=6 reason=scheduler
[machine.1]      1445000 task-yield id=6 reason=RtosPortYield
[machine.1]      1445000 user-u32 "can_frame_proc" = 466
[machine.1]      1445000 task-resume id=4 reason=scheduler
[machine.1]      1445000 task-yield id=4 reason=RtosPortYield
[machine.1]      1445000 user-u32 "can_recv" = 0
[machine.1]      1445000 task-resume id=6 reason=scheduler
[machine.1]      1445000 task-yield id=6 reason=RtosPortYield
[machine.1]      1445000 user-u32 "can_frame_proc" = 467
[machine.1]      1445000 task-resume id=4 reason=scheduler
[machine.1]      1445000 task-yield id=4 reason=RtosPortYield
[machine.1]      1445000 user-u32 "can_recv" = 0
[machine.1]      1445000 task-resume id=2 reason=scheduler
[machine.1]      1445000 task-yield id=2 reason=Idle
[machine.1]      1450000 task-resume id=4 reason=scheduler
[machine.1]      1450000 task-yield id=4 reason=RtosPortYield
[machine.1]      1450000 user-u32 "can_recv" = 0
[machine.1]      1450000 task-resume id=1 reason=scheduler
[machine.1]      1450000 task-yield id=1 reason=RtosPortYield
[machine.1]      1450000 user-u32 "can_send" = 0
[machine.1]      1450000 task-resume id=2 reason=scheduler
[machine.1]      1450000 task-yield id=2 reason=Idle
[machine.1]      1455000 task-resume id=4 reason=scheduler
[machine.1]      1455000 task-yield id=4 reason=RtosPortYield
[machine.1]      1455000 user-u32 "can_recv" = 0
[machine.1]      1455000 task-resume id=6 reason=scheduler
[machine.1]      1455000 task-yield id=6 reason=RtosPortYield
[machine.1]      1455000 user-u32 "can_frame_proc" = 468
[machine.1]      1455000 task-resume id=4 reason=scheduler
[machine.1]      1455000 task-yield id=4 reason=RtosPortYield
[machine.1]      1455000 user-u32 "can_recv" = 0
[machine.1]      1455000 task-resume id=6 reason=scheduler
[machine.1]      1455000 task-yield id=6 reason=RtosPortYield
[machine.1]      1455000 user-u32 "can_frame_proc" = 469
[machine.1]      1455000 task-resume id=4 reason=scheduler
[machine.1]      1455000 task-yield id=4 reason=RtosPortYield
[machine.1]      1455000 user-u32 "can_recv" = 0
[machine.1]      1455000 task-resume id=6 reason=scheduler
[machine.1]      1455000 task-yield id=6 reason=RtosPortYield
[machine.1]      1455000 user-u32 "can_frame_proc" = 470
[machine.1]      1455000 task-resume id=4 reason=scheduler
[machine.1]      1455000 task-yield id=4 reason=RtosPortYield
[machine.1]      1455000 user-u32 "can_recv" = 0
[machine.1]      1455000 task-resume id=2 reason=scheduler
[machine.1]      1455000 task-yield id=2 reason=Idle
[machine.1]      1460000 task-resume id=4 reason=scheduler
[machine.1]      1460000 task-yield id=4 reason=RtosPortYield
[machine.1]      1460000 user-u32 "can_recv" = 0
[machine.1]      1460000 task-resume id=1 reason=scheduler
[machine.1]      1460000 task-yield id=1 reason=RtosPortYield
[machine.1]      1460000 task-resume id=2 reason=scheduler
[machine.1]      1460000 task-yield id=2 reason=Idle
[machine.1]      1465000 task-resume id=4 reason=scheduler
[machine.1]      1465000 task-yield id=4 reason=RtosPortYield
[machine.1]      1465000 user-u32 "can_recv" = 0
[machine.1]      1465000 task-resume id=6 reason=scheduler
[machine.1]      1465000 task-yield id=6 reason=RtosPortYield
[machine.1]      1465000 user-u32 "can_frame_proc" = 471
[machine.1]      1465000 task-resume id=4 reason=scheduler
[machine.1]      1465000 task-yield id=4 reason=RtosPortYield
[machine.1]      1465000 user-u32 "can_recv" = 0
[machine.1]      1465000 task-resume id=6 reason=scheduler
[machine.1]      1465000 task-yield id=6 reason=RtosPortYield
[machine.1]      1465000 user-u32 "can_frame_proc" = 472
[machine.1]      1465000 task-resume id=4 reason=scheduler
[machine.1]      1465000 task-yield id=4 reason=RtosPortYield
[machine.1]      1465000 user-u32 "can_recv" = 0
[machine.1]      1465000 task-resume id=6 reason=scheduler
[machine.1]      1465000 task-yield id=6 reason=RtosPortYield
[machine.1]      1465000 user-u32 "can_frame_proc" = 473
[machine.1]      1465000 task-resume id=4 reason=scheduler
[machine.1]      1465000 task-yield id=4 reason=RtosPortYield
[machine.1]      1465000 user-u32 "can_recv" = 0
[machine.1]      1465000 task-resume id=2 reason=scheduler
[machine.1]      1465000 task-yield id=2 reason=Idle
[machine.1]      1470000 task-resume id=4 reason=scheduler
[machine.1]      1470000 task-yield id=4 reason=RtosPortYield
[machine.1]      1470000 user-u32 "can_recv" = 0
[machine.1]      1470000 task-resume id=1 reason=scheduler
[machine.1]      1470000 task-yield id=1 reason=RtosPortYield
[machine.1]      1470000 task-resume id=2 reason=scheduler
[machine.1]      1470000 task-yield id=2 reason=Idle
[machine.1]      1475000 task-resume id=4 reason=scheduler
[machine.1]      1475000 task-yield id=4 reason=RtosPortYield
[machine.1]      1475000 user-u32 "can_recv" = 0
[machine.1]      1475000 task-resume id=6 reason=scheduler
[machine.1]      1475000 task-yield id=6 reason=RtosPortYield
[machine.1]      1475000 user-u32 "can_frame_proc" = 474
[machine.1]      1475000 task-resume id=4 reason=scheduler
[machine.1]      1475000 task-yield id=4 reason=RtosPortYield
[machine.1]      1475000 user-u32 "can_recv" = 0
[machine.1]      1475000 task-resume id=6 reason=scheduler
[machine.1]      1475000 task-yield id=6 reason=RtosPortYield
[machine.1]      1475000 user-u32 "can_frame_proc" = 475
[machine.1]      1475000 task-resume id=4 reason=scheduler
[machine.1]      1475000 task-yield id=4 reason=RtosPortYield
[machine.1]      1475000 user-u32 "can_recv" = 0
[machine.1]      1475000 task-resume id=6 reason=scheduler
[machine.1]      1475000 task-yield id=6 reason=RtosPortYield
[machine.1]      1475000 user-u32 "can_frame_proc" = 476
[machine.1]      1475000 task-resume id=4 reason=scheduler
[machine.1]      1475000 task-yield id=4 reason=RtosPortYield
[machine.1]      1475000 user-u32 "can_recv" = 0
[machine.1]      1475000 task-resume id=2 reason=scheduler
[machine.1]      1475000 task-yield id=2 reason=Idle
[machine.1]      1480000 task-resume id=4 reason=scheduler
[machine.1]      1480000 task-yield id=4 reason=RtosPortYield
[machine.1]      1480000 user-u32 "can_recv" = 0
[machine.1]      1480000 task-resume id=1 reason=scheduler
[machine.1]      1480000 task-yield id=1 reason=RtosPortYield
[machine.1]      1480000 task-resume id=2 reason=scheduler
[machine.1]      1480000 task-yield id=2 reason=Idle
[machine.1]      1485000 task-resume id=4 reason=scheduler
[machine.1]      1485000 task-yield id=4 reason=RtosPortYield
[machine.1]      1485000 user-u32 "can_recv" = 0
[machine.1]      1485000 task-resume id=6 reason=scheduler
[machine.1]      1485000 task-yield id=6 reason=RtosPortYield
[machine.1]      1485000 user-u32 "can_frame_proc" = 477
[machine.1]      1485000 task-resume id=4 reason=scheduler
[machine.1]      1485000 task-yield id=4 reason=RtosPortYield
[machine.1]      1485000 user-u32 "can_recv" = 0
[machine.1]      1485000 task-resume id=6 reason=scheduler
[machine.1]      1485000 task-yield id=6 reason=RtosPortYield
[machine.1]      1485000 user-u32 "can_frame_proc" = 478
[machine.1]      1485000 task-resume id=4 reason=scheduler
[machine.1]      1485000 task-yield id=4 reason=RtosPortYield
[machine.1]      1485000 user-u32 "can_recv" = 0
[machine.1]      1485000 task-resume id=6 reason=scheduler
[machine.1]      1485000 task-yield id=6 reason=RtosPortYield
[machine.1]      1485000 user-u32 "can_frame_proc" = 479
[machine.1]      1485000 task-resume id=4 reason=scheduler
[machine.1]      1485000 task-yield id=4 reason=RtosPortYield
[machine.1]      1485000 user-u32 "can_recv" = 0
[machine.1]      1485000 task-resume id=2 reason=scheduler
[machine.1]      1485000 task-yield id=2 reason=Idle
[machine.1]      1490000 task-resume id=4 reason=scheduler
[machine.1]      1490000 task-yield id=4 reason=RtosPortYield
[machine.1]      1490000 user-u32 "can_recv" = 0
[machine.1]      1490000 task-resume id=1 reason=scheduler
[machine.1]      1490000 task-yield id=1 reason=RtosPortYield
[machine.1]      1490000 task-resume id=2 reason=scheduler
[machine.1]      1490000 task-yield id=2 reason=Idle
[machine.1]      1495000 task-resume id=4 reason=scheduler
[machine.1]      1495000 task-yield id=4 reason=RtosPortYield
[machine.1]      1495000 user-u32 "can_recv" = 0
[machine.1]      1495000 task-resume id=6 reason=scheduler
[machine.1]      1495000 task-yield id=6 reason=RtosPortYield
[machine.1]      1495000 user-u32 "can_frame_proc" = 480
[machine.1]      1495000 task-resume id=4 reason=scheduler
[machine.1]      1495000 task-yield id=4 reason=RtosPortYield
[machine.1]      1495000 user-u32 "can_recv" = 0
[machine.1]      1495000 task-resume id=6 reason=scheduler
[machine.1]      1495000 task-yield id=6 reason=RtosPortYield
[machine.1]      1495000 user-u32 "can_frame_proc" = 481
[machine.1]      1495000 task-resume id=4 reason=scheduler
[machine.1]      1495000 task-yield id=4 reason=RtosPortYield
[machine.1]      1495000 user-u32 "can_recv" = 0
[machine.1]      1495000 task-resume id=6 reason=scheduler
[machine.1]      1495000 task-yield id=6 reason=RtosPortYield
[machine.1]      1495000 user-u32 "can_frame_proc" = 482
[machine.1]      1495000 task-resume id=4 reason=scheduler
[machine.1]      1495000 task-yield id=4 reason=RtosPortYield
[machine.1]      1495000 user-u32 "can_recv" = 0
[machine.1]      1495000 task-resume id=2 reason=scheduler
[machine.1]      1495000 task-yield id=2 reason=Idle
[machine.1]      1500000 task-resume id=4 reason=scheduler
[machine.1]      1500000 task-yield id=4 reason=RtosPortYield
[machine.1]      1500000 user-u32 "can_recv" = 0
[machine.1]      1500000 task-resume id=1 reason=scheduler
[machine.1]      1500000 task-yield id=1 reason=RtosPortYield
[machine.1]      1500000 user-u32 "can_send" = 0
[machine.1]      1500000 user-u32 "can_send" = 0
[machine.1]      1500000 task-resume id=5 reason=scheduler
[machine.1]      1500000 task-yield id=5 reason=RtosPortYield
[machine.1]      1500000 user-u32 "fault_aggregate" = 0
[machine.1]      1500000 task-resume id=2 reason=scheduler
[machine.1]      1500000 task-yield id=2 reason=Idle
[machine.1]      1505000 task-resume id=4 reason=scheduler
[machine.1]      1505000 task-yield id=4 reason=RtosPortYield
[machine.1]      1505000 user-u32 "can_recv" = 0
[machine.1]      1505000 task-resume id=6 reason=scheduler
[machine.1]      1505000 task-yield id=6 reason=RtosPortYield
[machine.1]      1505000 user-u32 "can_frame_proc" = 483
[machine.1]      1505000 task-resume id=4 reason=scheduler
[machine.1]      1505000 task-yield id=4 reason=RtosPortYield
[machine.1]      1505000 user-u32 "can_recv" = 0
[machine.1]      1505000 task-resume id=6 reason=scheduler
[machine.1]      1505000 task-yield id=6 reason=RtosPortYield
[machine.1]      1505000 user-u32 "can_frame_proc" = 484
[machine.1]      1505000 task-resume id=4 reason=scheduler
[machine.1]      1505000 task-yield id=4 reason=RtosPortYield
[machine.1]      1505000 user-u32 "can_recv" = 0
[machine.1]      1505000 task-resume id=6 reason=scheduler
[machine.1]      1505000 task-yield id=6 reason=RtosPortYield
[machine.1]      1505000 user-u32 "can_frame_proc" = 485
[machine.1]      1505000 task-resume id=4 reason=scheduler
[machine.1]      1505000 task-yield id=4 reason=RtosPortYield
[machine.1]      1505000 user-u32 "can_recv" = 0
[machine.1]      1505000 task-resume id=6 reason=scheduler
[machine.1]      1505000 task-yield id=6 reason=RtosPortYield
[machine.1]      1505000 user-u32 "can_frame_proc" = 486
[machine.1]      1505000 task-resume id=4 reason=scheduler
[machine.1]      1505000 task-yield id=4 reason=RtosPortYield
[machine.1]      1505000 user-u32 "can_recv" = 0
[machine.1]      1505000 task-resume id=2 reason=scheduler
[machine.1]      1505000 task-yield id=2 reason=Idle
[machine.1]      1510000 task-resume id=4 reason=scheduler
[machine.1]      1510000 task-yield id=4 reason=RtosPortYield
[machine.1]      1510000 user-u32 "can_recv" = 0
[machine.1]      1510000 task-resume id=1 reason=scheduler
[machine.1]      1510000 task-yield id=1 reason=RtosPortYield
[machine.1]      1510000 task-resume id=2 reason=scheduler
[machine.1]      1510000 task-yield id=2 reason=Idle
[machine.1]      1515000 task-resume id=4 reason=scheduler
[machine.1]      1515000 task-yield id=4 reason=RtosPortYield
[machine.1]      1515000 user-u32 "can_recv" = 0
[machine.1]      1515000 task-resume id=6 reason=scheduler
[machine.1]      1515000 task-yield id=6 reason=RtosPortYield
[machine.1]      1515000 user-u32 "can_frame_proc" = 487
[machine.1]      1515000 task-resume id=4 reason=scheduler
[machine.1]      1515000 task-yield id=4 reason=RtosPortYield
[machine.1]      1515000 user-u32 "can_recv" = 0
[machine.1]      1515000 task-resume id=6 reason=scheduler
[machine.1]      1515000 task-yield id=6 reason=RtosPortYield
[machine.1]      1515000 user-u32 "can_frame_proc" = 488
[machine.1]      1515000 task-resume id=4 reason=scheduler
[machine.1]      1515000 task-yield id=4 reason=RtosPortYield
[machine.1]      1515000 user-u32 "can_recv" = 0
[machine.1]      1515000 task-resume id=6 reason=scheduler
[machine.1]      1515000 task-yield id=6 reason=RtosPortYield
[machine.1]      1515000 user-u32 "can_frame_proc" = 489
[machine.1]      1515000 task-resume id=4 reason=scheduler
[machine.1]      1515000 task-yield id=4 reason=RtosPortYield
[machine.1]      1515000 user-u32 "can_recv" = 0
[machine.1]      1515000 task-resume id=2 reason=scheduler
[machine.1]      1515000 task-yield id=2 reason=Idle
[machine.1]      1520000 task-resume id=4 reason=scheduler
[machine.1]      1520000 task-yield id=4 reason=RtosPortYield
[machine.1]      1520000 user-u32 "can_recv" = 0
[machine.1]      1520000 task-resume id=1 reason=scheduler
[machine.1]      1520000 task-yield id=1 reason=RtosPortYield
[machine.1]      1520000 task-resume id=2 reason=scheduler
[machine.1]      1520000 task-yield id=2 reason=Idle
[machine.1]      1525000 task-resume id=4 reason=scheduler
[machine.1]      1525000 task-yield id=4 reason=RtosPortYield
[machine.1]      1525000 user-u32 "can_recv" = 0
[machine.1]      1525000 task-resume id=6 reason=scheduler
[machine.1]      1525000 task-yield id=6 reason=RtosPortYield
[machine.1]      1525000 user-u32 "can_frame_proc" = 490
[machine.1]      1525000 task-resume id=4 reason=scheduler
[machine.1]      1525000 task-yield id=4 reason=RtosPortYield
[machine.1]      1525000 user-u32 "can_recv" = 0
[machine.1]      1525000 task-resume id=6 reason=scheduler
[machine.1]      1525000 task-yield id=6 reason=RtosPortYield
[machine.1]      1525000 user-u32 "can_frame_proc" = 491
[machine.1]      1525000 task-resume id=4 reason=scheduler
[machine.1]      1525000 task-yield id=4 reason=RtosPortYield
[machine.1]      1525000 user-u32 "can_recv" = 0
[machine.1]      1525000 task-resume id=6 reason=scheduler
[machine.1]      1525000 task-yield id=6 reason=RtosPortYield
[machine.1]      1525000 user-u32 "can_frame_proc" = 492
[machine.1]      1525000 task-resume id=4 reason=scheduler
[machine.1]      1525000 task-yield id=4 reason=RtosPortYield
[machine.1]      1525000 user-u32 "can_recv" = 0
[machine.1]      1525000 task-resume id=2 reason=scheduler
[machine.1]      1525000 task-yield id=2 reason=Idle
[machine.1]      1530000 task-resume id=4 reason=scheduler
[machine.1]      1530000 task-yield id=4 reason=RtosPortYield
[machine.1]      1530000 user-u32 "can_recv" = 0
[machine.1]      1530000 task-resume id=1 reason=scheduler
[machine.1]      1530000 task-yield id=1 reason=RtosPortYield
[machine.1]      1530000 task-resume id=2 reason=scheduler
[machine.1]      1530000 task-yield id=2 reason=Idle
[machine.1]      1535000 task-resume id=4 reason=scheduler
[machine.1]      1535000 task-yield id=4 reason=RtosPortYield
[machine.1]      1535000 user-u32 "can_recv" = 0
[machine.1]      1535000 task-resume id=6 reason=scheduler
[machine.1]      1535000 task-yield id=6 reason=RtosPortYield
[machine.1]      1535000 user-u32 "can_frame_proc" = 493
[machine.1]      1535000 task-resume id=4 reason=scheduler
[machine.1]      1535000 task-yield id=4 reason=RtosPortYield
[machine.1]      1535000 user-u32 "can_recv" = 0
[machine.1]      1535000 task-resume id=6 reason=scheduler
[machine.1]      1535000 task-yield id=6 reason=RtosPortYield
[machine.1]      1535000 user-u32 "can_frame_proc" = 494
[machine.1]      1535000 task-resume id=4 reason=scheduler
[machine.1]      1535000 task-yield id=4 reason=RtosPortYield
[machine.1]      1535000 user-u32 "can_recv" = 0
[machine.1]      1535000 task-resume id=6 reason=scheduler
[machine.1]      1535000 task-yield id=6 reason=RtosPortYield
[machine.1]      1535000 user-u32 "can_frame_proc" = 495
[machine.1]      1535000 task-resume id=4 reason=scheduler
[machine.1]      1535000 task-yield id=4 reason=RtosPortYield
[machine.1]      1535000 user-u32 "can_recv" = 0
[machine.1]      1535000 task-resume id=2 reason=scheduler
[machine.1]      1535000 task-yield id=2 reason=Idle
[machine.1]      1540000 task-resume id=4 reason=scheduler
[machine.1]      1540000 task-yield id=4 reason=RtosPortYield
[machine.1]      1540000 user-u32 "can_recv" = 0
[machine.1]      1540000 task-resume id=1 reason=scheduler
[machine.1]      1540000 task-yield id=1 reason=RtosPortYield
[machine.1]      1540000 task-resume id=2 reason=scheduler
[machine.1]      1540000 task-yield id=2 reason=Idle
[machine.1]      1545000 task-resume id=4 reason=scheduler
[machine.1]      1545000 task-yield id=4 reason=RtosPortYield
[machine.1]      1545000 user-u32 "can_recv" = 0
[machine.1]      1545000 task-resume id=6 reason=scheduler
[machine.1]      1545000 task-yield id=6 reason=RtosPortYield
[machine.1]      1545000 user-u32 "can_frame_proc" = 496
[machine.1]      1545000 task-resume id=4 reason=scheduler
[machine.1]      1545000 task-yield id=4 reason=RtosPortYield
[machine.1]      1545000 user-u32 "can_recv" = 0
[machine.1]      1545000 task-resume id=6 reason=scheduler
[machine.1]      1545000 task-yield id=6 reason=RtosPortYield
[machine.1]      1545000 user-u32 "can_frame_proc" = 497
[machine.1]      1545000 task-resume id=4 reason=scheduler
[machine.1]      1545000 task-yield id=4 reason=RtosPortYield
[machine.1]      1545000 user-u32 "can_recv" = 0
[machine.1]      1545000 task-resume id=6 reason=scheduler
[machine.1]      1545000 task-yield id=6 reason=RtosPortYield
[machine.1]      1545000 user-u32 "can_frame_proc" = 498
[machine.1]      1545000 task-resume id=4 reason=scheduler
[machine.1]      1545000 task-yield id=4 reason=RtosPortYield
[machine.1]      1545000 user-u32 "can_recv" = 0
[machine.1]      1545000 task-resume id=2 reason=scheduler
[machine.1]      1545000 task-yield id=2 reason=Idle
[machine.1]      1550000 task-resume id=4 reason=scheduler
[machine.1]      1550000 task-yield id=4 reason=RtosPortYield
[machine.1]      1550000 user-u32 "can_recv" = 0
[machine.1]      1550000 task-resume id=1 reason=scheduler
[machine.1]      1550000 task-yield id=1 reason=RtosPortYield
[machine.1]      1550000 user-u32 "can_send" = 0
[machine.1]      1550000 task-resume id=2 reason=scheduler
[machine.1]      1550000 task-yield id=2 reason=Idle
[machine.1]      1555000 task-resume id=4 reason=scheduler
[machine.1]      1555000 task-yield id=4 reason=RtosPortYield
[machine.1]      1555000 user-u32 "can_recv" = 0
[machine.1]      1555000 task-resume id=6 reason=scheduler
[machine.1]      1555000 task-yield id=6 reason=RtosPortYield
[machine.1]      1555000 user-u32 "can_frame_proc" = 499
[machine.1]      1555000 task-resume id=4 reason=scheduler
[machine.1]      1555000 task-yield id=4 reason=RtosPortYield
[machine.1]      1555000 user-u32 "can_recv" = 0
[machine.1]      1555000 task-resume id=6 reason=scheduler
[machine.1]      1555000 task-yield id=6 reason=RtosPortYield
[machine.1]      1555000 user-u32 "can_frame_proc" = 500
[machine.1]      1555000 task-resume id=4 reason=scheduler
[machine.1]      1555000 task-yield id=4 reason=RtosPortYield
[machine.1]      1555000 user-u32 "can_recv" = 0
[machine.1]      1555000 task-resume id=6 reason=scheduler
[machine.1]      1555000 task-yield id=6 reason=RtosPortYield
[machine.1]      1555000 user-u32 "can_frame_proc" = 501
[machine.1]      1555000 task-resume id=4 reason=scheduler
[machine.1]      1555000 task-yield id=4 reason=RtosPortYield
[machine.1]      1555000 user-u32 "can_recv" = 0
[machine.1]      1555000 task-resume id=2 reason=scheduler
[machine.1]      1555000 task-yield id=2 reason=Idle
[machine.1]      1560000 task-resume id=4 reason=scheduler
[machine.1]      1560000 task-yield id=4 reason=RtosPortYield
[machine.1]      1560000 user-u32 "can_recv" = 0
[machine.1]      1560000 task-resume id=1 reason=scheduler
[machine.1]      1560000 task-yield id=1 reason=RtosPortYield
[machine.1]      1560000 task-resume id=2 reason=scheduler
[machine.1]      1560000 task-yield id=2 reason=Idle
[machine.1]      1565000 task-resume id=4 reason=scheduler
[machine.1]      1565000 task-yield id=4 reason=RtosPortYield
[machine.1]      1565000 user-u32 "can_recv" = 0
[machine.1]      1565000 task-resume id=6 reason=scheduler
[machine.1]      1565000 task-yield id=6 reason=RtosPortYield
[machine.1]      1565000 user-u32 "can_frame_proc" = 502
[machine.1]      1565000 task-resume id=4 reason=scheduler
[machine.1]      1565000 task-yield id=4 reason=RtosPortYield
[machine.1]      1565000 user-u32 "can_recv" = 0
[machine.1]      1565000 task-resume id=6 reason=scheduler
[machine.1]      1565000 task-yield id=6 reason=RtosPortYield
[machine.1]      1565000 user-u32 "can_frame_proc" = 503
[machine.1]      1565000 task-resume id=4 reason=scheduler
[machine.1]      1565000 task-yield id=4 reason=RtosPortYield
[machine.1]      1565000 user-u32 "can_recv" = 0
[machine.1]      1565000 task-resume id=6 reason=scheduler
[machine.1]      1565000 task-yield id=6 reason=RtosPortYield
[machine.1]      1565000 user-u32 "can_frame_proc" = 504
[machine.1]      1565000 task-resume id=4 reason=scheduler
[machine.1]      1565000 task-yield id=4 reason=RtosPortYield
[machine.1]      1565000 user-u32 "can_recv" = 0
[machine.1]      1565000 task-resume id=2 reason=scheduler
[machine.1]      1565000 task-yield id=2 reason=Idle
[machine.1]      1570000 task-resume id=4 reason=scheduler
[machine.1]      1570000 task-yield id=4 reason=RtosPortYield
[machine.1]      1570000 user-u32 "can_recv" = 0
[machine.1]      1570000 task-resume id=1 reason=scheduler
[machine.1]      1570000 task-yield id=1 reason=RtosPortYield
[machine.1]      1570000 task-resume id=2 reason=scheduler
[machine.1]      1570000 task-yield id=2 reason=Idle
[machine.1]      1575000 task-resume id=4 reason=scheduler
[machine.1]      1575000 task-yield id=4 reason=RtosPortYield
[machine.1]      1575000 user-u32 "can_recv" = 0
[machine.1]      1575000 task-resume id=6 reason=scheduler
[machine.1]      1575000 task-yield id=6 reason=RtosPortYield
[machine.1]      1575000 user-u32 "can_frame_proc" = 505
[machine.1]      1575000 task-resume id=4 reason=scheduler
[machine.1]      1575000 task-yield id=4 reason=RtosPortYield
[machine.1]      1575000 user-u32 "can_recv" = 0
[machine.1]      1575000 task-resume id=6 reason=scheduler
[machine.1]      1575000 task-yield id=6 reason=RtosPortYield
[machine.1]      1575000 user-u32 "can_frame_proc" = 506
[machine.1]      1575000 task-resume id=4 reason=scheduler
[machine.1]      1575000 task-yield id=4 reason=RtosPortYield
[machine.1]      1575000 user-u32 "can_recv" = 0
[machine.1]      1575000 task-resume id=6 reason=scheduler
[machine.1]      1575000 task-yield id=6 reason=RtosPortYield
[machine.1]      1575000 user-u32 "can_frame_proc" = 507
[machine.1]      1575000 task-resume id=4 reason=scheduler
[machine.1]      1575000 task-yield id=4 reason=RtosPortYield
[machine.1]      1575000 user-u32 "can_recv" = 0
[machine.1]      1575000 task-resume id=2 reason=scheduler
[machine.1]      1575000 task-yield id=2 reason=Idle
[machine.1]      1580000 task-resume id=4 reason=scheduler
[machine.1]      1580000 task-yield id=4 reason=RtosPortYield
[machine.1]      1580000 user-u32 "can_recv" = 0
[machine.1]      1580000 task-resume id=1 reason=scheduler
[machine.1]      1580000 task-yield id=1 reason=RtosPortYield
[machine.1]      1580000 task-resume id=2 reason=scheduler
[machine.1]      1580000 task-yield id=2 reason=Idle
[machine.1]      1585000 task-resume id=4 reason=scheduler
[machine.1]      1585000 task-yield id=4 reason=RtosPortYield
[machine.1]      1585000 user-u32 "can_recv" = 0
[machine.1]      1585000 task-resume id=6 reason=scheduler
[machine.1]      1585000 task-yield id=6 reason=RtosPortYield
[machine.1]      1585000 user-u32 "can_frame_proc" = 508
[machine.1]      1585000 task-resume id=4 reason=scheduler
[machine.1]      1585000 task-yield id=4 reason=RtosPortYield
[machine.1]      1585000 user-u32 "can_recv" = 0
[machine.1]      1585000 task-resume id=6 reason=scheduler
[machine.1]      1585000 task-yield id=6 reason=RtosPortYield
[machine.1]      1585000 user-u32 "can_frame_proc" = 509
[machine.1]      1585000 task-resume id=4 reason=scheduler
[machine.1]      1585000 task-yield id=4 reason=RtosPortYield
[machine.1]      1585000 user-u32 "can_recv" = 0
[machine.1]      1585000 task-resume id=6 reason=scheduler
[machine.1]      1585000 task-yield id=6 reason=RtosPortYield
[machine.1]      1585000 user-u32 "can_frame_proc" = 510
[machine.1]      1585000 task-resume id=4 reason=scheduler
[machine.1]      1585000 task-yield id=4 reason=RtosPortYield
[machine.1]      1585000 user-u32 "can_recv" = 0
[machine.1]      1585000 task-resume id=2 reason=scheduler
[machine.1]      1585000 task-yield id=2 reason=Idle
[machine.1]      1590000 task-resume id=4 reason=scheduler
[machine.1]      1590000 task-yield id=4 reason=RtosPortYield
[machine.1]      1590000 user-u32 "can_recv" = 0
[machine.1]      1590000 task-resume id=1 reason=scheduler
[machine.1]      1590000 task-yield id=1 reason=RtosPortYield
[machine.1]      1590000 task-resume id=2 reason=scheduler
[machine.1]      1590000 task-yield id=2 reason=Idle
[machine.1]      1595000 task-resume id=4 reason=scheduler
[machine.1]      1595000 task-yield id=4 reason=RtosPortYield
[machine.1]      1595000 user-u32 "can_recv" = 0
[machine.1]      1595000 task-resume id=6 reason=scheduler
[machine.1]      1595000 task-yield id=6 reason=RtosPortYield
[machine.1]      1595000 user-u32 "can_frame_proc" = 511
[machine.1]      1595000 task-resume id=4 reason=scheduler
[machine.1]      1595000 task-yield id=4 reason=RtosPortYield
[machine.1]      1595000 user-u32 "can_recv" = 0
[machine.1]      1595000 task-resume id=6 reason=scheduler
[machine.1]      1595000 task-yield id=6 reason=RtosPortYield
[machine.1]      1595000 user-u32 "can_frame_proc" = 512
[machine.1]      1595000 task-resume id=4 reason=scheduler
[machine.1]      1595000 task-yield id=4 reason=RtosPortYield
[machine.1]      1595000 user-u32 "can_recv" = 0
[machine.1]      1595000 task-resume id=6 reason=scheduler
[machine.1]      1595000 task-yield id=6 reason=RtosPortYield
[machine.1]      1595000 user-u32 "can_frame_proc" = 513
[machine.1]      1595000 task-resume id=4 reason=scheduler
[machine.1]      1595000 task-yield id=4 reason=RtosPortYield
[machine.1]      1595000 user-u32 "can_recv" = 0
[machine.1]      1595000 task-resume id=2 reason=scheduler
[machine.1]      1595000 task-yield id=2 reason=Idle
[machine.1]      1600000 task-resume id=4 reason=scheduler
[machine.1]      1600000 task-yield id=4 reason=RtosPortYield
[machine.1]      1600000 user-u32 "can_recv" = 0
[machine.1]      1600000 task-resume id=1 reason=scheduler
[machine.1]      1600000 task-yield id=1 reason=RtosPortYield
[machine.1]      1600000 user-u32 "can_send" = 0
[machine.1]      1600000 user-u32 "can_send" = 0
[machine.1]      1600000 task-resume id=5 reason=scheduler
[machine.1]      1600000 task-yield id=5 reason=RtosPortYield
[machine.1]      1600000 user-u32 "fault_aggregate" = 0
[machine.1]      1600000 task-resume id=2 reason=scheduler
[machine.1]      1600000 task-yield id=2 reason=Idle
[machine.1]      1605000 task-resume id=4 reason=scheduler
[machine.1]      1605000 task-yield id=4 reason=RtosPortYield
[machine.1]      1605000 user-u32 "can_recv" = 0
[machine.1]      1605000 task-resume id=6 reason=scheduler
[machine.1]      1605000 task-yield id=6 reason=RtosPortYield
[machine.1]      1605000 user-u32 "can_frame_proc" = 514
[machine.1]      1605000 task-resume id=4 reason=scheduler
[machine.1]      1605000 task-yield id=4 reason=RtosPortYield
[machine.1]      1605000 user-u32 "can_recv" = 0
[machine.1]      1605000 task-resume id=6 reason=scheduler
[machine.1]      1605000 task-yield id=6 reason=RtosPortYield
[machine.1]      1605000 user-u32 "can_frame_proc" = 515
[machine.1]      1605000 task-resume id=4 reason=scheduler
[machine.1]      1605000 task-yield id=4 reason=RtosPortYield
[machine.1]      1605000 user-u32 "can_recv" = 0
[machine.1]      1605000 task-resume id=6 reason=scheduler
[machine.1]      1605000 task-yield id=6 reason=RtosPortYield
[machine.1]      1605000 user-u32 "can_frame_proc" = 516
[machine.1]      1605000 task-resume id=4 reason=scheduler
[machine.1]      1605000 task-yield id=4 reason=RtosPortYield
[machine.1]      1605000 user-u32 "can_recv" = 0
[machine.1]      1605000 task-resume id=6 reason=scheduler
[machine.1]      1605000 task-yield id=6 reason=RtosPortYield
[machine.1]      1605000 user-u32 "can_frame_proc" = 517
[machine.1]      1605000 task-resume id=4 reason=scheduler
[machine.1]      1605000 task-yield id=4 reason=RtosPortYield
[machine.1]      1605000 user-u32 "can_recv" = 0
[machine.1]      1605000 task-resume id=2 reason=scheduler
[machine.1]      1605000 task-yield id=2 reason=Idle
[machine.1]      1610000 task-resume id=4 reason=scheduler
[machine.1]      1610000 task-yield id=4 reason=RtosPortYield
[machine.1]      1610000 user-u32 "can_recv" = 0
[machine.1]      1610000 task-resume id=1 reason=scheduler
[machine.1]      1610000 task-yield id=1 reason=RtosPortYield
[machine.1]      1610000 task-resume id=2 reason=scheduler
[machine.1]      1610000 task-yield id=2 reason=Idle
[machine.1]      1615000 task-resume id=4 reason=scheduler
[machine.1]      1615000 task-yield id=4 reason=RtosPortYield
[machine.1]      1615000 user-u32 "can_recv" = 0
[machine.1]      1615000 task-resume id=6 reason=scheduler
[machine.1]      1615000 task-yield id=6 reason=RtosPortYield
[machine.1]      1615000 user-u32 "can_frame_proc" = 518
[machine.1]      1615000 task-resume id=4 reason=scheduler
[machine.1]      1615000 task-yield id=4 reason=RtosPortYield
[machine.1]      1615000 user-u32 "can_recv" = 0
[machine.1]      1615000 task-resume id=6 reason=scheduler
[machine.1]      1615000 task-yield id=6 reason=RtosPortYield
[machine.1]      1615000 user-u32 "can_frame_proc" = 519
[machine.1]      1615000 task-resume id=4 reason=scheduler
[machine.1]      1615000 task-yield id=4 reason=RtosPortYield
[machine.1]      1615000 user-u32 "can_recv" = 0
[machine.1]      1615000 task-resume id=6 reason=scheduler
[machine.1]      1615000 task-yield id=6 reason=RtosPortYield
[machine.1]      1615000 user-u32 "can_frame_proc" = 520
[machine.1]      1615000 task-resume id=4 reason=scheduler
[machine.1]      1615000 task-yield id=4 reason=RtosPortYield
[machine.1]      1615000 user-u32 "can_recv" = 0
[machine.1]      1615000 task-resume id=2 reason=scheduler
[machine.1]      1615000 task-yield id=2 reason=Idle
[machine.1]      1620000 task-resume id=4 reason=scheduler
[machine.1]      1620000 task-yield id=4 reason=RtosPortYield
[machine.1]      1620000 user-u32 "can_recv" = 0
[machine.1]      1620000 task-resume id=1 reason=scheduler
[machine.1]      1620000 task-yield id=1 reason=RtosPortYield
[machine.1]      1620000 task-resume id=2 reason=scheduler
[machine.1]      1620000 task-yield id=2 reason=Idle
[machine.1]      1625000 task-resume id=4 reason=scheduler
[machine.1]      1625000 task-yield id=4 reason=RtosPortYield
[machine.1]      1625000 user-u32 "can_recv" = 0
[machine.1]      1625000 task-resume id=6 reason=scheduler
[machine.1]      1625000 task-yield id=6 reason=RtosPortYield
[machine.1]      1625000 user-u32 "can_frame_proc" = 521
[machine.1]      1625000 task-resume id=4 reason=scheduler
[machine.1]      1625000 task-yield id=4 reason=RtosPortYield
[machine.1]      1625000 user-u32 "can_recv" = 0
[machine.1]      1625000 task-resume id=6 reason=scheduler
[machine.1]      1625000 task-yield id=6 reason=RtosPortYield
[machine.1]      1625000 user-u32 "can_frame_proc" = 522
[machine.1]      1625000 task-resume id=4 reason=scheduler
[machine.1]      1625000 task-yield id=4 reason=RtosPortYield
[machine.1]      1625000 user-u32 "can_recv" = 0
[machine.1]      1625000 task-resume id=6 reason=scheduler
[machine.1]      1625000 task-yield id=6 reason=RtosPortYield
[machine.1]      1625000 user-u32 "can_frame_proc" = 523
[machine.1]      1625000 task-resume id=4 reason=scheduler
[machine.1]      1625000 task-yield id=4 reason=RtosPortYield
[machine.1]      1625000 user-u32 "can_recv" = 0
[machine.1]      1625000 task-resume id=2 reason=scheduler
[machine.1]      1625000 task-yield id=2 reason=Idle
[machine.1]      1630000 task-resume id=4 reason=scheduler
[machine.1]      1630000 task-yield id=4 reason=RtosPortYield
[machine.1]      1630000 user-u32 "can_recv" = 0
[machine.1]      1630000 task-resume id=1 reason=scheduler
[machine.1]      1630000 task-yield id=1 reason=RtosPortYield
[machine.1]      1630000 task-resume id=2 reason=scheduler
[machine.1]      1630000 task-yield id=2 reason=Idle
[machine.1]      1635000 task-resume id=4 reason=scheduler
[machine.1]      1635000 task-yield id=4 reason=RtosPortYield
[machine.1]      1635000 user-u32 "can_recv" = 0
[machine.1]      1635000 task-resume id=6 reason=scheduler
[machine.1]      1635000 task-yield id=6 reason=RtosPortYield
[machine.1]      1635000 user-u32 "can_frame_proc" = 524
[machine.1]      1635000 task-resume id=4 reason=scheduler
[machine.1]      1635000 task-yield id=4 reason=RtosPortYield
[machine.1]      1635000 user-u32 "can_recv" = 0
[machine.1]      1635000 task-resume id=6 reason=scheduler
[machine.1]      1635000 task-yield id=6 reason=RtosPortYield
[machine.1]      1635000 user-u32 "can_frame_proc" = 525
[machine.1]      1635000 task-resume id=4 reason=scheduler
[machine.1]      1635000 task-yield id=4 reason=RtosPortYield
[machine.1]      1635000 user-u32 "can_recv" = 0
[machine.1]      1635000 task-resume id=6 reason=scheduler
[machine.1]      1635000 task-yield id=6 reason=RtosPortYield
[machine.1]      1635000 user-u32 "can_frame_proc" = 526
[machine.1]      1635000 task-resume id=4 reason=scheduler
[machine.1]      1635000 task-yield id=4 reason=RtosPortYield
[machine.1]      1635000 user-u32 "can_recv" = 0
[machine.1]      1635000 task-resume id=2 reason=scheduler
[machine.1]      1635000 task-yield id=2 reason=Idle
[machine.1]      1640000 task-resume id=4 reason=scheduler
[machine.1]      1640000 task-yield id=4 reason=RtosPortYield
[machine.1]      1640000 user-u32 "can_recv" = 0
[machine.1]      1640000 task-resume id=1 reason=scheduler
[machine.1]      1640000 task-yield id=1 reason=RtosPortYield
[machine.1]      1640000 task-resume id=2 reason=scheduler
[machine.1]      1640000 task-yield id=2 reason=Idle
[machine.1]      1645000 task-resume id=4 reason=scheduler
[machine.1]      1645000 task-yield id=4 reason=RtosPortYield
[machine.1]      1645000 user-u32 "can_recv" = 0
[machine.1]      1645000 task-resume id=6 reason=scheduler
[machine.1]      1645000 task-yield id=6 reason=RtosPortYield
[machine.1]      1645000 user-u32 "can_frame_proc" = 527
[machine.1]      1645000 task-resume id=4 reason=scheduler
[machine.1]      1645000 task-yield id=4 reason=RtosPortYield
[machine.1]      1645000 user-u32 "can_recv" = 0
[machine.1]      1645000 task-resume id=6 reason=scheduler
[machine.1]      1645000 task-yield id=6 reason=RtosPortYield
[machine.1]      1645000 user-u32 "can_frame_proc" = 528
[machine.1]      1645000 task-resume id=4 reason=scheduler
[machine.1]      1645000 task-yield id=4 reason=RtosPortYield
[machine.1]      1645000 user-u32 "can_recv" = 0
[machine.1]      1645000 task-resume id=6 reason=scheduler
[machine.1]      1645000 task-yield id=6 reason=RtosPortYield
[machine.1]      1645000 user-u32 "can_frame_proc" = 529
[machine.1]      1645000 task-resume id=4 reason=scheduler
[machine.1]      1645000 task-yield id=4 reason=RtosPortYield
[machine.1]      1645000 user-u32 "can_recv" = 0
[machine.1]      1645000 task-resume id=2 reason=scheduler
[machine.1]      1645000 task-yield id=2 reason=Idle
[machine.1]      1650000 task-resume id=4 reason=scheduler
[machine.1]      1650000 task-yield id=4 reason=RtosPortYield
[machine.1]      1650000 user-u32 "can_recv" = 0
[machine.1]      1650000 task-resume id=1 reason=scheduler
[machine.1]      1650000 task-yield id=1 reason=RtosPortYield
[machine.1]      1650000 user-u32 "can_send" = 0
[machine.1]      1650000 task-resume id=2 reason=scheduler
[machine.1]      1650000 task-yield id=2 reason=Idle
[machine.1]      1655000 task-resume id=4 reason=scheduler
[machine.1]      1655000 task-yield id=4 reason=RtosPortYield
[machine.1]      1655000 user-u32 "can_recv" = 0
[machine.1]      1655000 task-resume id=6 reason=scheduler
[machine.1]      1655000 task-yield id=6 reason=RtosPortYield
[machine.1]      1655000 user-u32 "can_frame_proc" = 530
[machine.1]      1655000 task-resume id=4 reason=scheduler
[machine.1]      1655000 task-yield id=4 reason=RtosPortYield
[machine.1]      1655000 user-u32 "can_recv" = 0
[machine.1]      1655000 task-resume id=6 reason=scheduler
[machine.1]      1655000 task-yield id=6 reason=RtosPortYield
[machine.1]      1655000 user-u32 "can_frame_proc" = 531
[machine.1]      1655000 task-resume id=4 reason=scheduler
[machine.1]      1655000 task-yield id=4 reason=RtosPortYield
[machine.1]      1655000 user-u32 "can_recv" = 0
[machine.1]      1655000 task-resume id=6 reason=scheduler
[machine.1]      1655000 task-yield id=6 reason=RtosPortYield
[machine.1]      1655000 user-u32 "can_frame_proc" = 532
[machine.1]      1655000 task-resume id=4 reason=scheduler
[machine.1]      1655000 task-yield id=4 reason=RtosPortYield
[machine.1]      1655000 user-u32 "can_recv" = 0
[machine.1]      1655000 task-resume id=2 reason=scheduler
[machine.1]      1655000 task-yield id=2 reason=Idle
[machine.1]      1660000 task-resume id=4 reason=scheduler
[machine.1]      1660000 task-yield id=4 reason=RtosPortYield
[machine.1]      1660000 user-u32 "can_recv" = 0
[machine.1]      1660000 task-resume id=1 reason=scheduler
[machine.1]      1660000 task-yield id=1 reason=RtosPortYield
[machine.1]      1660000 task-resume id=2 reason=scheduler
[machine.1]      1660000 task-yield id=2 reason=Idle
[machine.1]      1665000 task-resume id=4 reason=scheduler
[machine.1]      1665000 task-yield id=4 reason=RtosPortYield
[machine.1]      1665000 user-u32 "can_recv" = 0
[machine.1]      1665000 task-resume id=6 reason=scheduler
[machine.1]      1665000 task-yield id=6 reason=RtosPortYield
[machine.1]      1665000 user-u32 "can_frame_proc" = 533
[machine.1]      1665000 task-resume id=4 reason=scheduler
[machine.1]      1665000 task-yield id=4 reason=RtosPortYield
[machine.1]      1665000 user-u32 "can_recv" = 0
[machine.1]      1665000 task-resume id=6 reason=scheduler
[machine.1]      1665000 task-yield id=6 reason=RtosPortYield
[machine.1]      1665000 user-u32 "can_frame_proc" = 534
[machine.1]      1665000 task-resume id=4 reason=scheduler
[machine.1]      1665000 task-yield id=4 reason=RtosPortYield
[machine.1]      1665000 user-u32 "can_recv" = 0
[machine.1]      1665000 task-resume id=6 reason=scheduler
[machine.1]      1665000 task-yield id=6 reason=RtosPortYield
[machine.1]      1665000 user-u32 "can_frame_proc" = 535
[machine.1]      1665000 task-resume id=4 reason=scheduler
[machine.1]      1665000 task-yield id=4 reason=RtosPortYield
[machine.1]      1665000 user-u32 "can_recv" = 0
[machine.1]      1665000 task-resume id=2 reason=scheduler
[machine.1]      1665000 task-yield id=2 reason=Idle
[machine.1]      1670000 task-resume id=4 reason=scheduler
[machine.1]      1670000 task-yield id=4 reason=RtosPortYield
[machine.1]      1670000 user-u32 "can_recv" = 0
[machine.1]      1670000 task-resume id=1 reason=scheduler
[machine.1]      1670000 task-yield id=1 reason=RtosPortYield
[machine.1]      1670000 task-resume id=2 reason=scheduler
[machine.1]      1670000 task-yield id=2 reason=Idle
[machine.1]      1675000 task-resume id=4 reason=scheduler
[machine.1]      1675000 task-yield id=4 reason=RtosPortYield
[machine.1]      1675000 user-u32 "can_recv" = 0
[machine.1]      1675000 task-resume id=6 reason=scheduler
[machine.1]      1675000 task-yield id=6 reason=RtosPortYield
[machine.1]      1675000 user-u32 "can_frame_proc" = 536
[machine.1]      1675000 task-resume id=4 reason=scheduler
[machine.1]      1675000 task-yield id=4 reason=RtosPortYield
[machine.1]      1675000 user-u32 "can_recv" = 0
[machine.1]      1675000 task-resume id=6 reason=scheduler
[machine.1]      1675000 task-yield id=6 reason=RtosPortYield
[machine.1]      1675000 user-u32 "can_frame_proc" = 537
[machine.1]      1675000 task-resume id=4 reason=scheduler
[machine.1]      1675000 task-yield id=4 reason=RtosPortYield
[machine.1]      1675000 user-u32 "can_recv" = 0
[machine.1]      1675000 task-resume id=6 reason=scheduler
[machine.1]      1675000 task-yield id=6 reason=RtosPortYield
[machine.1]      1675000 user-u32 "can_frame_proc" = 538
[machine.1]      1675000 task-resume id=4 reason=scheduler
[machine.1]      1675000 task-yield id=4 reason=RtosPortYield
[machine.1]      1675000 user-u32 "can_recv" = 0
[machine.1]      1675000 task-resume id=2 reason=scheduler
[machine.1]      1675000 task-yield id=2 reason=Idle
[machine.1]      1680000 task-resume id=4 reason=scheduler
[machine.1]      1680000 task-yield id=4 reason=RtosPortYield
[machine.1]      1680000 user-u32 "can_recv" = 0
[machine.1]      1680000 task-resume id=1 reason=scheduler
[machine.1]      1680000 task-yield id=1 reason=RtosPortYield
[machine.1]      1680000 task-resume id=2 reason=scheduler
[machine.1]      1680000 task-yield id=2 reason=Idle
[machine.1]      1685000 task-resume id=4 reason=scheduler
[machine.1]      1685000 task-yield id=4 reason=RtosPortYield
[machine.1]      1685000 user-u32 "can_recv" = 0
[machine.1]      1685000 task-resume id=6 reason=scheduler
[machine.1]      1685000 task-yield id=6 reason=RtosPortYield
[machine.1]      1685000 user-u32 "can_frame_proc" = 539
[machine.1]      1685000 task-resume id=4 reason=scheduler
[machine.1]      1685000 task-yield id=4 reason=RtosPortYield
[machine.1]      1685000 user-u32 "can_recv" = 0
[machine.1]      1685000 task-resume id=6 reason=scheduler
[machine.1]      1685000 task-yield id=6 reason=RtosPortYield
[machine.1]      1685000 user-u32 "can_frame_proc" = 540
[machine.1]      1685000 task-resume id=4 reason=scheduler
[machine.1]      1685000 task-yield id=4 reason=RtosPortYield
[machine.1]      1685000 user-u32 "can_recv" = 0
[machine.1]      1685000 task-resume id=6 reason=scheduler
[machine.1]      1685000 task-yield id=6 reason=RtosPortYield
[machine.1]      1685000 user-u32 "can_frame_proc" = 541
[machine.1]      1685000 task-resume id=4 reason=scheduler
[machine.1]      1685000 task-yield id=4 reason=RtosPortYield
[machine.1]      1685000 user-u32 "can_recv" = 0
[machine.1]      1685000 task-resume id=2 reason=scheduler
[machine.1]      1685000 task-yield id=2 reason=Idle
[machine.1]      1690000 task-resume id=4 reason=scheduler
[machine.1]      1690000 task-yield id=4 reason=RtosPortYield
[machine.1]      1690000 user-u32 "can_recv" = 0
[machine.1]      1690000 task-resume id=1 reason=scheduler
[machine.1]      1690000 task-yield id=1 reason=RtosPortYield
[machine.1]      1690000 task-resume id=2 reason=scheduler
[machine.1]      1690000 task-yield id=2 reason=Idle
[machine.1]      1695000 task-resume id=4 reason=scheduler
[machine.1]      1695000 task-yield id=4 reason=RtosPortYield
[machine.1]      1695000 user-u32 "can_recv" = 0
[machine.1]      1695000 task-resume id=6 reason=scheduler
[machine.1]      1695000 task-yield id=6 reason=RtosPortYield
[machine.1]      1695000 user-u32 "can_frame_proc" = 542
[machine.1]      1695000 task-resume id=4 reason=scheduler
[machine.1]      1695000 task-yield id=4 reason=RtosPortYield
[machine.1]      1695000 user-u32 "can_recv" = 0
[machine.1]      1695000 task-resume id=6 reason=scheduler
[machine.1]      1695000 task-yield id=6 reason=RtosPortYield
[machine.1]      1695000 user-u32 "can_frame_proc" = 543
[machine.1]      1695000 task-resume id=4 reason=scheduler
[machine.1]      1695000 task-yield id=4 reason=RtosPortYield
[machine.1]      1695000 user-u32 "can_recv" = 0
[machine.1]      1695000 task-resume id=6 reason=scheduler
[machine.1]      1695000 task-yield id=6 reason=RtosPortYield
[machine.1]      1695000 user-u32 "can_frame_proc" = 544
[machine.1]      1695000 task-resume id=4 reason=scheduler
[machine.1]      1695000 task-yield id=4 reason=RtosPortYield
[machine.1]      1695000 user-u32 "can_recv" = 0
[machine.1]      1695000 task-resume id=2 reason=scheduler
[machine.1]      1695000 task-yield id=2 reason=Idle
[machine.1]      1700000 task-resume id=4 reason=scheduler
[machine.1]      1700000 task-yield id=4 reason=RtosPortYield
[machine.1]      1700000 user-u32 "can_recv" = 0
[machine.1]      1700000 task-resume id=1 reason=scheduler
[machine.1]      1700000 task-yield id=1 reason=RtosPortYield
[machine.1]      1700000 user-u32 "can_send" = 0
[machine.1]      1700000 user-u32 "can_send" = 0
[machine.1]      1700000 task-resume id=5 reason=scheduler
[machine.1]      1700000 task-yield id=5 reason=RtosPortYield
[machine.1]      1700000 user-u32 "fault_aggregate" = 0
[machine.1]      1700000 task-resume id=2 reason=scheduler
[machine.1]      1700000 task-yield id=2 reason=Idle
[machine.1]      1705000 task-resume id=4 reason=scheduler
[machine.1]      1705000 task-yield id=4 reason=RtosPortYield
[machine.1]      1705000 user-u32 "can_recv" = 0
[machine.1]      1705000 task-resume id=6 reason=scheduler
[machine.1]      1705000 task-yield id=6 reason=RtosPortYield
[machine.1]      1705000 user-u32 "can_frame_proc" = 545
[machine.1]      1705000 task-resume id=4 reason=scheduler
[machine.1]      1705000 task-yield id=4 reason=RtosPortYield
[machine.1]      1705000 user-u32 "can_recv" = 0
[machine.1]      1705000 task-resume id=6 reason=scheduler
[machine.1]      1705000 task-yield id=6 reason=RtosPortYield
[machine.1]      1705000 user-u32 "can_frame_proc" = 546
[machine.1]      1705000 task-resume id=4 reason=scheduler
[machine.1]      1705000 task-yield id=4 reason=RtosPortYield
[machine.1]      1705000 user-u32 "can_recv" = 0
[machine.1]      1705000 task-resume id=6 reason=scheduler
[machine.1]      1705000 task-yield id=6 reason=RtosPortYield
[machine.1]      1705000 user-u32 "can_frame_proc" = 547
[machine.1]      1705000 task-resume id=4 reason=scheduler
[machine.1]      1705000 task-yield id=4 reason=RtosPortYield
[machine.1]      1705000 user-u32 "can_recv" = 0
[machine.1]      1705000 task-resume id=6 reason=scheduler
[machine.1]      1705000 task-yield id=6 reason=RtosPortYield
[machine.1]      1705000 user-u32 "can_frame_proc" = 548
[machine.1]      1705000 task-resume id=4 reason=scheduler
[machine.1]      1705000 task-yield id=4 reason=RtosPortYield
[machine.1]      1705000 user-u32 "can_recv" = 0
[machine.1]      1705000 task-resume id=2 reason=scheduler
[machine.1]      1705000 task-yield id=2 reason=Idle
[machine.1]      1710000 task-resume id=4 reason=scheduler
[machine.1]      1710000 task-yield id=4 reason=RtosPortYield
[machine.1]      1710000 user-u32 "can_recv" = 0
[machine.1]      1710000 task-resume id=1 reason=scheduler
[machine.1]      1710000 task-yield id=1 reason=RtosPortYield
[machine.1]      1710000 task-resume id=2 reason=scheduler
[machine.1]      1710000 task-yield id=2 reason=Idle
[machine.1]      1715000 task-resume id=4 reason=scheduler
[machine.1]      1715000 task-yield id=4 reason=RtosPortYield
[machine.1]      1715000 user-u32 "can_recv" = 0
[machine.1]      1715000 task-resume id=6 reason=scheduler
[machine.1]      1715000 task-yield id=6 reason=RtosPortYield
[machine.1]      1715000 user-u32 "can_frame_proc" = 549
[machine.1]      1715000 task-resume id=4 reason=scheduler
[machine.1]      1715000 task-yield id=4 reason=RtosPortYield
[machine.1]      1715000 user-u32 "can_recv" = 0
[machine.1]      1715000 task-resume id=6 reason=scheduler
[machine.1]      1715000 task-yield id=6 reason=RtosPortYield
[machine.1]      1715000 user-u32 "can_frame_proc" = 550
[machine.1]      1715000 task-resume id=4 reason=scheduler
[machine.1]      1715000 task-yield id=4 reason=RtosPortYield
[machine.1]      1715000 user-u32 "can_recv" = 0
[machine.1]      1715000 task-resume id=6 reason=scheduler
[machine.1]      1715000 task-yield id=6 reason=RtosPortYield
[machine.1]      1715000 user-u32 "can_frame_proc" = 551
[machine.1]      1715000 task-resume id=4 reason=scheduler
[machine.1]      1715000 task-yield id=4 reason=RtosPortYield
[machine.1]      1715000 user-u32 "can_recv" = 0
[machine.1]      1715000 task-resume id=2 reason=scheduler
[machine.1]      1715000 task-yield id=2 reason=Idle
[machine.1]      1720000 task-resume id=4 reason=scheduler
[machine.1]      1720000 task-yield id=4 reason=RtosPortYield
[machine.1]      1720000 user-u32 "can_recv" = 0
[machine.1]      1720000 task-resume id=1 reason=scheduler
[machine.1]      1720000 task-yield id=1 reason=RtosPortYield
[machine.1]      1720000 task-resume id=2 reason=scheduler
[machine.1]      1720000 task-yield id=2 reason=Idle
[machine.1]      1725000 task-resume id=4 reason=scheduler
[machine.1]      1725000 task-yield id=4 reason=RtosPortYield
[machine.1]      1725000 user-u32 "can_recv" = 0
[machine.1]      1725000 task-resume id=6 reason=scheduler
[machine.1]      1725000 task-yield id=6 reason=RtosPortYield
[machine.1]      1725000 user-u32 "can_frame_proc" = 552
[machine.1]      1725000 task-resume id=4 reason=scheduler
[machine.1]      1725000 task-yield id=4 reason=RtosPortYield
[machine.1]      1725000 user-u32 "can_recv" = 0
[machine.1]      1725000 task-resume id=6 reason=scheduler
[machine.1]      1725000 task-yield id=6 reason=RtosPortYield
[machine.1]      1725000 user-u32 "can_frame_proc" = 553
[machine.1]      1725000 task-resume id=4 reason=scheduler
[machine.1]      1725000 task-yield id=4 reason=RtosPortYield
[machine.1]      1725000 user-u32 "can_recv" = 0
[machine.1]      1725000 task-resume id=6 reason=scheduler
[machine.1]      1725000 task-yield id=6 reason=RtosPortYield
[machine.1]      1725000 user-u32 "can_frame_proc" = 554
[machine.1]      1725000 task-resume id=4 reason=scheduler
[machine.1]      1725000 task-yield id=4 reason=RtosPortYield
[machine.1]      1725000 user-u32 "can_recv" = 0
[machine.1]      1725000 task-resume id=2 reason=scheduler
[machine.1]      1725000 task-yield id=2 reason=Idle
[machine.1]      1730000 task-resume id=4 reason=scheduler
[machine.1]      1730000 task-yield id=4 reason=RtosPortYield
[machine.1]      1730000 user-u32 "can_recv" = 0
[machine.1]      1730000 task-resume id=1 reason=scheduler
[machine.1]      1730000 task-yield id=1 reason=RtosPortYield
[machine.1]      1730000 task-resume id=2 reason=scheduler
[machine.1]      1730000 task-yield id=2 reason=Idle
[machine.1]      1735000 task-resume id=4 reason=scheduler
[machine.1]      1735000 task-yield id=4 reason=RtosPortYield
[machine.1]      1735000 user-u32 "can_recv" = 0
[machine.1]      1735000 task-resume id=6 reason=scheduler
[machine.1]      1735000 task-yield id=6 reason=RtosPortYield
[machine.1]      1735000 user-u32 "can_frame_proc" = 555
[machine.1]      1735000 task-resume id=4 reason=scheduler
[machine.1]      1735000 task-yield id=4 reason=RtosPortYield
[machine.1]      1735000 user-u32 "can_recv" = 0
[machine.1]      1735000 task-resume id=6 reason=scheduler
[machine.1]      1735000 task-yield id=6 reason=RtosPortYield
[machine.1]      1735000 user-u32 "can_frame_proc" = 556
[machine.1]      1735000 task-resume id=4 reason=scheduler
[machine.1]      1735000 task-yield id=4 reason=RtosPortYield
[machine.1]      1735000 user-u32 "can_recv" = 0
[machine.1]      1735000 task-resume id=6 reason=scheduler
[machine.1]      1735000 task-yield id=6 reason=RtosPortYield
[machine.1]      1735000 user-u32 "can_frame_proc" = 557
[machine.1]      1735000 task-resume id=4 reason=scheduler
[machine.1]      1735000 task-yield id=4 reason=RtosPortYield
[machine.1]      1735000 user-u32 "can_recv" = 0
[machine.1]      1735000 task-resume id=2 reason=scheduler
[machine.1]      1735000 task-yield id=2 reason=Idle
[machine.1]      1740000 task-resume id=4 reason=scheduler
[machine.1]      1740000 task-yield id=4 reason=RtosPortYield
[machine.1]      1740000 user-u32 "can_recv" = 0
[machine.1]      1740000 task-resume id=1 reason=scheduler
[machine.1]      1740000 task-yield id=1 reason=RtosPortYield
[machine.1]      1740000 task-resume id=2 reason=scheduler
[machine.1]      1740000 task-yield id=2 reason=Idle
[machine.1]      1745000 task-resume id=4 reason=scheduler
[machine.1]      1745000 task-yield id=4 reason=RtosPortYield
[machine.1]      1745000 user-u32 "can_recv" = 0
[machine.1]      1745000 task-resume id=6 reason=scheduler
[machine.1]      1745000 task-yield id=6 reason=RtosPortYield
[machine.1]      1745000 user-u32 "can_frame_proc" = 558
[machine.1]      1745000 task-resume id=4 reason=scheduler
[machine.1]      1745000 task-yield id=4 reason=RtosPortYield
[machine.1]      1745000 user-u32 "can_recv" = 0
[machine.1]      1745000 task-resume id=6 reason=scheduler
[machine.1]      1745000 task-yield id=6 reason=RtosPortYield
[machine.1]      1745000 user-u32 "can_frame_proc" = 559
[machine.1]      1745000 task-resume id=4 reason=scheduler
[machine.1]      1745000 task-yield id=4 reason=RtosPortYield
[machine.1]      1745000 user-u32 "can_recv" = 0
[machine.1]      1745000 task-resume id=6 reason=scheduler
[machine.1]      1745000 task-yield id=6 reason=RtosPortYield
[machine.1]      1745000 user-u32 "can_frame_proc" = 560
[machine.1]      1745000 task-resume id=4 reason=scheduler
[machine.1]      1745000 task-yield id=4 reason=RtosPortYield
[machine.1]      1745000 user-u32 "can_recv" = 0
[machine.1]      1745000 task-resume id=2 reason=scheduler
[machine.1]      1745000 task-yield id=2 reason=Idle
[machine.1]      1750000 task-resume id=4 reason=scheduler
[machine.1]      1750000 task-yield id=4 reason=RtosPortYield
[machine.1]      1750000 user-u32 "can_recv" = 0
[machine.1]      1750000 task-resume id=1 reason=scheduler
[machine.1]      1750000 task-yield id=1 reason=RtosPortYield
[machine.1]      1750000 user-u32 "can_send" = 0
[machine.1]      1750000 task-resume id=2 reason=scheduler
[machine.1]      1750000 task-yield id=2 reason=Idle
[machine.1]      1755000 task-resume id=4 reason=scheduler
[machine.1]      1755000 task-yield id=4 reason=RtosPortYield
[machine.1]      1755000 user-u32 "can_recv" = 0
[machine.1]      1755000 task-resume id=6 reason=scheduler
[machine.1]      1755000 task-yield id=6 reason=RtosPortYield
[machine.1]      1755000 user-u32 "can_frame_proc" = 561
[machine.1]      1755000 task-resume id=4 reason=scheduler
[machine.1]      1755000 task-yield id=4 reason=RtosPortYield
[machine.1]      1755000 user-u32 "can_recv" = 0
[machine.1]      1755000 task-resume id=6 reason=scheduler
[machine.1]      1755000 task-yield id=6 reason=RtosPortYield
[machine.1]      1755000 user-u32 "can_frame_proc" = 562
[machine.1]      1755000 task-resume id=4 reason=scheduler
[machine.1]      1755000 task-yield id=4 reason=RtosPortYield
[machine.1]      1755000 user-u32 "can_recv" = 0
[machine.1]      1755000 task-resume id=6 reason=scheduler
[machine.1]      1755000 task-yield id=6 reason=RtosPortYield
[machine.1]      1755000 user-u32 "can_frame_proc" = 563
[machine.1]      1755000 task-resume id=4 reason=scheduler
[machine.1]      1755000 task-yield id=4 reason=RtosPortYield
[machine.1]      1755000 user-u32 "can_recv" = 0
[machine.1]      1755000 task-resume id=2 reason=scheduler
[machine.1]      1755000 task-yield id=2 reason=Idle
[machine.1]      1760000 task-resume id=4 reason=scheduler
[machine.1]      1760000 task-yield id=4 reason=RtosPortYield
[machine.1]      1760000 user-u32 "can_recv" = 0
[machine.1]      1760000 task-resume id=1 reason=scheduler
[machine.1]      1760000 task-yield id=1 reason=RtosPortYield
[machine.1]      1760000 task-resume id=2 reason=scheduler
[machine.1]      1760000 task-yield id=2 reason=Idle
[machine.1]      1765000 task-resume id=4 reason=scheduler
[machine.1]      1765000 task-yield id=4 reason=RtosPortYield
[machine.1]      1765000 user-u32 "can_recv" = 0
[machine.1]      1765000 task-resume id=6 reason=scheduler
[machine.1]      1765000 task-yield id=6 reason=RtosPortYield
[machine.1]      1765000 user-u32 "can_frame_proc" = 564
[machine.1]      1765000 task-resume id=4 reason=scheduler
[machine.1]      1765000 task-yield id=4 reason=RtosPortYield
[machine.1]      1765000 user-u32 "can_recv" = 0
[machine.1]      1765000 task-resume id=6 reason=scheduler
[machine.1]      1765000 task-yield id=6 reason=RtosPortYield
[machine.1]      1765000 user-u32 "can_frame_proc" = 565
[machine.1]      1765000 task-resume id=4 reason=scheduler
[machine.1]      1765000 task-yield id=4 reason=RtosPortYield
[machine.1]      1765000 user-u32 "can_recv" = 0
[machine.1]      1765000 task-resume id=6 reason=scheduler
[machine.1]      1765000 task-yield id=6 reason=RtosPortYield
[machine.1]      1765000 user-u32 "can_frame_proc" = 566
[machine.1]      1765000 task-resume id=4 reason=scheduler
[machine.1]      1765000 task-yield id=4 reason=RtosPortYield
[machine.1]      1765000 user-u32 "can_recv" = 0
[machine.1]      1765000 task-resume id=2 reason=scheduler
[machine.1]      1765000 task-yield id=2 reason=Idle
[machine.1]      1770000 task-resume id=4 reason=scheduler
[machine.1]      1770000 task-yield id=4 reason=RtosPortYield
[machine.1]      1770000 user-u32 "can_recv" = 0
[machine.1]      1770000 task-resume id=1 reason=scheduler
[machine.1]      1770000 task-yield id=1 reason=RtosPortYield
[machine.1]      1770000 task-resume id=2 reason=scheduler
[machine.1]      1770000 task-yield id=2 reason=Idle
[machine.1]      1775000 task-resume id=4 reason=scheduler
[machine.1]      1775000 task-yield id=4 reason=RtosPortYield
[machine.1]      1775000 user-u32 "can_recv" = 0
[machine.1]      1775000 task-resume id=6 reason=scheduler
[machine.1]      1775000 task-yield id=6 reason=RtosPortYield
[machine.1]      1775000 user-u32 "can_frame_proc" = 567
[machine.1]      1775000 task-resume id=4 reason=scheduler
[machine.1]      1775000 task-yield id=4 reason=RtosPortYield
[machine.1]      1775000 user-u32 "can_recv" = 0
[machine.1]      1775000 task-resume id=6 reason=scheduler
[machine.1]      1775000 task-yield id=6 reason=RtosPortYield
[machine.1]      1775000 user-u32 "can_frame_proc" = 568
[machine.1]      1775000 task-resume id=4 reason=scheduler
[machine.1]      1775000 task-yield id=4 reason=RtosPortYield
[machine.1]      1775000 user-u32 "can_recv" = 0
[machine.1]      1775000 task-resume id=6 reason=scheduler
[machine.1]      1775000 task-yield id=6 reason=RtosPortYield
[machine.1]      1775000 user-u32 "can_frame_proc" = 569
[machine.1]      1775000 task-resume id=4 reason=scheduler
[machine.1]      1775000 task-yield id=4 reason=RtosPortYield
[machine.1]      1775000 user-u32 "can_recv" = 0
[machine.1]      1775000 task-resume id=2 reason=scheduler
[machine.1]      1775000 task-yield id=2 reason=Idle
[machine.1]      1780000 task-resume id=4 reason=scheduler
[machine.1]      1780000 task-yield id=4 reason=RtosPortYield
[machine.1]      1780000 user-u32 "can_recv" = 0
[machine.1]      1780000 task-resume id=1 reason=scheduler
[machine.1]      1780000 task-yield id=1 reason=RtosPortYield
[machine.1]      1780000 task-resume id=2 reason=scheduler
[machine.1]      1780000 task-yield id=2 reason=Idle
[machine.1]      1785000 task-resume id=4 reason=scheduler
[machine.1]      1785000 task-yield id=4 reason=RtosPortYield
[machine.1]      1785000 user-u32 "can_recv" = 0
[machine.1]      1785000 task-resume id=6 reason=scheduler
[machine.1]      1785000 task-yield id=6 reason=RtosPortYield
[machine.1]      1785000 user-u32 "can_frame_proc" = 570
[machine.1]      1785000 task-resume id=4 reason=scheduler
[machine.1]      1785000 task-yield id=4 reason=RtosPortYield
[machine.1]      1785000 user-u32 "can_recv" = 0
[machine.1]      1785000 task-resume id=6 reason=scheduler
[machine.1]      1785000 task-yield id=6 reason=RtosPortYield
[machine.1]      1785000 user-u32 "can_frame_proc" = 571
[machine.1]      1785000 task-resume id=4 reason=scheduler
[machine.1]      1785000 task-yield id=4 reason=RtosPortYield
[machine.1]      1785000 user-u32 "can_recv" = 0
[machine.1]      1785000 task-resume id=6 reason=scheduler
[machine.1]      1785000 task-yield id=6 reason=RtosPortYield
[machine.1]      1785000 user-u32 "can_frame_proc" = 572
[machine.1]      1785000 task-resume id=4 reason=scheduler
[machine.1]      1785000 task-yield id=4 reason=RtosPortYield
[machine.1]      1785000 user-u32 "can_recv" = 0
[machine.1]      1785000 task-resume id=2 reason=scheduler
[machine.1]      1785000 task-yield id=2 reason=Idle
[machine.1]      1790000 task-resume id=4 reason=scheduler
[machine.1]      1790000 task-yield id=4 reason=RtosPortYield
[machine.1]      1790000 user-u32 "can_recv" = 0
[machine.1]      1790000 task-resume id=1 reason=scheduler
[machine.1]      1790000 task-yield id=1 reason=RtosPortYield
[machine.1]      1790000 task-resume id=2 reason=scheduler
[machine.1]      1790000 task-yield id=2 reason=Idle
[machine.1]      1795000 task-resume id=4 reason=scheduler
[machine.1]      1795000 task-yield id=4 reason=RtosPortYield
[machine.1]      1795000 user-u32 "can_recv" = 0
[machine.1]      1795000 task-resume id=6 reason=scheduler
[machine.1]      1795000 task-yield id=6 reason=RtosPortYield
[machine.1]      1795000 user-u32 "can_frame_proc" = 573
[machine.1]      1795000 task-resume id=4 reason=scheduler
[machine.1]      1795000 task-yield id=4 reason=RtosPortYield
[machine.1]      1795000 user-u32 "can_recv" = 0
[machine.1]      1795000 task-resume id=6 reason=scheduler
[machine.1]      1795000 task-yield id=6 reason=RtosPortYield
[machine.1]      1795000 user-u32 "can_frame_proc" = 574
[machine.1]      1795000 task-resume id=4 reason=scheduler
[machine.1]      1795000 task-yield id=4 reason=RtosPortYield
[machine.1]      1795000 user-u32 "can_recv" = 0
[machine.1]      1795000 task-resume id=6 reason=scheduler
[machine.1]      1795000 task-yield id=6 reason=RtosPortYield
[machine.1]      1795000 user-u32 "can_frame_proc" = 575
[machine.1]      1795000 task-resume id=4 reason=scheduler
[machine.1]      1795000 task-yield id=4 reason=RtosPortYield
[machine.1]      1795000 user-u32 "can_recv" = 0
[machine.1]      1795000 task-resume id=2 reason=scheduler
[machine.1]      1795000 task-yield id=2 reason=Idle
[machine.1]      1800000 task-resume id=4 reason=scheduler
[machine.1]      1800000 task-yield id=4 reason=RtosPortYield
[machine.1]      1800000 user-u32 "can_recv" = 0
[machine.1]      1800000 task-resume id=1 reason=scheduler
[machine.1]      1800000 task-yield id=1 reason=RtosPortYield
[machine.1]      1800000 user-u32 "can_send" = 0
[machine.1]      1800000 user-u32 "can_send" = 0
[machine.1]      1800000 task-resume id=5 reason=scheduler
[machine.1]      1800000 task-yield id=5 reason=RtosPortYield
[machine.1]      1800000 user-u32 "fault_aggregate" = 0
[machine.1]      1800000 task-resume id=2 reason=scheduler
[machine.1]      1800000 task-yield id=2 reason=Idle
[machine.1]      1805000 task-resume id=4 reason=scheduler
[machine.1]      1805000 task-yield id=4 reason=RtosPortYield
[machine.1]      1805000 user-u32 "can_recv" = 0
[machine.1]      1805000 task-resume id=6 reason=scheduler
[machine.1]      1805000 task-yield id=6 reason=RtosPortYield
[machine.1]      1805000 user-u32 "can_frame_proc" = 576
[machine.1]      1805000 task-resume id=4 reason=scheduler
[machine.1]      1805000 task-yield id=4 reason=RtosPortYield
[machine.1]      1805000 user-u32 "can_recv" = 0
[machine.1]      1805000 task-resume id=6 reason=scheduler
[machine.1]      1805000 task-yield id=6 reason=RtosPortYield
[machine.1]      1805000 user-u32 "can_frame_proc" = 577
[machine.1]      1805000 task-resume id=4 reason=scheduler
[machine.1]      1805000 task-yield id=4 reason=RtosPortYield
[machine.1]      1805000 user-u32 "can_recv" = 0
[machine.1]      1805000 task-resume id=6 reason=scheduler
[machine.1]      1805000 task-yield id=6 reason=RtosPortYield
[machine.1]      1805000 user-u32 "can_frame_proc" = 578
[machine.1]      1805000 task-resume id=4 reason=scheduler
[machine.1]      1805000 task-yield id=4 reason=RtosPortYield
[machine.1]      1805000 user-u32 "can_recv" = 0
[machine.1]      1805000 task-resume id=6 reason=scheduler
[machine.1]      1805000 task-yield id=6 reason=RtosPortYield
[machine.1]      1805000 user-u32 "can_frame_proc" = 579
[machine.1]      1805000 task-resume id=4 reason=scheduler
[machine.1]      1805000 task-yield id=4 reason=RtosPortYield
[machine.1]      1805000 user-u32 "can_recv" = 0
[machine.1]      1805000 task-resume id=2 reason=scheduler
[machine.1]      1805000 task-yield id=2 reason=Idle
[machine.1]      1810000 task-resume id=4 reason=scheduler
[machine.1]      1810000 task-yield id=4 reason=RtosPortYield
[machine.1]      1810000 user-u32 "can_recv" = 0
[machine.1]      1810000 task-resume id=1 reason=scheduler
[machine.1]      1810000 task-yield id=1 reason=RtosPortYield
[machine.1]      1810000 task-resume id=2 reason=scheduler
[machine.1]      1810000 task-yield id=2 reason=Idle
[machine.1]      1815000 task-resume id=4 reason=scheduler
[machine.1]      1815000 task-yield id=4 reason=RtosPortYield
[machine.1]      1815000 user-u32 "can_recv" = 0
[machine.1]      1815000 task-resume id=6 reason=scheduler
[machine.1]      1815000 task-yield id=6 reason=RtosPortYield
[machine.1]      1815000 user-u32 "can_frame_proc" = 580
[machine.1]      1815000 task-resume id=4 reason=scheduler
[machine.1]      1815000 task-yield id=4 reason=RtosPortYield
[machine.1]      1815000 user-u32 "can_recv" = 0
[machine.1]      1815000 task-resume id=6 reason=scheduler
[machine.1]      1815000 task-yield id=6 reason=RtosPortYield
[machine.1]      1815000 user-u32 "can_frame_proc" = 581
[machine.1]      1815000 task-resume id=4 reason=scheduler
[machine.1]      1815000 task-yield id=4 reason=RtosPortYield
[machine.1]      1815000 user-u32 "can_recv" = 0
[machine.1]      1815000 task-resume id=6 reason=scheduler
[machine.1]      1815000 task-yield id=6 reason=RtosPortYield
[machine.1]      1815000 user-u32 "can_frame_proc" = 582
[machine.1]      1815000 task-resume id=4 reason=scheduler
[machine.1]      1815000 task-yield id=4 reason=RtosPortYield
[machine.1]      1815000 user-u32 "can_recv" = 0
[machine.1]      1815000 task-resume id=2 reason=scheduler
[machine.1]      1815000 task-yield id=2 reason=Idle
[machine.1]      1820000 task-resume id=4 reason=scheduler
[machine.1]      1820000 task-yield id=4 reason=RtosPortYield
[machine.1]      1820000 user-u32 "can_recv" = 0
[machine.1]      1820000 task-resume id=1 reason=scheduler
[machine.1]      1820000 task-yield id=1 reason=RtosPortYield
[machine.1]      1820000 task-resume id=2 reason=scheduler
[machine.1]      1820000 task-yield id=2 reason=Idle
[machine.1]      1825000 task-resume id=4 reason=scheduler
[machine.1]      1825000 task-yield id=4 reason=RtosPortYield
[machine.1]      1825000 user-u32 "can_recv" = 0
[machine.1]      1825000 task-resume id=6 reason=scheduler
[machine.1]      1825000 task-yield id=6 reason=RtosPortYield
[machine.1]      1825000 user-u32 "can_frame_proc" = 583
[machine.1]      1825000 task-resume id=4 reason=scheduler
[machine.1]      1825000 task-yield id=4 reason=RtosPortYield
[machine.1]      1825000 user-u32 "can_recv" = 0
[machine.1]      1825000 task-resume id=6 reason=scheduler
[machine.1]      1825000 task-yield id=6 reason=RtosPortYield
[machine.1]      1825000 user-u32 "can_frame_proc" = 584
[machine.1]      1825000 task-resume id=4 reason=scheduler
[machine.1]      1825000 task-yield id=4 reason=RtosPortYield
[machine.1]      1825000 user-u32 "can_recv" = 0
[machine.1]      1825000 task-resume id=6 reason=scheduler
[machine.1]      1825000 task-yield id=6 reason=RtosPortYield
[machine.1]      1825000 user-u32 "can_frame_proc" = 585
[machine.1]      1825000 task-resume id=4 reason=scheduler
[machine.1]      1825000 task-yield id=4 reason=RtosPortYield
[machine.1]      1825000 user-u32 "can_recv" = 0
[machine.1]      1825000 task-resume id=2 reason=scheduler
[machine.1]      1825000 task-yield id=2 reason=Idle
[machine.1]      1830000 task-resume id=4 reason=scheduler
[machine.1]      1830000 task-yield id=4 reason=RtosPortYield
[machine.1]      1830000 user-u32 "can_recv" = 0
[machine.1]      1830000 task-resume id=1 reason=scheduler
[machine.1]      1830000 task-yield id=1 reason=RtosPortYield
[machine.1]      1830000 task-resume id=2 reason=scheduler
[machine.1]      1830000 task-yield id=2 reason=Idle
[machine.1]      1835000 task-resume id=4 reason=scheduler
[machine.1]      1835000 task-yield id=4 reason=RtosPortYield
[machine.1]      1835000 user-u32 "can_recv" = 0
[machine.1]      1835000 task-resume id=6 reason=scheduler
[machine.1]      1835000 task-yield id=6 reason=RtosPortYield
[machine.1]      1835000 user-u32 "can_frame_proc" = 586
[machine.1]      1835000 task-resume id=4 reason=scheduler
[machine.1]      1835000 task-yield id=4 reason=RtosPortYield
[machine.1]      1835000 user-u32 "can_recv" = 0
[machine.1]      1835000 task-resume id=6 reason=scheduler
[machine.1]      1835000 task-yield id=6 reason=RtosPortYield
[machine.1]      1835000 user-u32 "can_frame_proc" = 587
[machine.1]      1835000 task-resume id=4 reason=scheduler
[machine.1]      1835000 task-yield id=4 reason=RtosPortYield
[machine.1]      1835000 user-u32 "can_recv" = 0
[machine.1]      1835000 task-resume id=6 reason=scheduler
[machine.1]      1835000 task-yield id=6 reason=RtosPortYield
[machine.1]      1835000 user-u32 "can_frame_proc" = 588
[machine.1]      1835000 task-resume id=4 reason=scheduler
[machine.1]      1835000 task-yield id=4 reason=RtosPortYield
[machine.1]      1835000 user-u32 "can_recv" = 0
[machine.1]      1835000 task-resume id=2 reason=scheduler
[machine.1]      1835000 task-yield id=2 reason=Idle
[machine.1]      1840000 task-resume id=4 reason=scheduler
[machine.1]      1840000 task-yield id=4 reason=RtosPortYield
[machine.1]      1840000 user-u32 "can_recv" = 0
[machine.1]      1840000 task-resume id=1 reason=scheduler
[machine.1]      1840000 task-yield id=1 reason=RtosPortYield
[machine.1]      1840000 task-resume id=2 reason=scheduler
[machine.1]      1840000 task-yield id=2 reason=Idle
[machine.1]      1845000 task-resume id=4 reason=scheduler
[machine.1]      1845000 task-yield id=4 reason=RtosPortYield
[machine.1]      1845000 user-u32 "can_recv" = 0
[machine.1]      1845000 task-resume id=6 reason=scheduler
[machine.1]      1845000 task-yield id=6 reason=RtosPortYield
[machine.1]      1845000 user-u32 "can_frame_proc" = 589
[machine.1]      1845000 task-resume id=4 reason=scheduler
[machine.1]      1845000 task-yield id=4 reason=RtosPortYield
[machine.1]      1845000 user-u32 "can_recv" = 0
[machine.1]      1845000 task-resume id=6 reason=scheduler
[machine.1]      1845000 task-yield id=6 reason=RtosPortYield
[machine.1]      1845000 user-u32 "can_frame_proc" = 590
[machine.1]      1845000 task-resume id=4 reason=scheduler
[machine.1]      1845000 task-yield id=4 reason=RtosPortYield
[machine.1]      1845000 user-u32 "can_recv" = 0
[machine.1]      1845000 task-resume id=6 reason=scheduler
[machine.1]      1845000 task-yield id=6 reason=RtosPortYield
[machine.1]      1845000 user-u32 "can_frame_proc" = 591
[machine.1]      1845000 task-resume id=4 reason=scheduler
[machine.1]      1845000 task-yield id=4 reason=RtosPortYield
[machine.1]      1845000 user-u32 "can_recv" = 0
[machine.1]      1845000 task-resume id=2 reason=scheduler
[machine.1]      1845000 task-yield id=2 reason=Idle
[machine.1]      1850000 task-resume id=4 reason=scheduler
[machine.1]      1850000 task-yield id=4 reason=RtosPortYield
[machine.1]      1850000 user-u32 "can_recv" = 0
[machine.1]      1850000 task-resume id=1 reason=scheduler
[machine.1]      1850000 task-yield id=1 reason=RtosPortYield
[machine.1]      1850000 user-u32 "can_send" = 0
[machine.1]      1850000 task-resume id=2 reason=scheduler
[machine.1]      1850000 task-yield id=2 reason=Idle
[machine.1]      1855000 task-resume id=4 reason=scheduler
[machine.1]      1855000 task-yield id=4 reason=RtosPortYield
[machine.1]      1855000 user-u32 "can_recv" = 0
[machine.1]      1855000 task-resume id=6 reason=scheduler
[machine.1]      1855000 task-yield id=6 reason=RtosPortYield
[machine.1]      1855000 user-u32 "can_frame_proc" = 592
[machine.1]      1855000 task-resume id=4 reason=scheduler
[machine.1]      1855000 task-yield id=4 reason=RtosPortYield
[machine.1]      1855000 user-u32 "can_recv" = 0
[machine.1]      1855000 task-resume id=6 reason=scheduler
[machine.1]      1855000 task-yield id=6 reason=RtosPortYield
[machine.1]      1855000 user-u32 "can_frame_proc" = 593
[machine.1]      1855000 task-resume id=4 reason=scheduler
[machine.1]      1855000 task-yield id=4 reason=RtosPortYield
[machine.1]      1855000 user-u32 "can_recv" = 0
[machine.1]      1855000 task-resume id=6 reason=scheduler
[machine.1]      1855000 task-yield id=6 reason=RtosPortYield
[machine.1]      1855000 user-u32 "can_frame_proc" = 594
[machine.1]      1855000 task-resume id=4 reason=scheduler
[machine.1]      1855000 task-yield id=4 reason=RtosPortYield
[machine.1]      1855000 user-u32 "can_recv" = 0
[machine.1]      1855000 task-resume id=2 reason=scheduler
[machine.1]      1855000 task-yield id=2 reason=Idle
[machine.1]      1860000 task-resume id=4 reason=scheduler
[machine.1]      1860000 task-yield id=4 reason=RtosPortYield
[machine.1]      1860000 user-u32 "can_recv" = 0
[machine.1]      1860000 task-resume id=1 reason=scheduler
[machine.1]      1860000 task-yield id=1 reason=RtosPortYield
[machine.1]      1860000 task-resume id=2 reason=scheduler
[machine.1]      1860000 task-yield id=2 reason=Idle
[machine.1]      1865000 task-resume id=4 reason=scheduler
[machine.1]      1865000 task-yield id=4 reason=RtosPortYield
[machine.1]      1865000 user-u32 "can_recv" = 0
[machine.1]      1865000 task-resume id=6 reason=scheduler
[machine.1]      1865000 task-yield id=6 reason=RtosPortYield
[machine.1]      1865000 user-u32 "can_frame_proc" = 595
[machine.1]      1865000 task-resume id=4 reason=scheduler
[machine.1]      1865000 task-yield id=4 reason=RtosPortYield
[machine.1]      1865000 user-u32 "can_recv" = 0
[machine.1]      1865000 task-resume id=6 reason=scheduler
[machine.1]      1865000 task-yield id=6 reason=RtosPortYield
[machine.1]      1865000 user-u32 "can_frame_proc" = 596
[machine.1]      1865000 task-resume id=4 reason=scheduler
[machine.1]      1865000 task-yield id=4 reason=RtosPortYield
[machine.1]      1865000 user-u32 "can_recv" = 0
[machine.1]      1865000 task-resume id=6 reason=scheduler
[machine.1]      1865000 task-yield id=6 reason=RtosPortYield
[machine.1]      1865000 user-u32 "can_frame_proc" = 597
[machine.1]      1865000 task-resume id=4 reason=scheduler
[machine.1]      1865000 task-yield id=4 reason=RtosPortYield
[machine.1]      1865000 user-u32 "can_recv" = 0
[machine.1]      1865000 task-resume id=2 reason=scheduler
[machine.1]      1865000 task-yield id=2 reason=Idle
[machine.1]      1870000 task-resume id=4 reason=scheduler
[machine.1]      1870000 task-yield id=4 reason=RtosPortYield
[machine.1]      1870000 user-u32 "can_recv" = 0
[machine.1]      1870000 task-resume id=1 reason=scheduler
[machine.1]      1870000 task-yield id=1 reason=RtosPortYield
[machine.1]      1870000 task-resume id=2 reason=scheduler
[machine.1]      1870000 task-yield id=2 reason=Idle
[machine.1]      1875000 task-resume id=4 reason=scheduler
[machine.1]      1875000 task-yield id=4 reason=RtosPortYield
[machine.1]      1875000 user-u32 "can_recv" = 0
[machine.1]      1875000 task-resume id=6 reason=scheduler
[machine.1]      1875000 task-yield id=6 reason=RtosPortYield
[machine.1]      1875000 user-u32 "can_frame_proc" = 598
[machine.1]      1875000 task-resume id=4 reason=scheduler
[machine.1]      1875000 task-yield id=4 reason=RtosPortYield
[machine.1]      1875000 user-u32 "can_recv" = 0
[machine.1]      1875000 task-resume id=6 reason=scheduler
[machine.1]      1875000 task-yield id=6 reason=RtosPortYield
[machine.1]      1875000 user-u32 "can_frame_proc" = 599
[machine.1]      1875000 task-resume id=4 reason=scheduler
[machine.1]      1875000 task-yield id=4 reason=RtosPortYield
[machine.1]      1875000 user-u32 "can_recv" = 0
[machine.1]      1875000 task-resume id=6 reason=scheduler
[machine.1]      1875000 task-yield id=6 reason=RtosPortYield
[machine.1]      1875000 user-u32 "can_frame_proc" = 600
[machine.1]      1875000 task-resume id=4 reason=scheduler
[machine.1]      1875000 task-yield id=4 reason=RtosPortYield
[machine.1]      1875000 user-u32 "can_recv" = 0
[machine.1]      1875000 task-resume id=2 reason=scheduler
[machine.1]      1875000 task-yield id=2 reason=Idle
[machine.1]      1880000 task-resume id=4 reason=scheduler
[machine.1]      1880000 task-yield id=4 reason=RtosPortYield
[machine.1]      1880000 user-u32 "can_recv" = 0
[machine.1]      1880000 task-resume id=1 reason=scheduler
[machine.1]      1880000 task-yield id=1 reason=RtosPortYield
[machine.1]      1880000 task-resume id=2 reason=scheduler
[machine.1]      1880000 task-yield id=2 reason=Idle
[machine.1]      1885000 task-resume id=4 reason=scheduler
[machine.1]      1885000 task-yield id=4 reason=RtosPortYield
[machine.1]      1885000 user-u32 "can_recv" = 0
[machine.1]      1885000 task-resume id=6 reason=scheduler
[machine.1]      1885000 task-yield id=6 reason=RtosPortYield
[machine.1]      1885000 user-u32 "can_frame_proc" = 601
[machine.1]      1885000 task-resume id=4 reason=scheduler
[machine.1]      1885000 task-yield id=4 reason=RtosPortYield
[machine.1]      1885000 user-u32 "can_recv" = 0
[machine.1]      1885000 task-resume id=6 reason=scheduler
[machine.1]      1885000 task-yield id=6 reason=RtosPortYield
[machine.1]      1885000 user-u32 "can_frame_proc" = 602
[machine.1]      1885000 task-resume id=4 reason=scheduler
[machine.1]      1885000 task-yield id=4 reason=RtosPortYield
[machine.1]      1885000 user-u32 "can_recv" = 0
[machine.1]      1885000 task-resume id=6 reason=scheduler
[machine.1]      1885000 task-yield id=6 reason=RtosPortYield
[machine.1]      1885000 user-u32 "can_frame_proc" = 603
[machine.1]      1885000 task-resume id=4 reason=scheduler
[machine.1]      1885000 task-yield id=4 reason=RtosPortYield
[machine.1]      1885000 user-u32 "can_recv" = 0
[machine.1]      1885000 task-resume id=2 reason=scheduler
[machine.1]      1885000 task-yield id=2 reason=Idle
[machine.1]      1890000 task-resume id=4 reason=scheduler
[machine.1]      1890000 task-yield id=4 reason=RtosPortYield
[machine.1]      1890000 user-u32 "can_recv" = 0
[machine.1]      1890000 task-resume id=1 reason=scheduler
[machine.1]      1890000 task-yield id=1 reason=RtosPortYield
[machine.1]      1890000 task-resume id=2 reason=scheduler
[machine.1]      1890000 task-yield id=2 reason=Idle
[machine.1]      1895000 task-resume id=4 reason=scheduler
[machine.1]      1895000 task-yield id=4 reason=RtosPortYield
[machine.1]      1895000 user-u32 "can_recv" = 0
[machine.1]      1895000 task-resume id=6 reason=scheduler
[machine.1]      1895000 task-yield id=6 reason=RtosPortYield
[machine.1]      1895000 user-u32 "can_frame_proc" = 604
[machine.1]      1895000 task-resume id=4 reason=scheduler
[machine.1]      1895000 task-yield id=4 reason=RtosPortYield
[machine.1]      1895000 user-u32 "can_recv" = 0
[machine.1]      1895000 task-resume id=6 reason=scheduler
[machine.1]      1895000 task-yield id=6 reason=RtosPortYield
[machine.1]      1895000 user-u32 "can_frame_proc" = 605
[machine.1]      1895000 task-resume id=4 reason=scheduler
[machine.1]      1895000 task-yield id=4 reason=RtosPortYield
[machine.1]      1895000 user-u32 "can_recv" = 0
[machine.1]      1895000 task-resume id=6 reason=scheduler
[machine.1]      1895000 task-yield id=6 reason=RtosPortYield
[machine.1]      1895000 user-u32 "can_frame_proc" = 606
[machine.1]      1895000 task-resume id=4 reason=scheduler
[machine.1]      1895000 task-yield id=4 reason=RtosPortYield
[machine.1]      1895000 user-u32 "can_recv" = 0
[machine.1]      1895000 task-resume id=2 reason=scheduler
[machine.1]      1895000 task-yield id=2 reason=Idle
[machine.1]      1900000 task-resume id=4 reason=scheduler
[machine.1]      1900000 task-yield id=4 reason=RtosPortYield
[machine.1]      1900000 user-u32 "can_recv" = 0
[machine.1]      1900000 task-resume id=1 reason=scheduler
[machine.1]      1900000 task-yield id=1 reason=RtosPortYield
[machine.1]      1900000 user-u32 "can_send" = 0
[machine.1]      1900000 user-u32 "can_send" = 0
[machine.1]      1900000 task-resume id=5 reason=scheduler
[machine.1]      1900000 task-yield id=5 reason=RtosPortYield
[machine.1]      1900000 user-u32 "fault_aggregate" = 0
[machine.1]      1900000 task-resume id=2 reason=scheduler
[machine.1]      1900000 task-yield id=2 reason=Idle
[machine.1]      1905000 task-resume id=4 reason=scheduler
[machine.1]      1905000 task-yield id=4 reason=RtosPortYield
[machine.1]      1905000 user-u32 "can_recv" = 0
[machine.1]      1905000 task-resume id=6 reason=scheduler
[machine.1]      1905000 task-yield id=6 reason=RtosPortYield
[machine.1]      1905000 user-u32 "can_frame_proc" = 607
[machine.1]      1905000 task-resume id=4 reason=scheduler
[machine.1]      1905000 task-yield id=4 reason=RtosPortYield
[machine.1]      1905000 user-u32 "can_recv" = 0
[machine.1]      1905000 task-resume id=6 reason=scheduler
[machine.1]      1905000 task-yield id=6 reason=RtosPortYield
[machine.1]      1905000 user-u32 "can_frame_proc" = 608
[machine.1]      1905000 task-resume id=4 reason=scheduler
[machine.1]      1905000 task-yield id=4 reason=RtosPortYield
[machine.1]      1905000 user-u32 "can_recv" = 0
[machine.1]      1905000 task-resume id=6 reason=scheduler
[machine.1]      1905000 task-yield id=6 reason=RtosPortYield
[machine.1]      1905000 user-u32 "can_frame_proc" = 609
[machine.1]      1905000 task-resume id=4 reason=scheduler
[machine.1]      1905000 task-yield id=4 reason=RtosPortYield
[machine.1]      1905000 user-u32 "can_recv" = 0
[machine.1]      1905000 task-resume id=6 reason=scheduler
[machine.1]      1905000 task-yield id=6 reason=RtosPortYield
[machine.1]      1905000 user-u32 "can_frame_proc" = 610
[machine.1]      1905000 task-resume id=4 reason=scheduler
[machine.1]      1905000 task-yield id=4 reason=RtosPortYield
[machine.1]      1905000 user-u32 "can_recv" = 0
[machine.1]      1905000 task-resume id=2 reason=scheduler
[machine.1]      1905000 task-yield id=2 reason=Idle
[machine.1]      1910000 task-resume id=4 reason=scheduler
[machine.1]      1910000 task-yield id=4 reason=RtosPortYield
[machine.1]      1910000 user-u32 "can_recv" = 0
[machine.1]      1910000 task-resume id=1 reason=scheduler
[machine.1]      1910000 task-yield id=1 reason=RtosPortYield
[machine.1]      1910000 task-resume id=2 reason=scheduler
[machine.1]      1910000 task-yield id=2 reason=Idle
[machine.1]      1915000 task-resume id=4 reason=scheduler
[machine.1]      1915000 task-yield id=4 reason=RtosPortYield
[machine.1]      1915000 user-u32 "can_recv" = 0
[machine.1]      1915000 task-resume id=6 reason=scheduler
[machine.1]      1915000 task-yield id=6 reason=RtosPortYield
[machine.1]      1915000 user-u32 "can_frame_proc" = 611
[machine.1]      1915000 task-resume id=4 reason=scheduler
[machine.1]      1915000 task-yield id=4 reason=RtosPortYield
[machine.1]      1915000 user-u32 "can_recv" = 0
[machine.1]      1915000 task-resume id=6 reason=scheduler
[machine.1]      1915000 task-yield id=6 reason=RtosPortYield
[machine.1]      1915000 user-u32 "can_frame_proc" = 612
[machine.1]      1915000 task-resume id=4 reason=scheduler
[machine.1]      1915000 task-yield id=4 reason=RtosPortYield
[machine.1]      1915000 user-u32 "can_recv" = 0
[machine.1]      1915000 task-resume id=6 reason=scheduler
[machine.1]      1915000 task-yield id=6 reason=RtosPortYield
[machine.1]      1915000 user-u32 "can_frame_proc" = 613
[machine.1]      1915000 task-resume id=4 reason=scheduler
[machine.1]      1915000 task-yield id=4 reason=RtosPortYield
[machine.1]      1915000 user-u32 "can_recv" = 0
[machine.1]      1915000 task-resume id=2 reason=scheduler
[machine.1]      1915000 task-yield id=2 reason=Idle
[machine.1]      1920000 task-resume id=4 reason=scheduler
[machine.1]      1920000 task-yield id=4 reason=RtosPortYield
[machine.1]      1920000 user-u32 "can_recv" = 0
[machine.1]      1920000 task-resume id=1 reason=scheduler
[machine.1]      1920000 task-yield id=1 reason=RtosPortYield
[machine.1]      1920000 task-resume id=2 reason=scheduler
[machine.1]      1920000 task-yield id=2 reason=Idle
[machine.1]      1925000 task-resume id=4 reason=scheduler
[machine.1]      1925000 task-yield id=4 reason=RtosPortYield
[machine.1]      1925000 user-u32 "can_recv" = 0
[machine.1]      1925000 task-resume id=6 reason=scheduler
[machine.1]      1925000 task-yield id=6 reason=RtosPortYield
[machine.1]      1925000 user-u32 "can_frame_proc" = 614
[machine.1]      1925000 task-resume id=4 reason=scheduler
[machine.1]      1925000 task-yield id=4 reason=RtosPortYield
[machine.1]      1925000 user-u32 "can_recv" = 0
[machine.1]      1925000 task-resume id=6 reason=scheduler
[machine.1]      1925000 task-yield id=6 reason=RtosPortYield
[machine.1]      1925000 user-u32 "can_frame_proc" = 615
[machine.1]      1925000 task-resume id=4 reason=scheduler
[machine.1]      1925000 task-yield id=4 reason=RtosPortYield
[machine.1]      1925000 user-u32 "can_recv" = 0
[machine.1]      1925000 task-resume id=6 reason=scheduler
[machine.1]      1925000 task-yield id=6 reason=RtosPortYield
[machine.1]      1925000 user-u32 "can_frame_proc" = 616
[machine.1]      1925000 task-resume id=4 reason=scheduler
[machine.1]      1925000 task-yield id=4 reason=RtosPortYield
[machine.1]      1925000 user-u32 "can_recv" = 0
[machine.1]      1925000 task-resume id=2 reason=scheduler
[machine.1]      1925000 task-yield id=2 reason=Idle
[machine.1]      1930000 task-resume id=4 reason=scheduler
[machine.1]      1930000 task-yield id=4 reason=RtosPortYield
[machine.1]      1930000 user-u32 "can_recv" = 0
[machine.1]      1930000 task-resume id=1 reason=scheduler
[machine.1]      1930000 task-yield id=1 reason=RtosPortYield
[machine.1]      1930000 task-resume id=2 reason=scheduler
[machine.1]      1930000 task-yield id=2 reason=Idle
[machine.1]      1935000 task-resume id=4 reason=scheduler
[machine.1]      1935000 task-yield id=4 reason=RtosPortYield
[machine.1]      1935000 user-u32 "can_recv" = 0
[machine.1]      1935000 task-resume id=6 reason=scheduler
[machine.1]      1935000 task-yield id=6 reason=RtosPortYield
[machine.1]      1935000 user-u32 "can_frame_proc" = 617
[machine.1]      1935000 task-resume id=4 reason=scheduler
[machine.1]      1935000 task-yield id=4 reason=RtosPortYield
[machine.1]      1935000 user-u32 "can_recv" = 0
[machine.1]      1935000 task-resume id=6 reason=scheduler
[machine.1]      1935000 task-yield id=6 reason=RtosPortYield
[machine.1]      1935000 user-u32 "can_frame_proc" = 618
[machine.1]      1935000 task-resume id=4 reason=scheduler
[machine.1]      1935000 task-yield id=4 reason=RtosPortYield
[machine.1]      1935000 user-u32 "can_recv" = 0
[machine.1]      1935000 task-resume id=6 reason=scheduler
[machine.1]      1935000 task-yield id=6 reason=RtosPortYield
[machine.1]      1935000 user-u32 "can_frame_proc" = 619
[machine.1]      1935000 task-resume id=4 reason=scheduler
[machine.1]      1935000 task-yield id=4 reason=RtosPortYield
[machine.1]      1935000 user-u32 "can_recv" = 0
[machine.1]      1935000 task-resume id=2 reason=scheduler
[machine.1]      1935000 task-yield id=2 reason=Idle
[machine.1]      1940000 task-resume id=4 reason=scheduler
[machine.1]      1940000 task-yield id=4 reason=RtosPortYield
[machine.1]      1940000 user-u32 "can_recv" = 0
[machine.1]      1940000 task-resume id=1 reason=scheduler
[machine.1]      1940000 task-yield id=1 reason=RtosPortYield
[machine.1]      1940000 task-resume id=2 reason=scheduler
[machine.1]      1940000 task-yield id=2 reason=Idle
[machine.1]      1945000 task-resume id=4 reason=scheduler
[machine.1]      1945000 task-yield id=4 reason=RtosPortYield
[machine.1]      1945000 user-u32 "can_recv" = 0
[machine.1]      1945000 task-resume id=6 reason=scheduler
[machine.1]      1945000 task-yield id=6 reason=RtosPortYield
[machine.1]      1945000 user-u32 "can_frame_proc" = 620
[machine.1]      1945000 task-resume id=4 reason=scheduler
[machine.1]      1945000 task-yield id=4 reason=RtosPortYield
[machine.1]      1945000 user-u32 "can_recv" = 0
[machine.1]      1945000 task-resume id=6 reason=scheduler
[machine.1]      1945000 task-yield id=6 reason=RtosPortYield
[machine.1]      1945000 user-u32 "can_frame_proc" = 621
[machine.1]      1945000 task-resume id=4 reason=scheduler
[machine.1]      1945000 task-yield id=4 reason=RtosPortYield
[machine.1]      1945000 user-u32 "can_recv" = 0
[machine.1]      1945000 task-resume id=6 reason=scheduler
[machine.1]      1945000 task-yield id=6 reason=RtosPortYield
[machine.1]      1945000 user-u32 "can_frame_proc" = 622
[machine.1]      1945000 task-resume id=4 reason=scheduler
[machine.1]      1945000 task-yield id=4 reason=RtosPortYield
[machine.1]      1945000 user-u32 "can_recv" = 0
[machine.1]      1945000 task-resume id=2 reason=scheduler
[machine.1]      1945000 task-yield id=2 reason=Idle
[machine.1]      1950000 task-resume id=4 reason=scheduler
[machine.1]      1950000 task-yield id=4 reason=RtosPortYield
[machine.1]      1950000 user-u32 "can_recv" = 0
[machine.1]      1950000 task-resume id=1 reason=scheduler
[machine.1]      1950000 task-yield id=1 reason=RtosPortYield
[machine.1]      1950000 user-u32 "can_send" = 0
[machine.1]      1950000 task-resume id=2 reason=scheduler
[machine.1]      1950000 task-yield id=2 reason=Idle
[machine.1]      1955000 task-resume id=4 reason=scheduler
[machine.1]      1955000 task-yield id=4 reason=RtosPortYield
[machine.1]      1955000 user-u32 "can_recv" = 0
[machine.1]      1955000 task-resume id=6 reason=scheduler
[machine.1]      1955000 task-yield id=6 reason=RtosPortYield
[machine.1]      1955000 user-u32 "can_frame_proc" = 623
[machine.1]      1955000 task-resume id=4 reason=scheduler
[machine.1]      1955000 task-yield id=4 reason=RtosPortYield
[machine.1]      1955000 user-u32 "can_recv" = 0
[machine.1]      1955000 task-resume id=6 reason=scheduler
[machine.1]      1955000 task-yield id=6 reason=RtosPortYield
[machine.1]      1955000 user-u32 "can_frame_proc" = 624
[machine.1]      1955000 task-resume id=4 reason=scheduler
[machine.1]      1955000 task-yield id=4 reason=RtosPortYield
[machine.1]      1955000 user-u32 "can_recv" = 0
[machine.1]      1955000 task-resume id=6 reason=scheduler
[machine.1]      1955000 task-yield id=6 reason=RtosPortYield
[machine.1]      1955000 user-u32 "can_frame_proc" = 625
[machine.1]      1955000 task-resume id=4 reason=scheduler
[machine.1]      1955000 task-yield id=4 reason=RtosPortYield
[machine.1]      1955000 user-u32 "can_recv" = 0
[machine.1]      1955000 task-resume id=2 reason=scheduler
[machine.1]      1955000 task-yield id=2 reason=Idle
[machine.1]      1960000 task-resume id=4 reason=scheduler
[machine.1]      1960000 task-yield id=4 reason=RtosPortYield
[machine.1]      1960000 user-u32 "can_recv" = 0
[machine.1]      1960000 task-resume id=1 reason=scheduler
[machine.1]      1960000 task-yield id=1 reason=RtosPortYield
[machine.1]      1960000 task-resume id=2 reason=scheduler
[machine.1]      1960000 task-yield id=2 reason=Idle
[machine.1]      1965000 task-resume id=4 reason=scheduler
[machine.1]      1965000 task-yield id=4 reason=RtosPortYield
[machine.1]      1965000 user-u32 "can_recv" = 0
[machine.1]      1965000 task-resume id=6 reason=scheduler
[machine.1]      1965000 task-yield id=6 reason=RtosPortYield
[machine.1]      1965000 user-u32 "can_frame_proc" = 626
[machine.1]      1965000 task-resume id=4 reason=scheduler
[machine.1]      1965000 task-yield id=4 reason=RtosPortYield
[machine.1]      1965000 user-u32 "can_recv" = 0
[machine.1]      1965000 task-resume id=6 reason=scheduler
[machine.1]      1965000 task-yield id=6 reason=RtosPortYield
[machine.1]      1965000 user-u32 "can_frame_proc" = 627
[machine.1]      1965000 task-resume id=4 reason=scheduler
[machine.1]      1965000 task-yield id=4 reason=RtosPortYield
[machine.1]      1965000 user-u32 "can_recv" = 0
[machine.1]      1965000 task-resume id=6 reason=scheduler
[machine.1]      1965000 task-yield id=6 reason=RtosPortYield
[machine.1]      1965000 user-u32 "can_frame_proc" = 628
[machine.1]      1965000 task-resume id=4 reason=scheduler
[machine.1]      1965000 task-yield id=4 reason=RtosPortYield
[machine.1]      1965000 user-u32 "can_recv" = 0
[machine.1]      1965000 task-resume id=2 reason=scheduler
[machine.1]      1965000 task-yield id=2 reason=Idle
[machine.1]      1970000 task-resume id=4 reason=scheduler
[machine.1]      1970000 task-yield id=4 reason=RtosPortYield
[machine.1]      1970000 user-u32 "can_recv" = 0
[machine.1]      1970000 task-resume id=1 reason=scheduler
[machine.1]      1970000 task-yield id=1 reason=RtosPortYield
[machine.1]      1970000 task-resume id=2 reason=scheduler
[machine.1]      1970000 task-yield id=2 reason=Idle
[machine.1]      1975000 task-resume id=4 reason=scheduler
[machine.1]      1975000 task-yield id=4 reason=RtosPortYield
[machine.1]      1975000 user-u32 "can_recv" = 0
[machine.1]      1975000 task-resume id=6 reason=scheduler
[machine.1]      1975000 task-yield id=6 reason=RtosPortYield
[machine.1]      1975000 user-u32 "can_frame_proc" = 629
[machine.1]      1975000 task-resume id=4 reason=scheduler
[machine.1]      1975000 task-yield id=4 reason=RtosPortYield
[machine.1]      1975000 user-u32 "can_recv" = 0
[machine.1]      1975000 task-resume id=6 reason=scheduler
[machine.1]      1975000 task-yield id=6 reason=RtosPortYield
[machine.1]      1975000 user-u32 "can_frame_proc" = 630
[machine.1]      1975000 task-resume id=4 reason=scheduler
[machine.1]      1975000 task-yield id=4 reason=RtosPortYield
[machine.1]      1975000 user-u32 "can_recv" = 0
[machine.1]      1975000 task-resume id=6 reason=scheduler
[machine.1]      1975000 task-yield id=6 reason=RtosPortYield
[machine.1]      1975000 user-u32 "can_frame_proc" = 631
[machine.1]      1975000 task-resume id=4 reason=scheduler
[machine.1]      1975000 task-yield id=4 reason=RtosPortYield
[machine.1]      1975000 user-u32 "can_recv" = 0
[machine.1]      1975000 task-resume id=2 reason=scheduler
[machine.1]      1975000 task-yield id=2 reason=Idle
[machine.1]      1980000 task-resume id=4 reason=scheduler
[machine.1]      1980000 task-yield id=4 reason=RtosPortYield
[machine.1]      1980000 user-u32 "can_recv" = 0
[machine.1]      1980000 task-resume id=1 reason=scheduler
[machine.1]      1980000 task-yield id=1 reason=RtosPortYield
[machine.1]      1980000 task-resume id=2 reason=scheduler
[machine.1]      1980000 task-yield id=2 reason=Idle
[machine.1]      1985000 task-resume id=4 reason=scheduler
[machine.1]      1985000 task-yield id=4 reason=RtosPortYield
[machine.1]      1985000 user-u32 "can_recv" = 0
[machine.1]      1985000 task-resume id=6 reason=scheduler
[machine.1]      1985000 task-yield id=6 reason=RtosPortYield
[machine.1]      1985000 user-u32 "can_frame_proc" = 632
[machine.1]      1985000 task-resume id=4 reason=scheduler
[machine.1]      1985000 task-yield id=4 reason=RtosPortYield
[machine.1]      1985000 user-u32 "can_recv" = 0
[machine.1]      1985000 task-resume id=6 reason=scheduler
[machine.1]      1985000 task-yield id=6 reason=RtosPortYield
[machine.1]      1985000 user-u32 "can_frame_proc" = 633
[machine.1]      1985000 task-resume id=4 reason=scheduler
[machine.1]      1985000 task-yield id=4 reason=RtosPortYield
[machine.1]      1985000 user-u32 "can_recv" = 0
[machine.1]      1985000 task-resume id=6 reason=scheduler
[machine.1]      1985000 task-yield id=6 reason=RtosPortYield
[machine.1]      1985000 user-u32 "can_frame_proc" = 634
[machine.1]      1985000 task-resume id=4 reason=scheduler
[machine.1]      1985000 task-yield id=4 reason=RtosPortYield
[machine.1]      1985000 user-u32 "can_recv" = 0
[machine.1]      1985000 task-resume id=2 reason=scheduler
[machine.1]      1985000 task-yield id=2 reason=Idle
[machine.1]      1990000 task-resume id=4 reason=scheduler
[machine.1]      1990000 task-yield id=4 reason=RtosPortYield
[machine.1]      1990000 user-u32 "can_recv" = 0
[machine.1]      1990000 task-resume id=1 reason=scheduler
[machine.1]      1990000 task-yield id=1 reason=RtosPortYield
[machine.1]      1990000 task-resume id=2 reason=scheduler
[machine.1]      1990000 task-yield id=2 reason=Idle
[machine.1]      1995000 task-resume id=4 reason=scheduler
[machine.1]      1995000 task-yield id=4 reason=RtosPortYield
[machine.1]      1995000 user-u32 "can_recv" = 0
[machine.1]      1995000 task-resume id=6 reason=scheduler
[machine.1]      1995000 task-yield id=6 reason=RtosPortYield
[machine.1]      1995000 user-u32 "can_frame_proc" = 635
[machine.1]      1995000 task-resume id=4 reason=scheduler
[machine.1]      1995000 task-yield id=4 reason=RtosPortYield
[machine.1]      1995000 user-u32 "can_recv" = 0
[machine.1]      1995000 task-resume id=6 reason=scheduler
[machine.1]      1995000 task-yield id=6 reason=RtosPortYield
[machine.1]      1995000 user-u32 "can_frame_proc" = 636
[machine.1]      1995000 task-resume id=4 reason=scheduler
[machine.1]      1995000 task-yield id=4 reason=RtosPortYield
[machine.1]      1995000 user-u32 "can_recv" = 0
[machine.1]      1995000 task-resume id=6 reason=scheduler
[machine.1]      1995000 task-yield id=6 reason=RtosPortYield
[machine.1]      1995000 user-u32 "can_frame_proc" = 637
[machine.1]      1995000 task-resume id=4 reason=scheduler
[machine.1]      1995000 task-yield id=4 reason=RtosPortYield
[machine.1]      1995000 user-u32 "can_recv" = 0
[machine.1]      1995000 task-resume id=2 reason=scheduler
[machine.1]      1995000 task-yield id=2 reason=Idle
[machine.1]      2000000 task-resume id=4 reason=scheduler
[machine.1]      2000000 task-yield id=4 reason=RtosPortYield
[machine.1]      2000000 user-u32 "can_recv" = 0
[machine.1]      2000000 task-resume id=1 reason=scheduler
[machine.1]      2000000 task-yield id=1 reason=RtosPortYield
[machine.1]      2000000 user-u32 "can_send" = 0
[machine.1]      2000000 user-u32 "can_send" = 0
[machine.1]      2000000 task-resume id=5 reason=scheduler
[machine.1]      2000000 task-yield id=5 reason=RtosPortYield
[machine.1]      2000000 user-u32 "fault_aggregate" = 0
[machine.1]      2000000 task-resume id=2 reason=scheduler
[machine.1]      2000000 task-yield id=2 reason=Idle
[machine.2]          500 can-rx receiver=2 id=0x0001 len=5
[machine.2]          500 can-tx sender=2 id=0x0001 len=5
[machine.2]        10500 can-tx sender=2 id=0x0101 len=2
[machine.2]        10500 can-rx receiver=2 id=0x0102 len=2
[machine.2]        10500 can-rx receiver=2 id=0x0500 len=7
[machine.2]        20500 can-tx sender=2 id=0x0101 len=2
[machine.2]        20500 can-rx receiver=2 id=0x0102 len=2
[machine.2]        20500 can-rx receiver=2 id=0x0500 len=7
[machine.2]        30500 can-tx sender=2 id=0x0101 len=2
[machine.2]        30500 can-rx receiver=2 id=0x0102 len=2
[machine.2]        30500 can-rx receiver=2 id=0x0500 len=7
[machine.2]        40500 can-tx sender=2 id=0x0101 len=2
[machine.2]        40500 can-rx receiver=2 id=0x0102 len=2
[machine.2]        40500 can-rx receiver=2 id=0x0500 len=7
[machine.2]        50500 can-rx receiver=2 id=0x0010 len=2
[machine.2]        50500 can-tx sender=2 id=0x0101 len=2
[machine.2]        50500 can-rx receiver=2 id=0x0102 len=2
[machine.2]        50500 can-rx receiver=2 id=0x0500 len=7
[machine.2]        60500 can-tx sender=2 id=0x0101 len=2
[machine.2]        60500 can-rx receiver=2 id=0x0102 len=2
[machine.2]        60500 can-rx receiver=2 id=0x0500 len=7
[machine.2]        70500 can-tx sender=2 id=0x0101 len=2
[machine.2]        70500 can-rx receiver=2 id=0x0102 len=2
[machine.2]        70500 can-rx receiver=2 id=0x0500 len=7
[machine.2]        80500 can-tx sender=2 id=0x0101 len=2
[machine.2]        80500 can-rx receiver=2 id=0x0102 len=2
[machine.2]        80500 can-rx receiver=2 id=0x0500 len=7
[machine.2]        90500 can-tx sender=2 id=0x0101 len=2
[machine.2]        90500 can-rx receiver=2 id=0x0102 len=2
[machine.2]        90500 can-rx receiver=2 id=0x0500 len=7
[machine.2]       100500 can-rx receiver=2 id=0x0001 len=5
[machine.2]       100500 can-tx sender=2 id=0x0001 len=5
[machine.2]       100500 can-rx receiver=2 id=0x0010 len=2
[machine.2]       100500 can-tx sender=2 id=0x0101 len=2
[machine.2]       100500 can-rx receiver=2 id=0x0102 len=2
[machine.2]       100500 can-rx receiver=2 id=0x0500 len=7
[machine.2]       110500 can-tx sender=2 id=0x0101 len=2
[machine.2]       110500 can-rx receiver=2 id=0x0102 len=2
[machine.2]       110500 can-rx receiver=2 id=0x0500 len=7
[machine.2]       120500 can-tx sender=2 id=0x0101 len=2
[machine.2]       120500 can-rx receiver=2 id=0x0102 len=2
[machine.2]       120500 can-rx receiver=2 id=0x0500 len=7
[machine.2]       130500 can-tx sender=2 id=0x0101 len=2
[machine.2]       130500 can-rx receiver=2 id=0x0102 len=2
[machine.2]       130500 can-rx receiver=2 id=0x0500 len=7
[machine.2]       140500 can-tx sender=2 id=0x0101 len=2
[machine.2]       140500 can-rx receiver=2 id=0x0102 len=2
[machine.2]       140500 can-rx receiver=2 id=0x0500 len=7
[machine.2]       150500 can-rx receiver=2 id=0x0010 len=2
[machine.2]       150500 can-tx sender=2 id=0x0101 len=2
[machine.2]       150500 can-rx receiver=2 id=0x0102 len=2
[machine.2]       150500 can-rx receiver=2 id=0x0500 len=7
[machine.2]       160500 can-tx sender=2 id=0x0101 len=2
[machine.2]       160500 can-rx receiver=2 id=0x0102 len=2
[machine.2]       160500 can-rx receiver=2 id=0x0500 len=7
[machine.2]       170500 can-tx sender=2 id=0x0101 len=2
[machine.2]       170500 can-rx receiver=2 id=0x0102 len=2
[machine.2]       170500 can-rx receiver=2 id=0x0500 len=7
[machine.2]       180500 can-tx sender=2 id=0x0101 len=2
[machine.2]       180500 can-rx receiver=2 id=0x0102 len=2
[machine.2]       180500 can-rx receiver=2 id=0x0500 len=7
[machine.2]       190500 can-tx sender=2 id=0x0101 len=2
[machine.2]       190500 can-rx receiver=2 id=0x0102 len=2
[machine.2]       190500 can-rx receiver=2 id=0x0500 len=7
[machine.2]       200500 can-rx receiver=2 id=0x0001 len=5
[machine.2]       200500 can-tx sender=2 id=0x0001 len=5
[machine.2]       200500 can-rx receiver=2 id=0x0010 len=2
[machine.2]       200500 can-tx sender=2 id=0x0101 len=2
[machine.2]       200500 can-rx receiver=2 id=0x0102 len=2
[machine.2]       200500 can-rx receiver=2 id=0x0500 len=7
[machine.2]       210500 can-tx sender=2 id=0x0101 len=2
[machine.2]       210500 can-rx receiver=2 id=0x0102 len=2
[machine.2]       210500 can-rx receiver=2 id=0x0500 len=7
[machine.2]       220500 can-tx sender=2 id=0x0101 len=2
[machine.2]       220500 can-rx receiver=2 id=0x0102 len=2
[machine.2]       220500 can-rx receiver=2 id=0x0500 len=7
[machine.2]       230500 can-tx sender=2 id=0x0101 len=2
[machine.2]       230500 can-rx receiver=2 id=0x0102 len=2
[machine.2]       230500 can-rx receiver=2 id=0x0500 len=7
[machine.2]       240500 can-tx sender=2 id=0x0101 len=2
[machine.2]       240500 can-rx receiver=2 id=0x0102 len=2
[machine.2]       240500 can-rx receiver=2 id=0x0500 len=7
[machine.2]       250500 can-rx receiver=2 id=0x0010 len=2
[machine.2]       250500 can-tx sender=2 id=0x0101 len=2
[machine.2]       250500 can-rx receiver=2 id=0x0102 len=2
[machine.2]       250500 can-rx receiver=2 id=0x0500 len=7
[machine.2]       260500 can-tx sender=2 id=0x0101 len=2
[machine.2]       260500 can-rx receiver=2 id=0x0102 len=2
[machine.2]       260500 can-rx receiver=2 id=0x0500 len=7
[machine.2]       270500 can-tx sender=2 id=0x0101 len=2
[machine.2]       270500 can-rx receiver=2 id=0x0102 len=2
[machine.2]       270500 can-rx receiver=2 id=0x0500 len=7
[machine.2]       280500 can-tx sender=2 id=0x0101 len=2
[machine.2]       280500 can-rx receiver=2 id=0x0102 len=2
[machine.2]       280500 can-rx receiver=2 id=0x0500 len=7
[machine.2]       290500 can-tx sender=2 id=0x0101 len=2
[machine.2]       290500 can-rx receiver=2 id=0x0102 len=2
[machine.2]       290500 can-rx receiver=2 id=0x0500 len=7
[machine.2]       300500 can-rx receiver=2 id=0x0001 len=5
[machine.2]       300500 can-tx sender=2 id=0x0001 len=5
[machine.2]       300500 can-rx receiver=2 id=0x0010 len=2
[machine.2]       300500 can-tx sender=2 id=0x0101 len=2
[machine.2]       300500 can-rx receiver=2 id=0x0102 len=2
[machine.2]       300500 can-rx receiver=2 id=0x0500 len=7
[machine.2]       310500 can-tx sender=2 id=0x0101 len=2
[machine.2]       310500 can-rx receiver=2 id=0x0102 len=2
[machine.2]       310500 can-rx receiver=2 id=0x0500 len=7
[machine.2]       320500 can-tx sender=2 id=0x0101 len=2
[machine.2]       320500 can-rx receiver=2 id=0x0102 len=2
[machine.2]       320500 can-rx receiver=2 id=0x0500 len=7
[machine.2]       330500 can-tx sender=2 id=0x0101 len=2
[machine.2]       330500 can-rx receiver=2 id=0x0102 len=2
[machine.2]       330500 can-rx receiver=2 id=0x0500 len=7
[machine.2]       340500 can-tx sender=2 id=0x0101 len=2
[machine.2]       340500 can-rx receiver=2 id=0x0102 len=2
[machine.2]       340500 can-rx receiver=2 id=0x0500 len=7
[machine.2]       350500 can-rx receiver=2 id=0x0010 len=2
[machine.2]       350500 can-tx sender=2 id=0x0101 len=2
[machine.2]       350500 can-rx receiver=2 id=0x0102 len=2
[machine.2]       350500 can-rx receiver=2 id=0x0500 len=7
[machine.2]       360500 can-tx sender=2 id=0x0101 len=2
[machine.2]       360500 can-rx receiver=2 id=0x0102 len=2
[machine.2]       360500 can-rx receiver=2 id=0x0500 len=7
[machine.2]       370500 can-tx sender=2 id=0x0101 len=2
[machine.2]       370500 can-rx receiver=2 id=0x0102 len=2
[machine.2]       370500 can-rx receiver=2 id=0x0500 len=7
[machine.2]       380500 can-tx sender=2 id=0x0101 len=2
[machine.2]       380500 can-rx receiver=2 id=0x0102 len=2
[machine.2]       380500 can-rx receiver=2 id=0x0500 len=7
[machine.2]       390500 can-tx sender=2 id=0x0101 len=2
[machine.2]       390500 can-rx receiver=2 id=0x0102 len=2
[machine.2]       390500 can-rx receiver=2 id=0x0500 len=7
[machine.2]       400500 can-rx receiver=2 id=0x0001 len=5
[machine.2]       400500 can-tx sender=2 id=0x0001 len=5
[machine.2]       400500 can-rx receiver=2 id=0x0010 len=2
[machine.2]       400500 can-tx sender=2 id=0x0101 len=2
[machine.2]       400500 can-rx receiver=2 id=0x0102 len=2
[machine.2]       400500 can-rx receiver=2 id=0x0500 len=7
[machine.2]       410500 can-tx sender=2 id=0x0101 len=2
[machine.2]       410500 can-rx receiver=2 id=0x0102 len=2
[machine.2]       410500 can-rx receiver=2 id=0x0500 len=7
[machine.2]       420500 can-tx sender=2 id=0x0101 len=2
[machine.2]       420500 can-rx receiver=2 id=0x0102 len=2
[machine.2]       420500 can-rx receiver=2 id=0x0500 len=7
[machine.2]       430500 can-tx sender=2 id=0x0101 len=2
[machine.2]       430500 can-rx receiver=2 id=0x0102 len=2
[machine.2]       430500 can-rx receiver=2 id=0x0500 len=7
[machine.2]       440500 can-tx sender=2 id=0x0101 len=2
[machine.2]       440500 can-rx receiver=2 id=0x0102 len=2
[machine.2]       440500 can-rx receiver=2 id=0x0500 len=7
[machine.2]       450500 can-rx receiver=2 id=0x0010 len=2
[machine.2]       450500 can-tx sender=2 id=0x0101 len=2
[machine.2]       450500 can-rx receiver=2 id=0x0102 len=2
[machine.2]       450500 can-rx receiver=2 id=0x0500 len=7
[machine.2]       460500 can-tx sender=2 id=0x0101 len=2
[machine.2]       460500 can-rx receiver=2 id=0x0102 len=2
[machine.2]       460500 can-rx receiver=2 id=0x0500 len=7
[machine.2]       470500 can-tx sender=2 id=0x0101 len=2
[machine.2]       470500 can-rx receiver=2 id=0x0102 len=2
[machine.2]       470500 can-rx receiver=2 id=0x0500 len=7
[machine.2]       480500 can-tx sender=2 id=0x0101 len=2
[machine.2]       480500 can-rx receiver=2 id=0x0102 len=2
[machine.2]       480500 can-rx receiver=2 id=0x0500 len=7
[machine.2]       490500 can-tx sender=2 id=0x0101 len=2
[machine.2]       490500 can-rx receiver=2 id=0x0102 len=2
[machine.2]       490500 can-rx receiver=2 id=0x0500 len=7
[machine.2]       500500 can-tx sender=2 id=0x0001 len=5
[machine.2]       500500 can-tx sender=2 id=0x0001 len=5
[machine.2]       500500 can-tx sender=2 id=0x0001 len=5
[machine.2]       500500 can-tx sender=2 id=0x0001 len=5
[machine.2]       500500 can-tx sender=2 id=0x0001 len=5
[machine.2]       500500 can-tx sender=2 id=0x0001 len=5
[machine.2]       500500 can-tx sender=2 id=0x0001 len=5
[machine.2]       500500 can-tx sender=2 id=0x0001 len=5
[machine.2]       500500 can-tx sender=2 id=0x0001 len=5
[machine.2]       500500 can-tx sender=2 id=0x0001 len=5
[machine.2]       500500 can-tx sender=2 id=0x0001 len=5
[machine.2]       500500 can-tx sender=2 id=0x0001 len=5
[machine.2]       500500 can-tx sender=2 id=0x0001 len=5
[machine.2]       500500 can-tx sender=2 id=0x0001 len=5
[machine.2]       500500 can-tx sender=2 id=0x0001 len=5
[machine.2]       500500 can-tx sender=2 id=0x0001 len=5
[machine.2]       500500 can-tx sender=2 id=0x0001 len=5
[machine.2]       500500 can-tx sender=2 id=0x0001 len=5
[machine.2]       500500 can-tx sender=2 id=0x0001 len=5
[machine.2]       500500 can-tx sender=2 id=0x0001 len=5
[machine.2]       500500 can-rx receiver=2 id=0x0001 len=5
[machine.2]       500500 can-tx sender=2 id=0x0001 len=5
[machine.2]       500500 can-rx receiver=2 id=0x0010 len=2
[machine.2]       500500 can-tx sender=2 id=0x0101 len=2
[machine.2]       500500 can-rx receiver=2 id=0x0102 len=2
[machine.2]       500500 can-rx receiver=2 id=0x0500 len=7
[machine.2]       510500 can-tx sender=2 id=0x0101 len=2
[machine.2]       510500 can-rx receiver=2 id=0x0102 len=2
[machine.2]       510500 can-rx receiver=2 id=0x0500 len=7
[machine.2]       520500 can-tx sender=2 id=0x0101 len=2
[machine.2]       520500 can-rx receiver=2 id=0x0102 len=2
[machine.2]       520500 can-rx receiver=2 id=0x0500 len=7
[machine.2]       530500 can-tx sender=2 id=0x0101 len=2
[machine.2]       530500 can-rx receiver=2 id=0x0102 len=2
[machine.2]       530500 can-rx receiver=2 id=0x0500 len=7
[machine.2]       540500 can-tx sender=2 id=0x0101 len=2
[machine.2]       540500 can-rx receiver=2 id=0x0102 len=2
[machine.2]       540500 can-rx receiver=2 id=0x0500 len=7
[machine.2]       550500 can-rx receiver=2 id=0x0010 len=2
[machine.2]       550500 can-tx sender=2 id=0x0101 len=2
[machine.2]       550500 can-rx receiver=2 id=0x0102 len=2
[machine.2]       550500 can-rx receiver=2 id=0x0500 len=7
[machine.2]       560500 can-tx sender=2 id=0x0101 len=2
[machine.2]       560500 can-rx receiver=2 id=0x0102 len=2
[machine.2]       560500 can-rx receiver=2 id=0x0500 len=7
[machine.2]       570500 can-tx sender=2 id=0x0101 len=2
[machine.2]       570500 can-rx receiver=2 id=0x0102 len=2
[machine.2]       570500 can-rx receiver=2 id=0x0500 len=7
[machine.2]       580500 can-tx sender=2 id=0x0101 len=2
[machine.2]       580500 can-rx receiver=2 id=0x0102 len=2
[machine.2]       580500 can-rx receiver=2 id=0x0500 len=7
[machine.2]       590500 can-tx sender=2 id=0x0101 len=2
[machine.2]       590500 can-rx receiver=2 id=0x0102 len=2
[machine.2]       590500 can-rx receiver=2 id=0x0500 len=7
[machine.2]       600500 can-rx receiver=2 id=0x0001 len=5
[machine.2]       600500 can-tx sender=2 id=0x0001 len=5
[machine.2]       600500 can-rx receiver=2 id=0x0010 len=2
[machine.2]       600500 can-tx sender=2 id=0x0101 len=2
[machine.2]       600500 can-rx receiver=2 id=0x0102 len=2
[machine.2]       600500 can-rx receiver=2 id=0x0500 len=7
[machine.2]       610500 can-tx sender=2 id=0x0101 len=2
[machine.2]       610500 can-rx receiver=2 id=0x0102 len=2
[machine.2]       610500 can-rx receiver=2 id=0x0500 len=7
[machine.2]       620500 can-tx sender=2 id=0x0101 len=2
[machine.2]       620500 can-rx receiver=2 id=0x0102 len=2
[machine.2]       620500 can-rx receiver=2 id=0x0500 len=7
[machine.2]       630500 can-tx sender=2 id=0x0101 len=2
[machine.2]       630500 can-rx receiver=2 id=0x0102 len=2
[machine.2]       630500 can-rx receiver=2 id=0x0500 len=7
[machine.2]       640500 can-tx sender=2 id=0x0101 len=2
[machine.2]       640500 can-rx receiver=2 id=0x0102 len=2
[machine.2]       640500 can-rx receiver=2 id=0x0500 len=7
[machine.2]       650500 can-rx receiver=2 id=0x0010 len=2
[machine.2]       650500 can-tx sender=2 id=0x0101 len=2
[machine.2]       650500 can-rx receiver=2 id=0x0102 len=2
[machine.2]       650500 can-rx receiver=2 id=0x0500 len=7
[machine.2]       660500 can-tx sender=2 id=0x0101 len=2
[machine.2]       660500 can-rx receiver=2 id=0x0102 len=2
[machine.2]       660500 can-rx receiver=2 id=0x0500 len=7
[machine.2]       670500 can-tx sender=2 id=0x0101 len=2
[machine.2]       670500 can-rx receiver=2 id=0x0102 len=2
[machine.2]       670500 can-rx receiver=2 id=0x0500 len=7
[machine.2]       680500 can-tx sender=2 id=0x0101 len=2
[machine.2]       680500 can-rx receiver=2 id=0x0102 len=2
[machine.2]       680500 can-rx receiver=2 id=0x0500 len=7
[machine.2]       690500 can-tx sender=2 id=0x0101 len=2
[machine.2]       690500 can-rx receiver=2 id=0x0102 len=2
[machine.2]       690500 can-rx receiver=2 id=0x0500 len=7
[machine.2]       700500 can-rx receiver=2 id=0x0001 len=5
[machine.2]       700500 can-tx sender=2 id=0x0001 len=5
[machine.2]       700500 can-rx receiver=2 id=0x0010 len=2
[machine.2]       700500 can-tx sender=2 id=0x0101 len=2
[machine.2]       700500 can-rx receiver=2 id=0x0102 len=2
[machine.2]       700500 can-rx receiver=2 id=0x0500 len=7
[machine.2]       710500 can-tx sender=2 id=0x0101 len=2
[machine.2]       710500 can-rx receiver=2 id=0x0102 len=2
[machine.2]       710500 can-rx receiver=2 id=0x0500 len=7
[machine.2]       720500 can-tx sender=2 id=0x0101 len=2
[machine.2]       720500 can-rx receiver=2 id=0x0102 len=2
[machine.2]       720500 can-rx receiver=2 id=0x0500 len=7
[machine.2]       730500 can-tx sender=2 id=0x0101 len=2
[machine.2]       730500 can-rx receiver=2 id=0x0102 len=2
[machine.2]       730500 can-rx receiver=2 id=0x0500 len=7
[machine.2]       740500 can-tx sender=2 id=0x0101 len=2
[machine.2]       740500 can-rx receiver=2 id=0x0102 len=2
[machine.2]       740500 can-rx receiver=2 id=0x0500 len=7
[machine.2]       750500 can-rx receiver=2 id=0x0010 len=2
[machine.2]       750500 can-tx sender=2 id=0x0101 len=2
[machine.2]       750500 can-rx receiver=2 id=0x0102 len=2
[machine.2]       750500 can-rx receiver=2 id=0x0500 len=7
[machine.2]       760500 can-tx sender=2 id=0x0101 len=2
[machine.2]       760500 can-rx receiver=2 id=0x0102 len=2
[machine.2]       760500 can-rx receiver=2 id=0x0500 len=7
[machine.2]       770500 can-tx sender=2 id=0x0101 len=2
[machine.2]       770500 can-rx receiver=2 id=0x0102 len=2
[machine.2]       770500 can-rx receiver=2 id=0x0500 len=7
[machine.2]       780500 can-tx sender=2 id=0x0101 len=2
[machine.2]       780500 can-rx receiver=2 id=0x0102 len=2
[machine.2]       780500 can-rx receiver=2 id=0x0500 len=7
[machine.2]       790500 can-tx sender=2 id=0x0101 len=2
[machine.2]       790500 can-rx receiver=2 id=0x0102 len=2
[machine.2]       790500 can-rx receiver=2 id=0x0500 len=7
[machine.2]       800500 can-rx receiver=2 id=0x0001 len=5
[machine.2]       800500 can-tx sender=2 id=0x0001 len=5
[machine.2]       800500 can-rx receiver=2 id=0x0010 len=2
[machine.2]       800500 can-tx sender=2 id=0x0101 len=2
[machine.2]       800500 can-rx receiver=2 id=0x0102 len=2
[machine.2]       800500 can-rx receiver=2 id=0x0500 len=7
[machine.2]       810500 can-tx sender=2 id=0x0101 len=2
[machine.2]       810500 can-rx receiver=2 id=0x0102 len=2
[machine.2]       810500 can-rx receiver=2 id=0x0500 len=7
[machine.2]       820500 can-tx sender=2 id=0x0101 len=2
[machine.2]       820500 can-rx receiver=2 id=0x0102 len=2
[machine.2]       820500 can-rx receiver=2 id=0x0500 len=7
[machine.2]       830500 can-tx sender=2 id=0x0101 len=2
[machine.2]       830500 can-rx receiver=2 id=0x0102 len=2
[machine.2]       830500 can-rx receiver=2 id=0x0500 len=7
[machine.2]       840500 can-tx sender=2 id=0x0101 len=2
[machine.2]       840500 can-rx receiver=2 id=0x0102 len=2
[machine.2]       840500 can-rx receiver=2 id=0x0500 len=7
[machine.2]       850500 can-rx receiver=2 id=0x0010 len=2
[machine.2]       850500 can-tx sender=2 id=0x0101 len=2
[machine.2]       850500 can-rx receiver=2 id=0x0102 len=2
[machine.2]       850500 can-rx receiver=2 id=0x0500 len=7
[machine.2]       860500 can-tx sender=2 id=0x0101 len=2
[machine.2]       860500 can-rx receiver=2 id=0x0102 len=2
[machine.2]       860500 can-rx receiver=2 id=0x0500 len=7
[machine.2]       870500 can-tx sender=2 id=0x0101 len=2
[machine.2]       870500 can-rx receiver=2 id=0x0102 len=2
[machine.2]       870500 can-rx receiver=2 id=0x0500 len=7
[machine.2]       880500 can-tx sender=2 id=0x0101 len=2
[machine.2]       880500 can-rx receiver=2 id=0x0102 len=2
[machine.2]       880500 can-rx receiver=2 id=0x0500 len=7
[machine.2]       890500 can-tx sender=2 id=0x0101 len=2
[machine.2]       890500 can-rx receiver=2 id=0x0102 len=2
[machine.2]       890500 can-rx receiver=2 id=0x0500 len=7
[machine.2]       900500 can-rx receiver=2 id=0x0001 len=5
[machine.2]       900500 can-tx sender=2 id=0x0001 len=5
[machine.2]       900500 can-rx receiver=2 id=0x0010 len=2
[machine.2]       900500 can-tx sender=2 id=0x0101 len=2
[machine.2]       900500 can-rx receiver=2 id=0x0102 len=2
[machine.2]       900500 can-rx receiver=2 id=0x0500 len=7
[machine.2]       910500 can-tx sender=2 id=0x0101 len=2
[machine.2]       910500 can-rx receiver=2 id=0x0102 len=2
[machine.2]       910500 can-rx receiver=2 id=0x0500 len=7
[machine.2]       920500 can-tx sender=2 id=0x0101 len=2
[machine.2]       920500 can-rx receiver=2 id=0x0102 len=2
[machine.2]       920500 can-rx receiver=2 id=0x0500 len=7
[machine.2]       930500 can-tx sender=2 id=0x0101 len=2
[machine.2]       930500 can-rx receiver=2 id=0x0102 len=2
[machine.2]       930500 can-rx receiver=2 id=0x0500 len=7
[machine.2]       940500 can-tx sender=2 id=0x0101 len=2
[machine.2]       940500 can-rx receiver=2 id=0x0102 len=2
[machine.2]       940500 can-rx receiver=2 id=0x0500 len=7
[machine.2]       950500 can-rx receiver=2 id=0x0010 len=2
[machine.2]       950500 can-tx sender=2 id=0x0101 len=2
[machine.2]       950500 can-rx receiver=2 id=0x0102 len=2
[machine.2]       950500 can-rx receiver=2 id=0x0500 len=7
[machine.2]       960500 can-tx sender=2 id=0x0101 len=2
[machine.2]       960500 can-rx receiver=2 id=0x0102 len=2
[machine.2]       960500 can-rx receiver=2 id=0x0500 len=7
[machine.2]       970500 can-tx sender=2 id=0x0101 len=2
[machine.2]       970500 can-rx receiver=2 id=0x0102 len=2
[machine.2]       970500 can-rx receiver=2 id=0x0500 len=7
[machine.2]       980500 can-tx sender=2 id=0x0101 len=2
[machine.2]       980500 can-rx receiver=2 id=0x0102 len=2
[machine.2]       980500 can-rx receiver=2 id=0x0500 len=7
[machine.2]       990500 can-tx sender=2 id=0x0101 len=2
[machine.2]       990500 can-rx receiver=2 id=0x0102 len=2
[machine.2]       990500 can-rx receiver=2 id=0x0500 len=7
[machine.2]      1000500 can-rx receiver=2 id=0x0001 len=5
[machine.2]      1000500 can-tx sender=2 id=0x0001 len=5
[machine.2]      1000500 can-rx receiver=2 id=0x0010 len=2
[machine.2]      1000500 can-tx sender=2 id=0x0101 len=2
[machine.2]      1000500 can-rx receiver=2 id=0x0102 len=2
[machine.2]      1000500 can-rx receiver=2 id=0x0500 len=7
[machine.2]      1010500 can-tx sender=2 id=0x0101 len=2
[machine.2]      1010500 can-rx receiver=2 id=0x0102 len=2
[machine.2]      1010500 can-rx receiver=2 id=0x0500 len=7
[machine.2]      1020500 can-tx sender=2 id=0x0101 len=2
[machine.2]      1020500 can-rx receiver=2 id=0x0102 len=2
[machine.2]      1020500 can-rx receiver=2 id=0x0500 len=7
[machine.2]      1030500 can-tx sender=2 id=0x0101 len=2
[machine.2]      1030500 can-rx receiver=2 id=0x0102 len=2
[machine.2]      1030500 can-rx receiver=2 id=0x0500 len=7
[machine.2]      1040500 can-tx sender=2 id=0x0101 len=2
[machine.2]      1040500 can-rx receiver=2 id=0x0102 len=2
[machine.2]      1040500 can-rx receiver=2 id=0x0500 len=7
[machine.2]      1050500 can-rx receiver=2 id=0x0010 len=2
[machine.2]      1050500 can-tx sender=2 id=0x0101 len=2
[machine.2]      1050500 can-rx receiver=2 id=0x0102 len=2
[machine.2]      1050500 can-rx receiver=2 id=0x0500 len=7
[machine.2]      1060500 can-tx sender=2 id=0x0101 len=2
[machine.2]      1060500 can-rx receiver=2 id=0x0102 len=2
[machine.2]      1060500 can-rx receiver=2 id=0x0500 len=7
[machine.2]      1070500 can-tx sender=2 id=0x0101 len=2
[machine.2]      1070500 can-rx receiver=2 id=0x0102 len=2
[machine.2]      1070500 can-rx receiver=2 id=0x0500 len=7
[machine.2]      1080500 can-tx sender=2 id=0x0101 len=2
[machine.2]      1080500 can-rx receiver=2 id=0x0102 len=2
[machine.2]      1080500 can-rx receiver=2 id=0x0500 len=7
[machine.2]      1090500 can-tx sender=2 id=0x0101 len=2
[machine.2]      1090500 can-rx receiver=2 id=0x0102 len=2
[machine.2]      1090500 can-rx receiver=2 id=0x0500 len=7
[machine.2]      1100500 can-rx receiver=2 id=0x0001 len=5
[machine.2]      1100500 can-tx sender=2 id=0x0001 len=5
[machine.2]      1100500 can-rx receiver=2 id=0x0010 len=2
[machine.2]      1100500 can-tx sender=2 id=0x0101 len=2
[machine.2]      1100500 can-rx receiver=2 id=0x0102 len=2
[machine.2]      1100500 can-rx receiver=2 id=0x0500 len=7
[machine.2]      1110500 can-tx sender=2 id=0x0101 len=2
[machine.2]      1110500 can-rx receiver=2 id=0x0102 len=2
[machine.2]      1110500 can-rx receiver=2 id=0x0500 len=7
[machine.2]      1120500 can-tx sender=2 id=0x0101 len=2
[machine.2]      1120500 can-rx receiver=2 id=0x0102 len=2
[machine.2]      1120500 can-rx receiver=2 id=0x0500 len=7
[machine.2]      1130500 can-tx sender=2 id=0x0101 len=2
[machine.2]      1130500 can-rx receiver=2 id=0x0102 len=2
[machine.2]      1130500 can-rx receiver=2 id=0x0500 len=7
[machine.2]      1140500 can-tx sender=2 id=0x0101 len=2
[machine.2]      1140500 can-rx receiver=2 id=0x0102 len=2
[machine.2]      1140500 can-rx receiver=2 id=0x0500 len=7
[machine.2]      1150500 can-rx receiver=2 id=0x0010 len=2
[machine.2]      1150500 can-tx sender=2 id=0x0101 len=2
[machine.2]      1150500 can-rx receiver=2 id=0x0102 len=2
[machine.2]      1150500 can-rx receiver=2 id=0x0500 len=7
[machine.2]      1160500 can-tx sender=2 id=0x0101 len=2
[machine.2]      1160500 can-rx receiver=2 id=0x0102 len=2
[machine.2]      1160500 can-rx receiver=2 id=0x0500 len=7
[machine.2]      1170500 can-tx sender=2 id=0x0101 len=2
[machine.2]      1170500 can-rx receiver=2 id=0x0102 len=2
[machine.2]      1170500 can-rx receiver=2 id=0x0500 len=7
[machine.2]      1180500 can-tx sender=2 id=0x0101 len=2
[machine.2]      1180500 can-rx receiver=2 id=0x0102 len=2
[machine.2]      1180500 can-rx receiver=2 id=0x0500 len=7
[machine.2]      1190500 can-tx sender=2 id=0x0101 len=2
[machine.2]      1190500 can-rx receiver=2 id=0x0102 len=2
[machine.2]      1190500 can-rx receiver=2 id=0x0500 len=7
[machine.2]      1200500 can-rx receiver=2 id=0x0001 len=5
[machine.2]      1200500 can-tx sender=2 id=0x0001 len=5
[machine.2]      1200500 can-rx receiver=2 id=0x0010 len=2
[machine.2]      1200500 can-tx sender=2 id=0x0101 len=2
[machine.2]      1200500 can-rx receiver=2 id=0x0102 len=2
[machine.2]      1200500 can-rx receiver=2 id=0x0500 len=7
[machine.2]      1210500 can-tx sender=2 id=0x0101 len=2
[machine.2]      1210500 can-rx receiver=2 id=0x0102 len=2
[machine.2]      1210500 can-rx receiver=2 id=0x0500 len=7
[machine.2]      1220500 can-tx sender=2 id=0x0101 len=2
[machine.2]      1220500 can-rx receiver=2 id=0x0102 len=2
[machine.2]      1220500 can-rx receiver=2 id=0x0500 len=7
[machine.2]      1230500 can-tx sender=2 id=0x0101 len=2
[machine.2]      1230500 can-rx receiver=2 id=0x0102 len=2
[machine.2]      1230500 can-rx receiver=2 id=0x0500 len=7
[machine.2]      1240500 can-tx sender=2 id=0x0101 len=2
[machine.2]      1240500 can-rx receiver=2 id=0x0102 len=2
[machine.2]      1240500 can-rx receiver=2 id=0x0500 len=7
[machine.2]      1250500 can-rx receiver=2 id=0x0010 len=2
[machine.2]      1250500 can-tx sender=2 id=0x0101 len=2
[machine.2]      1250500 can-rx receiver=2 id=0x0102 len=2
[machine.2]      1250500 can-rx receiver=2 id=0x0500 len=7
[machine.2]      1260500 can-tx sender=2 id=0x0101 len=2
[machine.2]      1260500 can-rx receiver=2 id=0x0102 len=2
[machine.2]      1260500 can-rx receiver=2 id=0x0500 len=7
[machine.2]      1270500 can-tx sender=2 id=0x0101 len=2
[machine.2]      1270500 can-rx receiver=2 id=0x0102 len=2
[machine.2]      1270500 can-rx receiver=2 id=0x0500 len=7
[machine.2]      1280500 can-tx sender=2 id=0x0101 len=2
[machine.2]      1280500 can-rx receiver=2 id=0x0102 len=2
[machine.2]      1280500 can-rx receiver=2 id=0x0500 len=7
[machine.2]      1290500 can-tx sender=2 id=0x0101 len=2
[machine.2]      1290500 can-rx receiver=2 id=0x0102 len=2
[machine.2]      1290500 can-rx receiver=2 id=0x0500 len=7
[machine.2]      1300500 can-rx receiver=2 id=0x0001 len=5
[machine.2]      1300500 can-tx sender=2 id=0x0001 len=5
[machine.2]      1300500 can-rx receiver=2 id=0x0010 len=2
[machine.2]      1300500 can-tx sender=2 id=0x0101 len=2
[machine.2]      1300500 can-rx receiver=2 id=0x0102 len=2
[machine.2]      1300500 can-rx receiver=2 id=0x0500 len=7
[machine.2]      1310500 can-tx sender=2 id=0x0101 len=2
[machine.2]      1310500 can-rx receiver=2 id=0x0102 len=2
[machine.2]      1310500 can-rx receiver=2 id=0x0500 len=7
[machine.2]      1320500 can-tx sender=2 id=0x0101 len=2
[machine.2]      1320500 can-rx receiver=2 id=0x0102 len=2
[machine.2]      1320500 can-rx receiver=2 id=0x0500 len=7
[machine.2]      1330500 can-tx sender=2 id=0x0101 len=2
[machine.2]      1330500 can-rx receiver=2 id=0x0102 len=2
[machine.2]      1330500 can-rx receiver=2 id=0x0500 len=7
[machine.2]      1340500 can-tx sender=2 id=0x0101 len=2
[machine.2]      1340500 can-rx receiver=2 id=0x0102 len=2
[machine.2]      1340500 can-rx receiver=2 id=0x0500 len=7
[machine.2]      1350500 can-rx receiver=2 id=0x0010 len=2
[machine.2]      1350500 can-tx sender=2 id=0x0101 len=2
[machine.2]      1350500 can-rx receiver=2 id=0x0102 len=2
[machine.2]      1350500 can-rx receiver=2 id=0x0500 len=7
[machine.2]      1360500 can-tx sender=2 id=0x0101 len=2
[machine.2]      1360500 can-rx receiver=2 id=0x0102 len=2
[machine.2]      1360500 can-rx receiver=2 id=0x0500 len=7
[machine.2]      1370500 can-tx sender=2 id=0x0101 len=2
[machine.2]      1370500 can-rx receiver=2 id=0x0102 len=2
[machine.2]      1370500 can-rx receiver=2 id=0x0500 len=7
[machine.2]      1380500 can-tx sender=2 id=0x0101 len=2
[machine.2]      1380500 can-rx receiver=2 id=0x0102 len=2
[machine.2]      1380500 can-rx receiver=2 id=0x0500 len=7
[machine.2]      1390500 can-tx sender=2 id=0x0101 len=2
[machine.2]      1390500 can-rx receiver=2 id=0x0102 len=2
[machine.2]      1390500 can-rx receiver=2 id=0x0500 len=7
[machine.2]      1400500 can-rx receiver=2 id=0x0001 len=5
[machine.2]      1400500 can-tx sender=2 id=0x0001 len=5
[machine.2]      1400500 can-rx receiver=2 id=0x0010 len=2
[machine.2]      1400500 can-tx sender=2 id=0x0101 len=2
[machine.2]      1400500 can-rx receiver=2 id=0x0102 len=2
[machine.2]      1400500 can-rx receiver=2 id=0x0500 len=7
[machine.2]      1410500 can-tx sender=2 id=0x0101 len=2
[machine.2]      1410500 can-rx receiver=2 id=0x0102 len=2
[machine.2]      1410500 can-rx receiver=2 id=0x0500 len=7
[machine.2]      1420500 can-tx sender=2 id=0x0101 len=2
[machine.2]      1420500 can-rx receiver=2 id=0x0102 len=2
[machine.2]      1420500 can-rx receiver=2 id=0x0500 len=7
[machine.2]      1430500 can-tx sender=2 id=0x0101 len=2
[machine.2]      1430500 can-rx receiver=2 id=0x0102 len=2
[machine.2]      1430500 can-rx receiver=2 id=0x0500 len=7
[machine.2]      1440500 can-tx sender=2 id=0x0101 len=2
[machine.2]      1440500 can-rx receiver=2 id=0x0102 len=2
[machine.2]      1440500 can-rx receiver=2 id=0x0500 len=7
[machine.2]      1450500 can-rx receiver=2 id=0x0010 len=2
[machine.2]      1450500 can-tx sender=2 id=0x0101 len=2
[machine.2]      1450500 can-rx receiver=2 id=0x0102 len=2
[machine.2]      1450500 can-rx receiver=2 id=0x0500 len=7
[machine.2]      1460500 can-tx sender=2 id=0x0101 len=2
[machine.2]      1460500 can-rx receiver=2 id=0x0102 len=2
[machine.2]      1460500 can-rx receiver=2 id=0x0500 len=7
[machine.2]      1470500 can-tx sender=2 id=0x0101 len=2
[machine.2]      1470500 can-rx receiver=2 id=0x0102 len=2
[machine.2]      1470500 can-rx receiver=2 id=0x0500 len=7
[machine.2]      1480500 can-tx sender=2 id=0x0101 len=2
[machine.2]      1480500 can-rx receiver=2 id=0x0102 len=2
[machine.2]      1480500 can-rx receiver=2 id=0x0500 len=7
[machine.2]      1490500 can-tx sender=2 id=0x0101 len=2
[machine.2]      1490500 can-rx receiver=2 id=0x0102 len=2
[machine.2]      1490500 can-rx receiver=2 id=0x0500 len=7
[machine.2]      1500500 can-rx receiver=2 id=0x0001 len=5
[machine.2]      1500500 can-tx sender=2 id=0x0001 len=5
[machine.2]      1500500 can-rx receiver=2 id=0x0010 len=2
[machine.2]      1500500 can-tx sender=2 id=0x0101 len=2
[machine.2]      1500500 can-rx receiver=2 id=0x0102 len=2
[machine.2]      1500500 can-rx receiver=2 id=0x0500 len=7
[machine.2]      1510500 can-tx sender=2 id=0x0101 len=2
[machine.2]      1510500 can-rx receiver=2 id=0x0102 len=2
[machine.2]      1510500 can-rx receiver=2 id=0x0500 len=7
[machine.2]      1520500 can-tx sender=2 id=0x0101 len=2
[machine.2]      1520500 can-rx receiver=2 id=0x0102 len=2
[machine.2]      1520500 can-rx receiver=2 id=0x0500 len=7
[machine.2]      1530500 can-tx sender=2 id=0x0101 len=2
[machine.2]      1530500 can-rx receiver=2 id=0x0102 len=2
[machine.2]      1530500 can-rx receiver=2 id=0x0500 len=7
[machine.2]      1540500 can-tx sender=2 id=0x0101 len=2
[machine.2]      1540500 can-rx receiver=2 id=0x0102 len=2
[machine.2]      1540500 can-rx receiver=2 id=0x0500 len=7
[machine.2]      1550500 can-rx receiver=2 id=0x0010 len=2
[machine.2]      1550500 can-tx sender=2 id=0x0101 len=2
[machine.2]      1550500 can-rx receiver=2 id=0x0102 len=2
[machine.2]      1550500 can-rx receiver=2 id=0x0500 len=7
[machine.2]      1560500 can-tx sender=2 id=0x0101 len=2
[machine.2]      1560500 can-rx receiver=2 id=0x0102 len=2
[machine.2]      1560500 can-rx receiver=2 id=0x0500 len=7
[machine.2]      1570500 can-tx sender=2 id=0x0101 len=2
[machine.2]      1570500 can-rx receiver=2 id=0x0102 len=2
[machine.2]      1570500 can-rx receiver=2 id=0x0500 len=7
[machine.2]      1580500 can-tx sender=2 id=0x0101 len=2
[machine.2]      1580500 can-rx receiver=2 id=0x0102 len=2
[machine.2]      1580500 can-rx receiver=2 id=0x0500 len=7
[machine.2]      1590500 can-tx sender=2 id=0x0101 len=2
[machine.2]      1590500 can-rx receiver=2 id=0x0102 len=2
[machine.2]      1590500 can-rx receiver=2 id=0x0500 len=7
[machine.2]      1600500 can-rx receiver=2 id=0x0001 len=5
[machine.2]      1600500 can-tx sender=2 id=0x0001 len=5
[machine.2]      1600500 can-rx receiver=2 id=0x0010 len=2
[machine.2]      1600500 can-tx sender=2 id=0x0101 len=2
[machine.2]      1600500 can-rx receiver=2 id=0x0102 len=2
[machine.2]      1600500 can-rx receiver=2 id=0x0500 len=7
[machine.2]      1610500 can-tx sender=2 id=0x0101 len=2
[machine.2]      1610500 can-rx receiver=2 id=0x0102 len=2
[machine.2]      1610500 can-rx receiver=2 id=0x0500 len=7
[machine.2]      1620500 can-tx sender=2 id=0x0101 len=2
[machine.2]      1620500 can-rx receiver=2 id=0x0102 len=2
[machine.2]      1620500 can-rx receiver=2 id=0x0500 len=7
[machine.2]      1630500 can-tx sender=2 id=0x0101 len=2
[machine.2]      1630500 can-rx receiver=2 id=0x0102 len=2
[machine.2]      1630500 can-rx receiver=2 id=0x0500 len=7
[machine.2]      1640500 can-tx sender=2 id=0x0101 len=2
[machine.2]      1640500 can-rx receiver=2 id=0x0102 len=2
[machine.2]      1640500 can-rx receiver=2 id=0x0500 len=7
[machine.2]      1650500 can-rx receiver=2 id=0x0010 len=2
[machine.2]      1650500 can-tx sender=2 id=0x0101 len=2
[machine.2]      1650500 can-rx receiver=2 id=0x0102 len=2
[machine.2]      1650500 can-rx receiver=2 id=0x0500 len=7
[machine.2]      1660500 can-tx sender=2 id=0x0101 len=2
[machine.2]      1660500 can-rx receiver=2 id=0x0102 len=2
[machine.2]      1660500 can-rx receiver=2 id=0x0500 len=7
[machine.2]      1670500 can-tx sender=2 id=0x0101 len=2
[machine.2]      1670500 can-rx receiver=2 id=0x0102 len=2
[machine.2]      1670500 can-rx receiver=2 id=0x0500 len=7
[machine.2]      1680500 can-tx sender=2 id=0x0101 len=2
[machine.2]      1680500 can-rx receiver=2 id=0x0102 len=2
[machine.2]      1680500 can-rx receiver=2 id=0x0500 len=7
[machine.2]      1690500 can-tx sender=2 id=0x0101 len=2
[machine.2]      1690500 can-rx receiver=2 id=0x0102 len=2
[machine.2]      1690500 can-rx receiver=2 id=0x0500 len=7
[machine.2]      1700500 can-rx receiver=2 id=0x0001 len=5
[machine.2]      1700500 can-tx sender=2 id=0x0001 len=5
[machine.2]      1700500 can-rx receiver=2 id=0x0010 len=2
[machine.2]      1700500 can-tx sender=2 id=0x0101 len=2
[machine.2]      1700500 can-rx receiver=2 id=0x0102 len=2
[machine.2]      1700500 can-rx receiver=2 id=0x0500 len=7
[machine.2]      1710500 can-tx sender=2 id=0x0101 len=2
[machine.2]      1710500 can-rx receiver=2 id=0x0102 len=2
[machine.2]      1710500 can-rx receiver=2 id=0x0500 len=7
[machine.2]      1720500 can-tx sender=2 id=0x0101 len=2
[machine.2]      1720500 can-rx receiver=2 id=0x0102 len=2
[machine.2]      1720500 can-rx receiver=2 id=0x0500 len=7
[machine.2]      1730500 can-tx sender=2 id=0x0101 len=2
[machine.2]      1730500 can-rx receiver=2 id=0x0102 len=2
[machine.2]      1730500 can-rx receiver=2 id=0x0500 len=7
[machine.2]      1740500 can-tx sender=2 id=0x0101 len=2
[machine.2]      1740500 can-rx receiver=2 id=0x0102 len=2
[machine.2]      1740500 can-rx receiver=2 id=0x0500 len=7
[machine.2]      1750500 can-rx receiver=2 id=0x0010 len=2
[machine.2]      1750500 can-tx sender=2 id=0x0101 len=2
[machine.2]      1750500 can-rx receiver=2 id=0x0102 len=2
[machine.2]      1750500 can-rx receiver=2 id=0x0500 len=7
[machine.2]      1760500 can-tx sender=2 id=0x0101 len=2
[machine.2]      1760500 can-rx receiver=2 id=0x0102 len=2
[machine.2]      1760500 can-rx receiver=2 id=0x0500 len=7
[machine.2]      1770500 can-tx sender=2 id=0x0101 len=2
[machine.2]      1770500 can-rx receiver=2 id=0x0102 len=2
[machine.2]      1770500 can-rx receiver=2 id=0x0500 len=7
[machine.2]      1780500 can-tx sender=2 id=0x0101 len=2
[machine.2]      1780500 can-rx receiver=2 id=0x0102 len=2
[machine.2]      1780500 can-rx receiver=2 id=0x0500 len=7
[machine.2]      1790500 can-tx sender=2 id=0x0101 len=2
[machine.2]      1790500 can-rx receiver=2 id=0x0102 len=2
[machine.2]      1790500 can-rx receiver=2 id=0x0500 len=7
[machine.2]      1800500 can-rx receiver=2 id=0x0001 len=5
[machine.2]      1800500 can-tx sender=2 id=0x0001 len=5
[machine.2]      1800500 can-rx receiver=2 id=0x0010 len=2
[machine.2]      1800500 can-tx sender=2 id=0x0101 len=2
[machine.2]      1800500 can-rx receiver=2 id=0x0102 len=2
[machine.2]      1800500 can-rx receiver=2 id=0x0500 len=7
[machine.2]      1810500 can-tx sender=2 id=0x0101 len=2
[machine.2]      1810500 can-rx receiver=2 id=0x0102 len=2
[machine.2]      1810500 can-rx receiver=2 id=0x0500 len=7
[machine.2]      1820500 can-tx sender=2 id=0x0101 len=2
[machine.2]      1820500 can-rx receiver=2 id=0x0102 len=2
[machine.2]      1820500 can-rx receiver=2 id=0x0500 len=7
[machine.2]      1830500 can-tx sender=2 id=0x0101 len=2
[machine.2]      1830500 can-rx receiver=2 id=0x0102 len=2
[machine.2]      1830500 can-rx receiver=2 id=0x0500 len=7
[machine.2]      1840500 can-tx sender=2 id=0x0101 len=2
[machine.2]      1840500 can-rx receiver=2 id=0x0102 len=2
[machine.2]      1840500 can-rx receiver=2 id=0x0500 len=7
[machine.2]      1850500 can-rx receiver=2 id=0x0010 len=2
[machine.2]      1850500 can-tx sender=2 id=0x0101 len=2
[machine.2]      1850500 can-rx receiver=2 id=0x0102 len=2
[machine.2]      1850500 can-rx receiver=2 id=0x0500 len=7
[machine.2]      1860500 can-tx sender=2 id=0x0101 len=2
[machine.2]      1860500 can-rx receiver=2 id=0x0102 len=2
[machine.2]      1860500 can-rx receiver=2 id=0x0500 len=7
[machine.2]      1870500 can-tx sender=2 id=0x0101 len=2
[machine.2]      1870500 can-rx receiver=2 id=0x0102 len=2
[machine.2]      1870500 can-rx receiver=2 id=0x0500 len=7
[machine.2]      1880500 can-tx sender=2 id=0x0101 len=2
[machine.2]      1880500 can-rx receiver=2 id=0x0102 len=2
[machine.2]      1880500 can-rx receiver=2 id=0x0500 len=7
[machine.2]      1890500 can-tx sender=2 id=0x0101 len=2
[machine.2]      1890500 can-rx receiver=2 id=0x0102 len=2
[machine.2]      1890500 can-rx receiver=2 id=0x0500 len=7
[machine.2]      1900500 can-rx receiver=2 id=0x0001 len=5
[machine.2]      1900500 can-tx sender=2 id=0x0001 len=5
[machine.2]      1900500 can-rx receiver=2 id=0x0010 len=2
[machine.2]      1900500 can-tx sender=2 id=0x0101 len=2
[machine.2]      1900500 can-rx receiver=2 id=0x0102 len=2
[machine.2]      1900500 can-rx receiver=2 id=0x0500 len=7
[machine.2]      1910500 can-tx sender=2 id=0x0101 len=2
[machine.2]      1910500 can-rx receiver=2 id=0x0102 len=2
[machine.2]      1910500 can-rx receiver=2 id=0x0500 len=7
[machine.2]      1920500 can-tx sender=2 id=0x0101 len=2
[machine.2]      1920500 can-rx receiver=2 id=0x0102 len=2
[machine.2]      1920500 can-rx receiver=2 id=0x0500 len=7
[machine.2]      1930500 can-tx sender=2 id=0x0101 len=2
[machine.2]      1930500 can-rx receiver=2 id=0x0102 len=2
[machine.2]      1930500 can-rx receiver=2 id=0x0500 len=7
[machine.2]      1940500 can-tx sender=2 id=0x0101 len=2
[machine.2]      1940500 can-rx receiver=2 id=0x0102 len=2
[machine.2]      1940500 can-rx receiver=2 id=0x0500 len=7
[machine.2]      1950500 can-rx receiver=2 id=0x0010 len=2
[machine.2]      1950500 can-tx sender=2 id=0x0101 len=2
[machine.2]      1950500 can-rx receiver=2 id=0x0102 len=2
[machine.2]      1950500 can-rx receiver=2 id=0x0500 len=7
[machine.2]      1960500 can-tx sender=2 id=0x0101 len=2
[machine.2]      1960500 can-rx receiver=2 id=0x0102 len=2
[machine.2]      1960500 can-rx receiver=2 id=0x0500 len=7
[machine.2]      1970500 can-tx sender=2 id=0x0101 len=2
[machine.2]      1970500 can-rx receiver=2 id=0x0102 len=2
[machine.2]      1970500 can-rx receiver=2 id=0x0500 len=7
[machine.2]      1980500 can-tx sender=2 id=0x0101 len=2
[machine.2]      1980500 can-rx receiver=2 id=0x0102 len=2
[machine.2]      1980500 can-rx receiver=2 id=0x0500 len=7
[machine.2]      1990500 can-tx sender=2 id=0x0101 len=2
[machine.2]      1990500 can-rx receiver=2 id=0x0102 len=2
[machine.2]      1990500 can-rx receiver=2 id=0x0500 len=7
[machine.2]            0 task-created id=1 name="powertrain"
[machine.2]            0 user-u32 "microcar_boot_powertrain" = 1
[machine.2]            0 user-u32 "microcar_tasks_created" = 1
[machine.2]            0 task-created id=2 name="IDLE"
[machine.2]            0 task-created id=3 name="Tmr Svc"
[machine.2]            0 task-resume id=3 reason=scheduler
[machine.2]            0 task-yield id=3 reason=RtosPortYield
[machine.2]            0 task-resume id=1 reason=scheduler
[machine.2]            0 task-created id=4 name="sensor"
[machine.2]            0 task-yield id=1 reason=RtosPortYield
[machine.2]            0 user-u32 "pt_can_sem" = 1
[machine.2]            0 user-u32 "pt_wd_timer" = 1
[machine.2]            0 task-resume id=4 reason=scheduler
[machine.2]            0 task-yield id=4 reason=RtosPortYield
[machine.2]            0 task-resume id=3 reason=scheduler
[machine.2]            0 task-yield id=3 reason=RtosPortYield
[machine.2]            0 task-resume id=1 reason=scheduler
[machine.2]            0 task-created id=5 name="logger"
[machine.2]            0 task-created id=6 name="dl_mon"
[machine.2]            0 task-yield id=1 reason=RtosPortYield
[machine.2]            0 user-u32 "can_send" = 0
[machine.2]            0 task-resume id=6 reason=scheduler
[machine.2]            0 task-yield id=6 reason=RtosPortYield
[machine.2]            0 task-resume id=5 reason=scheduler
[machine.2]            0 task-yield id=5 reason=RtosPortYield
[machine.2]            0 task-resume id=2 reason=scheduler
[machine.2]            0 task-yield id=2 reason=Idle
[machine.2]         5000 task-resume id=4 reason=scheduler
[machine.2]         5000 task-yield id=4 reason=RtosPortYield
[machine.2]         5000 task-resume id=2 reason=scheduler
[machine.2]         5000 task-yield id=2 reason=Idle
[machine.2]        10000 task-resume id=4 reason=scheduler
[machine.2]        10000 task-yield id=4 reason=RtosPortYield
[machine.2]        10000 task-resume id=1 reason=scheduler
[machine.2]        10000 task-yield id=1 reason=RtosPortYield
[machine.2]        10000 user-u32 "can_recv" = 0
[machine.2]        10000 user-u32 "can_recv" = 0
[machine.2]        10000 user-u32 "can_send" = 0
[machine.2]        10000 task-resume id=2 reason=scheduler
[machine.2]        10000 task-yield id=2 reason=Idle
[machine.2]        15000 task-resume id=4 reason=scheduler
[machine.2]        15000 task-yield id=4 reason=RtosPortYield
[machine.2]        15000 task-resume id=2 reason=scheduler
[machine.2]        15000 task-yield id=2 reason=Idle
[machine.2]        20000 task-resume id=4 reason=scheduler
[machine.2]        20000 task-yield id=4 reason=RtosPortYield
[machine.2]        20000 task-resume id=1 reason=scheduler
[machine.2]        20000 task-yield id=1 reason=RtosPortYield
[machine.2]        20000 user-u32 "can_recv" = 0
[machine.2]        20000 user-u32 "can_recv" = 0
[machine.2]        20000 user-u32 "can_recv" = 0
[machine.2]        20000 user-u32 "can_send" = 0
[machine.2]        20000 task-resume id=2 reason=scheduler
[machine.2]        20000 task-yield id=2 reason=Idle
[machine.2]        25000 task-resume id=4 reason=scheduler
[machine.2]        25000 task-yield id=4 reason=RtosPortYield
[machine.2]        25000 task-resume id=2 reason=scheduler
[machine.2]        25000 task-yield id=2 reason=Idle
[machine.2]        30000 task-resume id=4 reason=scheduler
[machine.2]        30000 task-yield id=4 reason=RtosPortYield
[machine.2]        30000 task-resume id=1 reason=scheduler
[machine.2]        30000 task-yield id=1 reason=RtosPortYield
[machine.2]        30000 user-u32 "can_recv" = 0
[machine.2]        30000 user-u32 "can_recv" = 0
[machine.2]        30000 user-u32 "can_recv" = 0
[machine.2]        30000 user-u32 "can_send" = 0
[machine.2]        30000 task-resume id=2 reason=scheduler
[machine.2]        30000 task-yield id=2 reason=Idle
[machine.2]        35000 task-resume id=4 reason=scheduler
[machine.2]        35000 task-yield id=4 reason=RtosPortYield
[machine.2]        35000 task-resume id=2 reason=scheduler
[machine.2]        35000 task-yield id=2 reason=Idle
[machine.2]        40000 task-resume id=4 reason=scheduler
[machine.2]        40000 task-yield id=4 reason=RtosPortYield
[machine.2]        40000 task-resume id=1 reason=scheduler
[machine.2]        40000 task-yield id=1 reason=RtosPortYield
[machine.2]        40000 user-u32 "can_recv" = 0
[machine.2]        40000 user-u32 "can_recv" = 0
[machine.2]        40000 user-u32 "can_recv" = 0
[machine.2]        40000 user-u32 "can_send" = 0
[machine.2]        40000 task-resume id=2 reason=scheduler
[machine.2]        40000 task-yield id=2 reason=Idle
[machine.2]        45000 task-resume id=4 reason=scheduler
[machine.2]        45000 task-yield id=4 reason=RtosPortYield
[machine.2]        45000 task-resume id=2 reason=scheduler
[machine.2]        45000 task-yield id=2 reason=Idle
[machine.2]        50000 task-resume id=4 reason=scheduler
[machine.2]        50000 task-yield id=4 reason=RtosPortYield
[machine.2]        50000 task-resume id=3 reason=scheduler
[machine.2]        50000 task-yield id=3 reason=RtosPortYield
[machine.2]        50000 user-u32 "watchdog_ok" = 50
[machine.2]        50000 task-resume id=6 reason=scheduler
[machine.2]        50000 task-yield id=6 reason=RtosPortYield
[machine.2]        50000 user-u32 "deadline_ok" = 0
[machine.2]        50000 task-resume id=1 reason=scheduler
[machine.2]        50000 task-yield id=1 reason=RtosPortYield
[machine.2]        50000 user-u32 "can_recv" = 0
[machine.2]        50000 user-u32 "can_recv" = 0
[machine.2]        50000 user-u32 "can_recv" = 0
[machine.2]        50000 user-u32 "can_send" = 0
[machine.2]        50000 task-resume id=2 reason=scheduler
[machine.2]        50000 task-yield id=2 reason=Idle
[machine.2]        55000 task-resume id=4 reason=scheduler
[machine.2]        55000 task-yield id=4 reason=RtosPortYield
[machine.2]        55000 task-resume id=2 reason=scheduler
[machine.2]        55000 task-yield id=2 reason=Idle
[machine.2]        60000 task-resume id=4 reason=scheduler
[machine.2]        60000 task-yield id=4 reason=RtosPortYield
[machine.2]        60000 task-resume id=1 reason=scheduler
[machine.2]        60000 task-yield id=1 reason=RtosPortYield
[machine.2]        60000 user-u32 "can_recv" = 0
[machine.2]        60000 user-u32 "can_recv" = 0
[machine.2]        60000 user-u32 "can_recv" = 0
[machine.2]        60000 user-u32 "can_recv" = 0
[machine.2]        60000 user-u32 "can_send" = 0
[machine.2]        60000 task-resume id=2 reason=scheduler
[machine.2]        60000 task-yield id=2 reason=Idle
[machine.2]        65000 task-resume id=4 reason=scheduler
[machine.2]        65000 task-yield id=4 reason=RtosPortYield
[machine.2]        65000 task-resume id=2 reason=scheduler
[machine.2]        65000 task-yield id=2 reason=Idle
[machine.2]        70000 task-resume id=4 reason=scheduler
[machine.2]        70000 task-yield id=4 reason=RtosPortYield
[machine.2]        70000 task-resume id=1 reason=scheduler
[machine.2]        70000 task-yield id=1 reason=RtosPortYield
[machine.2]        70000 user-u32 "can_recv" = 0
[machine.2]        70000 user-u32 "can_recv" = 0
[machine.2]        70000 user-u32 "can_recv" = 0
[machine.2]        70000 user-u32 "can_send" = 0
[machine.2]        70000 task-resume id=2 reason=scheduler
[machine.2]        70000 task-yield id=2 reason=Idle
[machine.2]        75000 task-resume id=4 reason=scheduler
[machine.2]        75000 task-yield id=4 reason=RtosPortYield
[machine.2]        75000 task-resume id=2 reason=scheduler
[machine.2]        75000 task-yield id=2 reason=Idle
[machine.2]        80000 task-resume id=4 reason=scheduler
[machine.2]        80000 task-yield id=4 reason=RtosPortYield
[machine.2]        80000 task-resume id=1 reason=scheduler
[machine.2]        80000 task-yield id=1 reason=RtosPortYield
[machine.2]        80000 user-u32 "can_recv" = 0
[machine.2]        80000 user-u32 "can_recv" = 0
[machine.2]        80000 user-u32 "can_recv" = 0
[machine.2]        80000 user-u32 "can_send" = 0
[machine.2]        80000 task-resume id=2 reason=scheduler
[machine.2]        80000 task-yield id=2 reason=Idle
[machine.2]        85000 task-resume id=4 reason=scheduler
[machine.2]        85000 task-yield id=4 reason=RtosPortYield
[machine.2]        85000 task-resume id=2 reason=scheduler
[machine.2]        85000 task-yield id=2 reason=Idle
[machine.2]        90000 task-resume id=4 reason=scheduler
[machine.2]        90000 task-yield id=4 reason=RtosPortYield
[machine.2]        90000 task-resume id=1 reason=scheduler
[machine.2]        90000 task-yield id=1 reason=RtosPortYield
[machine.2]        90000 user-u32 "can_recv" = 0
[machine.2]        90000 user-u32 "can_recv" = 0
[machine.2]        90000 user-u32 "can_recv" = 0
[machine.2]        90000 user-u32 "can_send" = 0
[machine.2]        90000 task-resume id=2 reason=scheduler
[machine.2]        90000 task-yield id=2 reason=Idle
[machine.2]        95000 task-resume id=4 reason=scheduler
[machine.2]        95000 task-yield id=4 reason=RtosPortYield
[machine.2]        95000 task-resume id=2 reason=scheduler
[machine.2]        95000 task-yield id=2 reason=Idle
[machine.2]       100000 task-resume id=4 reason=scheduler
[machine.2]       100000 task-yield id=4 reason=RtosPortYield
[machine.2]       100000 task-resume id=3 reason=scheduler
[machine.2]       100000 task-yield id=3 reason=RtosPortYield
[machine.2]       100000 user-u32 "watchdog_ok" = 100
[machine.2]       100000 task-resume id=6 reason=scheduler
[machine.2]       100000 task-yield id=6 reason=RtosPortYield
[machine.2]       100000 user-u32 "deadline_ok" = 0
[machine.2]       100000 task-resume id=1 reason=scheduler
[machine.2]       100000 task-yield id=1 reason=RtosPortYield
[machine.2]       100000 user-u32 "can_recv" = 0
[machine.2]       100000 user-u32 "can_recv" = 0
[machine.2]       100000 user-u32 "can_recv" = 0
[machine.2]       100000 user-u32 "can_send" = 0
[machine.2]       100000 user-u32 "can_send" = 0
[machine.2]       100000 task-resume id=5 reason=scheduler
[machine.2]       100000 task-yield id=5 reason=RtosPortYield
[machine.2]       100000 user-u32 "logger_event" = 65536
[machine.2]       100000 task-resume id=2 reason=scheduler
[machine.2]       100000 task-yield id=2 reason=Idle
[machine.2]       105000 task-resume id=4 reason=scheduler
[machine.2]       105000 task-yield id=4 reason=RtosPortYield
[machine.2]       105000 task-resume id=2 reason=scheduler
[machine.2]       105000 task-yield id=2 reason=Idle
[machine.2]       110000 task-resume id=4 reason=scheduler
[machine.2]       110000 task-yield id=4 reason=RtosPortYield
[machine.2]       110000 task-resume id=1 reason=scheduler
[machine.2]       110000 task-yield id=1 reason=RtosPortYield
[machine.2]       110000 user-u32 "can_recv" = 0
[machine.2]       110000 user-u32 "can_recv" = 0
[machine.2]       110000 user-u32 "can_recv" = 0
[machine.2]       110000 user-u32 "can_recv" = 0
[machine.2]       110000 user-u32 "can_recv" = 0
[machine.2]       110000 user-u32 "can_send" = 0
[machine.2]       110000 task-resume id=2 reason=scheduler
[machine.2]       110000 task-yield id=2 reason=Idle
[machine.2]       115000 task-resume id=4 reason=scheduler
[machine.2]       115000 task-yield id=4 reason=RtosPortYield
[machine.2]       115000 task-resume id=2 reason=scheduler
[machine.2]       115000 task-yield id=2 reason=Idle
[machine.2]       120000 task-resume id=4 reason=scheduler
[machine.2]       120000 task-yield id=4 reason=RtosPortYield
[machine.2]       120000 task-resume id=1 reason=scheduler
[machine.2]       120000 task-yield id=1 reason=RtosPortYield
[machine.2]       120000 user-u32 "can_recv" = 0
[machine.2]       120000 user-u32 "can_recv" = 0
[machine.2]       120000 user-u32 "can_recv" = 0
[machine.2]       120000 user-u32 "can_send" = 0
[machine.2]       120000 task-resume id=2 reason=scheduler
[machine.2]       120000 task-yield id=2 reason=Idle
[machine.2]       125000 task-resume id=4 reason=scheduler
[machine.2]       125000 task-yield id=4 reason=RtosPortYield
[machine.2]       125000 task-resume id=2 reason=scheduler
[machine.2]       125000 task-yield id=2 reason=Idle
[machine.2]       130000 task-resume id=4 reason=scheduler
[machine.2]       130000 task-yield id=4 reason=RtosPortYield
[machine.2]       130000 task-resume id=1 reason=scheduler
[machine.2]       130000 task-yield id=1 reason=RtosPortYield
[machine.2]       130000 user-u32 "can_recv" = 0
[machine.2]       130000 user-u32 "can_recv" = 0
[machine.2]       130000 user-u32 "can_recv" = 0
[machine.2]       130000 user-u32 "can_send" = 0
[machine.2]       130000 task-resume id=2 reason=scheduler
[machine.2]       130000 task-yield id=2 reason=Idle
[machine.2]       135000 task-resume id=4 reason=scheduler
[machine.2]       135000 task-yield id=4 reason=RtosPortYield
[machine.2]       135000 task-resume id=2 reason=scheduler
[machine.2]       135000 task-yield id=2 reason=Idle
[machine.2]       140000 task-resume id=4 reason=scheduler
[machine.2]       140000 task-yield id=4 reason=RtosPortYield
[machine.2]       140000 task-resume id=1 reason=scheduler
[machine.2]       140000 task-yield id=1 reason=RtosPortYield
[machine.2]       140000 user-u32 "can_recv" = 0
[machine.2]       140000 user-u32 "can_recv" = 0
[machine.2]       140000 user-u32 "can_recv" = 0
[machine.2]       140000 user-u32 "can_send" = 0
[machine.2]       140000 task-resume id=2 reason=scheduler
[machine.2]       140000 task-yield id=2 reason=Idle
[machine.2]       145000 task-resume id=4 reason=scheduler
[machine.2]       145000 task-yield id=4 reason=RtosPortYield
[machine.2]       145000 task-resume id=2 reason=scheduler
[machine.2]       145000 task-yield id=2 reason=Idle
[machine.2]       150000 task-resume id=4 reason=scheduler
[machine.2]       150000 task-yield id=4 reason=RtosPortYield
[machine.2]       150000 task-resume id=3 reason=scheduler
[machine.2]       150000 task-yield id=3 reason=RtosPortYield
[machine.2]       150000 user-u32 "watchdog_ok" = 150
[machine.2]       150000 task-resume id=6 reason=scheduler
[machine.2]       150000 task-yield id=6 reason=RtosPortYield
[machine.2]       150000 user-u32 "deadline_ok" = 0
[machine.2]       150000 task-resume id=1 reason=scheduler
[machine.2]       150000 task-yield id=1 reason=RtosPortYield
[machine.2]       150000 user-u32 "can_recv" = 0
[machine.2]       150000 user-u32 "can_recv" = 0
[machine.2]       150000 user-u32 "can_recv" = 0
[machine.2]       150000 user-u32 "can_send" = 0
[machine.2]       150000 task-resume id=2 reason=scheduler
[machine.2]       150000 task-yield id=2 reason=Idle
[machine.2]       155000 task-resume id=4 reason=scheduler
[machine.2]       155000 task-yield id=4 reason=RtosPortYield
[machine.2]       155000 task-resume id=2 reason=scheduler
[machine.2]       155000 task-yield id=2 reason=Idle
[machine.2]       160000 task-resume id=4 reason=scheduler
[machine.2]       160000 task-yield id=4 reason=RtosPortYield
[machine.2]       160000 task-resume id=1 reason=scheduler
[machine.2]       160000 task-yield id=1 reason=RtosPortYield
[machine.2]       160000 user-u32 "can_recv" = 0
[machine.2]       160000 user-u32 "can_recv" = 0
[machine.2]       160000 user-u32 "can_recv" = 0
[machine.2]       160000 user-u32 "can_recv" = 0
[machine.2]       160000 user-u32 "can_send" = 0
[machine.2]       160000 task-resume id=2 reason=scheduler
[machine.2]       160000 task-yield id=2 reason=Idle
[machine.2]       165000 task-resume id=4 reason=scheduler
[machine.2]       165000 task-yield id=4 reason=RtosPortYield
[machine.2]       165000 task-resume id=2 reason=scheduler
[machine.2]       165000 task-yield id=2 reason=Idle
[machine.2]       170000 task-resume id=4 reason=scheduler
[machine.2]       170000 task-yield id=4 reason=RtosPortYield
[machine.2]       170000 task-resume id=1 reason=scheduler
[machine.2]       170000 task-yield id=1 reason=RtosPortYield
[machine.2]       170000 user-u32 "can_recv" = 0
[machine.2]       170000 user-u32 "can_recv" = 0
[machine.2]       170000 user-u32 "can_recv" = 0
[machine.2]       170000 user-u32 "can_send" = 0
[machine.2]       170000 task-resume id=2 reason=scheduler
[machine.2]       170000 task-yield id=2 reason=Idle
[machine.2]       175000 task-resume id=4 reason=scheduler
[machine.2]       175000 task-yield id=4 reason=RtosPortYield
[machine.2]       175000 task-resume id=2 reason=scheduler
[machine.2]       175000 task-yield id=2 reason=Idle
[machine.2]       180000 task-resume id=4 reason=scheduler
[machine.2]       180000 task-yield id=4 reason=RtosPortYield
[machine.2]       180000 task-resume id=1 reason=scheduler
[machine.2]       180000 task-yield id=1 reason=RtosPortYield
[machine.2]       180000 user-u32 "can_recv" = 0
[machine.2]       180000 user-u32 "can_recv" = 0
[machine.2]       180000 user-u32 "can_recv" = 0
[machine.2]       180000 user-u32 "can_send" = 0
[machine.2]       180000 task-resume id=2 reason=scheduler
[machine.2]       180000 task-yield id=2 reason=Idle
[machine.2]       185000 task-resume id=4 reason=scheduler
[machine.2]       185000 task-yield id=4 reason=RtosPortYield
[machine.2]       185000 task-resume id=2 reason=scheduler
[machine.2]       185000 task-yield id=2 reason=Idle
[machine.2]       190000 task-resume id=4 reason=scheduler
[machine.2]       190000 task-yield id=4 reason=RtosPortYield
[machine.2]       190000 task-resume id=1 reason=scheduler
[machine.2]       190000 task-yield id=1 reason=RtosPortYield
[machine.2]       190000 user-u32 "can_recv" = 0
[machine.2]       190000 user-u32 "can_recv" = 0
[machine.2]       190000 user-u32 "can_recv" = 0
[machine.2]       190000 user-u32 "can_send" = 0
[machine.2]       190000 task-resume id=2 reason=scheduler
[machine.2]       190000 task-yield id=2 reason=Idle
[machine.2]       195000 task-resume id=4 reason=scheduler
[machine.2]       195000 task-yield id=4 reason=RtosPortYield
[machine.2]       195000 task-resume id=2 reason=scheduler
[machine.2]       195000 task-yield id=2 reason=Idle
[machine.2]       200000 task-resume id=4 reason=scheduler
[machine.2]       200000 task-yield id=4 reason=RtosPortYield
[machine.2]       200000 user-u32 "sensor_poll_tick" = 200
[machine.2]       200000 task-resume id=3 reason=scheduler
[machine.2]       200000 task-yield id=3 reason=RtosPortYield
[machine.2]       200000 user-u32 "watchdog_ok" = 200
[machine.2]       200000 task-resume id=6 reason=scheduler
[machine.2]       200000 task-yield id=6 reason=RtosPortYield
[machine.2]       200000 user-u32 "deadline_ok" = 0
[machine.2]       200000 task-resume id=1 reason=scheduler
[machine.2]       200000 task-yield id=1 reason=RtosPortYield
[machine.2]       200000 user-u32 "can_recv" = 0
[machine.2]       200000 user-u32 "can_recv" = 0
[machine.2]       200000 user-u32 "can_recv" = 0
[machine.2]       200000 user-u32 "can_send" = 0
[machine.2]       200000 user-u32 "can_send" = 0
[machine.2]       200000 task-resume id=5 reason=scheduler
[machine.2]       200000 task-yield id=5 reason=RtosPortYield
[machine.2]       200000 user-u32 "logger_event" = 65536
[machine.2]       200000 task-resume id=2 reason=scheduler
[machine.2]       200000 task-yield id=2 reason=Idle
[machine.2]       205000 task-resume id=4 reason=scheduler
[machine.2]       205000 task-yield id=4 reason=RtosPortYield
[machine.2]       205000 task-resume id=2 reason=scheduler
[machine.2]       205000 task-yield id=2 reason=Idle
[machine.2]       210000 task-resume id=4 reason=scheduler
[machine.2]       210000 task-yield id=4 reason=RtosPortYield
[machine.2]       210000 task-resume id=1 reason=scheduler
[machine.2]       210000 task-yield id=1 reason=RtosPortYield
[machine.2]       210000 user-u32 "can_recv" = 0
[machine.2]       210000 user-u32 "can_recv" = 0
[machine.2]       210000 user-u32 "can_recv" = 0
[machine.2]       210000 user-u32 "can_recv" = 0
[machine.2]       210000 user-u32 "can_recv" = 0
[machine.2]       210000 user-u32 "can_send" = 0
[machine.2]       210000 task-resume id=2 reason=scheduler
[machine.2]       210000 task-yield id=2 reason=Idle
[machine.2]       215000 task-resume id=4 reason=scheduler
[machine.2]       215000 task-yield id=4 reason=RtosPortYield
[machine.2]       215000 task-resume id=2 reason=scheduler
[machine.2]       215000 task-yield id=2 reason=Idle
[machine.2]       220000 task-resume id=4 reason=scheduler
[machine.2]       220000 task-yield id=4 reason=RtosPortYield
[machine.2]       220000 task-resume id=1 reason=scheduler
[machine.2]       220000 task-yield id=1 reason=RtosPortYield
[machine.2]       220000 user-u32 "can_recv" = 0
[machine.2]       220000 user-u32 "can_recv" = 0
[machine.2]       220000 user-u32 "can_recv" = 0
[machine.2]       220000 user-u32 "can_send" = 0
[machine.2]       220000 task-resume id=2 reason=scheduler
[machine.2]       220000 task-yield id=2 reason=Idle
[machine.2]       225000 task-resume id=4 reason=scheduler
[machine.2]       225000 task-yield id=4 reason=RtosPortYield
[machine.2]       225000 task-resume id=2 reason=scheduler
[machine.2]       225000 task-yield id=2 reason=Idle
[machine.2]       230000 task-resume id=4 reason=scheduler
[machine.2]       230000 task-yield id=4 reason=RtosPortYield
[machine.2]       230000 task-resume id=1 reason=scheduler
[machine.2]       230000 task-yield id=1 reason=RtosPortYield
[machine.2]       230000 user-u32 "can_recv" = 0
[machine.2]       230000 user-u32 "can_recv" = 0
[machine.2]       230000 user-u32 "can_recv" = 0
[machine.2]       230000 user-u32 "can_send" = 0
[machine.2]       230000 task-resume id=2 reason=scheduler
[machine.2]       230000 task-yield id=2 reason=Idle
[machine.2]       235000 task-resume id=4 reason=scheduler
[machine.2]       235000 task-yield id=4 reason=RtosPortYield
[machine.2]       235000 task-resume id=2 reason=scheduler
[machine.2]       235000 task-yield id=2 reason=Idle
[machine.2]       240000 task-resume id=4 reason=scheduler
[machine.2]       240000 task-yield id=4 reason=RtosPortYield
[machine.2]       240000 task-resume id=1 reason=scheduler
[machine.2]       240000 task-yield id=1 reason=RtosPortYield
[machine.2]       240000 user-u32 "can_recv" = 0
[machine.2]       240000 user-u32 "can_recv" = 0
[machine.2]       240000 user-u32 "can_recv" = 0
[machine.2]       240000 user-u32 "can_send" = 0
[machine.2]       240000 task-resume id=2 reason=scheduler
[machine.2]       240000 task-yield id=2 reason=Idle
[machine.2]       245000 task-resume id=4 reason=scheduler
[machine.2]       245000 task-yield id=4 reason=RtosPortYield
[machine.2]       245000 task-resume id=2 reason=scheduler
[machine.2]       245000 task-yield id=2 reason=Idle
[machine.2]       250000 task-resume id=4 reason=scheduler
[machine.2]       250000 task-yield id=4 reason=RtosPortYield
[machine.2]       250000 task-resume id=3 reason=scheduler
[machine.2]       250000 task-yield id=3 reason=RtosPortYield
[machine.2]       250000 user-u32 "watchdog_ok" = 250
[machine.2]       250000 task-resume id=6 reason=scheduler
[machine.2]       250000 task-yield id=6 reason=RtosPortYield
[machine.2]       250000 user-u32 "deadline_ok" = 0
[machine.2]       250000 task-resume id=1 reason=scheduler
[machine.2]       250000 task-yield id=1 reason=RtosPortYield
[machine.2]       250000 user-u32 "can_recv" = 0
[machine.2]       250000 user-u32 "can_recv" = 0
[machine.2]       250000 user-u32 "can_recv" = 0
[machine.2]       250000 user-u32 "can_send" = 0
[machine.2]       250000 task-resume id=2 reason=scheduler
[machine.2]       250000 task-yield id=2 reason=Idle
[machine.2]       255000 task-resume id=4 reason=scheduler
[machine.2]       255000 task-yield id=4 reason=RtosPortYield
[machine.2]       255000 task-resume id=2 reason=scheduler
[machine.2]       255000 task-yield id=2 reason=Idle
[machine.2]       260000 task-resume id=4 reason=scheduler
[machine.2]       260000 task-yield id=4 reason=RtosPortYield
[machine.2]       260000 task-resume id=1 reason=scheduler
[machine.2]       260000 task-yield id=1 reason=RtosPortYield
[machine.2]       260000 user-u32 "can_recv" = 0
[machine.2]       260000 user-u32 "can_recv" = 0
[machine.2]       260000 user-u32 "can_recv" = 0
[machine.2]       260000 user-u32 "can_recv" = 0
[machine.2]       260000 user-u32 "can_send" = 0
[machine.2]       260000 task-resume id=2 reason=scheduler
[machine.2]       260000 task-yield id=2 reason=Idle
[machine.2]       265000 task-resume id=4 reason=scheduler
[machine.2]       265000 task-yield id=4 reason=RtosPortYield
[machine.2]       265000 task-resume id=2 reason=scheduler
[machine.2]       265000 task-yield id=2 reason=Idle
[machine.2]       270000 task-resume id=4 reason=scheduler
[machine.2]       270000 task-yield id=4 reason=RtosPortYield
[machine.2]       270000 task-resume id=1 reason=scheduler
[machine.2]       270000 task-yield id=1 reason=RtosPortYield
[machine.2]       270000 user-u32 "can_recv" = 0
[machine.2]       270000 user-u32 "can_recv" = 0
[machine.2]       270000 user-u32 "can_recv" = 0
[machine.2]       270000 user-u32 "can_send" = 0
[machine.2]       270000 task-resume id=2 reason=scheduler
[machine.2]       270000 task-yield id=2 reason=Idle
[machine.2]       275000 task-resume id=4 reason=scheduler
[machine.2]       275000 task-yield id=4 reason=RtosPortYield
[machine.2]       275000 task-resume id=2 reason=scheduler
[machine.2]       275000 task-yield id=2 reason=Idle
[machine.2]       280000 task-resume id=4 reason=scheduler
[machine.2]       280000 task-yield id=4 reason=RtosPortYield
[machine.2]       280000 task-resume id=1 reason=scheduler
[machine.2]       280000 task-yield id=1 reason=RtosPortYield
[machine.2]       280000 user-u32 "can_recv" = 0
[machine.2]       280000 user-u32 "can_recv" = 0
[machine.2]       280000 user-u32 "can_recv" = 0
[machine.2]       280000 user-u32 "can_send" = 0
[machine.2]       280000 task-resume id=2 reason=scheduler
[machine.2]       280000 task-yield id=2 reason=Idle
[machine.2]       285000 task-resume id=4 reason=scheduler
[machine.2]       285000 task-yield id=4 reason=RtosPortYield
[machine.2]       285000 task-resume id=2 reason=scheduler
[machine.2]       285000 task-yield id=2 reason=Idle
[machine.2]       290000 task-resume id=4 reason=scheduler
[machine.2]       290000 task-yield id=4 reason=RtosPortYield
[machine.2]       290000 task-resume id=1 reason=scheduler
[machine.2]       290000 task-yield id=1 reason=RtosPortYield
[machine.2]       290000 user-u32 "can_recv" = 0
[machine.2]       290000 user-u32 "can_recv" = 0
[machine.2]       290000 user-u32 "can_recv" = 0
[machine.2]       290000 user-u32 "can_send" = 0
[machine.2]       290000 task-resume id=2 reason=scheduler
[machine.2]       290000 task-yield id=2 reason=Idle
[machine.2]       295000 task-resume id=4 reason=scheduler
[machine.2]       295000 task-yield id=4 reason=RtosPortYield
[machine.2]       295000 task-resume id=2 reason=scheduler
[machine.2]       295000 task-yield id=2 reason=Idle
[machine.2]       300000 task-resume id=4 reason=scheduler
[machine.2]       300000 task-yield id=4 reason=RtosPortYield
[machine.2]       300000 task-resume id=3 reason=scheduler
[machine.2]       300000 task-yield id=3 reason=RtosPortYield
[machine.2]       300000 user-u32 "watchdog_ok" = 300
[machine.2]       300000 task-resume id=6 reason=scheduler
[machine.2]       300000 task-yield id=6 reason=RtosPortYield
[machine.2]       300000 user-u32 "deadline_ok" = 0
[machine.2]       300000 task-resume id=1 reason=scheduler
[machine.2]       300000 task-yield id=1 reason=RtosPortYield
[machine.2]       300000 user-u32 "can_recv" = 0
[machine.2]       300000 user-u32 "can_recv" = 0
[machine.2]       300000 user-u32 "can_recv" = 0
[machine.2]       300000 user-u32 "can_send" = 0
[machine.2]       300000 user-u32 "can_send" = 0
[machine.2]       300000 task-resume id=5 reason=scheduler
[machine.2]       300000 task-yield id=5 reason=RtosPortYield
[machine.2]       300000 user-u32 "logger_event" = 65536
[machine.2]       300000 task-resume id=2 reason=scheduler
[machine.2]       300000 task-yield id=2 reason=Idle
[machine.2]       305000 task-resume id=4 reason=scheduler
[machine.2]       305000 task-yield id=4 reason=RtosPortYield
[machine.2]       305000 task-resume id=2 reason=scheduler
[machine.2]       305000 task-yield id=2 reason=Idle
[machine.2]       310000 task-resume id=4 reason=scheduler
[machine.2]       310000 task-yield id=4 reason=RtosPortYield
[machine.2]       310000 task-resume id=1 reason=scheduler
[machine.2]       310000 task-yield id=1 reason=RtosPortYield
[machine.2]       310000 user-u32 "can_recv" = 0
[machine.2]       310000 user-u32 "can_recv" = 0
[machine.2]       310000 user-u32 "can_recv" = 0
[machine.2]       310000 user-u32 "can_recv" = 0
[machine.2]       310000 user-u32 "can_recv" = 0
[machine.2]       310000 user-u32 "can_send" = 0
[machine.2]       310000 task-resume id=2 reason=scheduler
[machine.2]       310000 task-yield id=2 reason=Idle
[machine.2]       315000 task-resume id=4 reason=scheduler
[machine.2]       315000 task-yield id=4 reason=RtosPortYield
[machine.2]       315000 task-resume id=2 reason=scheduler
[machine.2]       315000 task-yield id=2 reason=Idle
[machine.2]       320000 task-resume id=4 reason=scheduler
[machine.2]       320000 task-yield id=4 reason=RtosPortYield
[machine.2]       320000 task-resume id=1 reason=scheduler
[machine.2]       320000 task-yield id=1 reason=RtosPortYield
[machine.2]       320000 user-u32 "can_recv" = 0
[machine.2]       320000 user-u32 "can_recv" = 0
[machine.2]       320000 user-u32 "can_recv" = 0
[machine.2]       320000 user-u32 "can_send" = 0
[machine.2]       320000 task-resume id=2 reason=scheduler
[machine.2]       320000 task-yield id=2 reason=Idle
[machine.2]       325000 task-resume id=4 reason=scheduler
[machine.2]       325000 task-yield id=4 reason=RtosPortYield
[machine.2]       325000 task-resume id=2 reason=scheduler
[machine.2]       325000 task-yield id=2 reason=Idle
[machine.2]       330000 task-resume id=4 reason=scheduler
[machine.2]       330000 task-yield id=4 reason=RtosPortYield
[machine.2]       330000 task-resume id=1 reason=scheduler
[machine.2]       330000 task-yield id=1 reason=RtosPortYield
[machine.2]       330000 user-u32 "can_recv" = 0
[machine.2]       330000 user-u32 "can_recv" = 0
[machine.2]       330000 user-u32 "can_recv" = 0
[machine.2]       330000 user-u32 "can_send" = 0
[machine.2]       330000 task-resume id=2 reason=scheduler
[machine.2]       330000 task-yield id=2 reason=Idle
[machine.2]       335000 task-resume id=4 reason=scheduler
[machine.2]       335000 task-yield id=4 reason=RtosPortYield
[machine.2]       335000 task-resume id=2 reason=scheduler
[machine.2]       335000 task-yield id=2 reason=Idle
[machine.2]       340000 task-resume id=4 reason=scheduler
[machine.2]       340000 task-yield id=4 reason=RtosPortYield
[machine.2]       340000 task-resume id=1 reason=scheduler
[machine.2]       340000 task-yield id=1 reason=RtosPortYield
[machine.2]       340000 user-u32 "can_recv" = 0
[machine.2]       340000 user-u32 "can_recv" = 0
[machine.2]       340000 user-u32 "can_recv" = 0
[machine.2]       340000 user-u32 "can_send" = 0
[machine.2]       340000 task-resume id=2 reason=scheduler
[machine.2]       340000 task-yield id=2 reason=Idle
[machine.2]       345000 task-resume id=4 reason=scheduler
[machine.2]       345000 task-yield id=4 reason=RtosPortYield
[machine.2]       345000 task-resume id=2 reason=scheduler
[machine.2]       345000 task-yield id=2 reason=Idle
[machine.2]       350000 task-resume id=4 reason=scheduler
[machine.2]       350000 task-yield id=4 reason=RtosPortYield
[machine.2]       350000 task-resume id=3 reason=scheduler
[machine.2]       350000 task-yield id=3 reason=RtosPortYield
[machine.2]       350000 user-u32 "watchdog_ok" = 350
[machine.2]       350000 task-resume id=6 reason=scheduler
[machine.2]       350000 task-yield id=6 reason=RtosPortYield
[machine.2]       350000 user-u32 "deadline_ok" = 0
[machine.2]       350000 task-resume id=1 reason=scheduler
[machine.2]       350000 task-yield id=1 reason=RtosPortYield
[machine.2]       350000 user-u32 "can_recv" = 0
[machine.2]       350000 user-u32 "can_recv" = 0
[machine.2]       350000 user-u32 "can_recv" = 0
[machine.2]       350000 user-u32 "can_send" = 0
[machine.2]       350000 task-resume id=2 reason=scheduler
[machine.2]       350000 task-yield id=2 reason=Idle
[machine.2]       355000 task-resume id=4 reason=scheduler
[machine.2]       355000 task-yield id=4 reason=RtosPortYield
[machine.2]       355000 task-resume id=2 reason=scheduler
[machine.2]       355000 task-yield id=2 reason=Idle
[machine.2]       360000 task-resume id=4 reason=scheduler
[machine.2]       360000 task-yield id=4 reason=RtosPortYield
[machine.2]       360000 task-resume id=1 reason=scheduler
[machine.2]       360000 task-yield id=1 reason=RtosPortYield
[machine.2]       360000 user-u32 "can_recv" = 0
[machine.2]       360000 user-u32 "can_recv" = 0
[machine.2]       360000 user-u32 "can_recv" = 0
[machine.2]       360000 user-u32 "can_recv" = 0
[machine.2]       360000 user-u32 "can_send" = 0
[machine.2]       360000 task-resume id=2 reason=scheduler
[machine.2]       360000 task-yield id=2 reason=Idle
[machine.2]       365000 task-resume id=4 reason=scheduler
[machine.2]       365000 task-yield id=4 reason=RtosPortYield
[machine.2]       365000 task-resume id=2 reason=scheduler
[machine.2]       365000 task-yield id=2 reason=Idle
[machine.2]       370000 task-resume id=4 reason=scheduler
[machine.2]       370000 task-yield id=4 reason=RtosPortYield
[machine.2]       370000 task-resume id=1 reason=scheduler
[machine.2]       370000 task-yield id=1 reason=RtosPortYield
[machine.2]       370000 user-u32 "can_recv" = 0
[machine.2]       370000 user-u32 "can_recv" = 0
[machine.2]       370000 user-u32 "can_recv" = 0
[machine.2]       370000 user-u32 "can_send" = 0
[machine.2]       370000 task-resume id=2 reason=scheduler
[machine.2]       370000 task-yield id=2 reason=Idle
[machine.2]       375000 task-resume id=4 reason=scheduler
[machine.2]       375000 task-yield id=4 reason=RtosPortYield
[machine.2]       375000 task-resume id=2 reason=scheduler
[machine.2]       375000 task-yield id=2 reason=Idle
[machine.2]       380000 task-resume id=4 reason=scheduler
[machine.2]       380000 task-yield id=4 reason=RtosPortYield
[machine.2]       380000 task-resume id=1 reason=scheduler
[machine.2]       380000 task-yield id=1 reason=RtosPortYield
[machine.2]       380000 user-u32 "can_recv" = 0
[machine.2]       380000 user-u32 "can_recv" = 0
[machine.2]       380000 user-u32 "can_recv" = 0
[machine.2]       380000 user-u32 "can_send" = 0
[machine.2]       380000 task-resume id=2 reason=scheduler
[machine.2]       380000 task-yield id=2 reason=Idle
[machine.2]       385000 task-resume id=4 reason=scheduler
[machine.2]       385000 task-yield id=4 reason=RtosPortYield
[machine.2]       385000 task-resume id=2 reason=scheduler
[machine.2]       385000 task-yield id=2 reason=Idle
[machine.2]       390000 task-resume id=4 reason=scheduler
[machine.2]       390000 task-yield id=4 reason=RtosPortYield
[machine.2]       390000 task-resume id=1 reason=scheduler
[machine.2]       390000 task-yield id=1 reason=RtosPortYield
[machine.2]       390000 user-u32 "can_recv" = 0
[machine.2]       390000 user-u32 "can_recv" = 0
[machine.2]       390000 user-u32 "can_recv" = 0
[machine.2]       390000 user-u32 "can_send" = 0
[machine.2]       390000 task-resume id=2 reason=scheduler
[machine.2]       390000 task-yield id=2 reason=Idle
[machine.2]       395000 task-resume id=4 reason=scheduler
[machine.2]       395000 task-yield id=4 reason=RtosPortYield
[machine.2]       395000 task-resume id=2 reason=scheduler
[machine.2]       395000 task-yield id=2 reason=Idle
[machine.2]       400000 task-resume id=4 reason=scheduler
[machine.2]       400000 task-yield id=4 reason=RtosPortYield
[machine.2]       400000 user-u32 "sensor_poll_tick" = 400
[machine.2]       400000 task-resume id=3 reason=scheduler
[machine.2]       400000 task-yield id=3 reason=RtosPortYield
[machine.2]       400000 user-u32 "watchdog_ok" = 400
[machine.2]       400000 task-resume id=6 reason=scheduler
[machine.2]       400000 task-yield id=6 reason=RtosPortYield
[machine.2]       400000 user-u32 "deadline_ok" = 0
[machine.2]       400000 task-resume id=1 reason=scheduler
[machine.2]       400000 task-yield id=1 reason=RtosPortYield
[machine.2]       400000 user-u32 "can_recv" = 0
[machine.2]       400000 user-u32 "can_recv" = 0
[machine.2]       400000 user-u32 "can_recv" = 0
[machine.2]       400000 user-u32 "can_send" = 0
[machine.2]       400000 user-u32 "can_send" = 0
[machine.2]       400000 task-resume id=5 reason=scheduler
[machine.2]       400000 task-yield id=5 reason=RtosPortYield
[machine.2]       400000 user-u32 "logger_event" = 65536
[machine.2]       400000 task-resume id=2 reason=scheduler
[machine.2]       400000 task-yield id=2 reason=Idle
[machine.2]       405000 task-resume id=4 reason=scheduler
[machine.2]       405000 task-yield id=4 reason=RtosPortYield
[machine.2]       405000 task-resume id=2 reason=scheduler
[machine.2]       405000 task-yield id=2 reason=Idle
[machine.2]       410000 task-resume id=4 reason=scheduler
[machine.2]       410000 task-yield id=4 reason=RtosPortYield
[machine.2]       410000 task-resume id=1 reason=scheduler
[machine.2]       410000 task-yield id=1 reason=RtosPortYield
[machine.2]       410000 user-u32 "can_recv" = 0
[machine.2]       410000 user-u32 "can_recv" = 0
[machine.2]       410000 user-u32 "can_recv" = 0
[machine.2]       410000 user-u32 "can_recv" = 0
[machine.2]       410000 user-u32 "can_recv" = 0
[machine.2]       410000 user-u32 "can_send" = 0
[machine.2]       410000 task-resume id=2 reason=scheduler
[machine.2]       410000 task-yield id=2 reason=Idle
[machine.2]       415000 task-resume id=4 reason=scheduler
[machine.2]       415000 task-yield id=4 reason=RtosPortYield
[machine.2]       415000 task-resume id=2 reason=scheduler
[machine.2]       415000 task-yield id=2 reason=Idle
[machine.2]       420000 task-resume id=4 reason=scheduler
[machine.2]       420000 task-yield id=4 reason=RtosPortYield
[machine.2]       420000 task-resume id=1 reason=scheduler
[machine.2]       420000 task-yield id=1 reason=RtosPortYield
[machine.2]       420000 user-u32 "can_recv" = 0
[machine.2]       420000 user-u32 "can_recv" = 0
[machine.2]       420000 user-u32 "can_recv" = 0
[machine.2]       420000 user-u32 "can_send" = 0
[machine.2]       420000 task-resume id=2 reason=scheduler
[machine.2]       420000 task-yield id=2 reason=Idle
[machine.2]       425000 task-resume id=4 reason=scheduler
[machine.2]       425000 task-yield id=4 reason=RtosPortYield
[machine.2]       425000 task-resume id=2 reason=scheduler
[machine.2]       425000 task-yield id=2 reason=Idle
[machine.2]       430000 task-resume id=4 reason=scheduler
[machine.2]       430000 task-yield id=4 reason=RtosPortYield
[machine.2]       430000 task-resume id=1 reason=scheduler
[machine.2]       430000 task-yield id=1 reason=RtosPortYield
[machine.2]       430000 user-u32 "can_recv" = 0
[machine.2]       430000 user-u32 "can_recv" = 0
[machine.2]       430000 user-u32 "can_recv" = 0
[machine.2]       430000 user-u32 "can_send" = 0
[machine.2]       430000 task-resume id=2 reason=scheduler
[machine.2]       430000 task-yield id=2 reason=Idle
[machine.2]       435000 task-resume id=4 reason=scheduler
[machine.2]       435000 task-yield id=4 reason=RtosPortYield
[machine.2]       435000 task-resume id=2 reason=scheduler
[machine.2]       435000 task-yield id=2 reason=Idle
[machine.2]       440000 task-resume id=4 reason=scheduler
[machine.2]       440000 task-yield id=4 reason=RtosPortYield
[machine.2]       440000 task-resume id=1 reason=scheduler
[machine.2]       440000 task-yield id=1 reason=RtosPortYield
[machine.2]       440000 user-u32 "can_recv" = 0
[machine.2]       440000 user-u32 "can_recv" = 0
[machine.2]       440000 user-u32 "can_recv" = 0
[machine.2]       440000 user-u32 "can_send" = 0
[machine.2]       440000 task-resume id=2 reason=scheduler
[machine.2]       440000 task-yield id=2 reason=Idle
[machine.2]       445000 task-resume id=4 reason=scheduler
[machine.2]       445000 task-yield id=4 reason=RtosPortYield
[machine.2]       445000 task-resume id=2 reason=scheduler
[machine.2]       445000 task-yield id=2 reason=Idle
[machine.2]       450000 task-resume id=4 reason=scheduler
[machine.2]       450000 task-yield id=4 reason=RtosPortYield
[machine.2]       450000 task-resume id=3 reason=scheduler
[machine.2]       450000 task-yield id=3 reason=RtosPortYield
[machine.2]       450000 user-u32 "watchdog_ok" = 450
[machine.2]       450000 task-resume id=6 reason=scheduler
[machine.2]       450000 task-yield id=6 reason=RtosPortYield
[machine.2]       450000 user-u32 "deadline_ok" = 0
[machine.2]       450000 task-resume id=1 reason=scheduler
[machine.2]       450000 task-yield id=1 reason=RtosPortYield
[machine.2]       450000 user-u32 "can_recv" = 0
[machine.2]       450000 user-u32 "can_recv" = 0
[machine.2]       450000 user-u32 "can_recv" = 0
[machine.2]       450000 user-u32 "can_send" = 0
[machine.2]       450000 task-resume id=2 reason=scheduler
[machine.2]       450000 task-yield id=2 reason=Idle
[machine.2]       455000 task-resume id=4 reason=scheduler
[machine.2]       455000 task-yield id=4 reason=RtosPortYield
[machine.2]       455000 task-resume id=2 reason=scheduler
[machine.2]       455000 task-yield id=2 reason=Idle
[machine.2]       460000 task-resume id=4 reason=scheduler
[machine.2]       460000 task-yield id=4 reason=RtosPortYield
[machine.2]       460000 task-resume id=1 reason=scheduler
[machine.2]       460000 task-yield id=1 reason=RtosPortYield
[machine.2]       460000 user-u32 "can_recv" = 0
[machine.2]       460000 user-u32 "can_recv" = 0
[machine.2]       460000 user-u32 "can_recv" = 0
[machine.2]       460000 user-u32 "can_recv" = 0
[machine.2]       460000 user-u32 "can_send" = 0
[machine.2]       460000 task-resume id=2 reason=scheduler
[machine.2]       460000 task-yield id=2 reason=Idle
[machine.2]       465000 task-resume id=4 reason=scheduler
[machine.2]       465000 task-yield id=4 reason=RtosPortYield
[machine.2]       465000 task-resume id=2 reason=scheduler
[machine.2]       465000 task-yield id=2 reason=Idle
[machine.2]       470000 task-resume id=4 reason=scheduler
[machine.2]       470000 task-yield id=4 reason=RtosPortYield
[machine.2]       470000 task-resume id=1 reason=scheduler
[machine.2]       470000 task-yield id=1 reason=RtosPortYield
[machine.2]       470000 user-u32 "can_recv" = 0
[machine.2]       470000 user-u32 "can_recv" = 0
[machine.2]       470000 user-u32 "can_recv" = 0
[machine.2]       470000 user-u32 "can_send" = 0
[machine.2]       470000 task-resume id=2 reason=scheduler
[machine.2]       470000 task-yield id=2 reason=Idle
[machine.2]       475000 task-resume id=4 reason=scheduler
[machine.2]       475000 task-yield id=4 reason=RtosPortYield
[machine.2]       475000 task-resume id=2 reason=scheduler
[machine.2]       475000 task-yield id=2 reason=Idle
[machine.2]       480000 task-resume id=4 reason=scheduler
[machine.2]       480000 task-yield id=4 reason=RtosPortYield
[machine.2]       480000 task-resume id=1 reason=scheduler
[machine.2]       480000 task-yield id=1 reason=RtosPortYield
[machine.2]       480000 user-u32 "can_recv" = 0
[machine.2]       480000 user-u32 "can_recv" = 0
[machine.2]       480000 user-u32 "can_recv" = 0
[machine.2]       480000 user-u32 "can_send" = 0
[machine.2]       480000 task-resume id=2 reason=scheduler
[machine.2]       480000 task-yield id=2 reason=Idle
[machine.2]       485000 task-resume id=4 reason=scheduler
[machine.2]       485000 task-yield id=4 reason=RtosPortYield
[machine.2]       485000 task-resume id=2 reason=scheduler
[machine.2]       485000 task-yield id=2 reason=Idle
[machine.2]       490000 task-resume id=4 reason=scheduler
[machine.2]       490000 task-yield id=4 reason=RtosPortYield
[machine.2]       490000 task-resume id=1 reason=scheduler
[machine.2]       490000 task-yield id=1 reason=RtosPortYield
[machine.2]       490000 user-u32 "can_recv" = 0
[machine.2]       490000 user-u32 "can_recv" = 0
[machine.2]       490000 user-u32 "can_recv" = 0
[machine.2]       490000 user-u32 "can_send" = 0
[machine.2]       490000 task-resume id=2 reason=scheduler
[machine.2]       490000 task-yield id=2 reason=Idle
[machine.2]       495000 task-resume id=4 reason=scheduler
[machine.2]       495000 task-yield id=4 reason=RtosPortYield
[machine.2]       495000 task-resume id=2 reason=scheduler
[machine.2]       495000 task-yield id=2 reason=Idle
[machine.2]       500000 task-resume id=4 reason=scheduler
[machine.2]       500000 task-yield id=4 reason=RtosPortYield
[machine.2]       500000 task-resume id=3 reason=scheduler
[machine.2]       500000 task-yield id=3 reason=RtosPortYield
[machine.2]       500000 user-u32 "watchdog_ok" = 500
[machine.2]       500000 task-resume id=6 reason=scheduler
[machine.2]       500000 task-yield id=6 reason=RtosPortYield
[machine.2]       500000 user-u32 "deadline_ok" = 0
[machine.2]       500000 task-resume id=1 reason=scheduler
[machine.2]       500000 task-yield id=1 reason=RtosPortYield
[machine.2]       500000 user-u32 "can_recv" = 0
[machine.2]       500000 user-u32 "can_recv" = 0
[machine.2]       500000 user-u32 "can_recv" = 0
[machine.2]       500000 user-u32 "can_send" = 0
[machine.2]       500000 user-u32 "can_send" = 0
[machine.2]       500000 task-resume id=5 reason=scheduler
[machine.2]       500000 task-yield id=5 reason=RtosPortYield
[machine.2]       500000 user-u32 "logger_event" = 65536
[machine.2]       500000 task-resume id=2 reason=scheduler
[machine.2]       500000 task-yield id=2 reason=Idle
[machine.2]       505000 task-resume id=4 reason=scheduler
[machine.2]       505000 task-yield id=4 reason=RtosPortYield
[machine.2]       505000 task-resume id=2 reason=scheduler
[machine.2]       505000 task-yield id=2 reason=Idle
[machine.2]       510000 task-resume id=4 reason=scheduler
[machine.2]       510000 task-yield id=4 reason=RtosPortYield
[machine.2]       510000 task-resume id=1 reason=scheduler
[machine.2]       510000 task-yield id=1 reason=RtosPortYield
[machine.2]       510000 user-u32 "can_recv" = 0
[machine.2]       510000 user-u32 "can_recv" = 0
[machine.2]       510000 user-u32 "can_recv" = 0
[machine.2]       510000 user-u32 "can_recv" = 0
[machine.2]       510000 user-u32 "can_recv" = 0
[machine.2]       510000 user-u32 "can_send" = 0
[machine.2]       510000 task-resume id=2 reason=scheduler
[machine.2]       510000 task-yield id=2 reason=Idle
[machine.2]       515000 task-resume id=4 reason=scheduler
[machine.2]       515000 task-yield id=4 reason=RtosPortYield
[machine.2]       515000 task-resume id=2 reason=scheduler
[machine.2]       515000 task-yield id=2 reason=Idle
[machine.2]       520000 task-resume id=4 reason=scheduler
[machine.2]       520000 task-yield id=4 reason=RtosPortYield
[machine.2]       520000 task-resume id=1 reason=scheduler
[machine.2]       520000 task-yield id=1 reason=RtosPortYield
[machine.2]       520000 user-u32 "can_recv" = 0
[machine.2]       520000 user-u32 "can_recv" = 0
[machine.2]       520000 user-u32 "can_recv" = 0
[machine.2]       520000 user-u32 "can_send" = 0
[machine.2]       520000 task-resume id=2 reason=scheduler
[machine.2]       520000 task-yield id=2 reason=Idle
[machine.2]       525000 task-resume id=4 reason=scheduler
[machine.2]       525000 task-yield id=4 reason=RtosPortYield
[machine.2]       525000 task-resume id=2 reason=scheduler
[machine.2]       525000 task-yield id=2 reason=Idle
[machine.2]       530000 task-resume id=4 reason=scheduler
[machine.2]       530000 task-yield id=4 reason=RtosPortYield
[machine.2]       530000 task-resume id=1 reason=scheduler
[machine.2]       530000 task-yield id=1 reason=RtosPortYield
[machine.2]       530000 user-u32 "can_recv" = 0
[machine.2]       530000 user-u32 "can_recv" = 0
[machine.2]       530000 user-u32 "can_recv" = 0
[machine.2]       530000 user-u32 "can_send" = 0
[machine.2]       530000 task-resume id=2 reason=scheduler
[machine.2]       530000 task-yield id=2 reason=Idle
[machine.2]       535000 task-resume id=4 reason=scheduler
[machine.2]       535000 task-yield id=4 reason=RtosPortYield
[machine.2]       535000 task-resume id=2 reason=scheduler
[machine.2]       535000 task-yield id=2 reason=Idle
[machine.2]       540000 task-resume id=4 reason=scheduler
[machine.2]       540000 task-yield id=4 reason=RtosPortYield
[machine.2]       540000 task-resume id=1 reason=scheduler
[machine.2]       540000 task-yield id=1 reason=RtosPortYield
[machine.2]       540000 user-u32 "can_recv" = 0
[machine.2]       540000 user-u32 "can_recv" = 0
[machine.2]       540000 user-u32 "can_recv" = 0
[machine.2]       540000 user-u32 "can_send" = 0
[machine.2]       540000 task-resume id=2 reason=scheduler
[machine.2]       540000 task-yield id=2 reason=Idle
[machine.2]       545000 task-resume id=4 reason=scheduler
[machine.2]       545000 task-yield id=4 reason=RtosPortYield
[machine.2]       545000 task-resume id=2 reason=scheduler
[machine.2]       545000 task-yield id=2 reason=Idle
[machine.2]       550000 task-resume id=4 reason=scheduler
[machine.2]       550000 task-yield id=4 reason=RtosPortYield
[machine.2]       550000 task-resume id=3 reason=scheduler
[machine.2]       550000 task-yield id=3 reason=RtosPortYield
[machine.2]       550000 user-u32 "watchdog_ok" = 550
[machine.2]       550000 task-resume id=6 reason=scheduler
[machine.2]       550000 task-yield id=6 reason=RtosPortYield
[machine.2]       550000 user-u32 "deadline_ok" = 0
[machine.2]       550000 task-resume id=1 reason=scheduler
[machine.2]       550000 task-yield id=1 reason=RtosPortYield
[machine.2]       550000 user-u32 "can_recv" = 0
[machine.2]       550000 user-u32 "can_recv" = 0
[machine.2]       550000 user-u32 "can_recv" = 0
[machine.2]       550000 user-u32 "can_send" = 0
[machine.2]       550000 task-resume id=2 reason=scheduler
[machine.2]       550000 task-yield id=2 reason=Idle
[machine.2]       555000 task-resume id=4 reason=scheduler
[machine.2]       555000 task-yield id=4 reason=RtosPortYield
[machine.2]       555000 task-resume id=2 reason=scheduler
[machine.2]       555000 task-yield id=2 reason=Idle
[machine.2]       560000 task-resume id=4 reason=scheduler
[machine.2]       560000 task-yield id=4 reason=RtosPortYield
[machine.2]       560000 task-resume id=1 reason=scheduler
[machine.2]       560000 task-yield id=1 reason=RtosPortYield
[machine.2]       560000 user-u32 "can_recv" = 0
[machine.2]       560000 user-u32 "can_recv" = 0
[machine.2]       560000 user-u32 "can_recv" = 0
[machine.2]       560000 user-u32 "can_recv" = 0
[machine.2]       560000 user-u32 "can_send" = 0
[machine.2]       560000 task-resume id=2 reason=scheduler
[machine.2]       560000 task-yield id=2 reason=Idle
[machine.2]       565000 task-resume id=4 reason=scheduler
[machine.2]       565000 task-yield id=4 reason=RtosPortYield
[machine.2]       565000 task-resume id=2 reason=scheduler
[machine.2]       565000 task-yield id=2 reason=Idle
[machine.2]       570000 task-resume id=4 reason=scheduler
[machine.2]       570000 task-yield id=4 reason=RtosPortYield
[machine.2]       570000 task-resume id=1 reason=scheduler
[machine.2]       570000 task-yield id=1 reason=RtosPortYield
[machine.2]       570000 user-u32 "can_recv" = 0
[machine.2]       570000 user-u32 "can_recv" = 0
[machine.2]       570000 user-u32 "can_recv" = 0
[machine.2]       570000 user-u32 "can_send" = 0
[machine.2]       570000 task-resume id=2 reason=scheduler
[machine.2]       570000 task-yield id=2 reason=Idle
[machine.2]       575000 task-resume id=4 reason=scheduler
[machine.2]       575000 task-yield id=4 reason=RtosPortYield
[machine.2]       575000 task-resume id=2 reason=scheduler
[machine.2]       575000 task-yield id=2 reason=Idle
[machine.2]       580000 task-resume id=4 reason=scheduler
[machine.2]       580000 task-yield id=4 reason=RtosPortYield
[machine.2]       580000 task-resume id=1 reason=scheduler
[machine.2]       580000 task-yield id=1 reason=RtosPortYield
[machine.2]       580000 user-u32 "can_recv" = 0
[machine.2]       580000 user-u32 "can_recv" = 0
[machine.2]       580000 user-u32 "can_recv" = 0
[machine.2]       580000 user-u32 "can_send" = 0
[machine.2]       580000 task-resume id=2 reason=scheduler
[machine.2]       580000 task-yield id=2 reason=Idle
[machine.2]       585000 task-resume id=4 reason=scheduler
[machine.2]       585000 task-yield id=4 reason=RtosPortYield
[machine.2]       585000 task-resume id=2 reason=scheduler
[machine.2]       585000 task-yield id=2 reason=Idle
[machine.2]       590000 task-resume id=4 reason=scheduler
[machine.2]       590000 task-yield id=4 reason=RtosPortYield
[machine.2]       590000 task-resume id=1 reason=scheduler
[machine.2]       590000 task-yield id=1 reason=RtosPortYield
[machine.2]       590000 user-u32 "can_recv" = 0
[machine.2]       590000 user-u32 "can_recv" = 0
[machine.2]       590000 user-u32 "can_recv" = 0
[machine.2]       590000 user-u32 "can_send" = 0
[machine.2]       590000 task-resume id=2 reason=scheduler
[machine.2]       590000 task-yield id=2 reason=Idle
[machine.2]       595000 task-resume id=4 reason=scheduler
[machine.2]       595000 task-yield id=4 reason=RtosPortYield
[machine.2]       595000 task-resume id=2 reason=scheduler
[machine.2]       595000 task-yield id=2 reason=Idle
[machine.2]       600000 task-resume id=4 reason=scheduler
[machine.2]       600000 task-yield id=4 reason=RtosPortYield
[machine.2]       600000 user-u32 "sensor_poll_tick" = 600
[machine.2]       600000 task-resume id=3 reason=scheduler
[machine.2]       600000 task-yield id=3 reason=RtosPortYield
[machine.2]       600000 user-u32 "watchdog_ok" = 600
[machine.2]       600000 task-resume id=6 reason=scheduler
[machine.2]       600000 task-yield id=6 reason=RtosPortYield
[machine.2]       600000 user-u32 "deadline_ok" = 0
[machine.2]       600000 task-resume id=1 reason=scheduler
[machine.2]       600000 task-yield id=1 reason=RtosPortYield
[machine.2]       600000 user-u32 "can_recv" = 0
[machine.2]       600000 user-u32 "can_recv" = 0
[machine.2]       600000 user-u32 "can_recv" = 0
[machine.2]       600000 user-u32 "can_send" = 0
[machine.2]       600000 user-u32 "can_send" = 0
[machine.2]       600000 task-resume id=5 reason=scheduler
[machine.2]       600000 task-yield id=5 reason=RtosPortYield
[machine.2]       600000 user-u32 "logger_event" = 65536
[machine.2]       600000 task-resume id=2 reason=scheduler
[machine.2]       600000 task-yield id=2 reason=Idle
[machine.2]       605000 task-resume id=4 reason=scheduler
[machine.2]       605000 task-yield id=4 reason=RtosPortYield
[machine.2]       605000 task-resume id=2 reason=scheduler
[machine.2]       605000 task-yield id=2 reason=Idle
[machine.2]       610000 task-resume id=4 reason=scheduler
[machine.2]       610000 task-yield id=4 reason=RtosPortYield
[machine.2]       610000 task-resume id=1 reason=scheduler
[machine.2]       610000 task-yield id=1 reason=RtosPortYield
[machine.2]       610000 user-u32 "can_recv" = 0
[machine.2]       610000 user-u32 "can_recv" = 0
[machine.2]       610000 user-u32 "can_recv" = 0
[machine.2]       610000 user-u32 "can_recv" = 0
[machine.2]       610000 user-u32 "can_recv" = 0
[machine.2]       610000 user-u32 "can_send" = 0
[machine.2]       610000 task-resume id=2 reason=scheduler
[machine.2]       610000 task-yield id=2 reason=Idle
[machine.2]       615000 task-resume id=4 reason=scheduler
[machine.2]       615000 task-yield id=4 reason=RtosPortYield
[machine.2]       615000 task-resume id=2 reason=scheduler
[machine.2]       615000 task-yield id=2 reason=Idle
[machine.2]       620000 task-resume id=4 reason=scheduler
[machine.2]       620000 task-yield id=4 reason=RtosPortYield
[machine.2]       620000 task-resume id=1 reason=scheduler
[machine.2]       620000 task-yield id=1 reason=RtosPortYield
[machine.2]       620000 user-u32 "can_recv" = 0
[machine.2]       620000 user-u32 "can_recv" = 0
[machine.2]       620000 user-u32 "can_recv" = 0
[machine.2]       620000 user-u32 "can_send" = 0
[machine.2]       620000 task-resume id=2 reason=scheduler
[machine.2]       620000 task-yield id=2 reason=Idle
[machine.2]       625000 task-resume id=4 reason=scheduler
[machine.2]       625000 task-yield id=4 reason=RtosPortYield
[machine.2]       625000 task-resume id=2 reason=scheduler
[machine.2]       625000 task-yield id=2 reason=Idle
[machine.2]       630000 task-resume id=4 reason=scheduler
[machine.2]       630000 task-yield id=4 reason=RtosPortYield
[machine.2]       630000 task-resume id=1 reason=scheduler
[machine.2]       630000 task-yield id=1 reason=RtosPortYield
[machine.2]       630000 user-u32 "can_recv" = 0
[machine.2]       630000 user-u32 "can_recv" = 0
[machine.2]       630000 user-u32 "can_recv" = 0
[machine.2]       630000 user-u32 "can_send" = 0
[machine.2]       630000 task-resume id=2 reason=scheduler
[machine.2]       630000 task-yield id=2 reason=Idle
[machine.2]       635000 task-resume id=4 reason=scheduler
[machine.2]       635000 task-yield id=4 reason=RtosPortYield
[machine.2]       635000 task-resume id=2 reason=scheduler
[machine.2]       635000 task-yield id=2 reason=Idle
[machine.2]       640000 task-resume id=4 reason=scheduler
[machine.2]       640000 task-yield id=4 reason=RtosPortYield
[machine.2]       640000 task-resume id=1 reason=scheduler
[machine.2]       640000 task-yield id=1 reason=RtosPortYield
[machine.2]       640000 user-u32 "can_recv" = 0
[machine.2]       640000 user-u32 "can_recv" = 0
[machine.2]       640000 user-u32 "can_recv" = 0
[machine.2]       640000 user-u32 "can_send" = 0
[machine.2]       640000 task-resume id=2 reason=scheduler
[machine.2]       640000 task-yield id=2 reason=Idle
[machine.2]       645000 task-resume id=4 reason=scheduler
[machine.2]       645000 task-yield id=4 reason=RtosPortYield
[machine.2]       645000 task-resume id=2 reason=scheduler
[machine.2]       645000 task-yield id=2 reason=Idle
[machine.2]       650000 task-resume id=4 reason=scheduler
[machine.2]       650000 task-yield id=4 reason=RtosPortYield
[machine.2]       650000 task-resume id=3 reason=scheduler
[machine.2]       650000 task-yield id=3 reason=RtosPortYield
[machine.2]       650000 user-u32 "watchdog_ok" = 650
[machine.2]       650000 task-resume id=6 reason=scheduler
[machine.2]       650000 task-yield id=6 reason=RtosPortYield
[machine.2]       650000 user-u32 "deadline_ok" = 0
[machine.2]       650000 task-resume id=1 reason=scheduler
[machine.2]       650000 task-yield id=1 reason=RtosPortYield
[machine.2]       650000 user-u32 "can_recv" = 0
[machine.2]       650000 user-u32 "can_recv" = 0
[machine.2]       650000 user-u32 "can_recv" = 0
[machine.2]       650000 user-u32 "can_send" = 0
[machine.2]       650000 task-resume id=2 reason=scheduler
[machine.2]       650000 task-yield id=2 reason=Idle
[machine.2]       655000 task-resume id=4 reason=scheduler
[machine.2]       655000 task-yield id=4 reason=RtosPortYield
[machine.2]       655000 task-resume id=2 reason=scheduler
[machine.2]       655000 task-yield id=2 reason=Idle
[machine.2]       660000 task-resume id=4 reason=scheduler
[machine.2]       660000 task-yield id=4 reason=RtosPortYield
[machine.2]       660000 task-resume id=1 reason=scheduler
[machine.2]       660000 task-yield id=1 reason=RtosPortYield
[machine.2]       660000 user-u32 "can_recv" = 0
[machine.2]       660000 user-u32 "can_recv" = 0
[machine.2]       660000 user-u32 "can_recv" = 0
[machine.2]       660000 user-u32 "can_recv" = 0
[machine.2]       660000 user-u32 "can_send" = 0
[machine.2]       660000 task-resume id=2 reason=scheduler
[machine.2]       660000 task-yield id=2 reason=Idle
[machine.2]       665000 task-resume id=4 reason=scheduler
[machine.2]       665000 task-yield id=4 reason=RtosPortYield
[machine.2]       665000 task-resume id=2 reason=scheduler
[machine.2]       665000 task-yield id=2 reason=Idle
[machine.2]       670000 task-resume id=4 reason=scheduler
[machine.2]       670000 task-yield id=4 reason=RtosPortYield
[machine.2]       670000 task-resume id=1 reason=scheduler
[machine.2]       670000 task-yield id=1 reason=RtosPortYield
[machine.2]       670000 user-u32 "can_recv" = 0
[machine.2]       670000 user-u32 "can_recv" = 0
[machine.2]       670000 user-u32 "can_recv" = 0
[machine.2]       670000 user-u32 "can_send" = 0
[machine.2]       670000 task-resume id=2 reason=scheduler
[machine.2]       670000 task-yield id=2 reason=Idle
[machine.2]       675000 task-resume id=4 reason=scheduler
[machine.2]       675000 task-yield id=4 reason=RtosPortYield
[machine.2]       675000 task-resume id=2 reason=scheduler
[machine.2]       675000 task-yield id=2 reason=Idle
[machine.2]       680000 task-resume id=4 reason=scheduler
[machine.2]       680000 task-yield id=4 reason=RtosPortYield
[machine.2]       680000 task-resume id=1 reason=scheduler
[machine.2]       680000 task-yield id=1 reason=RtosPortYield
[machine.2]       680000 user-u32 "can_recv" = 0
[machine.2]       680000 user-u32 "can_recv" = 0
[machine.2]       680000 user-u32 "can_recv" = 0
[machine.2]       680000 user-u32 "can_send" = 0
[machine.2]       680000 task-resume id=2 reason=scheduler
[machine.2]       680000 task-yield id=2 reason=Idle
[machine.2]       685000 task-resume id=4 reason=scheduler
[machine.2]       685000 task-yield id=4 reason=RtosPortYield
[machine.2]       685000 task-resume id=2 reason=scheduler
[machine.2]       685000 task-yield id=2 reason=Idle
[machine.2]       690000 task-resume id=4 reason=scheduler
[machine.2]       690000 task-yield id=4 reason=RtosPortYield
[machine.2]       690000 task-resume id=1 reason=scheduler
[machine.2]       690000 task-yield id=1 reason=RtosPortYield
[machine.2]       690000 user-u32 "can_recv" = 0
[machine.2]       690000 user-u32 "can_recv" = 0
[machine.2]       690000 user-u32 "can_recv" = 0
[machine.2]       690000 user-u32 "can_send" = 0
[machine.2]       690000 task-resume id=2 reason=scheduler
[machine.2]       690000 task-yield id=2 reason=Idle
[machine.2]       695000 task-resume id=4 reason=scheduler
[machine.2]       695000 task-yield id=4 reason=RtosPortYield
[machine.2]       695000 task-resume id=2 reason=scheduler
[machine.2]       695000 task-yield id=2 reason=Idle
[machine.2]       700000 task-resume id=4 reason=scheduler
[machine.2]       700000 task-yield id=4 reason=RtosPortYield
[machine.2]       700000 task-resume id=3 reason=scheduler
[machine.2]       700000 task-yield id=3 reason=RtosPortYield
[machine.2]       700000 user-u32 "watchdog_ok" = 700
[machine.2]       700000 task-resume id=6 reason=scheduler
[machine.2]       700000 task-yield id=6 reason=RtosPortYield
[machine.2]       700000 user-u32 "deadline_ok" = 0
[machine.2]       700000 task-resume id=1 reason=scheduler
[machine.2]       700000 task-yield id=1 reason=RtosPortYield
[machine.2]       700000 user-u32 "can_recv" = 0
[machine.2]       700000 user-u32 "can_recv" = 0
[machine.2]       700000 user-u32 "can_recv" = 0
[machine.2]       700000 user-u32 "can_send" = 0
[machine.2]       700000 user-u32 "can_send" = 0
[machine.2]       700000 task-resume id=5 reason=scheduler
[machine.2]       700000 task-yield id=5 reason=RtosPortYield
[machine.2]       700000 user-u32 "logger_event" = 65536
[machine.2]       700000 task-resume id=2 reason=scheduler
[machine.2]       700000 task-yield id=2 reason=Idle
[machine.2]       705000 task-resume id=4 reason=scheduler
[machine.2]       705000 task-yield id=4 reason=RtosPortYield
[machine.2]       705000 task-resume id=2 reason=scheduler
[machine.2]       705000 task-yield id=2 reason=Idle
[machine.2]       710000 task-resume id=4 reason=scheduler
[machine.2]       710000 task-yield id=4 reason=RtosPortYield
[machine.2]       710000 task-resume id=1 reason=scheduler
[machine.2]       710000 task-yield id=1 reason=RtosPortYield
[machine.2]       710000 user-u32 "can_recv" = 0
[machine.2]       710000 user-u32 "can_recv" = 0
[machine.2]       710000 user-u32 "can_recv" = 0
[machine.2]       710000 user-u32 "can_recv" = 0
[machine.2]       710000 user-u32 "can_recv" = 0
[machine.2]       710000 user-u32 "can_send" = 0
[machine.2]       710000 task-resume id=2 reason=scheduler
[machine.2]       710000 task-yield id=2 reason=Idle
[machine.2]       715000 task-resume id=4 reason=scheduler
[machine.2]       715000 task-yield id=4 reason=RtosPortYield
[machine.2]       715000 task-resume id=2 reason=scheduler
[machine.2]       715000 task-yield id=2 reason=Idle
[machine.2]       720000 task-resume id=4 reason=scheduler
[machine.2]       720000 task-yield id=4 reason=RtosPortYield
[machine.2]       720000 task-resume id=1 reason=scheduler
[machine.2]       720000 task-yield id=1 reason=RtosPortYield
[machine.2]       720000 user-u32 "can_recv" = 0
[machine.2]       720000 user-u32 "can_recv" = 0
[machine.2]       720000 user-u32 "can_recv" = 0
[machine.2]       720000 user-u32 "can_send" = 0
[machine.2]       720000 task-resume id=2 reason=scheduler
[machine.2]       720000 task-yield id=2 reason=Idle
[machine.2]       725000 task-resume id=4 reason=scheduler
[machine.2]       725000 task-yield id=4 reason=RtosPortYield
[machine.2]       725000 task-resume id=2 reason=scheduler
[machine.2]       725000 task-yield id=2 reason=Idle
[machine.2]       730000 task-resume id=4 reason=scheduler
[machine.2]       730000 task-yield id=4 reason=RtosPortYield
[machine.2]       730000 task-resume id=1 reason=scheduler
[machine.2]       730000 task-yield id=1 reason=RtosPortYield
[machine.2]       730000 user-u32 "can_recv" = 0
[machine.2]       730000 user-u32 "can_recv" = 0
[machine.2]       730000 user-u32 "can_recv" = 0
[machine.2]       730000 user-u32 "can_send" = 0
[machine.2]       730000 task-resume id=2 reason=scheduler
[machine.2]       730000 task-yield id=2 reason=Idle
[machine.2]       735000 task-resume id=4 reason=scheduler
[machine.2]       735000 task-yield id=4 reason=RtosPortYield
[machine.2]       735000 task-resume id=2 reason=scheduler
[machine.2]       735000 task-yield id=2 reason=Idle
[machine.2]       740000 task-resume id=4 reason=scheduler
[machine.2]       740000 task-yield id=4 reason=RtosPortYield
[machine.2]       740000 task-resume id=1 reason=scheduler
[machine.2]       740000 task-yield id=1 reason=RtosPortYield
[machine.2]       740000 user-u32 "can_recv" = 0
[machine.2]       740000 user-u32 "can_recv" = 0
[machine.2]       740000 user-u32 "can_recv" = 0
[machine.2]       740000 user-u32 "can_send" = 0
[machine.2]       740000 task-resume id=2 reason=scheduler
[machine.2]       740000 task-yield id=2 reason=Idle
[machine.2]       745000 task-resume id=4 reason=scheduler
[machine.2]       745000 task-yield id=4 reason=RtosPortYield
[machine.2]       745000 task-resume id=2 reason=scheduler
[machine.2]       745000 task-yield id=2 reason=Idle
[machine.2]       750000 task-resume id=4 reason=scheduler
[machine.2]       750000 task-yield id=4 reason=RtosPortYield
[machine.2]       750000 task-resume id=3 reason=scheduler
[machine.2]       750000 task-yield id=3 reason=RtosPortYield
[machine.2]       750000 user-u32 "watchdog_ok" = 750
[machine.2]       750000 task-resume id=6 reason=scheduler
[machine.2]       750000 task-yield id=6 reason=RtosPortYield
[machine.2]       750000 user-u32 "deadline_ok" = 0
[machine.2]       750000 task-resume id=1 reason=scheduler
[machine.2]       750000 task-yield id=1 reason=RtosPortYield
[machine.2]       750000 user-u32 "can_recv" = 0
[machine.2]       750000 user-u32 "can_recv" = 0
[machine.2]       750000 user-u32 "can_recv" = 0
[machine.2]       750000 user-u32 "can_send" = 0
[machine.2]       750000 task-resume id=2 reason=scheduler
[machine.2]       750000 task-yield id=2 reason=Idle
[machine.2]       755000 task-resume id=4 reason=scheduler
[machine.2]       755000 task-yield id=4 reason=RtosPortYield
[machine.2]       755000 task-resume id=2 reason=scheduler
[machine.2]       755000 task-yield id=2 reason=Idle
[machine.2]       760000 task-resume id=4 reason=scheduler
[machine.2]       760000 task-yield id=4 reason=RtosPortYield
[machine.2]       760000 task-resume id=1 reason=scheduler
[machine.2]       760000 task-yield id=1 reason=RtosPortYield
[machine.2]       760000 user-u32 "can_recv" = 0
[machine.2]       760000 user-u32 "can_recv" = 0
[machine.2]       760000 user-u32 "can_recv" = 0
[machine.2]       760000 user-u32 "can_recv" = 0
[machine.2]       760000 user-u32 "can_send" = 0
[machine.2]       760000 task-resume id=2 reason=scheduler
[machine.2]       760000 task-yield id=2 reason=Idle
[machine.2]       765000 task-resume id=4 reason=scheduler
[machine.2]       765000 task-yield id=4 reason=RtosPortYield
[machine.2]       765000 task-resume id=2 reason=scheduler
[machine.2]       765000 task-yield id=2 reason=Idle
[machine.2]       770000 task-resume id=4 reason=scheduler
[machine.2]       770000 task-yield id=4 reason=RtosPortYield
[machine.2]       770000 task-resume id=1 reason=scheduler
[machine.2]       770000 task-yield id=1 reason=RtosPortYield
[machine.2]       770000 user-u32 "can_recv" = 0
[machine.2]       770000 user-u32 "can_recv" = 0
[machine.2]       770000 user-u32 "can_recv" = 0
[machine.2]       770000 user-u32 "can_send" = 0
[machine.2]       770000 task-resume id=2 reason=scheduler
[machine.2]       770000 task-yield id=2 reason=Idle
[machine.2]       775000 task-resume id=4 reason=scheduler
[machine.2]       775000 task-yield id=4 reason=RtosPortYield
[machine.2]       775000 task-resume id=2 reason=scheduler
[machine.2]       775000 task-yield id=2 reason=Idle
[machine.2]       780000 task-resume id=4 reason=scheduler
[machine.2]       780000 task-yield id=4 reason=RtosPortYield
[machine.2]       780000 task-resume id=1 reason=scheduler
[machine.2]       780000 task-yield id=1 reason=RtosPortYield
[machine.2]       780000 user-u32 "can_recv" = 0
[machine.2]       780000 user-u32 "can_recv" = 0
[machine.2]       780000 user-u32 "can_recv" = 0
[machine.2]       780000 user-u32 "can_send" = 0
[machine.2]       780000 task-resume id=2 reason=scheduler
[machine.2]       780000 task-yield id=2 reason=Idle
[machine.2]       785000 task-resume id=4 reason=scheduler
[machine.2]       785000 task-yield id=4 reason=RtosPortYield
[machine.2]       785000 task-resume id=2 reason=scheduler
[machine.2]       785000 task-yield id=2 reason=Idle
[machine.2]       790000 task-resume id=4 reason=scheduler
[machine.2]       790000 task-yield id=4 reason=RtosPortYield
[machine.2]       790000 task-resume id=1 reason=scheduler
[machine.2]       790000 task-yield id=1 reason=RtosPortYield
[machine.2]       790000 user-u32 "can_recv" = 0
[machine.2]       790000 user-u32 "can_recv" = 0
[machine.2]       790000 user-u32 "can_recv" = 0
[machine.2]       790000 user-u32 "can_send" = 0
[machine.2]       790000 task-resume id=2 reason=scheduler
[machine.2]       790000 task-yield id=2 reason=Idle
[machine.2]       795000 task-resume id=4 reason=scheduler
[machine.2]       795000 task-yield id=4 reason=RtosPortYield
[machine.2]       795000 task-resume id=2 reason=scheduler
[machine.2]       795000 task-yield id=2 reason=Idle
[machine.2]       800000 task-resume id=4 reason=scheduler
[machine.2]       800000 task-yield id=4 reason=RtosPortYield
[machine.2]       800000 user-u32 "sensor_poll_tick" = 800
[machine.2]       800000 task-resume id=3 reason=scheduler
[machine.2]       800000 task-yield id=3 reason=RtosPortYield
[machine.2]       800000 user-u32 "watchdog_ok" = 800
[machine.2]       800000 task-resume id=6 reason=scheduler
[machine.2]       800000 task-yield id=6 reason=RtosPortYield
[machine.2]       800000 user-u32 "deadline_ok" = 0
[machine.2]       800000 task-resume id=1 reason=scheduler
[machine.2]       800000 task-yield id=1 reason=RtosPortYield
[machine.2]       800000 user-u32 "can_recv" = 0
[machine.2]       800000 user-u32 "can_recv" = 0
[machine.2]       800000 user-u32 "can_recv" = 0
[machine.2]       800000 user-u32 "can_send" = 0
[machine.2]       800000 user-u32 "can_send" = 0
[machine.2]       800000 task-resume id=5 reason=scheduler
[machine.2]       800000 task-yield id=5 reason=RtosPortYield
[machine.2]       800000 user-u32 "logger_event" = 65536
[machine.2]       800000 task-resume id=2 reason=scheduler
[machine.2]       800000 task-yield id=2 reason=Idle
[machine.2]       805000 task-resume id=4 reason=scheduler
[machine.2]       805000 task-yield id=4 reason=RtosPortYield
[machine.2]       805000 task-resume id=2 reason=scheduler
[machine.2]       805000 task-yield id=2 reason=Idle
[machine.2]       810000 task-resume id=4 reason=scheduler
[machine.2]       810000 task-yield id=4 reason=RtosPortYield
[machine.2]       810000 task-resume id=1 reason=scheduler
[machine.2]       810000 task-yield id=1 reason=RtosPortYield
[machine.2]       810000 user-u32 "can_recv" = 0
[machine.2]       810000 user-u32 "can_recv" = 0
[machine.2]       810000 user-u32 "can_recv" = 0
[machine.2]       810000 user-u32 "can_recv" = 0
[machine.2]       810000 user-u32 "can_recv" = 0
[machine.2]       810000 user-u32 "can_send" = 0
[machine.2]       810000 task-resume id=2 reason=scheduler
[machine.2]       810000 task-yield id=2 reason=Idle
[machine.2]       815000 task-resume id=4 reason=scheduler
[machine.2]       815000 task-yield id=4 reason=RtosPortYield
[machine.2]       815000 task-resume id=2 reason=scheduler
[machine.2]       815000 task-yield id=2 reason=Idle
[machine.2]       820000 task-resume id=4 reason=scheduler
[machine.2]       820000 task-yield id=4 reason=RtosPortYield
[machine.2]       820000 task-resume id=1 reason=scheduler
[machine.2]       820000 task-yield id=1 reason=RtosPortYield
[machine.2]       820000 user-u32 "can_recv" = 0
[machine.2]       820000 user-u32 "can_recv" = 0
[machine.2]       820000 user-u32 "can_recv" = 0
[machine.2]       820000 user-u32 "can_send" = 0
[machine.2]       820000 task-resume id=2 reason=scheduler
[machine.2]       820000 task-yield id=2 reason=Idle
[machine.2]       825000 task-resume id=4 reason=scheduler
[machine.2]       825000 task-yield id=4 reason=RtosPortYield
[machine.2]       825000 task-resume id=2 reason=scheduler
[machine.2]       825000 task-yield id=2 reason=Idle
[machine.2]       830000 task-resume id=4 reason=scheduler
[machine.2]       830000 task-yield id=4 reason=RtosPortYield
[machine.2]       830000 task-resume id=1 reason=scheduler
[machine.2]       830000 task-yield id=1 reason=RtosPortYield
[machine.2]       830000 user-u32 "can_recv" = 0
[machine.2]       830000 user-u32 "can_recv" = 0
[machine.2]       830000 user-u32 "can_recv" = 0
[machine.2]       830000 user-u32 "can_send" = 0
[machine.2]       830000 task-resume id=2 reason=scheduler
[machine.2]       830000 task-yield id=2 reason=Idle
[machine.2]       835000 task-resume id=4 reason=scheduler
[machine.2]       835000 task-yield id=4 reason=RtosPortYield
[machine.2]       835000 task-resume id=2 reason=scheduler
[machine.2]       835000 task-yield id=2 reason=Idle
[machine.2]       840000 task-resume id=4 reason=scheduler
[machine.2]       840000 task-yield id=4 reason=RtosPortYield
[machine.2]       840000 task-resume id=1 reason=scheduler
[machine.2]       840000 task-yield id=1 reason=RtosPortYield
[machine.2]       840000 user-u32 "can_recv" = 0
[machine.2]       840000 user-u32 "can_recv" = 0
[machine.2]       840000 user-u32 "can_recv" = 0
[machine.2]       840000 user-u32 "can_send" = 0
[machine.2]       840000 task-resume id=2 reason=scheduler
[machine.2]       840000 task-yield id=2 reason=Idle
[machine.2]       845000 task-resume id=4 reason=scheduler
[machine.2]       845000 task-yield id=4 reason=RtosPortYield
[machine.2]       845000 task-resume id=2 reason=scheduler
[machine.2]       845000 task-yield id=2 reason=Idle
[machine.2]       850000 task-resume id=4 reason=scheduler
[machine.2]       850000 task-yield id=4 reason=RtosPortYield
[machine.2]       850000 task-resume id=3 reason=scheduler
[machine.2]       850000 task-yield id=3 reason=RtosPortYield
[machine.2]       850000 user-u32 "watchdog_ok" = 850
[machine.2]       850000 task-resume id=6 reason=scheduler
[machine.2]       850000 task-yield id=6 reason=RtosPortYield
[machine.2]       850000 user-u32 "deadline_ok" = 0
[machine.2]       850000 task-resume id=1 reason=scheduler
[machine.2]       850000 task-yield id=1 reason=RtosPortYield
[machine.2]       850000 user-u32 "can_recv" = 0
[machine.2]       850000 user-u32 "can_recv" = 0
[machine.2]       850000 user-u32 "can_recv" = 0
[machine.2]       850000 user-u32 "can_send" = 0
[machine.2]       850000 task-resume id=2 reason=scheduler
[machine.2]       850000 task-yield id=2 reason=Idle
[machine.2]       855000 task-resume id=4 reason=scheduler
[machine.2]       855000 task-yield id=4 reason=RtosPortYield
[machine.2]       855000 task-resume id=2 reason=scheduler
[machine.2]       855000 task-yield id=2 reason=Idle
[machine.2]       860000 task-resume id=4 reason=scheduler
[machine.2]       860000 task-yield id=4 reason=RtosPortYield
[machine.2]       860000 task-resume id=1 reason=scheduler
[machine.2]       860000 task-yield id=1 reason=RtosPortYield
[machine.2]       860000 user-u32 "can_recv" = 0
[machine.2]       860000 user-u32 "can_recv" = 0
[machine.2]       860000 user-u32 "can_recv" = 0
[machine.2]       860000 user-u32 "can_recv" = 0
[machine.2]       860000 user-u32 "can_send" = 0
[machine.2]       860000 task-resume id=2 reason=scheduler
[machine.2]       860000 task-yield id=2 reason=Idle
[machine.2]       865000 task-resume id=4 reason=scheduler
[machine.2]       865000 task-yield id=4 reason=RtosPortYield
[machine.2]       865000 task-resume id=2 reason=scheduler
[machine.2]       865000 task-yield id=2 reason=Idle
[machine.2]       870000 task-resume id=4 reason=scheduler
[machine.2]       870000 task-yield id=4 reason=RtosPortYield
[machine.2]       870000 task-resume id=1 reason=scheduler
[machine.2]       870000 task-yield id=1 reason=RtosPortYield
[machine.2]       870000 user-u32 "can_recv" = 0
[machine.2]       870000 user-u32 "can_recv" = 0
[machine.2]       870000 user-u32 "can_recv" = 0
[machine.2]       870000 user-u32 "can_send" = 0
[machine.2]       870000 task-resume id=2 reason=scheduler
[machine.2]       870000 task-yield id=2 reason=Idle
[machine.2]       875000 task-resume id=4 reason=scheduler
[machine.2]       875000 task-yield id=4 reason=RtosPortYield
[machine.2]       875000 task-resume id=2 reason=scheduler
[machine.2]       875000 task-yield id=2 reason=Idle
[machine.2]       880000 task-resume id=4 reason=scheduler
[machine.2]       880000 task-yield id=4 reason=RtosPortYield
[machine.2]       880000 task-resume id=1 reason=scheduler
[machine.2]       880000 task-yield id=1 reason=RtosPortYield
[machine.2]       880000 user-u32 "can_recv" = 0
[machine.2]       880000 user-u32 "can_recv" = 0
[machine.2]       880000 user-u32 "can_recv" = 0
[machine.2]       880000 user-u32 "can_send" = 0
[machine.2]       880000 task-resume id=2 reason=scheduler
[machine.2]       880000 task-yield id=2 reason=Idle
[machine.2]       885000 task-resume id=4 reason=scheduler
[machine.2]       885000 task-yield id=4 reason=RtosPortYield
[machine.2]       885000 task-resume id=2 reason=scheduler
[machine.2]       885000 task-yield id=2 reason=Idle
[machine.2]       890000 task-resume id=4 reason=scheduler
[machine.2]       890000 task-yield id=4 reason=RtosPortYield
[machine.2]       890000 task-resume id=1 reason=scheduler
[machine.2]       890000 task-yield id=1 reason=RtosPortYield
[machine.2]       890000 user-u32 "can_recv" = 0
[machine.2]       890000 user-u32 "can_recv" = 0
[machine.2]       890000 user-u32 "can_recv" = 0
[machine.2]       890000 user-u32 "can_send" = 0
[machine.2]       890000 task-resume id=2 reason=scheduler
[machine.2]       890000 task-yield id=2 reason=Idle
[machine.2]       895000 task-resume id=4 reason=scheduler
[machine.2]       895000 task-yield id=4 reason=RtosPortYield
[machine.2]       895000 task-resume id=2 reason=scheduler
[machine.2]       895000 task-yield id=2 reason=Idle
[machine.2]       900000 task-resume id=4 reason=scheduler
[machine.2]       900000 task-yield id=4 reason=RtosPortYield
[machine.2]       900000 task-resume id=3 reason=scheduler
[machine.2]       900000 task-yield id=3 reason=RtosPortYield
[machine.2]       900000 user-u32 "watchdog_ok" = 900
[machine.2]       900000 task-resume id=6 reason=scheduler
[machine.2]       900000 task-yield id=6 reason=RtosPortYield
[machine.2]       900000 user-u32 "deadline_ok" = 0
[machine.2]       900000 task-resume id=1 reason=scheduler
[machine.2]       900000 task-yield id=1 reason=RtosPortYield
[machine.2]       900000 user-u32 "can_recv" = 0
[machine.2]       900000 user-u32 "can_recv" = 0
[machine.2]       900000 user-u32 "can_recv" = 0
[machine.2]       900000 user-u32 "can_send" = 0
[machine.2]       900000 user-u32 "can_send" = 0
[machine.2]       900000 task-resume id=5 reason=scheduler
[machine.2]       900000 task-yield id=5 reason=RtosPortYield
[machine.2]       900000 user-u32 "logger_event" = 65536
[machine.2]       900000 task-resume id=2 reason=scheduler
[machine.2]       900000 task-yield id=2 reason=Idle
[machine.2]       905000 task-resume id=4 reason=scheduler
[machine.2]       905000 task-yield id=4 reason=RtosPortYield
[machine.2]       905000 task-resume id=2 reason=scheduler
[machine.2]       905000 task-yield id=2 reason=Idle
[machine.2]       910000 task-resume id=4 reason=scheduler
[machine.2]       910000 task-yield id=4 reason=RtosPortYield
[machine.2]       910000 task-resume id=1 reason=scheduler
[machine.2]       910000 task-yield id=1 reason=RtosPortYield
[machine.2]       910000 user-u32 "can_recv" = 0
[machine.2]       910000 user-u32 "can_recv" = 0
[machine.2]       910000 user-u32 "can_recv" = 0
[machine.2]       910000 user-u32 "can_recv" = 0
[machine.2]       910000 user-u32 "can_recv" = 0
[machine.2]       910000 user-u32 "can_send" = 0
[machine.2]       910000 task-resume id=2 reason=scheduler
[machine.2]       910000 task-yield id=2 reason=Idle
[machine.2]       915000 task-resume id=4 reason=scheduler
[machine.2]       915000 task-yield id=4 reason=RtosPortYield
[machine.2]       915000 task-resume id=2 reason=scheduler
[machine.2]       915000 task-yield id=2 reason=Idle
[machine.2]       920000 task-resume id=4 reason=scheduler
[machine.2]       920000 task-yield id=4 reason=RtosPortYield
[machine.2]       920000 task-resume id=1 reason=scheduler
[machine.2]       920000 task-yield id=1 reason=RtosPortYield
[machine.2]       920000 user-u32 "can_recv" = 0
[machine.2]       920000 user-u32 "can_recv" = 0
[machine.2]       920000 user-u32 "can_recv" = 0
[machine.2]       920000 user-u32 "can_send" = 0
[machine.2]       920000 task-resume id=2 reason=scheduler
[machine.2]       920000 task-yield id=2 reason=Idle
[machine.2]       925000 task-resume id=4 reason=scheduler
[machine.2]       925000 task-yield id=4 reason=RtosPortYield
[machine.2]       925000 task-resume id=2 reason=scheduler
[machine.2]       925000 task-yield id=2 reason=Idle
[machine.2]       930000 task-resume id=4 reason=scheduler
[machine.2]       930000 task-yield id=4 reason=RtosPortYield
[machine.2]       930000 task-resume id=1 reason=scheduler
[machine.2]       930000 task-yield id=1 reason=RtosPortYield
[machine.2]       930000 user-u32 "can_recv" = 0
[machine.2]       930000 user-u32 "can_recv" = 0
[machine.2]       930000 user-u32 "can_recv" = 0
[machine.2]       930000 user-u32 "can_send" = 0
[machine.2]       930000 task-resume id=2 reason=scheduler
[machine.2]       930000 task-yield id=2 reason=Idle
[machine.2]       935000 task-resume id=4 reason=scheduler
[machine.2]       935000 task-yield id=4 reason=RtosPortYield
[machine.2]       935000 task-resume id=2 reason=scheduler
[machine.2]       935000 task-yield id=2 reason=Idle
[machine.2]       940000 task-resume id=4 reason=scheduler
[machine.2]       940000 task-yield id=4 reason=RtosPortYield
[machine.2]       940000 task-resume id=1 reason=scheduler
[machine.2]       940000 task-yield id=1 reason=RtosPortYield
[machine.2]       940000 user-u32 "can_recv" = 0
[machine.2]       940000 user-u32 "can_recv" = 0
[machine.2]       940000 user-u32 "can_recv" = 0
[machine.2]       940000 user-u32 "can_send" = 0
[machine.2]       940000 task-resume id=2 reason=scheduler
[machine.2]       940000 task-yield id=2 reason=Idle
[machine.2]       945000 task-resume id=4 reason=scheduler
[machine.2]       945000 task-yield id=4 reason=RtosPortYield
[machine.2]       945000 task-resume id=2 reason=scheduler
[machine.2]       945000 task-yield id=2 reason=Idle
[machine.2]       950000 task-resume id=4 reason=scheduler
[machine.2]       950000 task-yield id=4 reason=RtosPortYield
[machine.2]       950000 task-resume id=3 reason=scheduler
[machine.2]       950000 task-yield id=3 reason=RtosPortYield
[machine.2]       950000 user-u32 "watchdog_ok" = 950
[machine.2]       950000 task-resume id=6 reason=scheduler
[machine.2]       950000 task-yield id=6 reason=RtosPortYield
[machine.2]       950000 user-u32 "deadline_ok" = 0
[machine.2]       950000 task-resume id=1 reason=scheduler
[machine.2]       950000 task-yield id=1 reason=RtosPortYield
[machine.2]       950000 user-u32 "can_recv" = 0
[machine.2]       950000 user-u32 "can_recv" = 0
[machine.2]       950000 user-u32 "can_recv" = 0
[machine.2]       950000 user-u32 "can_send" = 0
[machine.2]       950000 task-resume id=2 reason=scheduler
[machine.2]       950000 task-yield id=2 reason=Idle
[machine.2]       955000 task-resume id=4 reason=scheduler
[machine.2]       955000 task-yield id=4 reason=RtosPortYield
[machine.2]       955000 task-resume id=2 reason=scheduler
[machine.2]       955000 task-yield id=2 reason=Idle
[machine.2]       960000 task-resume id=4 reason=scheduler
[machine.2]       960000 task-yield id=4 reason=RtosPortYield
[machine.2]       960000 task-resume id=1 reason=scheduler
[machine.2]       960000 task-yield id=1 reason=RtosPortYield
[machine.2]       960000 user-u32 "can_recv" = 0
[machine.2]       960000 user-u32 "can_recv" = 0
[machine.2]       960000 user-u32 "can_recv" = 0
[machine.2]       960000 user-u32 "can_recv" = 0
[machine.2]       960000 user-u32 "can_send" = 0
[machine.2]       960000 task-resume id=2 reason=scheduler
[machine.2]       960000 task-yield id=2 reason=Idle
[machine.2]       965000 task-resume id=4 reason=scheduler
[machine.2]       965000 task-yield id=4 reason=RtosPortYield
[machine.2]       965000 task-resume id=2 reason=scheduler
[machine.2]       965000 task-yield id=2 reason=Idle
[machine.2]       970000 task-resume id=4 reason=scheduler
[machine.2]       970000 task-yield id=4 reason=RtosPortYield
[machine.2]       970000 task-resume id=1 reason=scheduler
[machine.2]       970000 task-yield id=1 reason=RtosPortYield
[machine.2]       970000 user-u32 "can_recv" = 0
[machine.2]       970000 user-u32 "can_recv" = 0
[machine.2]       970000 user-u32 "can_recv" = 0
[machine.2]       970000 user-u32 "can_send" = 0
[machine.2]       970000 task-resume id=2 reason=scheduler
[machine.2]       970000 task-yield id=2 reason=Idle
[machine.2]       975000 task-resume id=4 reason=scheduler
[machine.2]       975000 task-yield id=4 reason=RtosPortYield
[machine.2]       975000 task-resume id=2 reason=scheduler
[machine.2]       975000 task-yield id=2 reason=Idle
[machine.2]       980000 task-resume id=4 reason=scheduler
[machine.2]       980000 task-yield id=4 reason=RtosPortYield
[machine.2]       980000 task-resume id=1 reason=scheduler
[machine.2]       980000 task-yield id=1 reason=RtosPortYield
[machine.2]       980000 user-u32 "can_recv" = 0
[machine.2]       980000 user-u32 "can_recv" = 0
[machine.2]       980000 user-u32 "can_recv" = 0
[machine.2]       980000 user-u32 "can_send" = 0
[machine.2]       980000 task-resume id=2 reason=scheduler
[machine.2]       980000 task-yield id=2 reason=Idle
[machine.2]       985000 task-resume id=4 reason=scheduler
[machine.2]       985000 task-yield id=4 reason=RtosPortYield
[machine.2]       985000 task-resume id=2 reason=scheduler
[machine.2]       985000 task-yield id=2 reason=Idle
[machine.2]       990000 task-resume id=4 reason=scheduler
[machine.2]       990000 task-yield id=4 reason=RtosPortYield
[machine.2]       990000 task-resume id=1 reason=scheduler
[machine.2]       990000 task-yield id=1 reason=RtosPortYield
[machine.2]       990000 user-u32 "can_recv" = 0
[machine.2]       990000 user-u32 "can_recv" = 0
[machine.2]       990000 user-u32 "can_recv" = 0
[machine.2]       990000 user-u32 "can_send" = 0
[machine.2]       990000 task-resume id=2 reason=scheduler
[machine.2]       990000 task-yield id=2 reason=Idle
[machine.2]       995000 task-resume id=4 reason=scheduler
[machine.2]       995000 task-yield id=4 reason=RtosPortYield
[machine.2]       995000 task-resume id=2 reason=scheduler
[machine.2]       995000 task-yield id=2 reason=Idle
[machine.2]      1000000 task-resume id=4 reason=scheduler
[machine.2]      1000000 task-yield id=4 reason=RtosPortYield
[machine.2]      1000000 user-u32 "sensor_poll_tick" = 1000
[machine.2]      1000000 task-resume id=3 reason=scheduler
[machine.2]      1000000 task-yield id=3 reason=RtosPortYield
[machine.2]      1000000 user-u32 "watchdog_ok" = 1000
[machine.2]      1000000 task-resume id=6 reason=scheduler
[machine.2]      1000000 task-yield id=6 reason=RtosPortYield
[machine.2]      1000000 user-u32 "deadline_ok" = 0
[machine.2]      1000000 task-resume id=1 reason=scheduler
[machine.2]      1000000 task-yield id=1 reason=RtosPortYield
[machine.2]      1000000 user-u32 "can_recv" = 0
[machine.2]      1000000 user-u32 "can_recv" = 0
[machine.2]      1000000 user-u32 "can_recv" = 0
[machine.2]      1000000 user-u32 "can_send" = 0
[machine.2]      1000000 user-u32 "can_send" = 0
[machine.2]      1000000 task-resume id=5 reason=scheduler
[machine.2]      1000000 task-yield id=5 reason=RtosPortYield
[machine.2]      1000000 user-u32 "logger_event" = 65536
[machine.2]      1000000 task-resume id=2 reason=scheduler
[machine.2]      1000000 task-yield id=2 reason=Idle
[machine.2]      1005000 task-resume id=4 reason=scheduler
[machine.2]      1005000 task-yield id=4 reason=RtosPortYield
[machine.2]      1005000 task-resume id=2 reason=scheduler
[machine.2]      1005000 task-yield id=2 reason=Idle
[machine.2]      1010000 task-resume id=4 reason=scheduler
[machine.2]      1010000 task-yield id=4 reason=RtosPortYield
[machine.2]      1010000 task-resume id=1 reason=scheduler
[machine.2]      1010000 task-yield id=1 reason=RtosPortYield
[machine.2]      1010000 user-u32 "can_recv" = 0
[machine.2]      1010000 user-u32 "can_recv" = 0
[machine.2]      1010000 user-u32 "can_recv" = 0
[machine.2]      1010000 user-u32 "can_recv" = 0
[machine.2]      1010000 user-u32 "can_recv" = 0
[machine.2]      1010000 user-u32 "can_send" = 0
[machine.2]      1010000 task-resume id=2 reason=scheduler
[machine.2]      1010000 task-yield id=2 reason=Idle
[machine.2]      1015000 task-resume id=4 reason=scheduler
[machine.2]      1015000 task-yield id=4 reason=RtosPortYield
[machine.2]      1015000 task-resume id=2 reason=scheduler
[machine.2]      1015000 task-yield id=2 reason=Idle
[machine.2]      1020000 task-resume id=4 reason=scheduler
[machine.2]      1020000 task-yield id=4 reason=RtosPortYield
[machine.2]      1020000 task-resume id=1 reason=scheduler
[machine.2]      1020000 task-yield id=1 reason=RtosPortYield
[machine.2]      1020000 user-u32 "can_recv" = 0
[machine.2]      1020000 user-u32 "can_recv" = 0
[machine.2]      1020000 user-u32 "can_recv" = 0
[machine.2]      1020000 user-u32 "can_send" = 0
[machine.2]      1020000 task-resume id=2 reason=scheduler
[machine.2]      1020000 task-yield id=2 reason=Idle
[machine.2]      1025000 task-resume id=4 reason=scheduler
[machine.2]      1025000 task-yield id=4 reason=RtosPortYield
[machine.2]      1025000 task-resume id=2 reason=scheduler
[machine.2]      1025000 task-yield id=2 reason=Idle
[machine.2]      1030000 task-resume id=4 reason=scheduler
[machine.2]      1030000 task-yield id=4 reason=RtosPortYield
[machine.2]      1030000 task-resume id=1 reason=scheduler
[machine.2]      1030000 task-yield id=1 reason=RtosPortYield
[machine.2]      1030000 user-u32 "can_recv" = 0
[machine.2]      1030000 user-u32 "can_recv" = 0
[machine.2]      1030000 user-u32 "can_recv" = 0
[machine.2]      1030000 user-u32 "can_send" = 0
[machine.2]      1030000 task-resume id=2 reason=scheduler
[machine.2]      1030000 task-yield id=2 reason=Idle
[machine.2]      1035000 task-resume id=4 reason=scheduler
[machine.2]      1035000 task-yield id=4 reason=RtosPortYield
[machine.2]      1035000 task-resume id=2 reason=scheduler
[machine.2]      1035000 task-yield id=2 reason=Idle
[machine.2]      1040000 task-resume id=4 reason=scheduler
[machine.2]      1040000 task-yield id=4 reason=RtosPortYield
[machine.2]      1040000 task-resume id=1 reason=scheduler
[machine.2]      1040000 task-yield id=1 reason=RtosPortYield
[machine.2]      1040000 user-u32 "can_recv" = 0
[machine.2]      1040000 user-u32 "can_recv" = 0
[machine.2]      1040000 user-u32 "can_recv" = 0
[machine.2]      1040000 user-u32 "can_send" = 0
[machine.2]      1040000 task-resume id=2 reason=scheduler
[machine.2]      1040000 task-yield id=2 reason=Idle
[machine.2]      1045000 task-resume id=4 reason=scheduler
[machine.2]      1045000 task-yield id=4 reason=RtosPortYield
[machine.2]      1045000 task-resume id=2 reason=scheduler
[machine.2]      1045000 task-yield id=2 reason=Idle
[machine.2]      1050000 task-resume id=4 reason=scheduler
[machine.2]      1050000 task-yield id=4 reason=RtosPortYield
[machine.2]      1050000 task-resume id=3 reason=scheduler
[machine.2]      1050000 task-yield id=3 reason=RtosPortYield
[machine.2]      1050000 user-u32 "watchdog_ok" = 1050
[machine.2]      1050000 task-resume id=6 reason=scheduler
[machine.2]      1050000 task-yield id=6 reason=RtosPortYield
[machine.2]      1050000 user-u32 "deadline_ok" = 0
[machine.2]      1050000 task-resume id=1 reason=scheduler
[machine.2]      1050000 task-yield id=1 reason=RtosPortYield
[machine.2]      1050000 user-u32 "can_recv" = 0
[machine.2]      1050000 user-u32 "can_recv" = 0
[machine.2]      1050000 user-u32 "can_recv" = 0
[machine.2]      1050000 user-u32 "can_send" = 0
[machine.2]      1050000 task-resume id=2 reason=scheduler
[machine.2]      1050000 task-yield id=2 reason=Idle
[machine.2]      1055000 task-resume id=4 reason=scheduler
[machine.2]      1055000 task-yield id=4 reason=RtosPortYield
[machine.2]      1055000 task-resume id=2 reason=scheduler
[machine.2]      1055000 task-yield id=2 reason=Idle
[machine.2]      1060000 task-resume id=4 reason=scheduler
[machine.2]      1060000 task-yield id=4 reason=RtosPortYield
[machine.2]      1060000 task-resume id=1 reason=scheduler
[machine.2]      1060000 task-yield id=1 reason=RtosPortYield
[machine.2]      1060000 user-u32 "can_recv" = 0
[machine.2]      1060000 user-u32 "can_recv" = 0
[machine.2]      1060000 user-u32 "can_recv" = 0
[machine.2]      1060000 user-u32 "can_recv" = 0
[machine.2]      1060000 user-u32 "can_send" = 0
[machine.2]      1060000 task-resume id=2 reason=scheduler
[machine.2]      1060000 task-yield id=2 reason=Idle
[machine.2]      1065000 task-resume id=4 reason=scheduler
[machine.2]      1065000 task-yield id=4 reason=RtosPortYield
[machine.2]      1065000 task-resume id=2 reason=scheduler
[machine.2]      1065000 task-yield id=2 reason=Idle
[machine.2]      1070000 task-resume id=4 reason=scheduler
[machine.2]      1070000 task-yield id=4 reason=RtosPortYield
[machine.2]      1070000 task-resume id=1 reason=scheduler
[machine.2]      1070000 task-yield id=1 reason=RtosPortYield
[machine.2]      1070000 user-u32 "can_recv" = 0
[machine.2]      1070000 user-u32 "can_recv" = 0
[machine.2]      1070000 user-u32 "can_recv" = 0
[machine.2]      1070000 user-u32 "can_send" = 0
[machine.2]      1070000 task-resume id=2 reason=scheduler
[machine.2]      1070000 task-yield id=2 reason=Idle
[machine.2]      1075000 task-resume id=4 reason=scheduler
[machine.2]      1075000 task-yield id=4 reason=RtosPortYield
[machine.2]      1075000 task-resume id=2 reason=scheduler
[machine.2]      1075000 task-yield id=2 reason=Idle
[machine.2]      1080000 task-resume id=4 reason=scheduler
[machine.2]      1080000 task-yield id=4 reason=RtosPortYield
[machine.2]      1080000 task-resume id=1 reason=scheduler
[machine.2]      1080000 task-yield id=1 reason=RtosPortYield
[machine.2]      1080000 user-u32 "can_recv" = 0
[machine.2]      1080000 user-u32 "can_recv" = 0
[machine.2]      1080000 user-u32 "can_recv" = 0
[machine.2]      1080000 user-u32 "can_send" = 0
[machine.2]      1080000 task-resume id=2 reason=scheduler
[machine.2]      1080000 task-yield id=2 reason=Idle
[machine.2]      1085000 task-resume id=4 reason=scheduler
[machine.2]      1085000 task-yield id=4 reason=RtosPortYield
[machine.2]      1085000 task-resume id=2 reason=scheduler
[machine.2]      1085000 task-yield id=2 reason=Idle
[machine.2]      1090000 task-resume id=4 reason=scheduler
[machine.2]      1090000 task-yield id=4 reason=RtosPortYield
[machine.2]      1090000 task-resume id=1 reason=scheduler
[machine.2]      1090000 task-yield id=1 reason=RtosPortYield
[machine.2]      1090000 user-u32 "can_recv" = 0
[machine.2]      1090000 user-u32 "can_recv" = 0
[machine.2]      1090000 user-u32 "can_recv" = 0
[machine.2]      1090000 user-u32 "can_send" = 0
[machine.2]      1090000 task-resume id=2 reason=scheduler
[machine.2]      1090000 task-yield id=2 reason=Idle
[machine.2]      1095000 task-resume id=4 reason=scheduler
[machine.2]      1095000 task-yield id=4 reason=RtosPortYield
[machine.2]      1095000 task-resume id=2 reason=scheduler
[machine.2]      1095000 task-yield id=2 reason=Idle
[machine.2]      1100000 task-resume id=4 reason=scheduler
[machine.2]      1100000 task-yield id=4 reason=RtosPortYield
[machine.2]      1100000 task-resume id=3 reason=scheduler
[machine.2]      1100000 task-yield id=3 reason=RtosPortYield
[machine.2]      1100000 user-u32 "watchdog_ok" = 1100
[machine.2]      1100000 task-resume id=6 reason=scheduler
[machine.2]      1100000 task-yield id=6 reason=RtosPortYield
[machine.2]      1100000 user-u32 "deadline_ok" = 0
[machine.2]      1100000 task-resume id=1 reason=scheduler
[machine.2]      1100000 task-yield id=1 reason=RtosPortYield
[machine.2]      1100000 user-u32 "can_recv" = 0
[machine.2]      1100000 user-u32 "can_recv" = 0
[machine.2]      1100000 user-u32 "can_recv" = 0
[machine.2]      1100000 user-u32 "can_send" = 0
[machine.2]      1100000 user-u32 "can_send" = 0
[machine.2]      1100000 task-resume id=5 reason=scheduler
[machine.2]      1100000 task-yield id=5 reason=RtosPortYield
[machine.2]      1100000 user-u32 "logger_event" = 65536
[machine.2]      1100000 task-resume id=2 reason=scheduler
[machine.2]      1100000 task-yield id=2 reason=Idle
[machine.2]      1105000 task-resume id=4 reason=scheduler
[machine.2]      1105000 task-yield id=4 reason=RtosPortYield
[machine.2]      1105000 task-resume id=2 reason=scheduler
[machine.2]      1105000 task-yield id=2 reason=Idle
[machine.2]      1110000 task-resume id=4 reason=scheduler
[machine.2]      1110000 task-yield id=4 reason=RtosPortYield
[machine.2]      1110000 task-resume id=1 reason=scheduler
[machine.2]      1110000 task-yield id=1 reason=RtosPortYield
[machine.2]      1110000 user-u32 "can_recv" = 0
[machine.2]      1110000 user-u32 "can_recv" = 0
[machine.2]      1110000 user-u32 "can_recv" = 0
[machine.2]      1110000 user-u32 "can_recv" = 0
[machine.2]      1110000 user-u32 "can_recv" = 0
[machine.2]      1110000 user-u32 "can_send" = 0
[machine.2]      1110000 task-resume id=2 reason=scheduler
[machine.2]      1110000 task-yield id=2 reason=Idle
[machine.2]      1115000 task-resume id=4 reason=scheduler
[machine.2]      1115000 task-yield id=4 reason=RtosPortYield
[machine.2]      1115000 task-resume id=2 reason=scheduler
[machine.2]      1115000 task-yield id=2 reason=Idle
[machine.2]      1120000 task-resume id=4 reason=scheduler
[machine.2]      1120000 task-yield id=4 reason=RtosPortYield
[machine.2]      1120000 task-resume id=1 reason=scheduler
[machine.2]      1120000 task-yield id=1 reason=RtosPortYield
[machine.2]      1120000 user-u32 "can_recv" = 0
[machine.2]      1120000 user-u32 "can_recv" = 0
[machine.2]      1120000 user-u32 "can_recv" = 0
[machine.2]      1120000 user-u32 "can_send" = 0
[machine.2]      1120000 task-resume id=2 reason=scheduler
[machine.2]      1120000 task-yield id=2 reason=Idle
[machine.2]      1125000 task-resume id=4 reason=scheduler
[machine.2]      1125000 task-yield id=4 reason=RtosPortYield
[machine.2]      1125000 task-resume id=2 reason=scheduler
[machine.2]      1125000 task-yield id=2 reason=Idle
[machine.2]      1130000 task-resume id=4 reason=scheduler
[machine.2]      1130000 task-yield id=4 reason=RtosPortYield
[machine.2]      1130000 task-resume id=1 reason=scheduler
[machine.2]      1130000 task-yield id=1 reason=RtosPortYield
[machine.2]      1130000 user-u32 "can_recv" = 0
[machine.2]      1130000 user-u32 "can_recv" = 0
[machine.2]      1130000 user-u32 "can_recv" = 0
[machine.2]      1130000 user-u32 "can_send" = 0
[machine.2]      1130000 task-resume id=2 reason=scheduler
[machine.2]      1130000 task-yield id=2 reason=Idle
[machine.2]      1135000 task-resume id=4 reason=scheduler
[machine.2]      1135000 task-yield id=4 reason=RtosPortYield
[machine.2]      1135000 task-resume id=2 reason=scheduler
[machine.2]      1135000 task-yield id=2 reason=Idle
[machine.2]      1140000 task-resume id=4 reason=scheduler
[machine.2]      1140000 task-yield id=4 reason=RtosPortYield
[machine.2]      1140000 task-resume id=1 reason=scheduler
[machine.2]      1140000 task-yield id=1 reason=RtosPortYield
[machine.2]      1140000 user-u32 "can_recv" = 0
[machine.2]      1140000 user-u32 "can_recv" = 0
[machine.2]      1140000 user-u32 "can_recv" = 0
[machine.2]      1140000 user-u32 "can_send" = 0
[machine.2]      1140000 task-resume id=2 reason=scheduler
[machine.2]      1140000 task-yield id=2 reason=Idle
[machine.2]      1145000 task-resume id=4 reason=scheduler
[machine.2]      1145000 task-yield id=4 reason=RtosPortYield
[machine.2]      1145000 task-resume id=2 reason=scheduler
[machine.2]      1145000 task-yield id=2 reason=Idle
[machine.2]      1150000 task-resume id=4 reason=scheduler
[machine.2]      1150000 task-yield id=4 reason=RtosPortYield
[machine.2]      1150000 task-resume id=3 reason=scheduler
[machine.2]      1150000 task-yield id=3 reason=RtosPortYield
[machine.2]      1150000 user-u32 "watchdog_ok" = 1150
[machine.2]      1150000 task-resume id=6 reason=scheduler
[machine.2]      1150000 task-yield id=6 reason=RtosPortYield
[machine.2]      1150000 user-u32 "deadline_ok" = 0
[machine.2]      1150000 task-resume id=1 reason=scheduler
[machine.2]      1150000 task-yield id=1 reason=RtosPortYield
[machine.2]      1150000 user-u32 "can_recv" = 0
[machine.2]      1150000 user-u32 "can_recv" = 0
[machine.2]      1150000 user-u32 "can_recv" = 0
[machine.2]      1150000 user-u32 "can_send" = 0
[machine.2]      1150000 task-resume id=2 reason=scheduler
[machine.2]      1150000 task-yield id=2 reason=Idle
[machine.2]      1155000 task-resume id=4 reason=scheduler
[machine.2]      1155000 task-yield id=4 reason=RtosPortYield
[machine.2]      1155000 task-resume id=2 reason=scheduler
[machine.2]      1155000 task-yield id=2 reason=Idle
[machine.2]      1160000 task-resume id=4 reason=scheduler
[machine.2]      1160000 task-yield id=4 reason=RtosPortYield
[machine.2]      1160000 task-resume id=1 reason=scheduler
[machine.2]      1160000 task-yield id=1 reason=RtosPortYield
[machine.2]      1160000 user-u32 "can_recv" = 0
[machine.2]      1160000 user-u32 "can_recv" = 0
[machine.2]      1160000 user-u32 "can_recv" = 0
[machine.2]      1160000 user-u32 "can_recv" = 0
[machine.2]      1160000 user-u32 "can_send" = 0
[machine.2]      1160000 task-resume id=2 reason=scheduler
[machine.2]      1160000 task-yield id=2 reason=Idle
[machine.2]      1165000 task-resume id=4 reason=scheduler
[machine.2]      1165000 task-yield id=4 reason=RtosPortYield
[machine.2]      1165000 task-resume id=2 reason=scheduler
[machine.2]      1165000 task-yield id=2 reason=Idle
[machine.2]      1170000 task-resume id=4 reason=scheduler
[machine.2]      1170000 task-yield id=4 reason=RtosPortYield
[machine.2]      1170000 task-resume id=1 reason=scheduler
[machine.2]      1170000 task-yield id=1 reason=RtosPortYield
[machine.2]      1170000 user-u32 "can_recv" = 0
[machine.2]      1170000 user-u32 "can_recv" = 0
[machine.2]      1170000 user-u32 "can_recv" = 0
[machine.2]      1170000 user-u32 "can_send" = 0
[machine.2]      1170000 task-resume id=2 reason=scheduler
[machine.2]      1170000 task-yield id=2 reason=Idle
[machine.2]      1175000 task-resume id=4 reason=scheduler
[machine.2]      1175000 task-yield id=4 reason=RtosPortYield
[machine.2]      1175000 task-resume id=2 reason=scheduler
[machine.2]      1175000 task-yield id=2 reason=Idle
[machine.2]      1180000 task-resume id=4 reason=scheduler
[machine.2]      1180000 task-yield id=4 reason=RtosPortYield
[machine.2]      1180000 task-resume id=1 reason=scheduler
[machine.2]      1180000 task-yield id=1 reason=RtosPortYield
[machine.2]      1180000 user-u32 "can_recv" = 0
[machine.2]      1180000 user-u32 "can_recv" = 0
[machine.2]      1180000 user-u32 "can_recv" = 0
[machine.2]      1180000 user-u32 "can_send" = 0
[machine.2]      1180000 task-resume id=2 reason=scheduler
[machine.2]      1180000 task-yield id=2 reason=Idle
[machine.2]      1185000 task-resume id=4 reason=scheduler
[machine.2]      1185000 task-yield id=4 reason=RtosPortYield
[machine.2]      1185000 task-resume id=2 reason=scheduler
[machine.2]      1185000 task-yield id=2 reason=Idle
[machine.2]      1190000 task-resume id=4 reason=scheduler
[machine.2]      1190000 task-yield id=4 reason=RtosPortYield
[machine.2]      1190000 task-resume id=1 reason=scheduler
[machine.2]      1190000 task-yield id=1 reason=RtosPortYield
[machine.2]      1190000 user-u32 "can_recv" = 0
[machine.2]      1190000 user-u32 "can_recv" = 0
[machine.2]      1190000 user-u32 "can_recv" = 0
[machine.2]      1190000 user-u32 "can_send" = 0
[machine.2]      1190000 task-resume id=2 reason=scheduler
[machine.2]      1190000 task-yield id=2 reason=Idle
[machine.2]      1195000 task-resume id=4 reason=scheduler
[machine.2]      1195000 task-yield id=4 reason=RtosPortYield
[machine.2]      1195000 task-resume id=2 reason=scheduler
[machine.2]      1195000 task-yield id=2 reason=Idle
[machine.2]      1200000 task-resume id=4 reason=scheduler
[machine.2]      1200000 task-yield id=4 reason=RtosPortYield
[machine.2]      1200000 user-u32 "sensor_poll_tick" = 1200
[machine.2]      1200000 task-resume id=3 reason=scheduler
[machine.2]      1200000 task-yield id=3 reason=RtosPortYield
[machine.2]      1200000 user-u32 "watchdog_ok" = 1200
[machine.2]      1200000 task-resume id=6 reason=scheduler
[machine.2]      1200000 task-yield id=6 reason=RtosPortYield
[machine.2]      1200000 user-u32 "deadline_ok" = 0
[machine.2]      1200000 task-resume id=1 reason=scheduler
[machine.2]      1200000 task-yield id=1 reason=RtosPortYield
[machine.2]      1200000 user-u32 "can_recv" = 0
[machine.2]      1200000 user-u32 "can_recv" = 0
[machine.2]      1200000 user-u32 "can_recv" = 0
[machine.2]      1200000 user-u32 "can_send" = 0
[machine.2]      1200000 user-u32 "can_send" = 0
[machine.2]      1200000 task-resume id=5 reason=scheduler
[machine.2]      1200000 task-yield id=5 reason=RtosPortYield
[machine.2]      1200000 user-u32 "logger_event" = 65536
[machine.2]      1200000 task-resume id=2 reason=scheduler
[machine.2]      1200000 task-yield id=2 reason=Idle
[machine.2]      1205000 task-resume id=4 reason=scheduler
[machine.2]      1205000 task-yield id=4 reason=RtosPortYield
[machine.2]      1205000 task-resume id=2 reason=scheduler
[machine.2]      1205000 task-yield id=2 reason=Idle
[machine.2]      1210000 task-resume id=4 reason=scheduler
[machine.2]      1210000 task-yield id=4 reason=RtosPortYield
[machine.2]      1210000 task-resume id=1 reason=scheduler
[machine.2]      1210000 task-yield id=1 reason=RtosPortYield
[machine.2]      1210000 user-u32 "can_recv" = 0
[machine.2]      1210000 user-u32 "can_recv" = 0
[machine.2]      1210000 user-u32 "can_recv" = 0
[machine.2]      1210000 user-u32 "can_recv" = 0
[machine.2]      1210000 user-u32 "can_recv" = 0
[machine.2]      1210000 user-u32 "can_send" = 0
[machine.2]      1210000 task-resume id=2 reason=scheduler
[machine.2]      1210000 task-yield id=2 reason=Idle
[machine.2]      1215000 task-resume id=4 reason=scheduler
[machine.2]      1215000 task-yield id=4 reason=RtosPortYield
[machine.2]      1215000 task-resume id=2 reason=scheduler
[machine.2]      1215000 task-yield id=2 reason=Idle
[machine.2]      1220000 task-resume id=4 reason=scheduler
[machine.2]      1220000 task-yield id=4 reason=RtosPortYield
[machine.2]      1220000 task-resume id=1 reason=scheduler
[machine.2]      1220000 task-yield id=1 reason=RtosPortYield
[machine.2]      1220000 user-u32 "can_recv" = 0
[machine.2]      1220000 user-u32 "can_recv" = 0
[machine.2]      1220000 user-u32 "can_recv" = 0
[machine.2]      1220000 user-u32 "can_send" = 0
[machine.2]      1220000 task-resume id=2 reason=scheduler
[machine.2]      1220000 task-yield id=2 reason=Idle
[machine.2]      1225000 task-resume id=4 reason=scheduler
[machine.2]      1225000 task-yield id=4 reason=RtosPortYield
[machine.2]      1225000 task-resume id=2 reason=scheduler
[machine.2]      1225000 task-yield id=2 reason=Idle
[machine.2]      1230000 task-resume id=4 reason=scheduler
[machine.2]      1230000 task-yield id=4 reason=RtosPortYield
[machine.2]      1230000 task-resume id=1 reason=scheduler
[machine.2]      1230000 task-yield id=1 reason=RtosPortYield
[machine.2]      1230000 user-u32 "can_recv" = 0
[machine.2]      1230000 user-u32 "can_recv" = 0
[machine.2]      1230000 user-u32 "can_recv" = 0
[machine.2]      1230000 user-u32 "can_send" = 0
[machine.2]      1230000 task-resume id=2 reason=scheduler
[machine.2]      1230000 task-yield id=2 reason=Idle
[machine.2]      1235000 task-resume id=4 reason=scheduler
[machine.2]      1235000 task-yield id=4 reason=RtosPortYield
[machine.2]      1235000 task-resume id=2 reason=scheduler
[machine.2]      1235000 task-yield id=2 reason=Idle
[machine.2]      1240000 task-resume id=4 reason=scheduler
[machine.2]      1240000 task-yield id=4 reason=RtosPortYield
[machine.2]      1240000 task-resume id=1 reason=scheduler
[machine.2]      1240000 task-yield id=1 reason=RtosPortYield
[machine.2]      1240000 user-u32 "can_recv" = 0
[machine.2]      1240000 user-u32 "can_recv" = 0
[machine.2]      1240000 user-u32 "can_recv" = 0
[machine.2]      1240000 user-u32 "can_send" = 0
[machine.2]      1240000 task-resume id=2 reason=scheduler
[machine.2]      1240000 task-yield id=2 reason=Idle
[machine.2]      1245000 task-resume id=4 reason=scheduler
[machine.2]      1245000 task-yield id=4 reason=RtosPortYield
[machine.2]      1245000 task-resume id=2 reason=scheduler
[machine.2]      1245000 task-yield id=2 reason=Idle
[machine.2]      1250000 task-resume id=4 reason=scheduler
[machine.2]      1250000 task-yield id=4 reason=RtosPortYield
[machine.2]      1250000 task-resume id=3 reason=scheduler
[machine.2]      1250000 task-yield id=3 reason=RtosPortYield
[machine.2]      1250000 user-u32 "watchdog_ok" = 1250
[machine.2]      1250000 task-resume id=6 reason=scheduler
[machine.2]      1250000 task-yield id=6 reason=RtosPortYield
[machine.2]      1250000 user-u32 "deadline_ok" = 0
[machine.2]      1250000 task-resume id=1 reason=scheduler
[machine.2]      1250000 task-yield id=1 reason=RtosPortYield
[machine.2]      1250000 user-u32 "can_recv" = 0
[machine.2]      1250000 user-u32 "can_recv" = 0
[machine.2]      1250000 user-u32 "can_recv" = 0
[machine.2]      1250000 user-u32 "can_send" = 0
[machine.2]      1250000 task-resume id=2 reason=scheduler
[machine.2]      1250000 task-yield id=2 reason=Idle
[machine.2]      1255000 task-resume id=4 reason=scheduler
[machine.2]      1255000 task-yield id=4 reason=RtosPortYield
[machine.2]      1255000 task-resume id=2 reason=scheduler
[machine.2]      1255000 task-yield id=2 reason=Idle
[machine.2]      1260000 task-resume id=4 reason=scheduler
[machine.2]      1260000 task-yield id=4 reason=RtosPortYield
[machine.2]      1260000 task-resume id=1 reason=scheduler
[machine.2]      1260000 task-yield id=1 reason=RtosPortYield
[machine.2]      1260000 user-u32 "can_recv" = 0
[machine.2]      1260000 user-u32 "can_recv" = 0
[machine.2]      1260000 user-u32 "can_recv" = 0
[machine.2]      1260000 user-u32 "can_recv" = 0
[machine.2]      1260000 user-u32 "can_send" = 0
[machine.2]      1260000 task-resume id=2 reason=scheduler
[machine.2]      1260000 task-yield id=2 reason=Idle
[machine.2]      1265000 task-resume id=4 reason=scheduler
[machine.2]      1265000 task-yield id=4 reason=RtosPortYield
[machine.2]      1265000 task-resume id=2 reason=scheduler
[machine.2]      1265000 task-yield id=2 reason=Idle
[machine.2]      1270000 task-resume id=4 reason=scheduler
[machine.2]      1270000 task-yield id=4 reason=RtosPortYield
[machine.2]      1270000 task-resume id=1 reason=scheduler
[machine.2]      1270000 task-yield id=1 reason=RtosPortYield
[machine.2]      1270000 user-u32 "can_recv" = 0
[machine.2]      1270000 user-u32 "can_recv" = 0
[machine.2]      1270000 user-u32 "can_recv" = 0
[machine.2]      1270000 user-u32 "can_send" = 0
[machine.2]      1270000 task-resume id=2 reason=scheduler
[machine.2]      1270000 task-yield id=2 reason=Idle
[machine.2]      1275000 task-resume id=4 reason=scheduler
[machine.2]      1275000 task-yield id=4 reason=RtosPortYield
[machine.2]      1275000 task-resume id=2 reason=scheduler
[machine.2]      1275000 task-yield id=2 reason=Idle
[machine.2]      1280000 task-resume id=4 reason=scheduler
[machine.2]      1280000 task-yield id=4 reason=RtosPortYield
[machine.2]      1280000 task-resume id=1 reason=scheduler
[machine.2]      1280000 task-yield id=1 reason=RtosPortYield
[machine.2]      1280000 user-u32 "can_recv" = 0
[machine.2]      1280000 user-u32 "can_recv" = 0
[machine.2]      1280000 user-u32 "can_recv" = 0
[machine.2]      1280000 user-u32 "can_send" = 0
[machine.2]      1280000 task-resume id=2 reason=scheduler
[machine.2]      1280000 task-yield id=2 reason=Idle
[machine.2]      1285000 task-resume id=4 reason=scheduler
[machine.2]      1285000 task-yield id=4 reason=RtosPortYield
[machine.2]      1285000 task-resume id=2 reason=scheduler
[machine.2]      1285000 task-yield id=2 reason=Idle
[machine.2]      1290000 task-resume id=4 reason=scheduler
[machine.2]      1290000 task-yield id=4 reason=RtosPortYield
[machine.2]      1290000 task-resume id=1 reason=scheduler
[machine.2]      1290000 task-yield id=1 reason=RtosPortYield
[machine.2]      1290000 user-u32 "can_recv" = 0
[machine.2]      1290000 user-u32 "can_recv" = 0
[machine.2]      1290000 user-u32 "can_recv" = 0
[machine.2]      1290000 user-u32 "can_send" = 0
[machine.2]      1290000 task-resume id=2 reason=scheduler
[machine.2]      1290000 task-yield id=2 reason=Idle
[machine.2]      1295000 task-resume id=4 reason=scheduler
[machine.2]      1295000 task-yield id=4 reason=RtosPortYield
[machine.2]      1295000 task-resume id=2 reason=scheduler
[machine.2]      1295000 task-yield id=2 reason=Idle
[machine.2]      1300000 task-resume id=4 reason=scheduler
[machine.2]      1300000 task-yield id=4 reason=RtosPortYield
[machine.2]      1300000 task-resume id=3 reason=scheduler
[machine.2]      1300000 task-yield id=3 reason=RtosPortYield
[machine.2]      1300000 user-u32 "watchdog_ok" = 1300
[machine.2]      1300000 task-resume id=6 reason=scheduler
[machine.2]      1300000 task-yield id=6 reason=RtosPortYield
[machine.2]      1300000 user-u32 "deadline_ok" = 0
[machine.2]      1300000 task-resume id=1 reason=scheduler
[machine.2]      1300000 task-yield id=1 reason=RtosPortYield
[machine.2]      1300000 user-u32 "can_recv" = 0
[machine.2]      1300000 user-u32 "can_recv" = 0
[machine.2]      1300000 user-u32 "can_recv" = 0
[machine.2]      1300000 user-u32 "can_send" = 0
[machine.2]      1300000 user-u32 "can_send" = 0
[machine.2]      1300000 task-resume id=5 reason=scheduler
[machine.2]      1300000 task-yield id=5 reason=RtosPortYield
[machine.2]      1300000 user-u32 "logger_event" = 65536
[machine.2]      1300000 task-resume id=2 reason=scheduler
[machine.2]      1300000 task-yield id=2 reason=Idle
[machine.2]      1305000 task-resume id=4 reason=scheduler
[machine.2]      1305000 task-yield id=4 reason=RtosPortYield
[machine.2]      1305000 task-resume id=2 reason=scheduler
[machine.2]      1305000 task-yield id=2 reason=Idle
[machine.2]      1310000 task-resume id=4 reason=scheduler
[machine.2]      1310000 task-yield id=4 reason=RtosPortYield
[machine.2]      1310000 task-resume id=1 reason=scheduler
[machine.2]      1310000 task-yield id=1 reason=RtosPortYield
[machine.2]      1310000 user-u32 "can_recv" = 0
[machine.2]      1310000 user-u32 "can_recv" = 0
[machine.2]      1310000 user-u32 "can_recv" = 0
[machine.2]      1310000 user-u32 "can_recv" = 0
[machine.2]      1310000 user-u32 "can_recv" = 0
[machine.2]      1310000 user-u32 "can_send" = 0
[machine.2]      1310000 task-resume id=2 reason=scheduler
[machine.2]      1310000 task-yield id=2 reason=Idle
[machine.2]      1315000 task-resume id=4 reason=scheduler
[machine.2]      1315000 task-yield id=4 reason=RtosPortYield
[machine.2]      1315000 task-resume id=2 reason=scheduler
[machine.2]      1315000 task-yield id=2 reason=Idle
[machine.2]      1320000 task-resume id=4 reason=scheduler
[machine.2]      1320000 task-yield id=4 reason=RtosPortYield
[machine.2]      1320000 task-resume id=1 reason=scheduler
[machine.2]      1320000 task-yield id=1 reason=RtosPortYield
[machine.2]      1320000 user-u32 "can_recv" = 0
[machine.2]      1320000 user-u32 "can_recv" = 0
[machine.2]      1320000 user-u32 "can_recv" = 0
[machine.2]      1320000 user-u32 "can_send" = 0
[machine.2]      1320000 task-resume id=2 reason=scheduler
[machine.2]      1320000 task-yield id=2 reason=Idle
[machine.2]      1325000 task-resume id=4 reason=scheduler
[machine.2]      1325000 task-yield id=4 reason=RtosPortYield
[machine.2]      1325000 task-resume id=2 reason=scheduler
[machine.2]      1325000 task-yield id=2 reason=Idle
[machine.2]      1330000 task-resume id=4 reason=scheduler
[machine.2]      1330000 task-yield id=4 reason=RtosPortYield
[machine.2]      1330000 task-resume id=1 reason=scheduler
[machine.2]      1330000 task-yield id=1 reason=RtosPortYield
[machine.2]      1330000 user-u32 "can_recv" = 0
[machine.2]      1330000 user-u32 "can_recv" = 0
[machine.2]      1330000 user-u32 "can_recv" = 0
[machine.2]      1330000 user-u32 "can_send" = 0
[machine.2]      1330000 task-resume id=2 reason=scheduler
[machine.2]      1330000 task-yield id=2 reason=Idle
[machine.2]      1335000 task-resume id=4 reason=scheduler
[machine.2]      1335000 task-yield id=4 reason=RtosPortYield
[machine.2]      1335000 task-resume id=2 reason=scheduler
[machine.2]      1335000 task-yield id=2 reason=Idle
[machine.2]      1340000 task-resume id=4 reason=scheduler
[machine.2]      1340000 task-yield id=4 reason=RtosPortYield
[machine.2]      1340000 task-resume id=1 reason=scheduler
[machine.2]      1340000 task-yield id=1 reason=RtosPortYield
[machine.2]      1340000 user-u32 "can_recv" = 0
[machine.2]      1340000 user-u32 "can_recv" = 0
[machine.2]      1340000 user-u32 "can_recv" = 0
[machine.2]      1340000 user-u32 "can_send" = 0
[machine.2]      1340000 task-resume id=2 reason=scheduler
[machine.2]      1340000 task-yield id=2 reason=Idle
[machine.2]      1345000 task-resume id=4 reason=scheduler
[machine.2]      1345000 task-yield id=4 reason=RtosPortYield
[machine.2]      1345000 task-resume id=2 reason=scheduler
[machine.2]      1345000 task-yield id=2 reason=Idle
[machine.2]      1350000 task-resume id=4 reason=scheduler
[machine.2]      1350000 task-yield id=4 reason=RtosPortYield
[machine.2]      1350000 task-resume id=3 reason=scheduler
[machine.2]      1350000 task-yield id=3 reason=RtosPortYield
[machine.2]      1350000 user-u32 "watchdog_ok" = 1350
[machine.2]      1350000 task-resume id=6 reason=scheduler
[machine.2]      1350000 task-yield id=6 reason=RtosPortYield
[machine.2]      1350000 user-u32 "deadline_ok" = 0
[machine.2]      1350000 task-resume id=1 reason=scheduler
[machine.2]      1350000 task-yield id=1 reason=RtosPortYield
[machine.2]      1350000 user-u32 "can_recv" = 0
[machine.2]      1350000 user-u32 "can_recv" = 0
[machine.2]      1350000 user-u32 "can_recv" = 0
[machine.2]      1350000 user-u32 "can_send" = 0
[machine.2]      1350000 task-resume id=2 reason=scheduler
[machine.2]      1350000 task-yield id=2 reason=Idle
[machine.2]      1355000 task-resume id=4 reason=scheduler
[machine.2]      1355000 task-yield id=4 reason=RtosPortYield
[machine.2]      1355000 task-resume id=2 reason=scheduler
[machine.2]      1355000 task-yield id=2 reason=Idle
[machine.2]      1360000 task-resume id=4 reason=scheduler
[machine.2]      1360000 task-yield id=4 reason=RtosPortYield
[machine.2]      1360000 task-resume id=1 reason=scheduler
[machine.2]      1360000 task-yield id=1 reason=RtosPortYield
[machine.2]      1360000 user-u32 "can_recv" = 0
[machine.2]      1360000 user-u32 "can_recv" = 0
[machine.2]      1360000 user-u32 "can_recv" = 0
[machine.2]      1360000 user-u32 "can_recv" = 0
[machine.2]      1360000 user-u32 "can_send" = 0
[machine.2]      1360000 task-resume id=2 reason=scheduler
[machine.2]      1360000 task-yield id=2 reason=Idle
[machine.2]      1365000 task-resume id=4 reason=scheduler
[machine.2]      1365000 task-yield id=4 reason=RtosPortYield
[machine.2]      1365000 task-resume id=2 reason=scheduler
[machine.2]      1365000 task-yield id=2 reason=Idle
[machine.2]      1370000 task-resume id=4 reason=scheduler
[machine.2]      1370000 task-yield id=4 reason=RtosPortYield
[machine.2]      1370000 task-resume id=1 reason=scheduler
[machine.2]      1370000 task-yield id=1 reason=RtosPortYield
[machine.2]      1370000 user-u32 "can_recv" = 0
[machine.2]      1370000 user-u32 "can_recv" = 0
[machine.2]      1370000 user-u32 "can_recv" = 0
[machine.2]      1370000 user-u32 "can_send" = 0
[machine.2]      1370000 task-resume id=2 reason=scheduler
[machine.2]      1370000 task-yield id=2 reason=Idle
[machine.2]      1375000 task-resume id=4 reason=scheduler
[machine.2]      1375000 task-yield id=4 reason=RtosPortYield
[machine.2]      1375000 task-resume id=2 reason=scheduler
[machine.2]      1375000 task-yield id=2 reason=Idle
[machine.2]      1380000 task-resume id=4 reason=scheduler
[machine.2]      1380000 task-yield id=4 reason=RtosPortYield
[machine.2]      1380000 task-resume id=1 reason=scheduler
[machine.2]      1380000 task-yield id=1 reason=RtosPortYield
[machine.2]      1380000 user-u32 "can_recv" = 0
[machine.2]      1380000 user-u32 "can_recv" = 0
[machine.2]      1380000 user-u32 "can_recv" = 0
[machine.2]      1380000 user-u32 "can_send" = 0
[machine.2]      1380000 task-resume id=2 reason=scheduler
[machine.2]      1380000 task-yield id=2 reason=Idle
[machine.2]      1385000 task-resume id=4 reason=scheduler
[machine.2]      1385000 task-yield id=4 reason=RtosPortYield
[machine.2]      1385000 task-resume id=2 reason=scheduler
[machine.2]      1385000 task-yield id=2 reason=Idle
[machine.2]      1390000 task-resume id=4 reason=scheduler
[machine.2]      1390000 task-yield id=4 reason=RtosPortYield
[machine.2]      1390000 task-resume id=1 reason=scheduler
[machine.2]      1390000 task-yield id=1 reason=RtosPortYield
[machine.2]      1390000 user-u32 "can_recv" = 0
[machine.2]      1390000 user-u32 "can_recv" = 0
[machine.2]      1390000 user-u32 "can_recv" = 0
[machine.2]      1390000 user-u32 "can_send" = 0
[machine.2]      1390000 task-resume id=2 reason=scheduler
[machine.2]      1390000 task-yield id=2 reason=Idle
[machine.2]      1395000 task-resume id=4 reason=scheduler
[machine.2]      1395000 task-yield id=4 reason=RtosPortYield
[machine.2]      1395000 task-resume id=2 reason=scheduler
[machine.2]      1395000 task-yield id=2 reason=Idle
[machine.2]      1400000 task-resume id=4 reason=scheduler
[machine.2]      1400000 task-yield id=4 reason=RtosPortYield
[machine.2]      1400000 user-u32 "sensor_poll_tick" = 1400
[machine.2]      1400000 task-resume id=3 reason=scheduler
[machine.2]      1400000 task-yield id=3 reason=RtosPortYield
[machine.2]      1400000 user-u32 "watchdog_ok" = 1400
[machine.2]      1400000 task-resume id=6 reason=scheduler
[machine.2]      1400000 task-yield id=6 reason=RtosPortYield
[machine.2]      1400000 user-u32 "deadline_ok" = 0
[machine.2]      1400000 task-resume id=1 reason=scheduler
[machine.2]      1400000 task-yield id=1 reason=RtosPortYield
[machine.2]      1400000 user-u32 "can_recv" = 0
[machine.2]      1400000 user-u32 "can_recv" = 0
[machine.2]      1400000 user-u32 "can_recv" = 0
[machine.2]      1400000 user-u32 "can_send" = 0
[machine.2]      1400000 user-u32 "can_send" = 0
[machine.2]      1400000 task-resume id=5 reason=scheduler
[machine.2]      1400000 task-yield id=5 reason=RtosPortYield
[machine.2]      1400000 user-u32 "logger_event" = 65536
[machine.2]      1400000 task-resume id=2 reason=scheduler
[machine.2]      1400000 task-yield id=2 reason=Idle
[machine.2]      1405000 task-resume id=4 reason=scheduler
[machine.2]      1405000 task-yield id=4 reason=RtosPortYield
[machine.2]      1405000 task-resume id=2 reason=scheduler
[machine.2]      1405000 task-yield id=2 reason=Idle
[machine.2]      1410000 task-resume id=4 reason=scheduler
[machine.2]      1410000 task-yield id=4 reason=RtosPortYield
[machine.2]      1410000 task-resume id=1 reason=scheduler
[machine.2]      1410000 task-yield id=1 reason=RtosPortYield
[machine.2]      1410000 user-u32 "can_recv" = 0
[machine.2]      1410000 user-u32 "can_recv" = 0
[machine.2]      1410000 user-u32 "can_recv" = 0
[machine.2]      1410000 user-u32 "can_recv" = 0
[machine.2]      1410000 user-u32 "can_recv" = 0
[machine.2]      1410000 user-u32 "can_send" = 0
[machine.2]      1410000 task-resume id=2 reason=scheduler
[machine.2]      1410000 task-yield id=2 reason=Idle
[machine.2]      1415000 task-resume id=4 reason=scheduler
[machine.2]      1415000 task-yield id=4 reason=RtosPortYield
[machine.2]      1415000 task-resume id=2 reason=scheduler
[machine.2]      1415000 task-yield id=2 reason=Idle
[machine.2]      1420000 task-resume id=4 reason=scheduler
[machine.2]      1420000 task-yield id=4 reason=RtosPortYield
[machine.2]      1420000 task-resume id=1 reason=scheduler
[machine.2]      1420000 task-yield id=1 reason=RtosPortYield
[machine.2]      1420000 user-u32 "can_recv" = 0
[machine.2]      1420000 user-u32 "can_recv" = 0
[machine.2]      1420000 user-u32 "can_recv" = 0
[machine.2]      1420000 user-u32 "can_send" = 0
[machine.2]      1420000 task-resume id=2 reason=scheduler
[machine.2]      1420000 task-yield id=2 reason=Idle
[machine.2]      1425000 task-resume id=4 reason=scheduler
[machine.2]      1425000 task-yield id=4 reason=RtosPortYield
[machine.2]      1425000 task-resume id=2 reason=scheduler
[machine.2]      1425000 task-yield id=2 reason=Idle
[machine.2]      1430000 task-resume id=4 reason=scheduler
[machine.2]      1430000 task-yield id=4 reason=RtosPortYield
[machine.2]      1430000 task-resume id=1 reason=scheduler
[machine.2]      1430000 task-yield id=1 reason=RtosPortYield
[machine.2]      1430000 user-u32 "can_recv" = 0
[machine.2]      1430000 user-u32 "can_recv" = 0
[machine.2]      1430000 user-u32 "can_recv" = 0
[machine.2]      1430000 user-u32 "can_send" = 0
[machine.2]      1430000 task-resume id=2 reason=scheduler
[machine.2]      1430000 task-yield id=2 reason=Idle
[machine.2]      1435000 task-resume id=4 reason=scheduler
[machine.2]      1435000 task-yield id=4 reason=RtosPortYield
[machine.2]      1435000 task-resume id=2 reason=scheduler
[machine.2]      1435000 task-yield id=2 reason=Idle
[machine.2]      1440000 task-resume id=4 reason=scheduler
[machine.2]      1440000 task-yield id=4 reason=RtosPortYield
[machine.2]      1440000 task-resume id=1 reason=scheduler
[machine.2]      1440000 task-yield id=1 reason=RtosPortYield
[machine.2]      1440000 user-u32 "can_recv" = 0
[machine.2]      1440000 user-u32 "can_recv" = 0
[machine.2]      1440000 user-u32 "can_recv" = 0
[machine.2]      1440000 user-u32 "can_send" = 0
[machine.2]      1440000 task-resume id=2 reason=scheduler
[machine.2]      1440000 task-yield id=2 reason=Idle
[machine.2]      1445000 task-resume id=4 reason=scheduler
[machine.2]      1445000 task-yield id=4 reason=RtosPortYield
[machine.2]      1445000 task-resume id=2 reason=scheduler
[machine.2]      1445000 task-yield id=2 reason=Idle
[machine.2]      1450000 task-resume id=4 reason=scheduler
[machine.2]      1450000 task-yield id=4 reason=RtosPortYield
[machine.2]      1450000 task-resume id=3 reason=scheduler
[machine.2]      1450000 task-yield id=3 reason=RtosPortYield
[machine.2]      1450000 user-u32 "watchdog_ok" = 1450
[machine.2]      1450000 task-resume id=6 reason=scheduler
[machine.2]      1450000 task-yield id=6 reason=RtosPortYield
[machine.2]      1450000 user-u32 "deadline_ok" = 0
[machine.2]      1450000 task-resume id=1 reason=scheduler
[machine.2]      1450000 task-yield id=1 reason=RtosPortYield
[machine.2]      1450000 user-u32 "can_recv" = 0
[machine.2]      1450000 user-u32 "can_recv" = 0
[machine.2]      1450000 user-u32 "can_recv" = 0
[machine.2]      1450000 user-u32 "can_send" = 0
[machine.2]      1450000 task-resume id=2 reason=scheduler
[machine.2]      1450000 task-yield id=2 reason=Idle
[machine.2]      1455000 task-resume id=4 reason=scheduler
[machine.2]      1455000 task-yield id=4 reason=RtosPortYield
[machine.2]      1455000 task-resume id=2 reason=scheduler
[machine.2]      1455000 task-yield id=2 reason=Idle
[machine.2]      1460000 task-resume id=4 reason=scheduler
[machine.2]      1460000 task-yield id=4 reason=RtosPortYield
[machine.2]      1460000 task-resume id=1 reason=scheduler
[machine.2]      1460000 task-yield id=1 reason=RtosPortYield
[machine.2]      1460000 user-u32 "can_recv" = 0
[machine.2]      1460000 user-u32 "can_recv" = 0
[machine.2]      1460000 user-u32 "can_recv" = 0
[machine.2]      1460000 user-u32 "can_recv" = 0
[machine.2]      1460000 user-u32 "can_send" = 0
[machine.2]      1460000 task-resume id=2 reason=scheduler
[machine.2]      1460000 task-yield id=2 reason=Idle
[machine.2]      1465000 task-resume id=4 reason=scheduler
[machine.2]      1465000 task-yield id=4 reason=RtosPortYield
[machine.2]      1465000 task-resume id=2 reason=scheduler
[machine.2]      1465000 task-yield id=2 reason=Idle
[machine.2]      1470000 task-resume id=4 reason=scheduler
[machine.2]      1470000 task-yield id=4 reason=RtosPortYield
[machine.2]      1470000 task-resume id=1 reason=scheduler
[machine.2]      1470000 task-yield id=1 reason=RtosPortYield
[machine.2]      1470000 user-u32 "can_recv" = 0
[machine.2]      1470000 user-u32 "can_recv" = 0
[machine.2]      1470000 user-u32 "can_recv" = 0
[machine.2]      1470000 user-u32 "can_send" = 0
[machine.2]      1470000 task-resume id=2 reason=scheduler
[machine.2]      1470000 task-yield id=2 reason=Idle
[machine.2]      1475000 task-resume id=4 reason=scheduler
[machine.2]      1475000 task-yield id=4 reason=RtosPortYield
[machine.2]      1475000 task-resume id=2 reason=scheduler
[machine.2]      1475000 task-yield id=2 reason=Idle
[machine.2]      1480000 task-resume id=4 reason=scheduler
[machine.2]      1480000 task-yield id=4 reason=RtosPortYield
[machine.2]      1480000 task-resume id=1 reason=scheduler
[machine.2]      1480000 task-yield id=1 reason=RtosPortYield
[machine.2]      1480000 user-u32 "can_recv" = 0
[machine.2]      1480000 user-u32 "can_recv" = 0
[machine.2]      1480000 user-u32 "can_recv" = 0
[machine.2]      1480000 user-u32 "can_send" = 0
[machine.2]      1480000 task-resume id=2 reason=scheduler
[machine.2]      1480000 task-yield id=2 reason=Idle
[machine.2]      1485000 task-resume id=4 reason=scheduler
[machine.2]      1485000 task-yield id=4 reason=RtosPortYield
[machine.2]      1485000 task-resume id=2 reason=scheduler
[machine.2]      1485000 task-yield id=2 reason=Idle
[machine.2]      1490000 task-resume id=4 reason=scheduler
[machine.2]      1490000 task-yield id=4 reason=RtosPortYield
[machine.2]      1490000 task-resume id=1 reason=scheduler
[machine.2]      1490000 task-yield id=1 reason=RtosPortYield
[machine.2]      1490000 user-u32 "can_recv" = 0
[machine.2]      1490000 user-u32 "can_recv" = 0
[machine.2]      1490000 user-u32 "can_recv" = 0
[machine.2]      1490000 user-u32 "can_send" = 0
[machine.2]      1490000 task-resume id=2 reason=scheduler
[machine.2]      1490000 task-yield id=2 reason=Idle
[machine.2]      1495000 task-resume id=4 reason=scheduler
[machine.2]      1495000 task-yield id=4 reason=RtosPortYield
[machine.2]      1495000 task-resume id=2 reason=scheduler
[machine.2]      1495000 task-yield id=2 reason=Idle
[machine.2]      1500000 task-resume id=4 reason=scheduler
[machine.2]      1500000 task-yield id=4 reason=RtosPortYield
[machine.2]      1500000 task-resume id=3 reason=scheduler
[machine.2]      1500000 task-yield id=3 reason=RtosPortYield
[machine.2]      1500000 user-u32 "watchdog_ok" = 1500
[machine.2]      1500000 task-resume id=6 reason=scheduler
[machine.2]      1500000 task-yield id=6 reason=RtosPortYield
[machine.2]      1500000 user-u32 "deadline_ok" = 0
[machine.2]      1500000 task-resume id=1 reason=scheduler
[machine.2]      1500000 task-yield id=1 reason=RtosPortYield
[machine.2]      1500000 user-u32 "can_recv" = 0
[machine.2]      1500000 user-u32 "can_recv" = 0
[machine.2]      1500000 user-u32 "can_recv" = 0
[machine.2]      1500000 user-u32 "can_send" = 0
[machine.2]      1500000 user-u32 "can_send" = 0
[machine.2]      1500000 task-resume id=5 reason=scheduler
[machine.2]      1500000 task-yield id=5 reason=RtosPortYield
[machine.2]      1500000 user-u32 "logger_event" = 65536
[machine.2]      1500000 task-resume id=2 reason=scheduler
[machine.2]      1500000 task-yield id=2 reason=Idle
[machine.2]      1505000 task-resume id=4 reason=scheduler
[machine.2]      1505000 task-yield id=4 reason=RtosPortYield
[machine.2]      1505000 task-resume id=2 reason=scheduler
[machine.2]      1505000 task-yield id=2 reason=Idle
[machine.2]      1510000 task-resume id=4 reason=scheduler
[machine.2]      1510000 task-yield id=4 reason=RtosPortYield
[machine.2]      1510000 task-resume id=1 reason=scheduler
[machine.2]      1510000 task-yield id=1 reason=RtosPortYield
[machine.2]      1510000 user-u32 "can_recv" = 0
[machine.2]      1510000 user-u32 "can_recv" = 0
[machine.2]      1510000 user-u32 "can_recv" = 0
[machine.2]      1510000 user-u32 "can_recv" = 0
[machine.2]      1510000 user-u32 "can_recv" = 0
[machine.2]      1510000 user-u32 "can_send" = 0
[machine.2]      1510000 task-resume id=2 reason=scheduler
[machine.2]      1510000 task-yield id=2 reason=Idle
[machine.2]      1515000 task-resume id=4 reason=scheduler
[machine.2]      1515000 task-yield id=4 reason=RtosPortYield
[machine.2]      1515000 task-resume id=2 reason=scheduler
[machine.2]      1515000 task-yield id=2 reason=Idle
[machine.2]      1520000 task-resume id=4 reason=scheduler
[machine.2]      1520000 task-yield id=4 reason=RtosPortYield
[machine.2]      1520000 task-resume id=1 reason=scheduler
[machine.2]      1520000 task-yield id=1 reason=RtosPortYield
[machine.2]      1520000 user-u32 "can_recv" = 0
[machine.2]      1520000 user-u32 "can_recv" = 0
[machine.2]      1520000 user-u32 "can_recv" = 0
[machine.2]      1520000 user-u32 "can_send" = 0
[machine.2]      1520000 task-resume id=2 reason=scheduler
[machine.2]      1520000 task-yield id=2 reason=Idle
[machine.2]      1525000 task-resume id=4 reason=scheduler
[machine.2]      1525000 task-yield id=4 reason=RtosPortYield
[machine.2]      1525000 task-resume id=2 reason=scheduler
[machine.2]      1525000 task-yield id=2 reason=Idle
[machine.2]      1530000 task-resume id=4 reason=scheduler
[machine.2]      1530000 task-yield id=4 reason=RtosPortYield
[machine.2]      1530000 task-resume id=1 reason=scheduler
[machine.2]      1530000 task-yield id=1 reason=RtosPortYield
[machine.2]      1530000 user-u32 "can_recv" = 0
[machine.2]      1530000 user-u32 "can_recv" = 0
[machine.2]      1530000 user-u32 "can_recv" = 0
[machine.2]      1530000 user-u32 "can_send" = 0
[machine.2]      1530000 task-resume id=2 reason=scheduler
[machine.2]      1530000 task-yield id=2 reason=Idle
[machine.2]      1535000 task-resume id=4 reason=scheduler
[machine.2]      1535000 task-yield id=4 reason=RtosPortYield
[machine.2]      1535000 task-resume id=2 reason=scheduler
[machine.2]      1535000 task-yield id=2 reason=Idle
[machine.2]      1540000 task-resume id=4 reason=scheduler
[machine.2]      1540000 task-yield id=4 reason=RtosPortYield
[machine.2]      1540000 task-resume id=1 reason=scheduler
[machine.2]      1540000 task-yield id=1 reason=RtosPortYield
[machine.2]      1540000 user-u32 "can_recv" = 0
[machine.2]      1540000 user-u32 "can_recv" = 0
[machine.2]      1540000 user-u32 "can_recv" = 0
[machine.2]      1540000 user-u32 "can_send" = 0
[machine.2]      1540000 task-resume id=2 reason=scheduler
[machine.2]      1540000 task-yield id=2 reason=Idle
[machine.2]      1545000 task-resume id=4 reason=scheduler
[machine.2]      1545000 task-yield id=4 reason=RtosPortYield
[machine.2]      1545000 task-resume id=2 reason=scheduler
[machine.2]      1545000 task-yield id=2 reason=Idle
[machine.2]      1550000 task-resume id=4 reason=scheduler
[machine.2]      1550000 task-yield id=4 reason=RtosPortYield
[machine.2]      1550000 task-resume id=3 reason=scheduler
[machine.2]      1550000 task-yield id=3 reason=RtosPortYield
[machine.2]      1550000 user-u32 "watchdog_ok" = 1550
[machine.2]      1550000 task-resume id=6 reason=scheduler
[machine.2]      1550000 task-yield id=6 reason=RtosPortYield
[machine.2]      1550000 user-u32 "deadline_ok" = 0
[machine.2]      1550000 task-resume id=1 reason=scheduler
[machine.2]      1550000 task-yield id=1 reason=RtosPortYield
[machine.2]      1550000 user-u32 "can_recv" = 0
[machine.2]      1550000 user-u32 "can_recv" = 0
[machine.2]      1550000 user-u32 "can_recv" = 0
[machine.2]      1550000 user-u32 "can_send" = 0
[machine.2]      1550000 task-resume id=2 reason=scheduler
[machine.2]      1550000 task-yield id=2 reason=Idle
[machine.2]      1555000 task-resume id=4 reason=scheduler
[machine.2]      1555000 task-yield id=4 reason=RtosPortYield
[machine.2]      1555000 task-resume id=2 reason=scheduler
[machine.2]      1555000 task-yield id=2 reason=Idle
[machine.2]      1560000 task-resume id=4 reason=scheduler
[machine.2]      1560000 task-yield id=4 reason=RtosPortYield
[machine.2]      1560000 task-resume id=1 reason=scheduler
[machine.2]      1560000 task-yield id=1 reason=RtosPortYield
[machine.2]      1560000 user-u32 "can_recv" = 0
[machine.2]      1560000 user-u32 "can_recv" = 0
[machine.2]      1560000 user-u32 "can_recv" = 0
[machine.2]      1560000 user-u32 "can_recv" = 0
[machine.2]      1560000 user-u32 "can_send" = 0
[machine.2]      1560000 task-resume id=2 reason=scheduler
[machine.2]      1560000 task-yield id=2 reason=Idle
[machine.2]      1565000 task-resume id=4 reason=scheduler
[machine.2]      1565000 task-yield id=4 reason=RtosPortYield
[machine.2]      1565000 task-resume id=2 reason=scheduler
[machine.2]      1565000 task-yield id=2 reason=Idle
[machine.2]      1570000 task-resume id=4 reason=scheduler
[machine.2]      1570000 task-yield id=4 reason=RtosPortYield
[machine.2]      1570000 task-resume id=1 reason=scheduler
[machine.2]      1570000 task-yield id=1 reason=RtosPortYield
[machine.2]      1570000 user-u32 "can_recv" = 0
[machine.2]      1570000 user-u32 "can_recv" = 0
[machine.2]      1570000 user-u32 "can_recv" = 0
[machine.2]      1570000 user-u32 "can_send" = 0
[machine.2]      1570000 task-resume id=2 reason=scheduler
[machine.2]      1570000 task-yield id=2 reason=Idle
[machine.2]      1575000 task-resume id=4 reason=scheduler
[machine.2]      1575000 task-yield id=4 reason=RtosPortYield
[machine.2]      1575000 task-resume id=2 reason=scheduler
[machine.2]      1575000 task-yield id=2 reason=Idle
[machine.2]      1580000 task-resume id=4 reason=scheduler
[machine.2]      1580000 task-yield id=4 reason=RtosPortYield
[machine.2]      1580000 task-resume id=1 reason=scheduler
[machine.2]      1580000 task-yield id=1 reason=RtosPortYield
[machine.2]      1580000 user-u32 "can_recv" = 0
[machine.2]      1580000 user-u32 "can_recv" = 0
[machine.2]      1580000 user-u32 "can_recv" = 0
[machine.2]      1580000 user-u32 "can_send" = 0
[machine.2]      1580000 task-resume id=2 reason=scheduler
[machine.2]      1580000 task-yield id=2 reason=Idle
[machine.2]      1585000 task-resume id=4 reason=scheduler
[machine.2]      1585000 task-yield id=4 reason=RtosPortYield
[machine.2]      1585000 task-resume id=2 reason=scheduler
[machine.2]      1585000 task-yield id=2 reason=Idle
[machine.2]      1590000 task-resume id=4 reason=scheduler
[machine.2]      1590000 task-yield id=4 reason=RtosPortYield
[machine.2]      1590000 task-resume id=1 reason=scheduler
[machine.2]      1590000 task-yield id=1 reason=RtosPortYield
[machine.2]      1590000 user-u32 "can_recv" = 0
[machine.2]      1590000 user-u32 "can_recv" = 0
[machine.2]      1590000 user-u32 "can_recv" = 0
[machine.2]      1590000 user-u32 "can_send" = 0
[machine.2]      1590000 task-resume id=2 reason=scheduler
[machine.2]      1590000 task-yield id=2 reason=Idle
[machine.2]      1595000 task-resume id=4 reason=scheduler
[machine.2]      1595000 task-yield id=4 reason=RtosPortYield
[machine.2]      1595000 task-resume id=2 reason=scheduler
[machine.2]      1595000 task-yield id=2 reason=Idle
[machine.2]      1600000 task-resume id=4 reason=scheduler
[machine.2]      1600000 task-yield id=4 reason=RtosPortYield
[machine.2]      1600000 user-u32 "sensor_poll_tick" = 1600
[machine.2]      1600000 task-resume id=3 reason=scheduler
[machine.2]      1600000 task-yield id=3 reason=RtosPortYield
[machine.2]      1600000 user-u32 "watchdog_ok" = 1600
[machine.2]      1600000 task-resume id=6 reason=scheduler
[machine.2]      1600000 task-yield id=6 reason=RtosPortYield
[machine.2]      1600000 user-u32 "deadline_ok" = 0
[machine.2]      1600000 task-resume id=1 reason=scheduler
[machine.2]      1600000 task-yield id=1 reason=RtosPortYield
[machine.2]      1600000 user-u32 "can_recv" = 0
[machine.2]      1600000 user-u32 "can_recv" = 0
[machine.2]      1600000 user-u32 "can_recv" = 0
[machine.2]      1600000 user-u32 "can_send" = 0
[machine.2]      1600000 user-u32 "can_send" = 0
[machine.2]      1600000 task-resume id=5 reason=scheduler
[machine.2]      1600000 task-yield id=5 reason=RtosPortYield
[machine.2]      1600000 user-u32 "logger_event" = 65536
[machine.2]      1600000 task-resume id=2 reason=scheduler
[machine.2]      1600000 task-yield id=2 reason=Idle
[machine.2]      1605000 task-resume id=4 reason=scheduler
[machine.2]      1605000 task-yield id=4 reason=RtosPortYield
[machine.2]      1605000 task-resume id=2 reason=scheduler
[machine.2]      1605000 task-yield id=2 reason=Idle
[machine.2]      1610000 task-resume id=4 reason=scheduler
[machine.2]      1610000 task-yield id=4 reason=RtosPortYield
[machine.2]      1610000 task-resume id=1 reason=scheduler
[machine.2]      1610000 task-yield id=1 reason=RtosPortYield
[machine.2]      1610000 user-u32 "can_recv" = 0
[machine.2]      1610000 user-u32 "can_recv" = 0
[machine.2]      1610000 user-u32 "can_recv" = 0
[machine.2]      1610000 user-u32 "can_recv" = 0
[machine.2]      1610000 user-u32 "can_recv" = 0
[machine.2]      1610000 user-u32 "can_send" = 0
[machine.2]      1610000 task-resume id=2 reason=scheduler
[machine.2]      1610000 task-yield id=2 reason=Idle
[machine.2]      1615000 task-resume id=4 reason=scheduler
[machine.2]      1615000 task-yield id=4 reason=RtosPortYield
[machine.2]      1615000 task-resume id=2 reason=scheduler
[machine.2]      1615000 task-yield id=2 reason=Idle
[machine.2]      1620000 task-resume id=4 reason=scheduler
[machine.2]      1620000 task-yield id=4 reason=RtosPortYield
[machine.2]      1620000 task-resume id=1 reason=scheduler
[machine.2]      1620000 task-yield id=1 reason=RtosPortYield
[machine.2]      1620000 user-u32 "can_recv" = 0
[machine.2]      1620000 user-u32 "can_recv" = 0
[machine.2]      1620000 user-u32 "can_recv" = 0
[machine.2]      1620000 user-u32 "can_send" = 0
[machine.2]      1620000 task-resume id=2 reason=scheduler
[machine.2]      1620000 task-yield id=2 reason=Idle
[machine.2]      1625000 task-resume id=4 reason=scheduler
[machine.2]      1625000 task-yield id=4 reason=RtosPortYield
[machine.2]      1625000 task-resume id=2 reason=scheduler
[machine.2]      1625000 task-yield id=2 reason=Idle
[machine.2]      1630000 task-resume id=4 reason=scheduler
[machine.2]      1630000 task-yield id=4 reason=RtosPortYield
[machine.2]      1630000 task-resume id=1 reason=scheduler
[machine.2]      1630000 task-yield id=1 reason=RtosPortYield
[machine.2]      1630000 user-u32 "can_recv" = 0
[machine.2]      1630000 user-u32 "can_recv" = 0
[machine.2]      1630000 user-u32 "can_recv" = 0
[machine.2]      1630000 user-u32 "can_send" = 0
[machine.2]      1630000 task-resume id=2 reason=scheduler
[machine.2]      1630000 task-yield id=2 reason=Idle
[machine.2]      1635000 task-resume id=4 reason=scheduler
[machine.2]      1635000 task-yield id=4 reason=RtosPortYield
[machine.2]      1635000 task-resume id=2 reason=scheduler
[machine.2]      1635000 task-yield id=2 reason=Idle
[machine.2]      1640000 task-resume id=4 reason=scheduler
[machine.2]      1640000 task-yield id=4 reason=RtosPortYield
[machine.2]      1640000 task-resume id=1 reason=scheduler
[machine.2]      1640000 task-yield id=1 reason=RtosPortYield
[machine.2]      1640000 user-u32 "can_recv" = 0
[machine.2]      1640000 user-u32 "can_recv" = 0
[machine.2]      1640000 user-u32 "can_recv" = 0
[machine.2]      1640000 user-u32 "can_send" = 0
[machine.2]      1640000 task-resume id=2 reason=scheduler
[machine.2]      1640000 task-yield id=2 reason=Idle
[machine.2]      1645000 task-resume id=4 reason=scheduler
[machine.2]      1645000 task-yield id=4 reason=RtosPortYield
[machine.2]      1645000 task-resume id=2 reason=scheduler
[machine.2]      1645000 task-yield id=2 reason=Idle
[machine.2]      1650000 task-resume id=4 reason=scheduler
[machine.2]      1650000 task-yield id=4 reason=RtosPortYield
[machine.2]      1650000 task-resume id=3 reason=scheduler
[machine.2]      1650000 task-yield id=3 reason=RtosPortYield
[machine.2]      1650000 user-u32 "watchdog_ok" = 1650
[machine.2]      1650000 task-resume id=6 reason=scheduler
[machine.2]      1650000 task-yield id=6 reason=RtosPortYield
[machine.2]      1650000 user-u32 "deadline_ok" = 0
[machine.2]      1650000 task-resume id=1 reason=scheduler
[machine.2]      1650000 task-yield id=1 reason=RtosPortYield
[machine.2]      1650000 user-u32 "can_recv" = 0
[machine.2]      1650000 user-u32 "can_recv" = 0
[machine.2]      1650000 user-u32 "can_recv" = 0
[machine.2]      1650000 user-u32 "can_send" = 0
[machine.2]      1650000 task-resume id=2 reason=scheduler
[machine.2]      1650000 task-yield id=2 reason=Idle
[machine.2]      1655000 task-resume id=4 reason=scheduler
[machine.2]      1655000 task-yield id=4 reason=RtosPortYield
[machine.2]      1655000 task-resume id=2 reason=scheduler
[machine.2]      1655000 task-yield id=2 reason=Idle
[machine.2]      1660000 task-resume id=4 reason=scheduler
[machine.2]      1660000 task-yield id=4 reason=RtosPortYield
[machine.2]      1660000 task-resume id=1 reason=scheduler
[machine.2]      1660000 task-yield id=1 reason=RtosPortYield
[machine.2]      1660000 user-u32 "can_recv" = 0
[machine.2]      1660000 user-u32 "can_recv" = 0
[machine.2]      1660000 user-u32 "can_recv" = 0
[machine.2]      1660000 user-u32 "can_recv" = 0
[machine.2]      1660000 user-u32 "can_send" = 0
[machine.2]      1660000 task-resume id=2 reason=scheduler
[machine.2]      1660000 task-yield id=2 reason=Idle
[machine.2]      1665000 task-resume id=4 reason=scheduler
[machine.2]      1665000 task-yield id=4 reason=RtosPortYield
[machine.2]      1665000 task-resume id=2 reason=scheduler
[machine.2]      1665000 task-yield id=2 reason=Idle
[machine.2]      1670000 task-resume id=4 reason=scheduler
[machine.2]      1670000 task-yield id=4 reason=RtosPortYield
[machine.2]      1670000 task-resume id=1 reason=scheduler
[machine.2]      1670000 task-yield id=1 reason=RtosPortYield
[machine.2]      1670000 user-u32 "can_recv" = 0
[machine.2]      1670000 user-u32 "can_recv" = 0
[machine.2]      1670000 user-u32 "can_recv" = 0
[machine.2]      1670000 user-u32 "can_send" = 0
[machine.2]      1670000 task-resume id=2 reason=scheduler
[machine.2]      1670000 task-yield id=2 reason=Idle
[machine.2]      1675000 task-resume id=4 reason=scheduler
[machine.2]      1675000 task-yield id=4 reason=RtosPortYield
[machine.2]      1675000 task-resume id=2 reason=scheduler
[machine.2]      1675000 task-yield id=2 reason=Idle
[machine.2]      1680000 task-resume id=4 reason=scheduler
[machine.2]      1680000 task-yield id=4 reason=RtosPortYield
[machine.2]      1680000 task-resume id=1 reason=scheduler
[machine.2]      1680000 task-yield id=1 reason=RtosPortYield
[machine.2]      1680000 user-u32 "can_recv" = 0
[machine.2]      1680000 user-u32 "can_recv" = 0
[machine.2]      1680000 user-u32 "can_recv" = 0
[machine.2]      1680000 user-u32 "can_send" = 0
[machine.2]      1680000 task-resume id=2 reason=scheduler
[machine.2]      1680000 task-yield id=2 reason=Idle
[machine.2]      1685000 task-resume id=4 reason=scheduler
[machine.2]      1685000 task-yield id=4 reason=RtosPortYield
[machine.2]      1685000 task-resume id=2 reason=scheduler
[machine.2]      1685000 task-yield id=2 reason=Idle
[machine.2]      1690000 task-resume id=4 reason=scheduler
[machine.2]      1690000 task-yield id=4 reason=RtosPortYield
[machine.2]      1690000 task-resume id=1 reason=scheduler
[machine.2]      1690000 task-yield id=1 reason=RtosPortYield
[machine.2]      1690000 user-u32 "can_recv" = 0
[machine.2]      1690000 user-u32 "can_recv" = 0
[machine.2]      1690000 user-u32 "can_recv" = 0
[machine.2]      1690000 user-u32 "can_send" = 0
[machine.2]      1690000 task-resume id=2 reason=scheduler
[machine.2]      1690000 task-yield id=2 reason=Idle
[machine.2]      1695000 task-resume id=4 reason=scheduler
[machine.2]      1695000 task-yield id=4 reason=RtosPortYield
[machine.2]      1695000 task-resume id=2 reason=scheduler
[machine.2]      1695000 task-yield id=2 reason=Idle
[machine.2]      1700000 task-resume id=4 reason=scheduler
[machine.2]      1700000 task-yield id=4 reason=RtosPortYield
[machine.2]      1700000 task-resume id=3 reason=scheduler
[machine.2]      1700000 task-yield id=3 reason=RtosPortYield
[machine.2]      1700000 user-u32 "watchdog_ok" = 1700
[machine.2]      1700000 task-resume id=6 reason=scheduler
[machine.2]      1700000 task-yield id=6 reason=RtosPortYield
[machine.2]      1700000 user-u32 "deadline_ok" = 0
[machine.2]      1700000 task-resume id=1 reason=scheduler
[machine.2]      1700000 task-yield id=1 reason=RtosPortYield
[machine.2]      1700000 user-u32 "can_recv" = 0
[machine.2]      1700000 user-u32 "can_recv" = 0
[machine.2]      1700000 user-u32 "can_recv" = 0
[machine.2]      1700000 user-u32 "can_send" = 0
[machine.2]      1700000 user-u32 "can_send" = 0
[machine.2]      1700000 task-resume id=5 reason=scheduler
[machine.2]      1700000 task-yield id=5 reason=RtosPortYield
[machine.2]      1700000 user-u32 "logger_event" = 65536
[machine.2]      1700000 task-resume id=2 reason=scheduler
[machine.2]      1700000 task-yield id=2 reason=Idle
[machine.2]      1705000 task-resume id=4 reason=scheduler
[machine.2]      1705000 task-yield id=4 reason=RtosPortYield
[machine.2]      1705000 task-resume id=2 reason=scheduler
[machine.2]      1705000 task-yield id=2 reason=Idle
[machine.2]      1710000 task-resume id=4 reason=scheduler
[machine.2]      1710000 task-yield id=4 reason=RtosPortYield
[machine.2]      1710000 task-resume id=1 reason=scheduler
[machine.2]      1710000 task-yield id=1 reason=RtosPortYield
[machine.2]      1710000 user-u32 "can_recv" = 0
[machine.2]      1710000 user-u32 "can_recv" = 0
[machine.2]      1710000 user-u32 "can_recv" = 0
[machine.2]      1710000 user-u32 "can_recv" = 0
[machine.2]      1710000 user-u32 "can_recv" = 0
[machine.2]      1710000 user-u32 "can_send" = 0
[machine.2]      1710000 task-resume id=2 reason=scheduler
[machine.2]      1710000 task-yield id=2 reason=Idle
[machine.2]      1715000 task-resume id=4 reason=scheduler
[machine.2]      1715000 task-yield id=4 reason=RtosPortYield
[machine.2]      1715000 task-resume id=2 reason=scheduler
[machine.2]      1715000 task-yield id=2 reason=Idle
[machine.2]      1720000 task-resume id=4 reason=scheduler
[machine.2]      1720000 task-yield id=4 reason=RtosPortYield
[machine.2]      1720000 task-resume id=1 reason=scheduler
[machine.2]      1720000 task-yield id=1 reason=RtosPortYield
[machine.2]      1720000 user-u32 "can_recv" = 0
[machine.2]      1720000 user-u32 "can_recv" = 0
[machine.2]      1720000 user-u32 "can_recv" = 0
[machine.2]      1720000 user-u32 "can_send" = 0
[machine.2]      1720000 task-resume id=2 reason=scheduler
[machine.2]      1720000 task-yield id=2 reason=Idle
[machine.2]      1725000 task-resume id=4 reason=scheduler
[machine.2]      1725000 task-yield id=4 reason=RtosPortYield
[machine.2]      1725000 task-resume id=2 reason=scheduler
[machine.2]      1725000 task-yield id=2 reason=Idle
[machine.2]      1730000 task-resume id=4 reason=scheduler
[machine.2]      1730000 task-yield id=4 reason=RtosPortYield
[machine.2]      1730000 task-resume id=1 reason=scheduler
[machine.2]      1730000 task-yield id=1 reason=RtosPortYield
[machine.2]      1730000 user-u32 "can_recv" = 0
[machine.2]      1730000 user-u32 "can_recv" = 0
[machine.2]      1730000 user-u32 "can_recv" = 0
[machine.2]      1730000 user-u32 "can_send" = 0
[machine.2]      1730000 task-resume id=2 reason=scheduler
[machine.2]      1730000 task-yield id=2 reason=Idle
[machine.2]      1735000 task-resume id=4 reason=scheduler
[machine.2]      1735000 task-yield id=4 reason=RtosPortYield
[machine.2]      1735000 task-resume id=2 reason=scheduler
[machine.2]      1735000 task-yield id=2 reason=Idle
[machine.2]      1740000 task-resume id=4 reason=scheduler
[machine.2]      1740000 task-yield id=4 reason=RtosPortYield
[machine.2]      1740000 task-resume id=1 reason=scheduler
[machine.2]      1740000 task-yield id=1 reason=RtosPortYield
[machine.2]      1740000 user-u32 "can_recv" = 0
[machine.2]      1740000 user-u32 "can_recv" = 0
[machine.2]      1740000 user-u32 "can_recv" = 0
[machine.2]      1740000 user-u32 "can_send" = 0
[machine.2]      1740000 task-resume id=2 reason=scheduler
[machine.2]      1740000 task-yield id=2 reason=Idle
[machine.2]      1745000 task-resume id=4 reason=scheduler
[machine.2]      1745000 task-yield id=4 reason=RtosPortYield
[machine.2]      1745000 task-resume id=2 reason=scheduler
[machine.2]      1745000 task-yield id=2 reason=Idle
[machine.2]      1750000 task-resume id=4 reason=scheduler
[machine.2]      1750000 task-yield id=4 reason=RtosPortYield
[machine.2]      1750000 task-resume id=3 reason=scheduler
[machine.2]      1750000 task-yield id=3 reason=RtosPortYield
[machine.2]      1750000 user-u32 "watchdog_ok" = 1750
[machine.2]      1750000 task-resume id=6 reason=scheduler
[machine.2]      1750000 task-yield id=6 reason=RtosPortYield
[machine.2]      1750000 user-u32 "deadline_ok" = 0
[machine.2]      1750000 task-resume id=1 reason=scheduler
[machine.2]      1750000 task-yield id=1 reason=RtosPortYield
[machine.2]      1750000 user-u32 "can_recv" = 0
[machine.2]      1750000 user-u32 "can_recv" = 0
[machine.2]      1750000 user-u32 "can_recv" = 0
[machine.2]      1750000 user-u32 "can_send" = 0
[machine.2]      1750000 task-resume id=2 reason=scheduler
[machine.2]      1750000 task-yield id=2 reason=Idle
[machine.2]      1755000 task-resume id=4 reason=scheduler
[machine.2]      1755000 task-yield id=4 reason=RtosPortYield
[machine.2]      1755000 task-resume id=2 reason=scheduler
[machine.2]      1755000 task-yield id=2 reason=Idle
[machine.2]      1760000 task-resume id=4 reason=scheduler
[machine.2]      1760000 task-yield id=4 reason=RtosPortYield
[machine.2]      1760000 task-resume id=1 reason=scheduler
[machine.2]      1760000 task-yield id=1 reason=RtosPortYield
[machine.2]      1760000 user-u32 "can_recv" = 0
[machine.2]      1760000 user-u32 "can_recv" = 0
[machine.2]      1760000 user-u32 "can_recv" = 0
[machine.2]      1760000 user-u32 "can_recv" = 0
[machine.2]      1760000 user-u32 "can_send" = 0
[machine.2]      1760000 task-resume id=2 reason=scheduler
[machine.2]      1760000 task-yield id=2 reason=Idle
[machine.2]      1765000 task-resume id=4 reason=scheduler
[machine.2]      1765000 task-yield id=4 reason=RtosPortYield
[machine.2]      1765000 task-resume id=2 reason=scheduler
[machine.2]      1765000 task-yield id=2 reason=Idle
[machine.2]      1770000 task-resume id=4 reason=scheduler
[machine.2]      1770000 task-yield id=4 reason=RtosPortYield
[machine.2]      1770000 task-resume id=1 reason=scheduler
[machine.2]      1770000 task-yield id=1 reason=RtosPortYield
[machine.2]      1770000 user-u32 "can_recv" = 0
[machine.2]      1770000 user-u32 "can_recv" = 0
[machine.2]      1770000 user-u32 "can_recv" = 0
[machine.2]      1770000 user-u32 "can_send" = 0
[machine.2]      1770000 task-resume id=2 reason=scheduler
[machine.2]      1770000 task-yield id=2 reason=Idle
[machine.2]      1775000 task-resume id=4 reason=scheduler
[machine.2]      1775000 task-yield id=4 reason=RtosPortYield
[machine.2]      1775000 task-resume id=2 reason=scheduler
[machine.2]      1775000 task-yield id=2 reason=Idle
[machine.2]      1780000 task-resume id=4 reason=scheduler
[machine.2]      1780000 task-yield id=4 reason=RtosPortYield
[machine.2]      1780000 task-resume id=1 reason=scheduler
[machine.2]      1780000 task-yield id=1 reason=RtosPortYield
[machine.2]      1780000 user-u32 "can_recv" = 0
[machine.2]      1780000 user-u32 "can_recv" = 0
[machine.2]      1780000 user-u32 "can_recv" = 0
[machine.2]      1780000 user-u32 "can_send" = 0
[machine.2]      1780000 task-resume id=2 reason=scheduler
[machine.2]      1780000 task-yield id=2 reason=Idle
[machine.2]      1785000 task-resume id=4 reason=scheduler
[machine.2]      1785000 task-yield id=4 reason=RtosPortYield
[machine.2]      1785000 task-resume id=2 reason=scheduler
[machine.2]      1785000 task-yield id=2 reason=Idle
[machine.2]      1790000 task-resume id=4 reason=scheduler
[machine.2]      1790000 task-yield id=4 reason=RtosPortYield
[machine.2]      1790000 task-resume id=1 reason=scheduler
[machine.2]      1790000 task-yield id=1 reason=RtosPortYield
[machine.2]      1790000 user-u32 "can_recv" = 0
[machine.2]      1790000 user-u32 "can_recv" = 0
[machine.2]      1790000 user-u32 "can_recv" = 0
[machine.2]      1790000 user-u32 "can_send" = 0
[machine.2]      1790000 task-resume id=2 reason=scheduler
[machine.2]      1790000 task-yield id=2 reason=Idle
[machine.2]      1795000 task-resume id=4 reason=scheduler
[machine.2]      1795000 task-yield id=4 reason=RtosPortYield
[machine.2]      1795000 task-resume id=2 reason=scheduler
[machine.2]      1795000 task-yield id=2 reason=Idle
[machine.2]      1800000 task-resume id=4 reason=scheduler
[machine.2]      1800000 task-yield id=4 reason=RtosPortYield
[machine.2]      1800000 user-u32 "sensor_poll_tick" = 1800
[machine.2]      1800000 task-resume id=3 reason=scheduler
[machine.2]      1800000 task-yield id=3 reason=RtosPortYield
[machine.2]      1800000 user-u32 "watchdog_ok" = 1800
[machine.2]      1800000 task-resume id=6 reason=scheduler
[machine.2]      1800000 task-yield id=6 reason=RtosPortYield
[machine.2]      1800000 user-u32 "deadline_ok" = 0
[machine.2]      1800000 task-resume id=1 reason=scheduler
[machine.2]      1800000 task-yield id=1 reason=RtosPortYield
[machine.2]      1800000 user-u32 "can_recv" = 0
[machine.2]      1800000 user-u32 "can_recv" = 0
[machine.2]      1800000 user-u32 "can_recv" = 0
[machine.2]      1800000 user-u32 "can_send" = 0
[machine.2]      1800000 user-u32 "can_send" = 0
[machine.2]      1800000 task-resume id=5 reason=scheduler
[machine.2]      1800000 task-yield id=5 reason=RtosPortYield
[machine.2]      1800000 user-u32 "logger_event" = 65536
[machine.2]      1800000 task-resume id=2 reason=scheduler
[machine.2]      1800000 task-yield id=2 reason=Idle
[machine.2]      1805000 task-resume id=4 reason=scheduler
[machine.2]      1805000 task-yield id=4 reason=RtosPortYield
[machine.2]      1805000 task-resume id=2 reason=scheduler
[machine.2]      1805000 task-yield id=2 reason=Idle
[machine.2]      1810000 task-resume id=4 reason=scheduler
[machine.2]      1810000 task-yield id=4 reason=RtosPortYield
[machine.2]      1810000 task-resume id=1 reason=scheduler
[machine.2]      1810000 task-yield id=1 reason=RtosPortYield
[machine.2]      1810000 user-u32 "can_recv" = 0
[machine.2]      1810000 user-u32 "can_recv" = 0
[machine.2]      1810000 user-u32 "can_recv" = 0
[machine.2]      1810000 user-u32 "can_recv" = 0
[machine.2]      1810000 user-u32 "can_recv" = 0
[machine.2]      1810000 user-u32 "can_send" = 0
[machine.2]      1810000 task-resume id=2 reason=scheduler
[machine.2]      1810000 task-yield id=2 reason=Idle
[machine.2]      1815000 task-resume id=4 reason=scheduler
[machine.2]      1815000 task-yield id=4 reason=RtosPortYield
[machine.2]      1815000 task-resume id=2 reason=scheduler
[machine.2]      1815000 task-yield id=2 reason=Idle
[machine.2]      1820000 task-resume id=4 reason=scheduler
[machine.2]      1820000 task-yield id=4 reason=RtosPortYield
[machine.2]      1820000 task-resume id=1 reason=scheduler
[machine.2]      1820000 task-yield id=1 reason=RtosPortYield
[machine.2]      1820000 user-u32 "can_recv" = 0
[machine.2]      1820000 user-u32 "can_recv" = 0
[machine.2]      1820000 user-u32 "can_recv" = 0
[machine.2]      1820000 user-u32 "can_send" = 0
[machine.2]      1820000 task-resume id=2 reason=scheduler
[machine.2]      1820000 task-yield id=2 reason=Idle
[machine.2]      1825000 task-resume id=4 reason=scheduler
[machine.2]      1825000 task-yield id=4 reason=RtosPortYield
[machine.2]      1825000 task-resume id=2 reason=scheduler
[machine.2]      1825000 task-yield id=2 reason=Idle
[machine.2]      1830000 task-resume id=4 reason=scheduler
[machine.2]      1830000 task-yield id=4 reason=RtosPortYield
[machine.2]      1830000 task-resume id=1 reason=scheduler
[machine.2]      1830000 task-yield id=1 reason=RtosPortYield
[machine.2]      1830000 user-u32 "can_recv" = 0
[machine.2]      1830000 user-u32 "can_recv" = 0
[machine.2]      1830000 user-u32 "can_recv" = 0
[machine.2]      1830000 user-u32 "can_send" = 0
[machine.2]      1830000 task-resume id=2 reason=scheduler
[machine.2]      1830000 task-yield id=2 reason=Idle
[machine.2]      1835000 task-resume id=4 reason=scheduler
[machine.2]      1835000 task-yield id=4 reason=RtosPortYield
[machine.2]      1835000 task-resume id=2 reason=scheduler
[machine.2]      1835000 task-yield id=2 reason=Idle
[machine.2]      1840000 task-resume id=4 reason=scheduler
[machine.2]      1840000 task-yield id=4 reason=RtosPortYield
[machine.2]      1840000 task-resume id=1 reason=scheduler
[machine.2]      1840000 task-yield id=1 reason=RtosPortYield
[machine.2]      1840000 user-u32 "can_recv" = 0
[machine.2]      1840000 user-u32 "can_recv" = 0
[machine.2]      1840000 user-u32 "can_recv" = 0
[machine.2]      1840000 user-u32 "can_send" = 0
[machine.2]      1840000 task-resume id=2 reason=scheduler
[machine.2]      1840000 task-yield id=2 reason=Idle
[machine.2]      1845000 task-resume id=4 reason=scheduler
[machine.2]      1845000 task-yield id=4 reason=RtosPortYield
[machine.2]      1845000 task-resume id=2 reason=scheduler
[machine.2]      1845000 task-yield id=2 reason=Idle
[machine.2]      1850000 task-resume id=4 reason=scheduler
[machine.2]      1850000 task-yield id=4 reason=RtosPortYield
[machine.2]      1850000 task-resume id=3 reason=scheduler
[machine.2]      1850000 task-yield id=3 reason=RtosPortYield
[machine.2]      1850000 user-u32 "watchdog_ok" = 1850
[machine.2]      1850000 task-resume id=6 reason=scheduler
[machine.2]      1850000 task-yield id=6 reason=RtosPortYield
[machine.2]      1850000 user-u32 "deadline_ok" = 0
[machine.2]      1850000 task-resume id=1 reason=scheduler
[machine.2]      1850000 task-yield id=1 reason=RtosPortYield
[machine.2]      1850000 user-u32 "can_recv" = 0
[machine.2]      1850000 user-u32 "can_recv" = 0
[machine.2]      1850000 user-u32 "can_recv" = 0
[machine.2]      1850000 user-u32 "can_send" = 0
[machine.2]      1850000 task-resume id=2 reason=scheduler
[machine.2]      1850000 task-yield id=2 reason=Idle
[machine.2]      1855000 task-resume id=4 reason=scheduler
[machine.2]      1855000 task-yield id=4 reason=RtosPortYield
[machine.2]      1855000 task-resume id=2 reason=scheduler
[machine.2]      1855000 task-yield id=2 reason=Idle
[machine.2]      1860000 task-resume id=4 reason=scheduler
[machine.2]      1860000 task-yield id=4 reason=RtosPortYield
[machine.2]      1860000 task-resume id=1 reason=scheduler
[machine.2]      1860000 task-yield id=1 reason=RtosPortYield
[machine.2]      1860000 user-u32 "can_recv" = 0
[machine.2]      1860000 user-u32 "can_recv" = 0
[machine.2]      1860000 user-u32 "can_recv" = 0
[machine.2]      1860000 user-u32 "can_recv" = 0
[machine.2]      1860000 user-u32 "can_send" = 0
[machine.2]      1860000 task-resume id=2 reason=scheduler
[machine.2]      1860000 task-yield id=2 reason=Idle
[machine.2]      1865000 task-resume id=4 reason=scheduler
[machine.2]      1865000 task-yield id=4 reason=RtosPortYield
[machine.2]      1865000 task-resume id=2 reason=scheduler
[machine.2]      1865000 task-yield id=2 reason=Idle
[machine.2]      1870000 task-resume id=4 reason=scheduler
[machine.2]      1870000 task-yield id=4 reason=RtosPortYield
[machine.2]      1870000 task-resume id=1 reason=scheduler
[machine.2]      1870000 task-yield id=1 reason=RtosPortYield
[machine.2]      1870000 user-u32 "can_recv" = 0
[machine.2]      1870000 user-u32 "can_recv" = 0
[machine.2]      1870000 user-u32 "can_recv" = 0
[machine.2]      1870000 user-u32 "can_send" = 0
[machine.2]      1870000 task-resume id=2 reason=scheduler
[machine.2]      1870000 task-yield id=2 reason=Idle
[machine.2]      1875000 task-resume id=4 reason=scheduler
[machine.2]      1875000 task-yield id=4 reason=RtosPortYield
[machine.2]      1875000 task-resume id=2 reason=scheduler
[machine.2]      1875000 task-yield id=2 reason=Idle
[machine.2]      1880000 task-resume id=4 reason=scheduler
[machine.2]      1880000 task-yield id=4 reason=RtosPortYield
[machine.2]      1880000 task-resume id=1 reason=scheduler
[machine.2]      1880000 task-yield id=1 reason=RtosPortYield
[machine.2]      1880000 user-u32 "can_recv" = 0
[machine.2]      1880000 user-u32 "can_recv" = 0
[machine.2]      1880000 user-u32 "can_recv" = 0
[machine.2]      1880000 user-u32 "can_send" = 0
[machine.2]      1880000 task-resume id=2 reason=scheduler
[machine.2]      1880000 task-yield id=2 reason=Idle
[machine.2]      1885000 task-resume id=4 reason=scheduler
[machine.2]      1885000 task-yield id=4 reason=RtosPortYield
[machine.2]      1885000 task-resume id=2 reason=scheduler
[machine.2]      1885000 task-yield id=2 reason=Idle
[machine.2]      1890000 task-resume id=4 reason=scheduler
[machine.2]      1890000 task-yield id=4 reason=RtosPortYield
[machine.2]      1890000 task-resume id=1 reason=scheduler
[machine.2]      1890000 task-yield id=1 reason=RtosPortYield
[machine.2]      1890000 user-u32 "can_recv" = 0
[machine.2]      1890000 user-u32 "can_recv" = 0
[machine.2]      1890000 user-u32 "can_recv" = 0
[machine.2]      1890000 user-u32 "can_send" = 0
[machine.2]      1890000 task-resume id=2 reason=scheduler
[machine.2]      1890000 task-yield id=2 reason=Idle
[machine.2]      1895000 task-resume id=4 reason=scheduler
[machine.2]      1895000 task-yield id=4 reason=RtosPortYield
[machine.2]      1895000 task-resume id=2 reason=scheduler
[machine.2]      1895000 task-yield id=2 reason=Idle
[machine.2]      1900000 task-resume id=4 reason=scheduler
[machine.2]      1900000 task-yield id=4 reason=RtosPortYield
[machine.2]      1900000 task-resume id=3 reason=scheduler
[machine.2]      1900000 task-yield id=3 reason=RtosPortYield
[machine.2]      1900000 user-u32 "watchdog_ok" = 1900
[machine.2]      1900000 task-resume id=6 reason=scheduler
[machine.2]      1900000 task-yield id=6 reason=RtosPortYield
[machine.2]      1900000 user-u32 "deadline_ok" = 0
[machine.2]      1900000 task-resume id=1 reason=scheduler
[machine.2]      1900000 task-yield id=1 reason=RtosPortYield
[machine.2]      1900000 user-u32 "can_recv" = 0
[machine.2]      1900000 user-u32 "can_recv" = 0
[machine.2]      1900000 user-u32 "can_recv" = 0
[machine.2]      1900000 user-u32 "can_send" = 0
[machine.2]      1900000 user-u32 "can_send" = 0
[machine.2]      1900000 task-resume id=5 reason=scheduler
[machine.2]      1900000 task-yield id=5 reason=RtosPortYield
[machine.2]      1900000 user-u32 "logger_event" = 65536
[machine.2]      1900000 task-resume id=2 reason=scheduler
[machine.2]      1900000 task-yield id=2 reason=Idle
[machine.2]      1905000 task-resume id=4 reason=scheduler
[machine.2]      1905000 task-yield id=4 reason=RtosPortYield
[machine.2]      1905000 task-resume id=2 reason=scheduler
[machine.2]      1905000 task-yield id=2 reason=Idle
[machine.2]      1910000 task-resume id=4 reason=scheduler
[machine.2]      1910000 task-yield id=4 reason=RtosPortYield
[machine.2]      1910000 task-resume id=1 reason=scheduler
[machine.2]      1910000 task-yield id=1 reason=RtosPortYield
[machine.2]      1910000 user-u32 "can_recv" = 0
[machine.2]      1910000 user-u32 "can_recv" = 0
[machine.2]      1910000 user-u32 "can_recv" = 0
[machine.2]      1910000 user-u32 "can_recv" = 0
[machine.2]      1910000 user-u32 "can_recv" = 0
[machine.2]      1910000 user-u32 "can_send" = 0
[machine.2]      1910000 task-resume id=2 reason=scheduler
[machine.2]      1910000 task-yield id=2 reason=Idle
[machine.2]      1915000 task-resume id=4 reason=scheduler
[machine.2]      1915000 task-yield id=4 reason=RtosPortYield
[machine.2]      1915000 task-resume id=2 reason=scheduler
[machine.2]      1915000 task-yield id=2 reason=Idle
[machine.2]      1920000 task-resume id=4 reason=scheduler
[machine.2]      1920000 task-yield id=4 reason=RtosPortYield
[machine.2]      1920000 task-resume id=1 reason=scheduler
[machine.2]      1920000 task-yield id=1 reason=RtosPortYield
[machine.2]      1920000 user-u32 "can_recv" = 0
[machine.2]      1920000 user-u32 "can_recv" = 0
[machine.2]      1920000 user-u32 "can_recv" = 0
[machine.2]      1920000 user-u32 "can_send" = 0
[machine.2]      1920000 task-resume id=2 reason=scheduler
[machine.2]      1920000 task-yield id=2 reason=Idle
[machine.2]      1925000 task-resume id=4 reason=scheduler
[machine.2]      1925000 task-yield id=4 reason=RtosPortYield
[machine.2]      1925000 task-resume id=2 reason=scheduler
[machine.2]      1925000 task-yield id=2 reason=Idle
[machine.2]      1930000 task-resume id=4 reason=scheduler
[machine.2]      1930000 task-yield id=4 reason=RtosPortYield
[machine.2]      1930000 task-resume id=1 reason=scheduler
[machine.2]      1930000 task-yield id=1 reason=RtosPortYield
[machine.2]      1930000 user-u32 "can_recv" = 0
[machine.2]      1930000 user-u32 "can_recv" = 0
[machine.2]      1930000 user-u32 "can_recv" = 0
[machine.2]      1930000 user-u32 "can_send" = 0
[machine.2]      1930000 task-resume id=2 reason=scheduler
[machine.2]      1930000 task-yield id=2 reason=Idle
[machine.2]      1935000 task-resume id=4 reason=scheduler
[machine.2]      1935000 task-yield id=4 reason=RtosPortYield
[machine.2]      1935000 task-resume id=2 reason=scheduler
[machine.2]      1935000 task-yield id=2 reason=Idle
[machine.2]      1940000 task-resume id=4 reason=scheduler
[machine.2]      1940000 task-yield id=4 reason=RtosPortYield
[machine.2]      1940000 task-resume id=1 reason=scheduler
[machine.2]      1940000 task-yield id=1 reason=RtosPortYield
[machine.2]      1940000 user-u32 "can_recv" = 0
[machine.2]      1940000 user-u32 "can_recv" = 0
[machine.2]      1940000 user-u32 "can_recv" = 0
[machine.2]      1940000 user-u32 "can_send" = 0
[machine.2]      1940000 task-resume id=2 reason=scheduler
[machine.2]      1940000 task-yield id=2 reason=Idle
[machine.2]      1945000 task-resume id=4 reason=scheduler
[machine.2]      1945000 task-yield id=4 reason=RtosPortYield
[machine.2]      1945000 task-resume id=2 reason=scheduler
[machine.2]      1945000 task-yield id=2 reason=Idle
[machine.2]      1950000 task-resume id=4 reason=scheduler
[machine.2]      1950000 task-yield id=4 reason=RtosPortYield
[machine.2]      1950000 task-resume id=3 reason=scheduler
[machine.2]      1950000 task-yield id=3 reason=RtosPortYield
[machine.2]      1950000 user-u32 "watchdog_ok" = 1950
[machine.2]      1950000 task-resume id=6 reason=scheduler
[machine.2]      1950000 task-yield id=6 reason=RtosPortYield
[machine.2]      1950000 user-u32 "deadline_ok" = 0
[machine.2]      1950000 task-resume id=1 reason=scheduler
[machine.2]      1950000 task-yield id=1 reason=RtosPortYield
[machine.2]      1950000 user-u32 "can_recv" = 0
[machine.2]      1950000 user-u32 "can_recv" = 0
[machine.2]      1950000 user-u32 "can_recv" = 0
[machine.2]      1950000 user-u32 "can_send" = 0
[machine.2]      1950000 task-resume id=2 reason=scheduler
[machine.2]      1950000 task-yield id=2 reason=Idle
[machine.2]      1955000 task-resume id=4 reason=scheduler
[machine.2]      1955000 task-yield id=4 reason=RtosPortYield
[machine.2]      1955000 task-resume id=2 reason=scheduler
[machine.2]      1955000 task-yield id=2 reason=Idle
[machine.2]      1960000 task-resume id=4 reason=scheduler
[machine.2]      1960000 task-yield id=4 reason=RtosPortYield
[machine.2]      1960000 task-resume id=1 reason=scheduler
[machine.2]      1960000 task-yield id=1 reason=RtosPortYield
[machine.2]      1960000 user-u32 "can_recv" = 0
[machine.2]      1960000 user-u32 "can_recv" = 0
[machine.2]      1960000 user-u32 "can_recv" = 0
[machine.2]      1960000 user-u32 "can_recv" = 0
[machine.2]      1960000 user-u32 "can_send" = 0
[machine.2]      1960000 task-resume id=2 reason=scheduler
[machine.2]      1960000 task-yield id=2 reason=Idle
[machine.2]      1965000 task-resume id=4 reason=scheduler
[machine.2]      1965000 task-yield id=4 reason=RtosPortYield
[machine.2]      1965000 task-resume id=2 reason=scheduler
[machine.2]      1965000 task-yield id=2 reason=Idle
[machine.2]      1970000 task-resume id=4 reason=scheduler
[machine.2]      1970000 task-yield id=4 reason=RtosPortYield
[machine.2]      1970000 task-resume id=1 reason=scheduler
[machine.2]      1970000 task-yield id=1 reason=RtosPortYield
[machine.2]      1970000 user-u32 "can_recv" = 0
[machine.2]      1970000 user-u32 "can_recv" = 0
[machine.2]      1970000 user-u32 "can_recv" = 0
[machine.2]      1970000 user-u32 "can_send" = 0
[machine.2]      1970000 task-resume id=2 reason=scheduler
[machine.2]      1970000 task-yield id=2 reason=Idle
[machine.2]      1975000 task-resume id=4 reason=scheduler
[machine.2]      1975000 task-yield id=4 reason=RtosPortYield
[machine.2]      1975000 task-resume id=2 reason=scheduler
[machine.2]      1975000 task-yield id=2 reason=Idle
[machine.2]      1980000 task-resume id=4 reason=scheduler
[machine.2]      1980000 task-yield id=4 reason=RtosPortYield
[machine.2]      1980000 task-resume id=1 reason=scheduler
[machine.2]      1980000 task-yield id=1 reason=RtosPortYield
[machine.2]      1980000 user-u32 "can_recv" = 0
[machine.2]      1980000 user-u32 "can_recv" = 0
[machine.2]      1980000 user-u32 "can_recv" = 0
[machine.2]      1980000 user-u32 "can_send" = 0
[machine.2]      1980000 task-resume id=2 reason=scheduler
[machine.2]      1980000 task-yield id=2 reason=Idle
[machine.2]      1985000 task-resume id=4 reason=scheduler
[machine.2]      1985000 task-yield id=4 reason=RtosPortYield
[machine.2]      1985000 task-resume id=2 reason=scheduler
[machine.2]      1985000 task-yield id=2 reason=Idle
[machine.2]      1990000 task-resume id=4 reason=scheduler
[machine.2]      1990000 task-yield id=4 reason=RtosPortYield
[machine.2]      1990000 task-resume id=1 reason=scheduler
[machine.2]      1990000 task-yield id=1 reason=RtosPortYield
[machine.2]      1990000 user-u32 "can_recv" = 0
[machine.2]      1990000 user-u32 "can_recv" = 0
[machine.2]      1990000 user-u32 "can_recv" = 0
[machine.2]      1990000 user-u32 "can_send" = 0
[machine.2]      1990000 task-resume id=2 reason=scheduler
[machine.2]      1990000 task-yield id=2 reason=Idle
[machine.2]      1995000 task-resume id=4 reason=scheduler
[machine.2]      1995000 task-yield id=4 reason=RtosPortYield
[machine.2]      1995000 task-resume id=2 reason=scheduler
[machine.2]      1995000 task-yield id=2 reason=Idle
[machine.2]      2000000 task-resume id=4 reason=scheduler
[machine.2]      2000000 task-yield id=4 reason=RtosPortYield
[machine.2]      2000000 user-u32 "sensor_poll_tick" = 2000
[machine.2]      2000000 task-resume id=3 reason=scheduler
[machine.2]      2000000 task-yield id=3 reason=RtosPortYield
[machine.2]      2000000 user-u32 "watchdog_ok" = 2000
[machine.2]      2000000 task-resume id=6 reason=scheduler
[machine.2]      2000000 task-yield id=6 reason=RtosPortYield
[machine.2]      2000000 user-u32 "deadline_ok" = 0
[machine.2]      2000000 task-resume id=1 reason=scheduler
[machine.2]      2000000 task-yield id=1 reason=RtosPortYield
[machine.2]      2000000 user-u32 "can_recv" = 0
[machine.2]      2000000 user-u32 "can_recv" = 0
[machine.2]      2000000 user-u32 "can_recv" = 0
[machine.2]      2000000 user-u32 "can_send" = 0
[machine.2]      2000000 user-u32 "can_send" = 0
[machine.2]      2000000 task-resume id=5 reason=scheduler
[machine.2]      2000000 task-yield id=5 reason=RtosPortYield
[machine.2]      2000000 user-u32 "logger_event" = 65536
[machine.2]      2000000 task-resume id=2 reason=scheduler
[machine.2]      2000000 task-yield id=2 reason=Idle
