[machine.1]      1500000 user-u32 "fault:reboot" = 1
[machine.1]      1500500 can-rx receiver=1 id=0x0001 len=5
[machine.1]      1500500 can-rx receiver=1 id=0x0001 len=5
[machine.1]      1500500 can-rx receiver=1 id=0x0001 len=5
[machine.1]      1500500 can-rx receiver=1 id=0x0101 len=2
[machine.1]      1500500 can-rx receiver=1 id=0x0102 len=2
[machine.1]      1500500 can-rx receiver=1 id=0x0200 len=8
[machine.1]      1500500 can-rx receiver=1 id=0x0201 len=2
[machine.1]      1500500 can-rx receiver=1 id=0x0500 len=7
[machine.1]      1510500 can-rx receiver=1 id=0x0101 len=2
[machine.1]      1510500 can-rx receiver=1 id=0x0102 len=2
[machine.1]      1510500 can-rx receiver=1 id=0x0200 len=8
[machine.1]      1510500 can-rx receiver=1 id=0x0500 len=7
[machine.1]      1520500 can-rx receiver=1 id=0x0101 len=2
[machine.1]      1520500 can-rx receiver=1 id=0x0102 len=2
[machine.1]      1520500 can-rx receiver=1 id=0x0200 len=8
[machine.1]      1520500 can-rx receiver=1 id=0x0500 len=7
[machine.1]      1530500 can-rx receiver=1 id=0x0101 len=2
[machine.1]      1530500 can-rx receiver=1 id=0x0102 len=2
[machine.1]      1530500 can-rx receiver=1 id=0x0200 len=8
[machine.1]      1530500 can-rx receiver=1 id=0x0500 len=7
[machine.1]      1540500 can-rx receiver=1 id=0x0101 len=2
[machine.1]      1540500 can-rx receiver=1 id=0x0102 len=2
[machine.1]      1540500 can-rx receiver=1 id=0x0200 len=8
[machine.1]      1540500 can-rx receiver=1 id=0x0500 len=7
[machine.1]      1550500 can-rx receiver=1 id=0x0101 len=2
[machine.1]      1550500 can-rx receiver=1 id=0x0102 len=2
[machine.1]      1550500 can-rx receiver=1 id=0x0200 len=8
[machine.1]      1550500 can-rx receiver=1 id=0x0201 len=2
[machine.1]      1550500 can-rx receiver=1 id=0x0500 len=7
[machine.1]      1560500 can-rx receiver=1 id=0x0101 len=2
[machine.1]      1560500 can-rx receiver=1 id=0x0102 len=2
[machine.1]      1560500 can-rx receiver=1 id=0x0200 len=8
[machine.1]      1560500 can-rx receiver=1 id=0x0500 len=7
[machine.1]      1570500 can-rx receiver=1 id=0x0101 len=2
[machine.1]      1570500 can-rx receiver=1 id=0x0102 len=2
[machine.1]      1570500 can-rx receiver=1 id=0x0200 len=8
[machine.1]      1570500 can-rx receiver=1 id=0x0500 len=7
[machine.1]      1580500 can-rx receiver=1 id=0x0101 len=2
[machine.1]      1580500 can-rx receiver=1 id=0x0102 len=2
[machine.1]      1580500 can-rx receiver=1 id=0x0200 len=8
[machine.1]      1580500 can-rx receiver=1 id=0x0500 len=7
[machine.1]      1590500 can-rx receiver=1 id=0x0101 len=2
[machine.1]      1590500 can-rx receiver=1 id=0x0102 len=2
[machine.1]      1590500 can-rx receiver=1 id=0x0200 len=8
[machine.1]      1590500 can-rx receiver=1 id=0x0500 len=7
[machine.1]      1600500 can-rx receiver=1 id=0x0001 len=5
[machine.1]      1600500 can-rx receiver=1 id=0x0001 len=5
[machine.1]      1600500 can-rx receiver=1 id=0x0001 len=5
[machine.1]      1600500 can-rx receiver=1 id=0x0101 len=2
[machine.1]      1600500 can-rx receiver=1 id=0x0102 len=2
[machine.1]      1600500 can-rx receiver=1 id=0x0200 len=8
[machine.1]      1600500 can-rx receiver=1 id=0x0201 len=2
[machine.1]      1600500 can-rx receiver=1 id=0x0500 len=7
[machine.1]      1610500 can-rx receiver=1 id=0x0101 len=2
[machine.1]      1610500 can-rx receiver=1 id=0x0102 len=2
[machine.1]      1610500 can-rx receiver=1 id=0x0200 len=8
[machine.1]      1610500 can-rx receiver=1 id=0x0500 len=7
[machine.1]      1620500 can-rx receiver=1 id=0x0101 len=2
[machine.1]      1620500 can-rx receiver=1 id=0x0102 len=2
[machine.1]      1620500 can-rx receiver=1 id=0x0200 len=8
[machine.1]      1620500 can-rx receiver=1 id=0x0500 len=7
[machine.1]      1630500 can-rx receiver=1 id=0x0101 len=2
[machine.1]      1630500 can-rx receiver=1 id=0x0102 len=2
[machine.1]      1630500 can-rx receiver=1 id=0x0200 len=8
[machine.1]      1630500 can-rx receiver=1 id=0x0500 len=7
[machine.1]      1640500 can-rx receiver=1 id=0x0101 len=2
[machine.1]      1640500 can-rx receiver=1 id=0x0102 len=2
[machine.1]      1640500 can-rx receiver=1 id=0x0200 len=8
[machine.1]      1640500 can-rx receiver=1 id=0x0500 len=7
[machine.1]      1650500 can-rx receiver=1 id=0x0101 len=2
[machine.1]      1650500 can-rx receiver=1 id=0x0102 len=2
[machine.1]      1650500 can-rx receiver=1 id=0x0200 len=8
[machine.1]      1650500 can-rx receiver=1 id=0x0201 len=2
[machine.1]      1650500 can-rx receiver=1 id=0x0500 len=7
[machine.1]      1660500 can-rx receiver=1 id=0x0101 len=2
[machine.1]      1660500 can-rx receiver=1 id=0x0102 len=2
[machine.1]      1660500 can-rx receiver=1 id=0x0200 len=8
[machine.1]      1660500 can-rx receiver=1 id=0x0500 len=7
[machine.1]      1670500 can-rx receiver=1 id=0x0101 len=2
[machine.1]      1670500 can-rx receiver=1 id=0x0102 len=2
[machine.1]      1670500 can-rx receiver=1 id=0x0200 len=8
[machine.1]      1670500 can-rx receiver=1 id=0x0500 len=7
[machine.1]      1680500 can-rx receiver=1 id=0x0101 len=2
[machine.1]      1680500 can-rx receiver=1 id=0x0102 len=2
[machine.1]      1680500 can-rx receiver=1 id=0x0200 len=8
[machine.1]      1680500 can-rx receiver=1 id=0x0500 len=7
[machine.1]      1690500 can-rx receiver=1 id=0x0101 len=2
[machine.1]      1690500 can-rx receiver=1 id=0x0102 len=2
[machine.1]      1690500 can-rx receiver=1 id=0x0200 len=8
[machine.1]      1690500 can-rx receiver=1 id=0x0500 len=7
[machine.1]      1700500 can-rx receiver=1 id=0x0001 len=5
[machine.1]      1700500 can-rx receiver=1 id=0x0001 len=5
[machine.1]      1700500 can-rx receiver=1 id=0x0001 len=5
[machine.1]      1700500 can-rx receiver=1 id=0x0101 len=2
[machine.1]      1700500 can-rx receiver=1 id=0x0102 len=2
[machine.1]      1700500 can-rx receiver=1 id=0x0200 len=8
[machine.1]      1700500 can-rx receiver=1 id=0x0201 len=2
[machine.1]      1700500 can-rx receiver=1 id=0x0500 len=7
[machine.1]      1710500 can-rx receiver=1 id=0x0101 len=2
[machine.1]      1710500 can-rx receiver=1 id=0x0102 len=2
[machine.1]      1710500 can-rx receiver=1 id=0x0200 len=8
[machine.1]      1710500 can-rx receiver=1 id=0x0500 len=7
[machine.1]      1720500 can-rx receiver=1 id=0x0101 len=2
[machine.1]      1720500 can-rx receiver=1 id=0x0102 len=2
[machine.1]      1720500 can-rx receiver=1 id=0x0200 len=8
[machine.1]      1720500 can-rx receiver=1 id=0x0500 len=7
[machine.1]      1730500 can-rx receiver=1 id=0x0101 len=2
[machine.1]      1730500 can-rx receiver=1 id=0x0102 len=2
[machine.1]      1730500 can-rx receiver=1 id=0x0200 len=8
[machine.1]      1730500 can-rx receiver=1 id=0x0500 len=7
[machine.1]      1740500 can-rx receiver=1 id=0x0101 len=2
[machine.1]      1740500 can-rx receiver=1 id=0x0102 len=2
[machine.1]      1740500 can-rx receiver=1 id=0x0200 len=8
[machine.1]      1740500 can-rx receiver=1 id=0x0500 len=7
[machine.1]      1750500 can-rx receiver=1 id=0x0101 len=2
[machine.1]      1750500 can-rx receiver=1 id=0x0102 len=2
[machine.1]      1750500 can-rx receiver=1 id=0x0200 len=8
[machine.1]      1750500 can-rx receiver=1 id=0x0201 len=2
[machine.1]      1750500 can-rx receiver=1 id=0x0500 len=7
[machine.1]      1760500 can-rx receiver=1 id=0x0101 len=2
[machine.1]      1760500 can-rx receiver=1 id=0x0102 len=2
[machine.1]      1760500 can-rx receiver=1 id=0x0200 len=8
[machine.1]      1760500 can-rx receiver=1 id=0x0500 len=7
[machine.1]      1770500 can-rx receiver=1 id=0x0101 len=2
[machine.1]      1770500 can-rx receiver=1 id=0x0102 len=2
[machine.1]      1770500 can-rx receiver=1 id=0x0200 len=8
[machine.1]      1770500 can-rx receiver=1 id=0x0500 len=7
[machine.1]      1780500 can-rx receiver=1 id=0x0101 len=2
[machine.1]      1780500 can-rx receiver=1 id=0x0102 len=2
[machine.1]      1780500 can-rx receiver=1 id=0x0200 len=8
[machine.1]      1780500 can-rx receiver=1 id=0x0500 len=7
[machine.1]      1790500 can-rx receiver=1 id=0x0101 len=2
[machine.1]      1790500 can-rx receiver=1 id=0x0102 len=2
[machine.1]      1790500 can-rx receiver=1 id=0x0200 len=8
[machine.1]      1790500 can-rx receiver=1 id=0x0500 len=7
[machine.1]      1800500 can-rx receiver=1 id=0x0001 len=5
[machine.1]      1800500 can-rx receiver=1 id=0x0001 len=5
[machine.1]      1800500 can-rx receiver=1 id=0x0001 len=5
[machine.1]      1800500 can-rx receiver=1 id=0x0101 len=2
[machine.1]      1800500 can-rx receiver=1 id=0x0102 len=2
[machine.1]      1800500 can-rx receiver=1 id=0x0200 len=8
[machine.1]      1800500 can-rx receiver=1 id=0x0201 len=2
[machine.1]      1800500 can-rx receiver=1 id=0x0500 len=7
[machine.1]      1810500 can-rx receiver=1 id=0x0101 len=2
[machine.1]      1810500 can-rx receiver=1 id=0x0102 len=2
[machine.1]      1810500 can-rx receiver=1 id=0x0200 len=8
[machine.1]      1810500 can-rx receiver=1 id=0x0500 len=7
[machine.1]      1820500 can-rx receiver=1 id=0x0101 len=2
[machine.1]      1820500 can-rx receiver=1 id=0x0102 len=2
[machine.1]      1820500 can-rx receiver=1 id=0x0200 len=8
[machine.1]      1820500 can-rx receiver=1 id=0x0500 len=7
[machine.1]      1830500 can-rx receiver=1 id=0x0101 len=2
[machine.1]      1830500 can-rx receiver=1 id=0x0102 len=2
[machine.1]      1830500 can-rx receiver=1 id=0x0200 len=8
[machine.1]      1830500 can-rx receiver=1 id=0x0500 len=7
[machine.1]      1840500 can-rx receiver=1 id=0x0101 len=2
[machine.1]      1840500 can-rx receiver=1 id=0x0102 len=2
[machine.1]      1840500 can-rx receiver=1 id=0x0200 len=8
[machine.1]      1840500 can-rx receiver=1 id=0x0500 len=7
[machine.1]      1850500 can-rx receiver=1 id=0x0101 len=2
[machine.1]      1850500 can-rx receiver=1 id=0x0102 len=2
[machine.1]      1850500 can-rx receiver=1 id=0x0200 len=8
[machine.1]      1850500 can-rx receiver=1 id=0x0201 len=2
[machine.1]      1850500 can-rx receiver=1 id=0x0500 len=7
[machine.1]      1860500 can-rx receiver=1 id=0x0101 len=2
[machine.1]      1860500 can-rx receiver=1 id=0x0102 len=2
[machine.1]      1860500 can-rx receiver=1 id=0x0200 len=8
[machine.1]      1860500 can-rx receiver=1 id=0x0500 len=7
[machine.1]      1870500 can-rx receiver=1 id=0x0101 len=2
[machine.1]      1870500 can-rx receiver=1 id=0x0102 len=2
[machine.1]      1870500 can-rx receiver=1 id=0x0200 len=8
[machine.1]      1870500 can-rx receiver=1 id=0x0500 len=7
[machine.1]      1880500 can-rx receiver=1 id=0x0101 len=2
[machine.1]      1880500 can-rx receiver=1 id=0x0102 len=2
[machine.1]      1880500 can-rx receiver=1 id=0x0200 len=8
[machine.1]      1880500 can-rx receiver=1 id=0x0500 len=7
[machine.1]      1890500 can-rx receiver=1 id=0x0101 len=2
[machine.1]      1890500 can-rx receiver=1 id=0x0102 len=2
[machine.1]      1890500 can-rx receiver=1 id=0x0200 len=8
[machine.1]      1890500 can-rx receiver=1 id=0x0500 len=7
[machine.1]      1900500 can-rx receiver=1 id=0x0001 len=5
[machine.1]      1900500 can-rx receiver=1 id=0x0001 len=5
[machine.1]      1900500 can-rx receiver=1 id=0x0001 len=5
[machine.1]      1900500 can-rx receiver=1 id=0x0101 len=2
[machine.1]      1900500 can-rx receiver=1 id=0x0102 len=2
[machine.1]      1900500 can-rx receiver=1 id=0x0200 len=8
[machine.1]      1900500 can-rx receiver=1 id=0x0201 len=2
[machine.1]      1900500 can-rx receiver=1 id=0x0500 len=7
[machine.1]      1910500 can-rx receiver=1 id=0x0101 len=2
[machine.1]      1910500 can-rx receiver=1 id=0x0102 len=2
[machine.1]      1910500 can-rx receiver=1 id=0x0200 len=8
[machine.1]      1910500 can-rx receiver=1 id=0x0500 len=7
[machine.1]      1920500 can-rx receiver=1 id=0x0101 len=2
[machine.1]      1920500 can-rx receiver=1 id=0x0102 len=2
[machine.1]      1920500 can-rx receiver=1 id=0x0200 len=8
[machine.1]      1920500 can-rx receiver=1 id=0x0500 len=7
[machine.1]      1930500 can-rx receiver=1 id=0x0101 len=2
[machine.1]      1930500 can-rx receiver=1 id=0x0102 len=2
[machine.1]      1930500 can-rx receiver=1 id=0x0200 len=8
[machine.1]      1930500 can-rx receiver=1 id=0x0500 len=7
[machine.1]      1940500 can-rx receiver=1 id=0x0101 len=2
[machine.1]      1940500 can-rx receiver=1 id=0x0102 len=2
[machine.1]      1940500 can-rx receiver=1 id=0x0200 len=8
[machine.1]      1940500 can-rx receiver=1 id=0x0500 len=7
[machine.1]      1950500 can-rx receiver=1 id=0x0101 len=2
[machine.1]      1950500 can-rx receiver=1 id=0x0102 len=2
[machine.1]      1950500 can-rx receiver=1 id=0x0200 len=8
[machine.1]      1950500 can-rx receiver=1 id=0x0201 len=2
[machine.1]      1950500 can-rx receiver=1 id=0x0500 len=7
[machine.1]      1960500 can-rx receiver=1 id=0x0101 len=2
[machine.1]      1960500 can-rx receiver=1 id=0x0102 len=2
[machine.1]      1960500 can-rx receiver=1 id=0x0200 len=8
[machine.1]      1960500 can-rx receiver=1 id=0x0500 len=7
[machine.1]      1970500 can-rx receiver=1 id=0x0101 len=2
[machine.1]      1970500 can-rx receiver=1 id=0x0102 len=2
[machine.1]      1970500 can-rx receiver=1 id=0x0200 len=8
[machine.1]      1970500 can-rx receiver=1 id=0x0500 len=7
[machine.1]      1980500 can-rx receiver=1 id=0x0101 len=2
[machine.1]      1980500 can-rx receiver=1 id=0x0102 len=2
[machine.1]      1980500 can-rx receiver=1 id=0x0200 len=8
[machine.1]      1980500 can-rx receiver=1 id=0x0500 len=7
[machine.1]      1990500 can-rx receiver=1 id=0x0101 len=2
[machine.1]      1990500 can-rx receiver=1 id=0x0102 len=2
[machine.1]      1990500 can-rx receiver=1 id=0x0200 len=8
[machine.1]      1990500 can-rx receiver=1 id=0x0500 len=7
[machine.1]      2000500 can-rx receiver=1 id=0x0001 len=5
[machine.1]      2000500 can-rx receiver=1 id=0x0001 len=5
[machine.1]      2000500 can-rx receiver=1 id=0x0001 len=5
[machine.1]      2000500 can-rx receiver=1 id=0x0101 len=2
[machine.1]      2000500 can-rx receiver=1 id=0x0102 len=2
[machine.1]      2000500 can-rx receiver=1 id=0x0200 len=8
[machine.1]      2000500 can-rx receiver=1 id=0x0201 len=2
[machine.1]      2000500 can-rx receiver=1 id=0x0500 len=7
[machine.1]      2010500 can-rx receiver=1 id=0x0101 len=2
[machine.1]      2010500 can-rx receiver=1 id=0x0102 len=2
[machine.1]      2010500 can-rx receiver=1 id=0x0200 len=8
[machine.1]      2010500 can-rx receiver=1 id=0x0500 len=7
[machine.1]      2020500 can-rx receiver=1 id=0x0101 len=2
[machine.1]      2020500 can-rx receiver=1 id=0x0102 len=2
[machine.1]      2020500 can-rx receiver=1 id=0x0200 len=8
[machine.1]      2020500 can-rx receiver=1 id=0x0500 len=7
[machine.1]      2030500 can-rx receiver=1 id=0x0101 len=2
[machine.1]      2030500 can-rx receiver=1 id=0x0102 len=2
[machine.1]      2030500 can-rx receiver=1 id=0x0200 len=8
[machine.1]      2030500 can-rx receiver=1 id=0x0500 len=7
[machine.1]      2040500 can-rx receiver=1 id=0x0101 len=2
[machine.1]      2040500 can-rx receiver=1 id=0x0102 len=2
[machine.1]      2040500 can-rx receiver=1 id=0x0200 len=8
[machine.1]      2040500 can-rx receiver=1 id=0x0500 len=7
[machine.1]      2050500 can-rx receiver=1 id=0x0101 len=2
[machine.1]      2050500 can-rx receiver=1 id=0x0102 len=2
[machine.1]      2050500 can-rx receiver=1 id=0x0200 len=8
[machine.1]      2050500 can-rx receiver=1 id=0x0201 len=2
[machine.1]      2050500 can-rx receiver=1 id=0x0500 len=7
[machine.1]      2060500 can-rx receiver=1 id=0x0101 len=2
[machine.1]      2060500 can-rx receiver=1 id=0x0102 len=2
[machine.1]      2060500 can-rx receiver=1 id=0x0200 len=8
[machine.1]      2060500 can-rx receiver=1 id=0x0500 len=7
[machine.1]      2070500 can-rx receiver=1 id=0x0101 len=2
[machine.1]      2070500 can-rx receiver=1 id=0x0102 len=2
[machine.1]      2070500 can-rx receiver=1 id=0x0200 len=8
[machine.1]      2070500 can-rx receiver=1 id=0x0500 len=7
[machine.1]      2080500 can-rx receiver=1 id=0x0101 len=2
[machine.1]      2080500 can-rx receiver=1 id=0x0102 len=2
[machine.1]      2080500 can-rx receiver=1 id=0x0200 len=8
[machine.1]      2080500 can-rx receiver=1 id=0x0500 len=7
[machine.1]      2090500 can-rx receiver=1 id=0x0101 len=2
[machine.1]      2090500 can-rx receiver=1 id=0x0102 len=2
[machine.1]      2090500 can-rx receiver=1 id=0x0200 len=8
[machine.1]      2090500 can-rx receiver=1 id=0x0500 len=7
[machine.1]      2100500 can-rx receiver=1 id=0x0001 len=5
[machine.1]      2100500 can-rx receiver=1 id=0x0001 len=5
[machine.1]      2100500 can-rx receiver=1 id=0x0001 len=5
[machine.1]      2100500 can-rx receiver=1 id=0x0101 len=2
[machine.1]      2100500 can-rx receiver=1 id=0x0102 len=2
[machine.1]      2100500 can-rx receiver=1 id=0x0200 len=8
[machine.1]      2100500 can-rx receiver=1 id=0x0201 len=2
[machine.1]      2100500 can-rx receiver=1 id=0x0500 len=7
[machine.1]      2110500 can-rx receiver=1 id=0x0101 len=2
[machine.1]      2110500 can-rx receiver=1 id=0x0102 len=2
[machine.1]      2110500 can-rx receiver=1 id=0x0200 len=8
[machine.1]      2110500 can-rx receiver=1 id=0x0500 len=7
[machine.1]      2120500 can-rx receiver=1 id=0x0101 len=2
[machine.1]      2120500 can-rx receiver=1 id=0x0102 len=2
[machine.1]      2120500 can-rx receiver=1 id=0x0200 len=8
[machine.1]      2120500 can-rx receiver=1 id=0x0500 len=7
[machine.1]      2130500 can-rx receiver=1 id=0x0101 len=2
[machine.1]      2130500 can-rx receiver=1 id=0x0102 len=2
[machine.1]      2130500 can-rx receiver=1 id=0x0200 len=8
[machine.1]      2130500 can-rx receiver=1 id=0x0500 len=7
[machine.1]      2140500 can-rx receiver=1 id=0x0101 len=2
[machine.1]      2140500 can-rx receiver=1 id=0x0102 len=2
[machine.1]      2140500 can-rx receiver=1 id=0x0200 len=8
[machine.1]      2140500 can-rx receiver=1 id=0x0500 len=7
[machine.1]      2150500 can-rx receiver=1 id=0x0101 len=2
[machine.1]      2150500 can-rx receiver=1 id=0x0102 len=2
[machine.1]      2150500 can-rx receiver=1 id=0x0200 len=8
[machine.1]      2150500 can-rx receiver=1 id=0x0201 len=2
[machine.1]      2150500 can-rx receiver=1 id=0x0500 len=7
[machine.1]      2160500 can-rx receiver=1 id=0x0101 len=2
[machine.1]      2160500 can-rx receiver=1 id=0x0102 len=2
[machine.1]      2160500 can-rx receiver=1 id=0x0200 len=8
[machine.1]      2160500 can-rx receiver=1 id=0x0500 len=7
[machine.1]      2170500 can-rx receiver=1 id=0x0101 len=2
[machine.1]      2170500 can-rx receiver=1 id=0x0102 len=2
[machine.1]      2170500 can-rx receiver=1 id=0x0200 len=8
[machine.1]      2170500 can-rx receiver=1 id=0x0500 len=7
[machine.1]      2180500 can-rx receiver=1 id=0x0101 len=2
[machine.1]      2180500 can-rx receiver=1 id=0x0102 len=2
[machine.1]      2180500 can-rx receiver=1 id=0x0200 len=8
[machine.1]      2180500 can-rx receiver=1 id=0x0500 len=7
[machine.1]      2190500 can-rx receiver=1 id=0x0101 len=2
[machine.1]      2190500 can-rx receiver=1 id=0x0102 len=2
[machine.1]      2190500 can-rx receiver=1 id=0x0200 len=8
[machine.1]      2190500 can-rx receiver=1 id=0x0500 len=7
[machine.1]      2200500 can-rx receiver=1 id=0x0001 len=5
[machine.1]      2200500 can-rx receiver=1 id=0x0001 len=5
[machine.1]      2200500 can-rx receiver=1 id=0x0001 len=5
[machine.1]      2200500 can-rx receiver=1 id=0x0101 len=2
[machine.1]      2200500 can-rx receiver=1 id=0x0102 len=2
[machine.1]      2200500 can-rx receiver=1 id=0x0200 len=8
[machine.1]      2200500 can-rx receiver=1 id=0x0201 len=2
[machine.1]      2200500 can-rx receiver=1 id=0x0500 len=7
[machine.1]      2210500 can-rx receiver=1 id=0x0101 len=2
[machine.1]      2210500 can-rx receiver=1 id=0x0102 len=2
[machine.1]      2210500 can-rx receiver=1 id=0x0200 len=8
[machine.1]      2210500 can-rx receiver=1 id=0x0500 len=7
[machine.1]      2220500 can-rx receiver=1 id=0x0101 len=2
[machine.1]      2220500 can-rx receiver=1 id=0x0102 len=2
[machine.1]      2220500 can-rx receiver=1 id=0x0200 len=8
[machine.1]      2220500 can-rx receiver=1 id=0x0500 len=7
[machine.1]      2230500 can-rx receiver=1 id=0x0101 len=2
[machine.1]      2230500 can-rx receiver=1 id=0x0102 len=2
[machine.1]      2230500 can-rx receiver=1 id=0x0200 len=8
[machine.1]      2230500 can-rx receiver=1 id=0x0500 len=7
[machine.1]      2240500 can-rx receiver=1 id=0x0101 len=2
[machine.1]      2240500 can-rx receiver=1 id=0x0102 len=2
[machine.1]      2240500 can-rx receiver=1 id=0x0200 len=8
[machine.1]      2240500 can-rx receiver=1 id=0x0500 len=7
[machine.1]      2250500 can-rx receiver=1 id=0x0101 len=2
[machine.1]      2250500 can-rx receiver=1 id=0x0102 len=2
[machine.1]      2250500 can-rx receiver=1 id=0x0200 len=8
[machine.1]      2250500 can-rx receiver=1 id=0x0201 len=2
[machine.1]      2250500 can-rx receiver=1 id=0x0500 len=7
[machine.1]      2260500 can-rx receiver=1 id=0x0101 len=2
[machine.1]      2260500 can-rx receiver=1 id=0x0102 len=2
[machine.1]      2260500 can-rx receiver=1 id=0x0200 len=8
[machine.1]      2260500 can-rx receiver=1 id=0x0500 len=7
[machine.1]      2270500 can-rx receiver=1 id=0x0101 len=2
[machine.1]      2270500 can-rx receiver=1 id=0x0102 len=2
[machine.1]      2270500 can-rx receiver=1 id=0x0200 len=8
[machine.1]      2270500 can-rx receiver=1 id=0x0500 len=7
[machine.1]      2280500 can-rx receiver=1 id=0x0101 len=2
[machine.1]      2280500 can-rx receiver=1 id=0x0102 len=2
[machine.1]      2280500 can-rx receiver=1 id=0x0200 len=8
[machine.1]      2280500 can-rx receiver=1 id=0x0500 len=7
[machine.1]      2290500 can-rx receiver=1 id=0x0101 len=2
[machine.1]      2290500 can-rx receiver=1 id=0x0102 len=2
[machine.1]      2290500 can-rx receiver=1 id=0x0200 len=8
[machine.1]      2290500 can-rx receiver=1 id=0x0500 len=7
[machine.1]      2300500 can-rx receiver=1 id=0x0001 len=5
[machine.1]      2300500 can-rx receiver=1 id=0x0001 len=5
[machine.1]      2300500 can-rx receiver=1 id=0x0001 len=5
[machine.1]      2300500 can-rx receiver=1 id=0x0101 len=2
[machine.1]      2300500 can-rx receiver=1 id=0x0102 len=2
[machine.1]      2300500 can-rx receiver=1 id=0x0200 len=8
[machine.1]      2300500 can-rx receiver=1 id=0x0201 len=2
[machine.1]      2300500 can-rx receiver=1 id=0x0500 len=7
[machine.1]      2310500 can-rx receiver=1 id=0x0101 len=2
[machine.1]      2310500 can-rx receiver=1 id=0x0102 len=2
[machine.1]      2310500 can-rx receiver=1 id=0x0200 len=8
[machine.1]      2310500 can-rx receiver=1 id=0x0500 len=7
[machine.1]      2320500 can-rx receiver=1 id=0x0101 len=2
[machine.1]      2320500 can-rx receiver=1 id=0x0102 len=2
[machine.1]      2320500 can-rx receiver=1 id=0x0200 len=8
[machine.1]      2320500 can-rx receiver=1 id=0x0500 len=7
[machine.1]      2330500 can-rx receiver=1 id=0x0101 len=2
[machine.1]      2330500 can-rx receiver=1 id=0x0102 len=2
[machine.1]      2330500 can-rx receiver=1 id=0x0200 len=8
[machine.1]      2330500 can-rx receiver=1 id=0x0500 len=7
[machine.1]      2340500 can-rx receiver=1 id=0x0101 len=2
[machine.1]      2340500 can-rx receiver=1 id=0x0102 len=2
[machine.1]      2340500 can-rx receiver=1 id=0x0200 len=8
[machine.1]      2340500 can-rx receiver=1 id=0x0500 len=7
[machine.1]      2350500 can-rx receiver=1 id=0x0101 len=2
[machine.1]      2350500 can-rx receiver=1 id=0x0102 len=2
[machine.1]      2350500 can-rx receiver=1 id=0x0200 len=8
[machine.1]      2350500 can-rx receiver=1 id=0x0201 len=2
[machine.1]      2350500 can-rx receiver=1 id=0x0500 len=7
[machine.1]      2360500 can-rx receiver=1 id=0x0101 len=2
[machine.1]      2360500 can-rx receiver=1 id=0x0102 len=2
[machine.1]      2360500 can-rx receiver=1 id=0x0200 len=8
[machine.1]      2360500 can-rx receiver=1 id=0x0500 len=7
[machine.1]      2370500 can-rx receiver=1 id=0x0101 len=2
[machine.1]      2370500 can-rx receiver=1 id=0x0102 len=2
[machine.1]      2370500 can-rx receiver=1 id=0x0200 len=8
[machine.1]      2370500 can-rx receiver=1 id=0x0500 len=7
[machine.1]      2380500 can-rx receiver=1 id=0x0101 len=2
[machine.1]      2380500 can-rx receiver=1 id=0x0102 len=2
[machine.1]      2380500 can-rx receiver=1 id=0x0200 len=8
[machine.1]      2380500 can-rx receiver=1 id=0x0500 len=7
[machine.1]      2390500 can-rx receiver=1 id=0x0101 len=2
[machine.1]      2390500 can-rx receiver=1 id=0x0102 len=2
[machine.1]      2390500 can-rx receiver=1 id=0x0200 len=8
[machine.1]      2390500 can-rx receiver=1 id=0x0500 len=7
[machine.1]      2400500 can-rx receiver=1 id=0x0001 len=5
[machine.1]      2400500 can-rx receiver=1 id=0x0001 len=5
[machine.1]      2400500 can-rx receiver=1 id=0x0001 len=5
[machine.1]      2400500 can-rx receiver=1 id=0x0101 len=2
[machine.1]      2400500 can-rx receiver=1 id=0x0102 len=2
[machine.1]      2400500 can-rx receiver=1 id=0x0200 len=8
[machine.1]      2400500 can-rx receiver=1 id=0x0201 len=2
[machine.1]      2400500 can-rx receiver=1 id=0x0500 len=7
[machine.1]      2410500 can-rx receiver=1 id=0x0101 len=2
[machine.1]      2410500 can-rx receiver=1 id=0x0102 len=2
[machine.1]      2410500 can-rx receiver=1 id=0x0200 len=8
[machine.1]      2410500 can-rx receiver=1 id=0x0500 len=7
[machine.1]      2420500 can-rx receiver=1 id=0x0101 len=2
[machine.1]      2420500 can-rx receiver=1 id=0x0102 len=2
[machine.1]      2420500 can-rx receiver=1 id=0x0200 len=8
[machine.1]      2420500 can-rx receiver=1 id=0x0500 len=7
[machine.1]      2430500 can-rx receiver=1 id=0x0101 len=2
[machine.1]      2430500 can-rx receiver=1 id=0x0102 len=2
[machine.1]      2430500 can-rx receiver=1 id=0x0200 len=8
[machine.1]      2430500 can-rx receiver=1 id=0x0500 len=7
[machine.1]      2440500 can-rx receiver=1 id=0x0101 len=2
[machine.1]      2440500 can-rx receiver=1 id=0x0102 len=2
[machine.1]      2440500 can-rx receiver=1 id=0x0200 len=8
[machine.1]      2440500 can-rx receiver=1 id=0x0500 len=7
[machine.1]      2450500 can-rx receiver=1 id=0x0101 len=2
[machine.1]      2450500 can-rx receiver=1 id=0x0102 len=2
[machine.1]      2450500 can-rx receiver=1 id=0x0200 len=8
[machine.1]      2450500 can-rx receiver=1 id=0x0201 len=2
[machine.1]      2450500 can-rx receiver=1 id=0x0500 len=7
[machine.1]      2460500 can-rx receiver=1 id=0x0101 len=2
[machine.1]      2460500 can-rx receiver=1 id=0x0102 len=2
[machine.1]      2460500 can-rx receiver=1 id=0x0200 len=8
[machine.1]      2460500 can-rx receiver=1 id=0x0500 len=7
[machine.1]      2470500 can-rx receiver=1 id=0x0101 len=2
[machine.1]      2470500 can-rx receiver=1 id=0x0102 len=2
[machine.1]      2470500 can-rx receiver=1 id=0x0200 len=8
[machine.1]      2470500 can-rx receiver=1 id=0x0500 len=7
[machine.1]      2480500 can-rx receiver=1 id=0x0101 len=2
[machine.1]      2480500 can-rx receiver=1 id=0x0102 len=2
[machine.1]      2480500 can-rx receiver=1 id=0x0200 len=8
[machine.1]      2480500 can-rx receiver=1 id=0x0500 len=7
[machine.1]      2490500 can-rx receiver=1 id=0x0101 len=2
[machine.1]      2490500 can-rx receiver=1 id=0x0102 len=2
[machine.1]      2490500 can-rx receiver=1 id=0x0200 len=8
[machine.1]      2490500 can-rx receiver=1 id=0x0500 len=7
[machine.1]      2500500 can-rx receiver=1 id=0x0001 len=5
[machine.1]      2500500 can-rx receiver=1 id=0x0001 len=5
[machine.1]      2500500 can-rx receiver=1 id=0x0001 len=5
[machine.1]      2500500 can-rx receiver=1 id=0x0101 len=2
[machine.1]      2500500 can-rx receiver=1 id=0x0102 len=2
[machine.1]      2500500 can-rx receiver=1 id=0x0200 len=8
[machine.1]      2500500 can-rx receiver=1 id=0x0201 len=2
[machine.1]      2500500 can-rx receiver=1 id=0x0500 len=7
[machine.1]      2510500 can-rx receiver=1 id=0x0101 len=2
[machine.1]      2510500 can-rx receiver=1 id=0x0102 len=2
[machine.1]      2510500 can-rx receiver=1 id=0x0200 len=8
[machine.1]      2510500 can-rx receiver=1 id=0x0500 len=7
[machine.1]      2520500 can-rx receiver=1 id=0x0101 len=2
[machine.1]      2520500 can-rx receiver=1 id=0x0102 len=2
[machine.1]      2520500 can-rx receiver=1 id=0x0200 len=8
[machine.1]      2520500 can-rx receiver=1 id=0x0500 len=7
[machine.1]      2530500 can-rx receiver=1 id=0x0101 len=2
[machine.1]      2530500 can-rx receiver=1 id=0x0102 len=2
[machine.1]      2530500 can-rx receiver=1 id=0x0200 len=8
[machine.1]      2530500 can-rx receiver=1 id=0x0500 len=7
[machine.1]      2540500 can-rx receiver=1 id=0x0101 len=2
[machine.1]      2540500 can-rx receiver=1 id=0x0102 len=2
[machine.1]      2540500 can-rx receiver=1 id=0x0200 len=8
[machine.1]      2540500 can-rx receiver=1 id=0x0500 len=7
[machine.1]      2550500 can-rx receiver=1 id=0x0101 len=2
[machine.1]      2550500 can-rx receiver=1 id=0x0102 len=2
[machine.1]      2550500 can-rx receiver=1 id=0x0200 len=8
[machine.1]      2550500 can-rx receiver=1 id=0x0201 len=2
[machine.1]      2550500 can-rx receiver=1 id=0x0500 len=7
[machine.1]      2560500 can-rx receiver=1 id=0x0101 len=2
[machine.1]      2560500 can-rx receiver=1 id=0x0102 len=2
[machine.1]      2560500 can-rx receiver=1 id=0x0200 len=8
[machine.1]      2560500 can-rx receiver=1 id=0x0500 len=7
[machine.1]      2570500 can-rx receiver=1 id=0x0101 len=2
[machine.1]      2570500 can-rx receiver=1 id=0x0102 len=2
[machine.1]      2570500 can-rx receiver=1 id=0x0200 len=8
[machine.1]      2570500 can-rx receiver=1 id=0x0500 len=7
[machine.1]      2580500 can-rx receiver=1 id=0x0101 len=2
[machine.1]      2580500 can-rx receiver=1 id=0x0102 len=2
[machine.1]      2580500 can-rx receiver=1 id=0x0200 len=8
[machine.1]      2580500 can-rx receiver=1 id=0x0500 len=7
[machine.1]      2590500 can-rx receiver=1 id=0x0101 len=2
[machine.1]      2590500 can-rx receiver=1 id=0x0102 len=2
[machine.1]      2590500 can-rx receiver=1 id=0x0200 len=8
[machine.1]      2590500 can-rx receiver=1 id=0x0500 len=7
[machine.1]      2600500 can-rx receiver=1 id=0x0001 len=5
[machine.1]      2600500 can-rx receiver=1 id=0x0001 len=5
[machine.1]      2600500 can-rx receiver=1 id=0x0001 len=5
[machine.1]      2600500 can-rx receiver=1 id=0x0101 len=2
[machine.1]      2600500 can-rx receiver=1 id=0x0102 len=2
[machine.1]      2600500 can-rx receiver=1 id=0x0200 len=8
[machine.1]      2600500 can-rx receiver=1 id=0x0201 len=2
[machine.1]      2600500 can-rx receiver=1 id=0x0500 len=7
[machine.1]      2610500 can-rx receiver=1 id=0x0101 len=2
[machine.1]      2610500 can-rx receiver=1 id=0x0102 len=2
[machine.1]      2610500 can-rx receiver=1 id=0x0200 len=8
[machine.1]      2610500 can-rx receiver=1 id=0x0500 len=7
[machine.1]      2620500 can-rx receiver=1 id=0x0101 len=2
[machine.1]      2620500 can-rx receiver=1 id=0x0102 len=2
[machine.1]      2620500 can-rx receiver=1 id=0x0200 len=8
[machine.1]      2620500 can-rx receiver=1 id=0x0500 len=7
[machine.1]      2630500 can-rx receiver=1 id=0x0101 len=2
[machine.1]      2630500 can-rx receiver=1 id=0x0102 len=2
[machine.1]      2630500 can-rx receiver=1 id=0x0200 len=8
[machine.1]      2630500 can-rx receiver=1 id=0x0500 len=7
[machine.1]      2640500 can-rx receiver=1 id=0x0101 len=2
[machine.1]      2640500 can-rx receiver=1 id=0x0102 len=2
[machine.1]      2640500 can-rx receiver=1 id=0x0200 len=8
[machine.1]      2640500 can-rx receiver=1 id=0x0500 len=7
[machine.1]      2650500 can-rx receiver=1 id=0x0101 len=2
[machine.1]      2650500 can-rx receiver=1 id=0x0102 len=2
[machine.1]      2650500 can-rx receiver=1 id=0x0200 len=8
[machine.1]      2650500 can-rx receiver=1 id=0x0201 len=2
[machine.1]      2650500 can-rx receiver=1 id=0x0500 len=7
[machine.1]      2660500 can-rx receiver=1 id=0x0101 len=2
[machine.1]      2660500 can-rx receiver=1 id=0x0102 len=2
[machine.1]      2660500 can-rx receiver=1 id=0x0200 len=8
[machine.1]      2660500 can-rx receiver=1 id=0x0500 len=7
[machine.1]      2670500 can-rx receiver=1 id=0x0101 len=2
[machine.1]      2670500 can-rx receiver=1 id=0x0102 len=2
[machine.1]      2670500 can-rx receiver=1 id=0x0200 len=8
[machine.1]      2670500 can-rx receiver=1 id=0x0500 len=7
[machine.1]      2680500 can-rx receiver=1 id=0x0101 len=2
[machine.1]      2680500 can-rx receiver=1 id=0x0102 len=2
[machine.1]      2680500 can-rx receiver=1 id=0x0200 len=8
[machine.1]      2680500 can-rx receiver=1 id=0x0500 len=7
[machine.1]      2690500 can-rx receiver=1 id=0x0101 len=2
[machine.1]      2690500 can-rx receiver=1 id=0x0102 len=2
[machine.1]      2690500 can-rx receiver=1 id=0x0200 len=8
[machine.1]      2690500 can-rx receiver=1 id=0x0500 len=7
[machine.1]      2700500 can-rx receiver=1 id=0x0001 len=5
[machine.1]      2700500 can-rx receiver=1 id=0x0001 len=5
[machine.1]      2700500 can-rx receiver=1 id=0x0001 len=5
[machine.1]      2700500 can-rx receiver=1 id=0x0101 len=2
[machine.1]      2700500 can-rx receiver=1 id=0x0102 len=2
[machine.1]      2700500 can-rx receiver=1 id=0x0200 len=8
[machine.1]      2700500 can-rx receiver=1 id=0x0201 len=2
[machine.1]      2700500 can-rx receiver=1 id=0x0500 len=7
[machine.1]      2710500 can-rx receiver=1 id=0x0101 len=2
[machine.1]      2710500 can-rx receiver=1 id=0x0102 len=2
[machine.1]      2710500 can-rx receiver=1 id=0x0200 len=8
[machine.1]      2710500 can-rx receiver=1 id=0x0500 len=7
[machine.1]      2720500 can-rx receiver=1 id=0x0101 len=2
[machine.1]      2720500 can-rx receiver=1 id=0x0102 len=2
[machine.1]      2720500 can-rx receiver=1 id=0x0200 len=8
[machine.1]      2720500 can-rx receiver=1 id=0x0500 len=7
[machine.1]      2730500 can-rx receiver=1 id=0x0101 len=2
[machine.1]      2730500 can-rx receiver=1 id=0x0102 len=2
[machine.1]      2730500 can-rx receiver=1 id=0x0200 len=8
[machine.1]      2730500 can-rx receiver=1 id=0x0500 len=7
[machine.1]      2740500 can-rx receiver=1 id=0x0101 len=2
[machine.1]      2740500 can-rx receiver=1 id=0x0102 len=2
[machine.1]      2740500 can-rx receiver=1 id=0x0200 len=8
[machine.1]      2740500 can-rx receiver=1 id=0x0500 len=7
[machine.1]      2750500 can-rx receiver=1 id=0x0101 len=2
[machine.1]      2750500 can-rx receiver=1 id=0x0102 len=2
[machine.1]      2750500 can-rx receiver=1 id=0x0200 len=8
[machine.1]      2750500 can-rx receiver=1 id=0x0201 len=2
[machine.1]      2750500 can-rx receiver=1 id=0x0500 len=7
[machine.1]      2760500 can-rx receiver=1 id=0x0101 len=2
[machine.1]      2760500 can-rx receiver=1 id=0x0102 len=2
[machine.1]      2760500 can-rx receiver=1 id=0x0200 len=8
[machine.1]      2760500 can-rx receiver=1 id=0x0500 len=7
[machine.1]      2770500 can-rx receiver=1 id=0x0101 len=2
[machine.1]      2770500 can-rx receiver=1 id=0x0102 len=2
[machine.1]      2770500 can-rx receiver=1 id=0x0200 len=8
[machine.1]      2770500 can-rx receiver=1 id=0x0500 len=7
[machine.1]      2780500 can-rx receiver=1 id=0x0101 len=2
[machine.1]      2780500 can-rx receiver=1 id=0x0102 len=2
[machine.1]      2780500 can-rx receiver=1 id=0x0200 len=8
[machine.1]      2780500 can-rx receiver=1 id=0x0500 len=7
[machine.1]      2790500 can-rx receiver=1 id=0x0101 len=2
[machine.1]      2790500 can-rx receiver=1 id=0x0102 len=2
[machine.1]      2790500 can-rx receiver=1 id=0x0200 len=8
[machine.1]      2790500 can-rx receiver=1 id=0x0500 len=7
[machine.1]      2800500 can-rx receiver=1 id=0x0001 len=5
[machine.1]      2800500 can-rx receiver=1 id=0x0001 len=5
[machine.1]      2800500 can-rx receiver=1 id=0x0001 len=5
[machine.1]      2800500 can-rx receiver=1 id=0x0101 len=2
[machine.1]      2800500 can-rx receiver=1 id=0x0102 len=2
[machine.1]      2800500 can-rx receiver=1 id=0x0200 len=8
[machine.1]      2800500 can-rx receiver=1 id=0x0201 len=2
[machine.1]      2800500 can-rx receiver=1 id=0x0500 len=7
[machine.1]      2810500 can-rx receiver=1 id=0x0101 len=2
[machine.1]      2810500 can-rx receiver=1 id=0x0102 len=2
[machine.1]      2810500 can-rx receiver=1 id=0x0200 len=8
[machine.1]      2810500 can-rx receiver=1 id=0x0500 len=7
[machine.1]      2820500 can-rx receiver=1 id=0x0101 len=2
[machine.1]      2820500 can-rx receiver=1 id=0x0102 len=2
[machine.1]      2820500 can-rx receiver=1 id=0x0200 len=8
[machine.1]      2820500 can-rx receiver=1 id=0x0500 len=7
[machine.1]      2830500 can-rx receiver=1 id=0x0101 len=2
[machine.1]      2830500 can-rx receiver=1 id=0x0102 len=2
[machine.1]      2830500 can-rx receiver=1 id=0x0200 len=8
[machine.1]      2830500 can-rx receiver=1 id=0x0500 len=7
[machine.1]      2840500 can-rx receiver=1 id=0x0101 len=2
[machine.1]      2840500 can-rx receiver=1 id=0x0102 len=2
[machine.1]      2840500 can-rx receiver=1 id=0x0200 len=8
[machine.1]      2840500 can-rx receiver=1 id=0x0500 len=7
[machine.1]      2850500 can-rx receiver=1 id=0x0101 len=2
[machine.1]      2850500 can-rx receiver=1 id=0x0102 len=2
[machine.1]      2850500 can-rx receiver=1 id=0x0200 len=8
[machine.1]      2850500 can-rx receiver=1 id=0x0201 len=2
[machine.1]      2850500 can-rx receiver=1 id=0x0500 len=7
[machine.1]      2860500 can-rx receiver=1 id=0x0101 len=2
[machine.1]      2860500 can-rx receiver=1 id=0x0102 len=2
[machine.1]      2860500 can-rx receiver=1 id=0x0200 len=8
[machine.1]      2860500 can-rx receiver=1 id=0x0500 len=7
[machine.1]      2870500 can-rx receiver=1 id=0x0101 len=2
[machine.1]      2870500 can-rx receiver=1 id=0x0102 len=2
[machine.1]      2870500 can-rx receiver=1 id=0x0200 len=8
[machine.1]      2870500 can-rx receiver=1 id=0x0500 len=7
[machine.1]      2880500 can-rx receiver=1 id=0x0101 len=2
[machine.1]      2880500 can-rx receiver=1 id=0x0102 len=2
[machine.1]      2880500 can-rx receiver=1 id=0x0200 len=8
[machine.1]      2880500 can-rx receiver=1 id=0x0500 len=7
[machine.1]      2890500 can-rx receiver=1 id=0x0101 len=2
[machine.1]      2890500 can-rx receiver=1 id=0x0102 len=2
[machine.1]      2890500 can-rx receiver=1 id=0x0200 len=8
[machine.1]      2890500 can-rx receiver=1 id=0x0500 len=7
[machine.1]      2900500 can-rx receiver=1 id=0x0001 len=5
[machine.1]      2900500 can-rx receiver=1 id=0x0001 len=5
[machine.1]      2900500 can-rx receiver=1 id=0x0001 len=5
[machine.1]      2900500 can-rx receiver=1 id=0x0101 len=2
[machine.1]      2900500 can-rx receiver=1 id=0x0102 len=2
[machine.1]      2900500 can-rx receiver=1 id=0x0200 len=8
[machine.1]      2900500 can-rx receiver=1 id=0x0201 len=2
[machine.1]      2900500 can-rx receiver=1 id=0x0500 len=7
[machine.1]      2910500 can-rx receiver=1 id=0x0101 len=2
[machine.1]      2910500 can-rx receiver=1 id=0x0102 len=2
[machine.1]      2910500 can-rx receiver=1 id=0x0200 len=8
[machine.1]      2910500 can-rx receiver=1 id=0x0500 len=7
[machine.1]      2920500 can-rx receiver=1 id=0x0101 len=2
[machine.1]      2920500 can-rx receiver=1 id=0x0102 len=2
[machine.1]      2920500 can-rx receiver=1 id=0x0200 len=8
[machine.1]      2920500 can-rx receiver=1 id=0x0500 len=7
[machine.1]      2930500 can-rx receiver=1 id=0x0101 len=2
[machine.1]      2930500 can-rx receiver=1 id=0x0102 len=2
[machine.1]      2930500 can-rx receiver=1 id=0x0200 len=8
[machine.1]      2930500 can-rx receiver=1 id=0x0500 len=7
[machine.1]      2940500 can-rx receiver=1 id=0x0101 len=2
[machine.1]      2940500 can-rx receiver=1 id=0x0102 len=2
[machine.1]      2940500 can-rx receiver=1 id=0x0200 len=8
[machine.1]      2940500 can-rx receiver=1 id=0x0500 len=7
[machine.1]      2950500 can-rx receiver=1 id=0x0101 len=2
[machine.1]      2950500 can-rx receiver=1 id=0x0102 len=2
[machine.1]      2950500 can-rx receiver=1 id=0x0200 len=8
[machine.1]      2950500 can-rx receiver=1 id=0x0201 len=2
[machine.1]      2950500 can-rx receiver=1 id=0x0500 len=7
[machine.1]      2960500 can-rx receiver=1 id=0x0101 len=2
[machine.1]      2960500 can-rx receiver=1 id=0x0102 len=2
[machine.1]      2960500 can-rx receiver=1 id=0x0200 len=8
[machine.1]      2960500 can-rx receiver=1 id=0x0500 len=7
[machine.1]      2970500 can-rx receiver=1 id=0x0101 len=2
[machine.1]      2970500 can-rx receiver=1 id=0x0102 len=2
[machine.1]      2970500 can-rx receiver=1 id=0x0200 len=8
[machine.1]      2970500 can-rx receiver=1 id=0x0500 len=7
[machine.1]      2980500 can-rx receiver=1 id=0x0101 len=2
[machine.1]      2980500 can-rx receiver=1 id=0x0102 len=2
[machine.1]      2980500 can-rx receiver=1 id=0x0200 len=8
[machine.1]      2980500 can-rx receiver=1 id=0x0500 len=7
[machine.1]      2990500 can-rx receiver=1 id=0x0101 len=2
[machine.1]      2990500 can-rx receiver=1 id=0x0102 len=2
[machine.1]      2990500 can-rx receiver=1 id=0x0200 len=8
[machine.1]      2990500 can-rx receiver=1 id=0x0500 len=7
[machine.2]          500 can-rx receiver=2 id=0x0001 len=5
[machine.2]          500 can-tx sender=2 id=0x0001 len=5
[machine.2]          500 can-tx sender=2 id=0x0001 len=5
[machine.2]          500 can-tx sender=2 id=0x0001 len=5
[machine.2]          500 can-rx receiver=2 id=0x0001 len=5
[machine.2]          500 can-rx receiver=2 id=0x0001 len=5
[machine.2]        10500 can-rx receiver=2 id=0x0010 len=2
[machine.2]        10500 can-tx sender=2 id=0x0101 len=2
[machine.2]        10500 can-tx sender=2 id=0x0101 len=2
[machine.2]        10500 can-tx sender=2 id=0x0101 len=2
[machine.2]        10500 can-rx receiver=2 id=0x0102 len=2
[machine.2]        10500 can-rx receiver=2 id=0x0500 len=7
[machine.2]        20500 can-tx sender=2 id=0x0101 len=2
[machine.2]        20500 can-tx sender=2 id=0x0101 len=2
[machine.2]        20500 can-tx sender=2 id=0x0101 len=2
[machine.2]        20500 can-rx receiver=2 id=0x0102 len=2
[machine.2]        20500 can-rx receiver=2 id=0x0200 len=8
[machine.2]        20500 can-rx receiver=2 id=0x0500 len=7
[machine.2]        30500 can-tx sender=2 id=0x0101 len=2
[machine.2]        30500 can-tx sender=2 id=0x0101 len=2
[machine.2]        30500 can-tx sender=2 id=0x0101 len=2
[machine.2]        30500 can-rx receiver=2 id=0x0102 len=2
[machine.2]        30500 can-rx receiver=2 id=0x0200 len=8
[machine.2]        30500 can-rx receiver=2 id=0x0500 len=7
[machine.2]        40500 can-tx sender=2 id=0x0101 len=2
[machine.2]        40500 can-tx sender=2 id=0x0101 len=2
[machine.2]        40500 can-tx sender=2 id=0x0101 len=2
[machine.2]        40500 can-rx receiver=2 id=0x0102 len=2
[machine.2]        40500 can-rx receiver=2 id=0x0200 len=8
[machine.2]        40500 can-rx receiver=2 id=0x0500 len=7
[machine.2]        50500 can-rx receiver=2 id=0x0010 len=2
[machine.2]        50500 can-tx sender=2 id=0x0101 len=2
[machine.2]        50500 can-tx sender=2 id=0x0101 len=2
[machine.2]        50500 can-tx sender=2 id=0x0101 len=2
[machine.2]        50500 can-rx receiver=2 id=0x0102 len=2
[machine.2]        50500 can-rx receiver=2 id=0x0200 len=8
[machine.2]        50500 can-rx receiver=2 id=0x0201 len=2
[machine.2]        50500 can-rx receiver=2 id=0x0500 len=7
[machine.2]        60500 can-tx sender=2 id=0x0101 len=2
[machine.2]        60500 can-tx sender=2 id=0x0101 len=2
[machine.2]        60500 can-tx sender=2 id=0x0101 len=2
[machine.2]        60500 can-rx receiver=2 id=0x0102 len=2
[machine.2]        60500 can-rx receiver=2 id=0x0200 len=8
[machine.2]        60500 can-rx receiver=2 id=0x0500 len=7
[machine.2]        70500 can-tx sender=2 id=0x0101 len=2
[machine.2]        70500 can-tx sender=2 id=0x0101 len=2
[machine.2]        70500 can-tx sender=2 id=0x0101 len=2
[machine.2]        70500 can-rx receiver=2 id=0x0102 len=2
[machine.2]        70500 can-rx receiver=2 id=0x0200 len=8
[machine.2]        70500 can-rx receiver=2 id=0x0500 len=7
[machine.2]        80500 can-tx sender=2 id=0x0101 len=2
[machine.2]        80500 can-tx sender=2 id=0x0101 len=2
[machine.2]        80500 can-tx sender=2 id=0x0101 len=2
[machine.2]        80500 can-rx receiver=2 id=0x0102 len=2
[machine.2]        80500 can-rx receiver=2 id=0x0200 len=8
[machine.2]        80500 can-rx receiver=2 id=0x0500 len=7
[machine.2]        90500 can-tx sender=2 id=0x0101 len=2
[machine.2]        90500 can-tx sender=2 id=0x0101 len=2
[machine.2]        90500 can-tx sender=2 id=0x0101 len=2
[machine.2]        90500 can-rx receiver=2 id=0x0102 len=2
[machine.2]        90500 can-rx receiver=2 id=0x0200 len=8
[machine.2]        90500 can-rx receiver=2 id=0x0500 len=7
[machine.2]       100500 can-rx receiver=2 id=0x0001 len=5
[machine.2]       100500 can-tx sender=2 id=0x0001 len=5
[machine.2]       100500 can-tx sender=2 id=0x0001 len=5
[machine.2]       100500 can-tx sender=2 id=0x0001 len=5
[machine.2]       100500 can-rx receiver=2 id=0x0001 len=5
[machine.2]       100500 can-rx receiver=2 id=0x0001 len=5
[machine.2]       100500 can-rx receiver=2 id=0x0010 len=2
[machine.2]       100500 can-tx sender=2 id=0x0101 len=2
[machine.2]       100500 can-tx sender=2 id=0x0101 len=2
[machine.2]       100500 can-tx sender=2 id=0x0101 len=2
[machine.2]       100500 can-rx receiver=2 id=0x0102 len=2
[machine.2]       100500 can-rx receiver=2 id=0x0200 len=8
[machine.2]       100500 can-rx receiver=2 id=0x0201 len=2
[machine.2]       100500 can-rx receiver=2 id=0x0500 len=7
[machine.2]       110500 can-tx sender=2 id=0x0101 len=2
[machine.2]       110500 can-tx sender=2 id=0x0101 len=2
[machine.2]       110500 can-tx sender=2 id=0x0101 len=2
[machine.2]       110500 can-rx receiver=2 id=0x0102 len=2
[machine.2]       110500 can-rx receiver=2 id=0x0200 len=8
[machine.2]       110500 can-rx receiver=2 id=0x0500 len=7
[machine.2]       120500 can-tx sender=2 id=0x0101 len=2
[machine.2]       120500 can-tx sender=2 id=0x0101 len=2
[machine.2]       120500 can-tx sender=2 id=0x0101 len=2
[machine.2]       120500 can-rx receiver=2 id=0x0102 len=2
[machine.2]       120500 can-rx receiver=2 id=0x0200 len=8
[machine.2]       120500 can-rx receiver=2 id=0x0500 len=7
[machine.2]       130500 can-tx sender=2 id=0x0101 len=2
[machine.2]       130500 can-tx sender=2 id=0x0101 len=2
[machine.2]       130500 can-tx sender=2 id=0x0101 len=2
[machine.2]       130500 can-rx receiver=2 id=0x0102 len=2
[machine.2]       130500 can-rx receiver=2 id=0x0200 len=8
[machine.2]       130500 can-rx receiver=2 id=0x0500 len=7
[machine.2]       140500 can-tx sender=2 id=0x0101 len=2
[machine.2]       140500 can-tx sender=2 id=0x0101 len=2
[machine.2]       140500 can-tx sender=2 id=0x0101 len=2
[machine.2]       140500 can-rx receiver=2 id=0x0102 len=2
[machine.2]       140500 can-rx receiver=2 id=0x0200 len=8
[machine.2]       140500 can-rx receiver=2 id=0x0500 len=7
[machine.2]       150500 can-rx receiver=2 id=0x0010 len=2
[machine.2]       150500 can-tx sender=2 id=0x0101 len=2
[machine.2]       150500 can-tx sender=2 id=0x0101 len=2
[machine.2]       150500 can-tx sender=2 id=0x0101 len=2
[machine.2]       150500 can-rx receiver=2 id=0x0102 len=2
[machine.2]       150500 can-rx receiver=2 id=0x0200 len=8
[machine.2]       150500 can-rx receiver=2 id=0x0201 len=2
[machine.2]       150500 can-rx receiver=2 id=0x0500 len=7
[machine.2]       160500 can-tx sender=2 id=0x0101 len=2
[machine.2]       160500 can-tx sender=2 id=0x0101 len=2
[machine.2]       160500 can-tx sender=2 id=0x0101 len=2
[machine.2]       160500 can-rx receiver=2 id=0x0102 len=2
[machine.2]       160500 can-rx receiver=2 id=0x0200 len=8
[machine.2]       160500 can-rx receiver=2 id=0x0500 len=7
[machine.2]       170500 can-tx sender=2 id=0x0101 len=2
[machine.2]       170500 can-tx sender=2 id=0x0101 len=2
[machine.2]       170500 can-tx sender=2 id=0x0101 len=2
[machine.2]       170500 can-rx receiver=2 id=0x0102 len=2
[machine.2]       170500 can-rx receiver=2 id=0x0200 len=8
[machine.2]       170500 can-rx receiver=2 id=0x0500 len=7
[machine.2]       180500 can-tx sender=2 id=0x0101 len=2
[machine.2]       180500 can-tx sender=2 id=0x0101 len=2
[machine.2]       180500 can-tx sender=2 id=0x0101 len=2
[machine.2]       180500 can-rx receiver=2 id=0x0102 len=2
[machine.2]       180500 can-rx receiver=2 id=0x0200 len=8
[machine.2]       180500 can-rx receiver=2 id=0x0500 len=7
[machine.2]       190500 can-tx sender=2 id=0x0101 len=2
[machine.2]       190500 can-tx sender=2 id=0x0101 len=2
[machine.2]       190500 can-tx sender=2 id=0x0101 len=2
[machine.2]       190500 can-rx receiver=2 id=0x0102 len=2
[machine.2]       190500 can-rx receiver=2 id=0x0200 len=8
[machine.2]       190500 can-rx receiver=2 id=0x0500 len=7
[machine.2]       200500 can-rx receiver=2 id=0x0001 len=5
[machine.2]       200500 can-tx sender=2 id=0x0001 len=5
[machine.2]       200500 can-tx sender=2 id=0x0001 len=5
[machine.2]       200500 can-tx sender=2 id=0x0001 len=5
[machine.2]       200500 can-rx receiver=2 id=0x0001 len=5
[machine.2]       200500 can-rx receiver=2 id=0x0001 len=5
[machine.2]       200500 can-rx receiver=2 id=0x0010 len=2
[machine.2]       200500 can-tx sender=2 id=0x0101 len=2
[machine.2]       200500 can-tx sender=2 id=0x0101 len=2
[machine.2]       200500 can-tx sender=2 id=0x0101 len=2
[machine.2]       200500 can-rx receiver=2 id=0x0102 len=2
[machine.2]       200500 can-rx receiver=2 id=0x0200 len=8
[machine.2]       200500 can-rx receiver=2 id=0x0201 len=2
[machine.2]       200500 can-rx receiver=2 id=0x0500 len=7
[machine.2]       210500 can-tx sender=2 id=0x0101 len=2
[machine.2]       210500 can-tx sender=2 id=0x0101 len=2
[machine.2]       210500 can-tx sender=2 id=0x0101 len=2
[machine.2]       210500 can-rx receiver=2 id=0x0102 len=2
[machine.2]       210500 can-rx receiver=2 id=0x0200 len=8
[machine.2]       210500 can-rx receiver=2 id=0x0500 len=7
[machine.2]       220500 can-tx sender=2 id=0x0101 len=2
[machine.2]       220500 can-tx sender=2 id=0x0101 len=2
[machine.2]       220500 can-tx sender=2 id=0x0101 len=2
[machine.2]       220500 can-rx receiver=2 id=0x0102 len=2
[machine.2]       220500 can-rx receiver=2 id=0x0200 len=8
[machine.2]       220500 can-rx receiver=2 id=0x0500 len=7
[machine.2]       230500 can-tx sender=2 id=0x0101 len=2
[machine.2]       230500 can-tx sender=2 id=0x0101 len=2
[machine.2]       230500 can-tx sender=2 id=0x0101 len=2
[machine.2]       230500 can-rx receiver=2 id=0x0102 len=2
[machine.2]       230500 can-rx receiver=2 id=0x0200 len=8
[machine.2]       230500 can-rx receiver=2 id=0x0500 len=7
[machine.2]       240500 can-tx sender=2 id=0x0101 len=2
[machine.2]       240500 can-tx sender=2 id=0x0101 len=2
[machine.2]       240500 can-tx sender=2 id=0x0101 len=2
[machine.2]       240500 can-rx receiver=2 id=0x0102 len=2
[machine.2]       240500 can-rx receiver=2 id=0x0200 len=8
[machine.2]       240500 can-rx receiver=2 id=0x0500 len=7
[machine.2]       250500 can-rx receiver=2 id=0x0010 len=2
[machine.2]       250500 can-tx sender=2 id=0x0101 len=2
[machine.2]       250500 can-tx sender=2 id=0x0101 len=2
[machine.2]       250500 can-tx sender=2 id=0x0101 len=2
[machine.2]       250500 can-rx receiver=2 id=0x0102 len=2
[machine.2]       250500 can-rx receiver=2 id=0x0200 len=8
[machine.2]       250500 can-rx receiver=2 id=0x0201 len=2
[machine.2]       250500 can-rx receiver=2 id=0x0500 len=7
[machine.2]       260500 can-tx sender=2 id=0x0101 len=2
[machine.2]       260500 can-tx sender=2 id=0x0101 len=2
[machine.2]       260500 can-tx sender=2 id=0x0101 len=2
[machine.2]       260500 can-rx receiver=2 id=0x0102 len=2
[machine.2]       260500 can-rx receiver=2 id=0x0200 len=8
[machine.2]       260500 can-rx receiver=2 id=0x0500 len=7
[machine.2]       270500 can-tx sender=2 id=0x0101 len=2
[machine.2]       270500 can-tx sender=2 id=0x0101 len=2
[machine.2]       270500 can-tx sender=2 id=0x0101 len=2
[machine.2]       270500 can-rx receiver=2 id=0x0102 len=2
[machine.2]       270500 can-rx receiver=2 id=0x0200 len=8
[machine.2]       270500 can-rx receiver=2 id=0x0500 len=7
[machine.2]       280500 can-tx sender=2 id=0x0101 len=2
[machine.2]       280500 can-tx sender=2 id=0x0101 len=2
[machine.2]       280500 can-tx sender=2 id=0x0101 len=2
[machine.2]       280500 can-rx receiver=2 id=0x0102 len=2
[machine.2]       280500 can-rx receiver=2 id=0x0200 len=8
[machine.2]       280500 can-rx receiver=2 id=0x0500 len=7
[machine.2]       290500 can-tx sender=2 id=0x0101 len=2
[machine.2]       290500 can-tx sender=2 id=0x0101 len=2
[machine.2]       290500 can-tx sender=2 id=0x0101 len=2
[machine.2]       290500 can-rx receiver=2 id=0x0102 len=2
[machine.2]       290500 can-rx receiver=2 id=0x0200 len=8
[machine.2]       290500 can-rx receiver=2 id=0x0500 len=7
[machine.2]       300500 can-rx receiver=2 id=0x0001 len=5
[machine.2]       300500 can-tx sender=2 id=0x0001 len=5
[machine.2]       300500 can-tx sender=2 id=0x0001 len=5
[machine.2]       300500 can-tx sender=2 id=0x0001 len=5
[machine.2]       300500 can-rx receiver=2 id=0x0001 len=5
[machine.2]       300500 can-rx receiver=2 id=0x0001 len=5
[machine.2]       300500 can-rx receiver=2 id=0x0010 len=2
[machine.2]       300500 can-tx sender=2 id=0x0101 len=2
[machine.2]       300500 can-tx sender=2 id=0x0101 len=2
[machine.2]       300500 can-tx sender=2 id=0x0101 len=2
[machine.2]       300500 can-rx receiver=2 id=0x0102 len=2
[machine.2]       300500 can-rx receiver=2 id=0x0200 len=8
[machine.2]       300500 can-rx receiver=2 id=0x0201 len=2
[machine.2]       300500 can-rx receiver=2 id=0x0500 len=7
[machine.2]       310500 can-tx sender=2 id=0x0101 len=2
[machine.2]       310500 can-tx sender=2 id=0x0101 len=2
[machine.2]       310500 can-tx sender=2 id=0x0101 len=2
[machine.2]       310500 can-rx receiver=2 id=0x0102 len=2
[machine.2]       310500 can-rx receiver=2 id=0x0200 len=8
[machine.2]       310500 can-rx receiver=2 id=0x0500 len=7
[machine.2]       320500 can-tx sender=2 id=0x0101 len=2
[machine.2]       320500 can-tx sender=2 id=0x0101 len=2
[machine.2]       320500 can-tx sender=2 id=0x0101 len=2
[machine.2]       320500 can-rx receiver=2 id=0x0102 len=2
[machine.2]       320500 can-rx receiver=2 id=0x0200 len=8
[machine.2]       320500 can-rx receiver=2 id=0x0500 len=7
[machine.2]       330500 can-tx sender=2 id=0x0101 len=2
[machine.2]       330500 can-tx sender=2 id=0x0101 len=2
[machine.2]       330500 can-tx sender=2 id=0x0101 len=2
[machine.2]       330500 can-rx receiver=2 id=0x0102 len=2
[machine.2]       330500 can-rx receiver=2 id=0x0200 len=8
[machine.2]       330500 can-rx receiver=2 id=0x0500 len=7
[machine.2]       340500 can-tx sender=2 id=0x0101 len=2
[machine.2]       340500 can-tx sender=2 id=0x0101 len=2
[machine.2]       340500 can-tx sender=2 id=0x0101 len=2
[machine.2]       340500 can-rx receiver=2 id=0x0102 len=2
[machine.2]       340500 can-rx receiver=2 id=0x0200 len=8
[machine.2]       340500 can-rx receiver=2 id=0x0500 len=7
[machine.2]       350500 can-rx receiver=2 id=0x0010 len=2
[machine.2]       350500 can-tx sender=2 id=0x0101 len=2
[machine.2]       350500 can-tx sender=2 id=0x0101 len=2
[machine.2]       350500 can-tx sender=2 id=0x0101 len=2
[machine.2]       350500 can-rx receiver=2 id=0x0102 len=2
[machine.2]       350500 can-rx receiver=2 id=0x0200 len=8
[machine.2]       350500 can-rx receiver=2 id=0x0201 len=2
[machine.2]       350500 can-rx receiver=2 id=0x0500 len=7
[machine.2]       360500 can-tx sender=2 id=0x0101 len=2
[machine.2]       360500 can-tx sender=2 id=0x0101 len=2
[machine.2]       360500 can-tx sender=2 id=0x0101 len=2
[machine.2]       360500 can-rx receiver=2 id=0x0102 len=2
[machine.2]       360500 can-rx receiver=2 id=0x0200 len=8
[machine.2]       360500 can-rx receiver=2 id=0x0500 len=7
[machine.2]       370500 can-tx sender=2 id=0x0101 len=2
[machine.2]       370500 can-tx sender=2 id=0x0101 len=2
[machine.2]       370500 can-tx sender=2 id=0x0101 len=2
[machine.2]       370500 can-rx receiver=2 id=0x0102 len=2
[machine.2]       370500 can-rx receiver=2 id=0x0200 len=8
[machine.2]       370500 can-rx receiver=2 id=0x0500 len=7
[machine.2]       380500 can-tx sender=2 id=0x0101 len=2
[machine.2]       380500 can-tx sender=2 id=0x0101 len=2
[machine.2]       380500 can-tx sender=2 id=0x0101 len=2
[machine.2]       380500 can-rx receiver=2 id=0x0102 len=2
[machine.2]       380500 can-rx receiver=2 id=0x0200 len=8
[machine.2]       380500 can-rx receiver=2 id=0x0500 len=7
[machine.2]       390500 can-tx sender=2 id=0x0101 len=2
[machine.2]       390500 can-tx sender=2 id=0x0101 len=2
[machine.2]       390500 can-tx sender=2 id=0x0101 len=2
[machine.2]       390500 can-rx receiver=2 id=0x0102 len=2
[machine.2]       390500 can-rx receiver=2 id=0x0200 len=8
[machine.2]       390500 can-rx receiver=2 id=0x0500 len=7
[machine.2]       400500 can-rx receiver=2 id=0x0001 len=5
[machine.2]       400500 can-tx sender=2 id=0x0001 len=5
[machine.2]       400500 can-tx sender=2 id=0x0001 len=5
[machine.2]       400500 can-tx sender=2 id=0x0001 len=5
[machine.2]       400500 can-rx receiver=2 id=0x0001 len=5
[machine.2]       400500 can-rx receiver=2 id=0x0001 len=5
[machine.2]       400500 can-rx receiver=2 id=0x0010 len=2
[machine.2]       400500 can-tx sender=2 id=0x0101 len=2
[machine.2]       400500 can-tx sender=2 id=0x0101 len=2
[machine.2]       400500 can-tx sender=2 id=0x0101 len=2
[machine.2]       400500 can-rx receiver=2 id=0x0102 len=2
[machine.2]       400500 can-rx receiver=2 id=0x0200 len=8
[machine.2]       400500 can-rx receiver=2 id=0x0201 len=2
[machine.2]       400500 can-rx receiver=2 id=0x0500 len=7
[machine.2]       410500 can-tx sender=2 id=0x0101 len=2
[machine.2]       410500 can-tx sender=2 id=0x0101 len=2
[machine.2]       410500 can-tx sender=2 id=0x0101 len=2
[machine.2]       410500 can-rx receiver=2 id=0x0102 len=2
[machine.2]       410500 can-rx receiver=2 id=0x0200 len=8
[machine.2]       410500 can-rx receiver=2 id=0x0500 len=7
[machine.2]       420500 can-tx sender=2 id=0x0101 len=2
[machine.2]       420500 can-tx sender=2 id=0x0101 len=2
[machine.2]       420500 can-tx sender=2 id=0x0101 len=2
[machine.2]       420500 can-rx receiver=2 id=0x0102 len=2
[machine.2]       420500 can-rx receiver=2 id=0x0200 len=8
[machine.2]       420500 can-rx receiver=2 id=0x0500 len=7
[machine.2]       430500 can-tx sender=2 id=0x0101 len=2
[machine.2]       430500 can-tx sender=2 id=0x0101 len=2
[machine.2]       430500 can-tx sender=2 id=0x0101 len=2
[machine.2]       430500 can-rx receiver=2 id=0x0102 len=2
[machine.2]       430500 can-rx receiver=2 id=0x0200 len=8
[machine.2]       430500 can-rx receiver=2 id=0x0500 len=7
[machine.2]       440500 can-tx sender=2 id=0x0101 len=2
[machine.2]       440500 can-tx sender=2 id=0x0101 len=2
[machine.2]       440500 can-tx sender=2 id=0x0101 len=2
[machine.2]       440500 can-rx receiver=2 id=0x0102 len=2
[machine.2]       440500 can-rx receiver=2 id=0x0200 len=8
[machine.2]       440500 can-rx receiver=2 id=0x0500 len=7
[machine.2]       450500 can-rx receiver=2 id=0x0010 len=2
[machine.2]       450500 can-tx sender=2 id=0x0101 len=2
[machine.2]       450500 can-tx sender=2 id=0x0101 len=2
[machine.2]       450500 can-tx sender=2 id=0x0101 len=2
[machine.2]       450500 can-rx receiver=2 id=0x0102 len=2
[machine.2]       450500 can-rx receiver=2 id=0x0200 len=8
[machine.2]       450500 can-rx receiver=2 id=0x0201 len=2
[machine.2]       450500 can-rx receiver=2 id=0x0500 len=7
[machine.2]       460500 can-tx sender=2 id=0x0101 len=2
[machine.2]       460500 can-tx sender=2 id=0x0101 len=2
[machine.2]       460500 can-tx sender=2 id=0x0101 len=2
[machine.2]       460500 can-rx receiver=2 id=0x0102 len=2
[machine.2]       460500 can-rx receiver=2 id=0x0200 len=8
[machine.2]       460500 can-rx receiver=2 id=0x0500 len=7
[machine.2]       470500 can-tx sender=2 id=0x0101 len=2
[machine.2]       470500 can-tx sender=2 id=0x0101 len=2
[machine.2]       470500 can-tx sender=2 id=0x0101 len=2
[machine.2]       470500 can-rx receiver=2 id=0x0102 len=2
[machine.2]       470500 can-rx receiver=2 id=0x0200 len=8
[machine.2]       470500 can-rx receiver=2 id=0x0500 len=7
[machine.2]       480500 can-tx sender=2 id=0x0101 len=2
[machine.2]       480500 can-tx sender=2 id=0x0101 len=2
[machine.2]       480500 can-tx sender=2 id=0x0101 len=2
[machine.2]       480500 can-rx receiver=2 id=0x0102 len=2
[machine.2]       480500 can-rx receiver=2 id=0x0200 len=8
[machine.2]       480500 can-rx receiver=2 id=0x0500 len=7
[machine.2]       490500 can-tx sender=2 id=0x0101 len=2
[machine.2]       490500 can-tx sender=2 id=0x0101 len=2
[machine.2]       490500 can-tx sender=2 id=0x0101 len=2
[machine.2]       490500 can-rx receiver=2 id=0x0102 len=2
[machine.2]       490500 can-rx receiver=2 id=0x0200 len=8
[machine.2]       490500 can-rx receiver=2 id=0x0500 len=7
[machine.2]       500500 can-rx receiver=2 id=0x0001 len=5
[machine.2]       500500 can-tx sender=2 id=0x0001 len=5
[machine.2]       500500 can-tx sender=2 id=0x0001 len=5
[machine.2]       500500 can-tx sender=2 id=0x0001 len=5
[machine.2]       500500 can-rx receiver=2 id=0x0001 len=5
[machine.2]       500500 can-rx receiver=2 id=0x0001 len=5
[machine.2]       500500 can-rx receiver=2 id=0x0010 len=2
[machine.2]       500500 can-tx sender=2 id=0x0101 len=2
[machine.2]       500500 can-tx sender=2 id=0x0101 len=2
[machine.2]       500500 can-tx sender=2 id=0x0101 len=2
[machine.2]       500500 can-rx receiver=2 id=0x0102 len=2
[machine.2]       500500 can-rx receiver=2 id=0x0200 len=8
[machine.2]       500500 can-rx receiver=2 id=0x0201 len=2
[machine.2]       500500 can-rx receiver=2 id=0x0500 len=7
[machine.2]       510500 can-tx sender=2 id=0x0101 len=2
[machine.2]       510500 can-tx sender=2 id=0x0101 len=2
[machine.2]       510500 can-tx sender=2 id=0x0101 len=2
[machine.2]       510500 can-rx receiver=2 id=0x0102 len=2
[machine.2]       510500 can-rx receiver=2 id=0x0200 len=8
[machine.2]       510500 can-rx receiver=2 id=0x0500 len=7
[machine.2]       520500 can-tx sender=2 id=0x0101 len=2
[machine.2]       520500 can-tx sender=2 id=0x0101 len=2
[machine.2]       520500 can-tx sender=2 id=0x0101 len=2
[machine.2]       520500 can-rx receiver=2 id=0x0102 len=2
[machine.2]       520500 can-rx receiver=2 id=0x0200 len=8
[machine.2]       520500 can-rx receiver=2 id=0x0500 len=7
[machine.2]       530500 can-tx sender=2 id=0x0101 len=2
[machine.2]       530500 can-tx sender=2 id=0x0101 len=2
[machine.2]       530500 can-tx sender=2 id=0x0101 len=2
[machine.2]       530500 can-rx receiver=2 id=0x0102 len=2
[machine.2]       530500 can-rx receiver=2 id=0x0200 len=8
[machine.2]       530500 can-rx receiver=2 id=0x0500 len=7
[machine.2]       540500 can-tx sender=2 id=0x0101 len=2
[machine.2]       540500 can-tx sender=2 id=0x0101 len=2
[machine.2]       540500 can-tx sender=2 id=0x0101 len=2
[machine.2]       540500 can-rx receiver=2 id=0x0102 len=2
[machine.2]       540500 can-rx receiver=2 id=0x0200 len=8
[machine.2]       540500 can-rx receiver=2 id=0x0500 len=7
[machine.2]       550500 can-rx receiver=2 id=0x0010 len=2
[machine.2]       550500 can-tx sender=2 id=0x0101 len=2
[machine.2]       550500 can-tx sender=2 id=0x0101 len=2
[machine.2]       550500 can-tx sender=2 id=0x0101 len=2
[machine.2]       550500 can-rx receiver=2 id=0x0102 len=2
[machine.2]       550500 can-rx receiver=2 id=0x0200 len=8
[machine.2]       550500 can-rx receiver=2 id=0x0201 len=2
[machine.2]       550500 can-rx receiver=2 id=0x0500 len=7
[machine.2]       560500 can-tx sender=2 id=0x0101 len=2
[machine.2]       560500 can-tx sender=2 id=0x0101 len=2
[machine.2]       560500 can-tx sender=2 id=0x0101 len=2
[machine.2]       560500 can-rx receiver=2 id=0x0102 len=2
[machine.2]       560500 can-rx receiver=2 id=0x0200 len=8
[machine.2]       560500 can-rx receiver=2 id=0x0500 len=7
[machine.2]       570500 can-tx sender=2 id=0x0101 len=2
[machine.2]       570500 can-tx sender=2 id=0x0101 len=2
[machine.2]       570500 can-tx sender=2 id=0x0101 len=2
[machine.2]       570500 can-rx receiver=2 id=0x0102 len=2
[machine.2]       570500 can-rx receiver=2 id=0x0200 len=8
[machine.2]       570500 can-rx receiver=2 id=0x0500 len=7
[machine.2]       580500 can-tx sender=2 id=0x0101 len=2
[machine.2]       580500 can-tx sender=2 id=0x0101 len=2
[machine.2]       580500 can-tx sender=2 id=0x0101 len=2
[machine.2]       580500 can-rx receiver=2 id=0x0102 len=2
[machine.2]       580500 can-rx receiver=2 id=0x0200 len=8
[machine.2]       580500 can-rx receiver=2 id=0x0500 len=7
[machine.2]       590500 can-tx sender=2 id=0x0101 len=2
[machine.2]       590500 can-tx sender=2 id=0x0101 len=2
[machine.2]       590500 can-tx sender=2 id=0x0101 len=2
[machine.2]       590500 can-rx receiver=2 id=0x0102 len=2
[machine.2]       590500 can-rx receiver=2 id=0x0200 len=8
[machine.2]       590500 can-rx receiver=2 id=0x0500 len=7
[machine.2]       600500 can-rx receiver=2 id=0x0001 len=5
[machine.2]       600500 can-tx sender=2 id=0x0001 len=5
[machine.2]       600500 can-tx sender=2 id=0x0001 len=5
[machine.2]       600500 can-tx sender=2 id=0x0001 len=5
[machine.2]       600500 can-rx receiver=2 id=0x0001 len=5
[machine.2]       600500 can-rx receiver=2 id=0x0001 len=5
[machine.2]       600500 can-rx receiver=2 id=0x0010 len=2
[machine.2]       600500 can-tx sender=2 id=0x0101 len=2
[machine.2]       600500 can-tx sender=2 id=0x0101 len=2
[machine.2]       600500 can-tx sender=2 id=0x0101 len=2
[machine.2]       600500 can-rx receiver=2 id=0x0102 len=2
[machine.2]       600500 can-rx receiver=2 id=0x0200 len=8
[machine.2]       600500 can-rx receiver=2 id=0x0201 len=2
[machine.2]       600500 can-rx receiver=2 id=0x0500 len=7
[machine.2]       610500 can-tx sender=2 id=0x0101 len=2
[machine.2]       610500 can-tx sender=2 id=0x0101 len=2
[machine.2]       610500 can-tx sender=2 id=0x0101 len=2
[machine.2]       610500 can-rx receiver=2 id=0x0102 len=2
[machine.2]       610500 can-rx receiver=2 id=0x0200 len=8
[machine.2]       610500 can-rx receiver=2 id=0x0500 len=7
[machine.2]       620500 can-tx sender=2 id=0x0101 len=2
[machine.2]       620500 can-tx sender=2 id=0x0101 len=2
[machine.2]       620500 can-tx sender=2 id=0x0101 len=2
[machine.2]       620500 can-rx receiver=2 id=0x0102 len=2
[machine.2]       620500 can-rx receiver=2 id=0x0200 len=8
[machine.2]       620500 can-rx receiver=2 id=0x0500 len=7
[machine.2]       630500 can-tx sender=2 id=0x0101 len=2
[machine.2]       630500 can-tx sender=2 id=0x0101 len=2
[machine.2]       630500 can-tx sender=2 id=0x0101 len=2
[machine.2]       630500 can-rx receiver=2 id=0x0102 len=2
[machine.2]       630500 can-rx receiver=2 id=0x0200 len=8
[machine.2]       630500 can-rx receiver=2 id=0x0500 len=7
[machine.2]       640500 can-tx sender=2 id=0x0101 len=2
[machine.2]       640500 can-tx sender=2 id=0x0101 len=2
[machine.2]       640500 can-tx sender=2 id=0x0101 len=2
[machine.2]       640500 can-rx receiver=2 id=0x0102 len=2
[machine.2]       640500 can-rx receiver=2 id=0x0200 len=8
[machine.2]       640500 can-rx receiver=2 id=0x0500 len=7
[machine.2]       650500 can-rx receiver=2 id=0x0010 len=2
[machine.2]       650500 can-tx sender=2 id=0x0101 len=2
[machine.2]       650500 can-tx sender=2 id=0x0101 len=2
[machine.2]       650500 can-tx sender=2 id=0x0101 len=2
[machine.2]       650500 can-rx receiver=2 id=0x0102 len=2
[machine.2]       650500 can-rx receiver=2 id=0x0200 len=8
[machine.2]       650500 can-rx receiver=2 id=0x0201 len=2
[machine.2]       650500 can-rx receiver=2 id=0x0500 len=7
[machine.2]       660500 can-tx sender=2 id=0x0101 len=2
[machine.2]       660500 can-tx sender=2 id=0x0101 len=2
[machine.2]       660500 can-tx sender=2 id=0x0101 len=2
[machine.2]       660500 can-rx receiver=2 id=0x0102 len=2
[machine.2]       660500 can-rx receiver=2 id=0x0200 len=8
[machine.2]       660500 can-rx receiver=2 id=0x0500 len=7
[machine.2]       670500 can-tx sender=2 id=0x0101 len=2
[machine.2]       670500 can-tx sender=2 id=0x0101 len=2
[machine.2]       670500 can-tx sender=2 id=0x0101 len=2
[machine.2]       670500 can-rx receiver=2 id=0x0102 len=2
[machine.2]       670500 can-rx receiver=2 id=0x0200 len=8
[machine.2]       670500 can-rx receiver=2 id=0x0500 len=7
[machine.2]       680500 can-tx sender=2 id=0x0101 len=2
[machine.2]       680500 can-tx sender=2 id=0x0101 len=2
[machine.2]       680500 can-tx sender=2 id=0x0101 len=2
[machine.2]       680500 can-rx receiver=2 id=0x0102 len=2
[machine.2]       680500 can-rx receiver=2 id=0x0200 len=8
[machine.2]       680500 can-rx receiver=2 id=0x0500 len=7
[machine.2]       690500 can-tx sender=2 id=0x0101 len=2
[machine.2]       690500 can-tx sender=2 id=0x0101 len=2
[machine.2]       690500 can-tx sender=2 id=0x0101 len=2
[machine.2]       690500 can-rx receiver=2 id=0x0102 len=2
[machine.2]       690500 can-rx receiver=2 id=0x0200 len=8
[machine.2]       690500 can-rx receiver=2 id=0x0500 len=7
[machine.2]       700500 can-rx receiver=2 id=0x0001 len=5
[machine.2]       700500 can-tx sender=2 id=0x0001 len=5
[machine.2]       700500 can-tx sender=2 id=0x0001 len=5
[machine.2]       700500 can-tx sender=2 id=0x0001 len=5
[machine.2]       700500 can-rx receiver=2 id=0x0001 len=5
[machine.2]       700500 can-rx receiver=2 id=0x0001 len=5
[machine.2]       700500 can-rx receiver=2 id=0x0010 len=2
[machine.2]       700500 can-tx sender=2 id=0x0101 len=2
[machine.2]       700500 can-tx sender=2 id=0x0101 len=2
[machine.2]       700500 can-tx sender=2 id=0x0101 len=2
[machine.2]       700500 can-rx receiver=2 id=0x0102 len=2
[machine.2]       700500 can-rx receiver=2 id=0x0200 len=8
[machine.2]       700500 can-rx receiver=2 id=0x0201 len=2
[machine.2]       700500 can-rx receiver=2 id=0x0500 len=7
[machine.2]       710500 can-tx sender=2 id=0x0101 len=2
[machine.2]       710500 can-tx sender=2 id=0x0101 len=2
[machine.2]       710500 can-tx sender=2 id=0x0101 len=2
[machine.2]       710500 can-rx receiver=2 id=0x0102 len=2
[machine.2]       710500 can-rx receiver=2 id=0x0200 len=8
[machine.2]       710500 can-rx receiver=2 id=0x0500 len=7
[machine.2]       720500 can-tx sender=2 id=0x0101 len=2
[machine.2]       720500 can-tx sender=2 id=0x0101 len=2
[machine.2]       720500 can-tx sender=2 id=0x0101 len=2
[machine.2]       720500 can-rx receiver=2 id=0x0102 len=2
[machine.2]       720500 can-rx receiver=2 id=0x0200 len=8
[machine.2]       720500 can-rx receiver=2 id=0x0500 len=7
[machine.2]       730500 can-tx sender=2 id=0x0101 len=2
[machine.2]       730500 can-tx sender=2 id=0x0101 len=2
[machine.2]       730500 can-tx sender=2 id=0x0101 len=2
[machine.2]       730500 can-rx receiver=2 id=0x0102 len=2
[machine.2]       730500 can-rx receiver=2 id=0x0200 len=8
[machine.2]       730500 can-rx receiver=2 id=0x0500 len=7
[machine.2]       740500 can-tx sender=2 id=0x0101 len=2
[machine.2]       740500 can-tx sender=2 id=0x0101 len=2
[machine.2]       740500 can-tx sender=2 id=0x0101 len=2
[machine.2]       740500 can-rx receiver=2 id=0x0102 len=2
[machine.2]       740500 can-rx receiver=2 id=0x0200 len=8
[machine.2]       740500 can-rx receiver=2 id=0x0500 len=7
[machine.2]       750500 can-rx receiver=2 id=0x0010 len=2
[machine.2]       750500 can-tx sender=2 id=0x0101 len=2
[machine.2]       750500 can-tx sender=2 id=0x0101 len=2
[machine.2]       750500 can-tx sender=2 id=0x0101 len=2
[machine.2]       750500 can-rx receiver=2 id=0x0102 len=2
[machine.2]       750500 can-rx receiver=2 id=0x0200 len=8
[machine.2]       750500 can-rx receiver=2 id=0x0201 len=2
[machine.2]       750500 can-rx receiver=2 id=0x0500 len=7
[machine.2]       760500 can-tx sender=2 id=0x0101 len=2
[machine.2]       760500 can-tx sender=2 id=0x0101 len=2
[machine.2]       760500 can-tx sender=2 id=0x0101 len=2
[machine.2]       760500 can-rx receiver=2 id=0x0102 len=2
[machine.2]       760500 can-rx receiver=2 id=0x0200 len=8
[machine.2]       760500 can-rx receiver=2 id=0x0500 len=7
[machine.2]       770500 can-tx sender=2 id=0x0101 len=2
[machine.2]       770500 can-tx sender=2 id=0x0101 len=2
[machine.2]       770500 can-tx sender=2 id=0x0101 len=2
[machine.2]       770500 can-rx receiver=2 id=0x0102 len=2
[machine.2]       770500 can-rx receiver=2 id=0x0200 len=8
[machine.2]       770500 can-rx receiver=2 id=0x0500 len=7
[machine.2]       780500 can-tx sender=2 id=0x0101 len=2
[machine.2]       780500 can-tx sender=2 id=0x0101 len=2
[machine.2]       780500 can-tx sender=2 id=0x0101 len=2
[machine.2]       780500 can-rx receiver=2 id=0x0102 len=2
[machine.2]       780500 can-rx receiver=2 id=0x0200 len=8
[machine.2]       780500 can-rx receiver=2 id=0x0500 len=7
[machine.2]       790500 can-tx sender=2 id=0x0101 len=2
[machine.2]       790500 can-tx sender=2 id=0x0101 len=2
[machine.2]       790500 can-tx sender=2 id=0x0101 len=2
[machine.2]       790500 can-rx receiver=2 id=0x0102 len=2
[machine.2]       790500 can-rx receiver=2 id=0x0200 len=8
[machine.2]       790500 can-rx receiver=2 id=0x0500 len=7
[machine.2]       800500 can-rx receiver=2 id=0x0001 len=5
[machine.2]       800500 can-tx sender=2 id=0x0001 len=5
[machine.2]       800500 can-tx sender=2 id=0x0001 len=5
[machine.2]       800500 can-tx sender=2 id=0x0001 len=5
[machine.2]       800500 can-rx receiver=2 id=0x0001 len=5
[machine.2]       800500 can-rx receiver=2 id=0x0001 len=5
[machine.2]       800500 can-rx receiver=2 id=0x0010 len=2
[machine.2]       800500 can-tx sender=2 id=0x0101 len=2
[machine.2]       800500 can-tx sender=2 id=0x0101 len=2
[machine.2]       800500 can-tx sender=2 id=0x0101 len=2
[machine.2]       800500 can-rx receiver=2 id=0x0102 len=2
[machine.2]       800500 can-rx receiver=2 id=0x0200 len=8
[machine.2]       800500 can-rx receiver=2 id=0x0201 len=2
[machine.2]       800500 can-rx receiver=2 id=0x0500 len=7
[machine.2]       810500 can-tx sender=2 id=0x0101 len=2
[machine.2]       810500 can-tx sender=2 id=0x0101 len=2
[machine.2]       810500 can-tx sender=2 id=0x0101 len=2
[machine.2]       810500 can-rx receiver=2 id=0x0102 len=2
[machine.2]       810500 can-rx receiver=2 id=0x0200 len=8
[machine.2]       810500 can-rx receiver=2 id=0x0500 len=7
[machine.2]       820500 can-tx sender=2 id=0x0101 len=2
[machine.2]       820500 can-tx sender=2 id=0x0101 len=2
[machine.2]       820500 can-tx sender=2 id=0x0101 len=2
[machine.2]       820500 can-rx receiver=2 id=0x0102 len=2
[machine.2]       820500 can-rx receiver=2 id=0x0200 len=8
[machine.2]       820500 can-rx receiver=2 id=0x0500 len=7
[machine.2]       830500 can-tx sender=2 id=0x0101 len=2
[machine.2]       830500 can-tx sender=2 id=0x0101 len=2
[machine.2]       830500 can-tx sender=2 id=0x0101 len=2
[machine.2]       830500 can-rx receiver=2 id=0x0102 len=2
[machine.2]       830500 can-rx receiver=2 id=0x0200 len=8
[machine.2]       830500 can-rx receiver=2 id=0x0500 len=7
[machine.2]       840500 can-tx sender=2 id=0x0101 len=2
[machine.2]       840500 can-tx sender=2 id=0x0101 len=2
[machine.2]       840500 can-tx sender=2 id=0x0101 len=2
[machine.2]       840500 can-rx receiver=2 id=0x0102 len=2
[machine.2]       840500 can-rx receiver=2 id=0x0200 len=8
[machine.2]       840500 can-rx receiver=2 id=0x0500 len=7
[machine.2]       850500 can-rx receiver=2 id=0x0010 len=2
[machine.2]       850500 can-tx sender=2 id=0x0101 len=2
[machine.2]       850500 can-tx sender=2 id=0x0101 len=2
[machine.2]       850500 can-tx sender=2 id=0x0101 len=2
[machine.2]       850500 can-rx receiver=2 id=0x0102 len=2
[machine.2]       850500 can-rx receiver=2 id=0x0200 len=8
[machine.2]       850500 can-rx receiver=2 id=0x0201 len=2
[machine.2]       850500 can-rx receiver=2 id=0x0500 len=7
[machine.2]       860500 can-tx sender=2 id=0x0101 len=2
[machine.2]       860500 can-tx sender=2 id=0x0101 len=2
[machine.2]       860500 can-tx sender=2 id=0x0101 len=2
[machine.2]       860500 can-rx receiver=2 id=0x0102 len=2
[machine.2]       860500 can-rx receiver=2 id=0x0200 len=8
[machine.2]       860500 can-rx receiver=2 id=0x0500 len=7
[machine.2]       870500 can-tx sender=2 id=0x0101 len=2
[machine.2]       870500 can-tx sender=2 id=0x0101 len=2
[machine.2]       870500 can-tx sender=2 id=0x0101 len=2
[machine.2]       870500 can-rx receiver=2 id=0x0102 len=2
[machine.2]       870500 can-rx receiver=2 id=0x0200 len=8
[machine.2]       870500 can-rx receiver=2 id=0x0500 len=7
[machine.2]       880500 can-tx sender=2 id=0x0101 len=2
[machine.2]       880500 can-tx sender=2 id=0x0101 len=2
[machine.2]       880500 can-tx sender=2 id=0x0101 len=2
[machine.2]       880500 can-rx receiver=2 id=0x0102 len=2
[machine.2]       880500 can-rx receiver=2 id=0x0200 len=8
[machine.2]       880500 can-rx receiver=2 id=0x0500 len=7
[machine.2]       890500 can-tx sender=2 id=0x0101 len=2
[machine.2]       890500 can-tx sender=2 id=0x0101 len=2
[machine.2]       890500 can-tx sender=2 id=0x0101 len=2
[machine.2]       890500 can-rx receiver=2 id=0x0102 len=2
[machine.2]       890500 can-rx receiver=2 id=0x0200 len=8
[machine.2]       890500 can-rx receiver=2 id=0x0500 len=7
[machine.2]       900500 can-rx receiver=2 id=0x0001 len=5
[machine.2]       900500 can-tx sender=2 id=0x0001 len=5
[machine.2]       900500 can-tx sender=2 id=0x0001 len=5
[machine.2]       900500 can-tx sender=2 id=0x0001 len=5
[machine.2]       900500 can-rx receiver=2 id=0x0001 len=5
[machine.2]       900500 can-rx receiver=2 id=0x0001 len=5
[machine.2]       900500 can-rx receiver=2 id=0x0010 len=2
[machine.2]       900500 can-tx sender=2 id=0x0101 len=2
[machine.2]       900500 can-tx sender=2 id=0x0101 len=2
[machine.2]       900500 can-tx sender=2 id=0x0101 len=2
[machine.2]       900500 can-rx receiver=2 id=0x0102 len=2
[machine.2]       900500 can-rx receiver=2 id=0x0200 len=8
[machine.2]       900500 can-rx receiver=2 id=0x0201 len=2
[machine.2]       900500 can-rx receiver=2 id=0x0500 len=7
[machine.2]       910500 can-tx sender=2 id=0x0101 len=2
[machine.2]       910500 can-tx sender=2 id=0x0101 len=2
[machine.2]       910500 can-tx sender=2 id=0x0101 len=2
[machine.2]       910500 can-rx receiver=2 id=0x0102 len=2
[machine.2]       910500 can-rx receiver=2 id=0x0200 len=8
[machine.2]       910500 can-rx receiver=2 id=0x0500 len=7
[machine.2]       920500 can-tx sender=2 id=0x0101 len=2
[machine.2]       920500 can-tx sender=2 id=0x0101 len=2
[machine.2]       920500 can-tx sender=2 id=0x0101 len=2
[machine.2]       920500 can-rx receiver=2 id=0x0102 len=2
[machine.2]       920500 can-rx receiver=2 id=0x0200 len=8
[machine.2]       920500 can-rx receiver=2 id=0x0500 len=7
[machine.2]       930500 can-tx sender=2 id=0x0101 len=2
[machine.2]       930500 can-tx sender=2 id=0x0101 len=2
[machine.2]       930500 can-tx sender=2 id=0x0101 len=2
[machine.2]       930500 can-rx receiver=2 id=0x0102 len=2
[machine.2]       930500 can-rx receiver=2 id=0x0200 len=8
[machine.2]       930500 can-rx receiver=2 id=0x0500 len=7
[machine.2]       940500 can-tx sender=2 id=0x0101 len=2
[machine.2]       940500 can-tx sender=2 id=0x0101 len=2
[machine.2]       940500 can-tx sender=2 id=0x0101 len=2
[machine.2]       940500 can-rx receiver=2 id=0x0102 len=2
[machine.2]       940500 can-rx receiver=2 id=0x0200 len=8
[machine.2]       940500 can-rx receiver=2 id=0x0500 len=7
[machine.2]       950500 can-rx receiver=2 id=0x0010 len=2
[machine.2]       950500 can-tx sender=2 id=0x0101 len=2
[machine.2]       950500 can-tx sender=2 id=0x0101 len=2
[machine.2]       950500 can-tx sender=2 id=0x0101 len=2
[machine.2]       950500 can-rx receiver=2 id=0x0102 len=2
[machine.2]       950500 can-rx receiver=2 id=0x0200 len=8
[machine.2]       950500 can-rx receiver=2 id=0x0201 len=2
[machine.2]       950500 can-rx receiver=2 id=0x0500 len=7
[machine.2]       960500 can-tx sender=2 id=0x0101 len=2
[machine.2]       960500 can-tx sender=2 id=0x0101 len=2
[machine.2]       960500 can-tx sender=2 id=0x0101 len=2
[machine.2]       960500 can-rx receiver=2 id=0x0102 len=2
[machine.2]       960500 can-rx receiver=2 id=0x0200 len=8
[machine.2]       960500 can-rx receiver=2 id=0x0500 len=7
[machine.2]       970500 can-tx sender=2 id=0x0101 len=2
[machine.2]       970500 can-tx sender=2 id=0x0101 len=2
[machine.2]       970500 can-tx sender=2 id=0x0101 len=2
[machine.2]       970500 can-rx receiver=2 id=0x0102 len=2
[machine.2]       970500 can-rx receiver=2 id=0x0200 len=8
[machine.2]       970500 can-rx receiver=2 id=0x0500 len=7
[machine.2]       980500 can-tx sender=2 id=0x0101 len=2
[machine.2]       980500 can-tx sender=2 id=0x0101 len=2
[machine.2]       980500 can-tx sender=2 id=0x0101 len=2
[machine.2]       980500 can-rx receiver=2 id=0x0102 len=2
[machine.2]       980500 can-rx receiver=2 id=0x0200 len=8
[machine.2]       980500 can-rx receiver=2 id=0x0500 len=7
[machine.2]       990500 can-tx sender=2 id=0x0101 len=2
[machine.2]       990500 can-tx sender=2 id=0x0101 len=2
[machine.2]       990500 can-tx sender=2 id=0x0101 len=2
[machine.2]       990500 can-rx receiver=2 id=0x0102 len=2
[machine.2]       990500 can-rx receiver=2 id=0x0200 len=8
[machine.2]       990500 can-rx receiver=2 id=0x0500 len=7
[machine.2]      1000500 can-rx receiver=2 id=0x0001 len=5
[machine.2]      1000500 can-tx sender=2 id=0x0001 len=5
[machine.2]      1000500 can-tx sender=2 id=0x0001 len=5
[machine.2]      1000500 can-tx sender=2 id=0x0001 len=5
[machine.2]      1000500 can-rx receiver=2 id=0x0001 len=5
[machine.2]      1000500 can-rx receiver=2 id=0x0001 len=5
[machine.2]      1000500 can-rx receiver=2 id=0x0010 len=2
[machine.2]      1000500 can-tx sender=2 id=0x0101 len=2
[machine.2]      1000500 can-tx sender=2 id=0x0101 len=2
[machine.2]      1000500 can-tx sender=2 id=0x0101 len=2
[machine.2]      1000500 can-rx receiver=2 id=0x0102 len=2
[machine.2]      1000500 can-rx receiver=2 id=0x0200 len=8
[machine.2]      1000500 can-rx receiver=2 id=0x0201 len=2
[machine.2]      1000500 can-rx receiver=2 id=0x0500 len=7
[machine.2]      1010500 can-tx sender=2 id=0x0101 len=2
[machine.2]      1010500 can-tx sender=2 id=0x0101 len=2
[machine.2]      1010500 can-tx sender=2 id=0x0101 len=2
[machine.2]      1010500 can-rx receiver=2 id=0x0102 len=2
[machine.2]      1010500 can-rx receiver=2 id=0x0200 len=8
[machine.2]      1010500 can-rx receiver=2 id=0x0500 len=7
[machine.2]      1020500 can-tx sender=2 id=0x0101 len=2
[machine.2]      1020500 can-tx sender=2 id=0x0101 len=2
[machine.2]      1020500 can-tx sender=2 id=0x0101 len=2
[machine.2]      1020500 can-rx receiver=2 id=0x0102 len=2
[machine.2]      1020500 can-rx receiver=2 id=0x0200 len=8
[machine.2]      1020500 can-rx receiver=2 id=0x0500 len=7
[machine.2]      1030500 can-tx sender=2 id=0x0101 len=2
[machine.2]      1030500 can-tx sender=2 id=0x0101 len=2
[machine.2]      1030500 can-tx sender=2 id=0x0101 len=2
[machine.2]      1030500 can-rx receiver=2 id=0x0102 len=2
[machine.2]      1030500 can-rx receiver=2 id=0x0200 len=8
[machine.2]      1030500 can-rx receiver=2 id=0x0500 len=7
[machine.2]      1040500 can-tx sender=2 id=0x0101 len=2
[machine.2]      1040500 can-tx sender=2 id=0x0101 len=2
[machine.2]      1040500 can-tx sender=2 id=0x0101 len=2
[machine.2]      1040500 can-rx receiver=2 id=0x0102 len=2
[machine.2]      1040500 can-rx receiver=2 id=0x0200 len=8
[machine.2]      1040500 can-rx receiver=2 id=0x0500 len=7
[machine.2]      1050500 can-rx receiver=2 id=0x0010 len=2
[machine.2]      1050500 can-tx sender=2 id=0x0101 len=2
[machine.2]      1050500 can-tx sender=2 id=0x0101 len=2
[machine.2]      1050500 can-tx sender=2 id=0x0101 len=2
[machine.2]      1050500 can-rx receiver=2 id=0x0102 len=2
[machine.2]      1050500 can-rx receiver=2 id=0x0200 len=8
[machine.2]      1050500 can-rx receiver=2 id=0x0201 len=2
[machine.2]      1050500 can-rx receiver=2 id=0x0500 len=7
[machine.2]      1060500 can-tx sender=2 id=0x0101 len=2
[machine.2]      1060500 can-tx sender=2 id=0x0101 len=2
[machine.2]      1060500 can-tx sender=2 id=0x0101 len=2
[machine.2]      1060500 can-rx receiver=2 id=0x0102 len=2
[machine.2]      1060500 can-rx receiver=2 id=0x0200 len=8
[machine.2]      1060500 can-rx receiver=2 id=0x0500 len=7
[machine.2]      1070500 can-tx sender=2 id=0x0101 len=2
[machine.2]      1070500 can-tx sender=2 id=0x0101 len=2
[machine.2]      1070500 can-tx sender=2 id=0x0101 len=2
[machine.2]      1070500 can-rx receiver=2 id=0x0102 len=2
[machine.2]      1070500 can-rx receiver=2 id=0x0200 len=8
[machine.2]      1070500 can-rx receiver=2 id=0x0500 len=7
[machine.2]      1080500 can-tx sender=2 id=0x0101 len=2
[machine.2]      1080500 can-tx sender=2 id=0x0101 len=2
[machine.2]      1080500 can-tx sender=2 id=0x0101 len=2
[machine.2]      1080500 can-rx receiver=2 id=0x0102 len=2
[machine.2]      1080500 can-rx receiver=2 id=0x0200 len=8
[machine.2]      1080500 can-rx receiver=2 id=0x0500 len=7
[machine.2]      1090500 can-tx sender=2 id=0x0101 len=2
[machine.2]      1090500 can-tx sender=2 id=0x0101 len=2
[machine.2]      1090500 can-tx sender=2 id=0x0101 len=2
[machine.2]      1090500 can-rx receiver=2 id=0x0102 len=2
[machine.2]      1090500 can-rx receiver=2 id=0x0200 len=8
[machine.2]      1090500 can-rx receiver=2 id=0x0500 len=7
[machine.2]      1100500 can-rx receiver=2 id=0x0001 len=5
[machine.2]      1100500 can-tx sender=2 id=0x0001 len=5
[machine.2]      1100500 can-tx sender=2 id=0x0001 len=5
[machine.2]      1100500 can-tx sender=2 id=0x0001 len=5
[machine.2]      1100500 can-rx receiver=2 id=0x0001 len=5
[machine.2]      1100500 can-rx receiver=2 id=0x0001 len=5
[machine.2]      1100500 can-rx receiver=2 id=0x0010 len=2
[machine.2]      1100500 can-tx sender=2 id=0x0101 len=2
[machine.2]      1100500 can-tx sender=2 id=0x0101 len=2
[machine.2]      1100500 can-tx sender=2 id=0x0101 len=2
[machine.2]      1100500 can-rx receiver=2 id=0x0102 len=2
[machine.2]      1100500 can-rx receiver=2 id=0x0200 len=8
[machine.2]      1100500 can-rx receiver=2 id=0x0201 len=2
[machine.2]      1100500 can-rx receiver=2 id=0x0500 len=7
[machine.2]      1110500 can-tx sender=2 id=0x0101 len=2
[machine.2]      1110500 can-tx sender=2 id=0x0101 len=2
[machine.2]      1110500 can-tx sender=2 id=0x0101 len=2
[machine.2]      1110500 can-rx receiver=2 id=0x0102 len=2
[machine.2]      1110500 can-rx receiver=2 id=0x0200 len=8
[machine.2]      1110500 can-rx receiver=2 id=0x0500 len=7
[machine.2]      1120500 can-tx sender=2 id=0x0101 len=2
[machine.2]      1120500 can-tx sender=2 id=0x0101 len=2
[machine.2]      1120500 can-tx sender=2 id=0x0101 len=2
[machine.2]      1120500 can-rx receiver=2 id=0x0102 len=2
[machine.2]      1120500 can-rx receiver=2 id=0x0200 len=8
[machine.2]      1120500 can-rx receiver=2 id=0x0500 len=7
[machine.2]      1130500 can-tx sender=2 id=0x0101 len=2
[machine.2]      1130500 can-tx sender=2 id=0x0101 len=2
[machine.2]      1130500 can-tx sender=2 id=0x0101 len=2
[machine.2]      1130500 can-rx receiver=2 id=0x0102 len=2
[machine.2]      1130500 can-rx receiver=2 id=0x0200 len=8
[machine.2]      1130500 can-rx receiver=2 id=0x0500 len=7
[machine.2]      1140500 can-tx sender=2 id=0x0101 len=2
[machine.2]      1140500 can-tx sender=2 id=0x0101 len=2
[machine.2]      1140500 can-tx sender=2 id=0x0101 len=2
[machine.2]      1140500 can-rx receiver=2 id=0x0102 len=2
[machine.2]      1140500 can-rx receiver=2 id=0x0200 len=8
[machine.2]      1140500 can-rx receiver=2 id=0x0500 len=7
[machine.2]      1150500 can-rx receiver=2 id=0x0010 len=2
[machine.2]      1150500 can-tx sender=2 id=0x0101 len=2
[machine.2]      1150500 can-tx sender=2 id=0x0101 len=2
[machine.2]      1150500 can-tx sender=2 id=0x0101 len=2
[machine.2]      1150500 can-rx receiver=2 id=0x0102 len=2
[machine.2]      1150500 can-rx receiver=2 id=0x0200 len=8
[machine.2]      1150500 can-rx receiver=2 id=0x0201 len=2
[machine.2]      1150500 can-rx receiver=2 id=0x0500 len=7
[machine.2]      1160500 can-tx sender=2 id=0x0101 len=2
[machine.2]      1160500 can-tx sender=2 id=0x0101 len=2
[machine.2]      1160500 can-tx sender=2 id=0x0101 len=2
[machine.2]      1160500 can-rx receiver=2 id=0x0102 len=2
[machine.2]      1160500 can-rx receiver=2 id=0x0200 len=8
[machine.2]      1160500 can-rx receiver=2 id=0x0500 len=7
[machine.2]      1170500 can-tx sender=2 id=0x0101 len=2
[machine.2]      1170500 can-tx sender=2 id=0x0101 len=2
[machine.2]      1170500 can-tx sender=2 id=0x0101 len=2
[machine.2]      1170500 can-rx receiver=2 id=0x0102 len=2
[machine.2]      1170500 can-rx receiver=2 id=0x0200 len=8
[machine.2]      1170500 can-rx receiver=2 id=0x0500 len=7
[machine.2]      1180500 can-tx sender=2 id=0x0101 len=2
[machine.2]      1180500 can-tx sender=2 id=0x0101 len=2
[machine.2]      1180500 can-tx sender=2 id=0x0101 len=2
[machine.2]      1180500 can-rx receiver=2 id=0x0102 len=2
[machine.2]      1180500 can-rx receiver=2 id=0x0200 len=8
[machine.2]      1180500 can-rx receiver=2 id=0x0500 len=7
[machine.2]      1190500 can-tx sender=2 id=0x0101 len=2
[machine.2]      1190500 can-tx sender=2 id=0x0101 len=2
[machine.2]      1190500 can-tx sender=2 id=0x0101 len=2
[machine.2]      1190500 can-rx receiver=2 id=0x0102 len=2
[machine.2]      1190500 can-rx receiver=2 id=0x0200 len=8
[machine.2]      1190500 can-rx receiver=2 id=0x0500 len=7
[machine.2]      1200500 can-rx receiver=2 id=0x0001 len=5
[machine.2]      1200500 can-tx sender=2 id=0x0001 len=5
[machine.2]      1200500 can-tx sender=2 id=0x0001 len=5
[machine.2]      1200500 can-tx sender=2 id=0x0001 len=5
[machine.2]      1200500 can-rx receiver=2 id=0x0001 len=5
[machine.2]      1200500 can-rx receiver=2 id=0x0001 len=5
[machine.2]      1200500 can-rx receiver=2 id=0x0010 len=2
[machine.2]      1200500 can-tx sender=2 id=0x0101 len=2
[machine.2]      1200500 can-tx sender=2 id=0x0101 len=2
[machine.2]      1200500 can-tx sender=2 id=0x0101 len=2
[machine.2]      1200500 can-rx receiver=2 id=0x0102 len=2
[machine.2]      1200500 can-rx receiver=2 id=0x0200 len=8
[machine.2]      1200500 can-rx receiver=2 id=0x0201 len=2
[machine.2]      1200500 can-rx receiver=2 id=0x0500 len=7
[machine.2]      1210500 can-tx sender=2 id=0x0101 len=2
[machine.2]      1210500 can-tx sender=2 id=0x0101 len=2
[machine.2]      1210500 can-tx sender=2 id=0x0101 len=2
[machine.2]      1210500 can-rx receiver=2 id=0x0102 len=2
[machine.2]      1210500 can-rx receiver=2 id=0x0200 len=8
[machine.2]      1210500 can-rx receiver=2 id=0x0500 len=7
[machine.2]      1220500 can-tx sender=2 id=0x0101 len=2
[machine.2]      1220500 can-tx sender=2 id=0x0101 len=2
[machine.2]      1220500 can-tx sender=2 id=0x0101 len=2
[machine.2]      1220500 can-rx receiver=2 id=0x0102 len=2
[machine.2]      1220500 can-rx receiver=2 id=0x0200 len=8
[machine.2]      1220500 can-rx receiver=2 id=0x0500 len=7
[machine.2]      1230500 can-tx sender=2 id=0x0101 len=2
[machine.2]      1230500 can-tx sender=2 id=0x0101 len=2
[machine.2]      1230500 can-tx sender=2 id=0x0101 len=2
[machine.2]      1230500 can-rx receiver=2 id=0x0102 len=2
[machine.2]      1230500 can-rx receiver=2 id=0x0200 len=8
[machine.2]      1230500 can-rx receiver=2 id=0x0500 len=7
[machine.2]      1240500 can-tx sender=2 id=0x0101 len=2
[machine.2]      1240500 can-tx sender=2 id=0x0101 len=2
[machine.2]      1240500 can-tx sender=2 id=0x0101 len=2
[machine.2]      1240500 can-rx receiver=2 id=0x0102 len=2
[machine.2]      1240500 can-rx receiver=2 id=0x0200 len=8
[machine.2]      1240500 can-rx receiver=2 id=0x0500 len=7
[machine.2]      1250500 can-rx receiver=2 id=0x0010 len=2
[machine.2]      1250500 can-tx sender=2 id=0x0101 len=2
[machine.2]      1250500 can-tx sender=2 id=0x0101 len=2
[machine.2]      1250500 can-tx sender=2 id=0x0101 len=2
[machine.2]      1250500 can-rx receiver=2 id=0x0102 len=2
[machine.2]      1250500 can-rx receiver=2 id=0x0200 len=8
[machine.2]      1250500 can-rx receiver=2 id=0x0201 len=2
[machine.2]      1250500 can-rx receiver=2 id=0x0500 len=7
[machine.2]      1260500 can-tx sender=2 id=0x0101 len=2
[machine.2]      1260500 can-tx sender=2 id=0x0101 len=2
[machine.2]      1260500 can-tx sender=2 id=0x0101 len=2
[machine.2]      1260500 can-rx receiver=2 id=0x0102 len=2
[machine.2]      1260500 can-rx receiver=2 id=0x0200 len=8
[machine.2]      1260500 can-rx receiver=2 id=0x0500 len=7
[machine.2]      1270500 can-tx sender=2 id=0x0101 len=2
[machine.2]      1270500 can-tx sender=2 id=0x0101 len=2
[machine.2]      1270500 can-tx sender=2 id=0x0101 len=2
[machine.2]      1270500 can-rx receiver=2 id=0x0102 len=2
[machine.2]      1270500 can-rx receiver=2 id=0x0200 len=8
[machine.2]      1270500 can-rx receiver=2 id=0x0500 len=7
[machine.2]      1280500 can-tx sender=2 id=0x0101 len=2
[machine.2]      1280500 can-tx sender=2 id=0x0101 len=2
[machine.2]      1280500 can-tx sender=2 id=0x0101 len=2
[machine.2]      1280500 can-rx receiver=2 id=0x0102 len=2
[machine.2]      1280500 can-rx receiver=2 id=0x0200 len=8
[machine.2]      1280500 can-rx receiver=2 id=0x0500 len=7
[machine.2]      1290500 can-tx sender=2 id=0x0101 len=2
[machine.2]      1290500 can-tx sender=2 id=0x0101 len=2
[machine.2]      1290500 can-tx sender=2 id=0x0101 len=2
[machine.2]      1290500 can-rx receiver=2 id=0x0102 len=2
[machine.2]      1290500 can-rx receiver=2 id=0x0200 len=8
[machine.2]      1290500 can-rx receiver=2 id=0x0500 len=7
[machine.2]      1300500 can-rx receiver=2 id=0x0001 len=5
[machine.2]      1300500 can-tx sender=2 id=0x0001 len=5
[machine.2]      1300500 can-tx sender=2 id=0x0001 len=5
[machine.2]      1300500 can-tx sender=2 id=0x0001 len=5
[machine.2]      1300500 can-rx receiver=2 id=0x0001 len=5
[machine.2]      1300500 can-rx receiver=2 id=0x0001 len=5
[machine.2]      1300500 can-rx receiver=2 id=0x0010 len=2
[machine.2]      1300500 can-tx sender=2 id=0x0101 len=2
[machine.2]      1300500 can-tx sender=2 id=0x0101 len=2
[machine.2]      1300500 can-tx sender=2 id=0x0101 len=2
[machine.2]      1300500 can-rx receiver=2 id=0x0102 len=2
[machine.2]      1300500 can-rx receiver=2 id=0x0200 len=8
[machine.2]      1300500 can-rx receiver=2 id=0x0201 len=2
[machine.2]      1300500 can-rx receiver=2 id=0x0500 len=7
[machine.2]      1310500 can-tx sender=2 id=0x0101 len=2
[machine.2]      1310500 can-tx sender=2 id=0x0101 len=2
[machine.2]      1310500 can-tx sender=2 id=0x0101 len=2
[machine.2]      1310500 can-rx receiver=2 id=0x0102 len=2
[machine.2]      1310500 can-rx receiver=2 id=0x0200 len=8
[machine.2]      1310500 can-rx receiver=2 id=0x0500 len=7
[machine.2]      1320500 can-tx sender=2 id=0x0101 len=2
[machine.2]      1320500 can-tx sender=2 id=0x0101 len=2
[machine.2]      1320500 can-tx sender=2 id=0x0101 len=2
[machine.2]      1320500 can-rx receiver=2 id=0x0102 len=2
[machine.2]      1320500 can-rx receiver=2 id=0x0200 len=8
[machine.2]      1320500 can-rx receiver=2 id=0x0500 len=7
[machine.2]      1330500 can-tx sender=2 id=0x0101 len=2
[machine.2]      1330500 can-tx sender=2 id=0x0101 len=2
[machine.2]      1330500 can-tx sender=2 id=0x0101 len=2
[machine.2]      1330500 can-rx receiver=2 id=0x0102 len=2
[machine.2]      1330500 can-rx receiver=2 id=0x0200 len=8
[machine.2]      1330500 can-rx receiver=2 id=0x0500 len=7
[machine.2]      1340500 can-tx sender=2 id=0x0101 len=2
[machine.2]      1340500 can-tx sender=2 id=0x0101 len=2
[machine.2]      1340500 can-tx sender=2 id=0x0101 len=2
[machine.2]      1340500 can-rx receiver=2 id=0x0102 len=2
[machine.2]      1340500 can-rx receiver=2 id=0x0200 len=8
[machine.2]      1340500 can-rx receiver=2 id=0x0500 len=7
[machine.2]      1350500 can-rx receiver=2 id=0x0010 len=2
[machine.2]      1350500 can-tx sender=2 id=0x0101 len=2
[machine.2]      1350500 can-tx sender=2 id=0x0101 len=2
[machine.2]      1350500 can-tx sender=2 id=0x0101 len=2
[machine.2]      1350500 can-rx receiver=2 id=0x0102 len=2
[machine.2]      1350500 can-rx receiver=2 id=0x0200 len=8
[machine.2]      1350500 can-rx receiver=2 id=0x0201 len=2
[machine.2]      1350500 can-rx receiver=2 id=0x0500 len=7
[machine.2]      1360500 can-tx sender=2 id=0x0101 len=2
[machine.2]      1360500 can-tx sender=2 id=0x0101 len=2
[machine.2]      1360500 can-tx sender=2 id=0x0101 len=2
[machine.2]      1360500 can-rx receiver=2 id=0x0102 len=2
[machine.2]      1360500 can-rx receiver=2 id=0x0200 len=8
[machine.2]      1360500 can-rx receiver=2 id=0x0500 len=7
[machine.2]      1370500 can-tx sender=2 id=0x0101 len=2
[machine.2]      1370500 can-tx sender=2 id=0x0101 len=2
[machine.2]      1370500 can-tx sender=2 id=0x0101 len=2
[machine.2]      1370500 can-rx receiver=2 id=0x0102 len=2
[machine.2]      1370500 can-rx receiver=2 id=0x0200 len=8
[machine.2]      1370500 can-rx receiver=2 id=0x0500 len=7
[machine.2]      1380500 can-tx sender=2 id=0x0101 len=2
[machine.2]      1380500 can-tx sender=2 id=0x0101 len=2
[machine.2]      1380500 can-tx sender=2 id=0x0101 len=2
[machine.2]      1380500 can-rx receiver=2 id=0x0102 len=2
[machine.2]      1380500 can-rx receiver=2 id=0x0200 len=8
[machine.2]      1380500 can-rx receiver=2 id=0x0500 len=7
[machine.2]      1390500 can-tx sender=2 id=0x0101 len=2
[machine.2]      1390500 can-tx sender=2 id=0x0101 len=2
[machine.2]      1390500 can-tx sender=2 id=0x0101 len=2
[machine.2]      1390500 can-rx receiver=2 id=0x0102 len=2
[machine.2]      1390500 can-rx receiver=2 id=0x0200 len=8
[machine.2]      1390500 can-rx receiver=2 id=0x0500 len=7
[machine.2]      1400500 can-rx receiver=2 id=0x0001 len=5
[machine.2]      1400500 can-tx sender=2 id=0x0001 len=5
[machine.2]      1400500 can-tx sender=2 id=0x0001 len=5
[machine.2]      1400500 can-tx sender=2 id=0x0001 len=5
[machine.2]      1400500 can-rx receiver=2 id=0x0001 len=5
[machine.2]      1400500 can-rx receiver=2 id=0x0001 len=5
[machine.2]      1400500 can-rx receiver=2 id=0x0010 len=2
[machine.2]      1400500 can-tx sender=2 id=0x0101 len=2
[machine.2]      1400500 can-tx sender=2 id=0x0101 len=2
[machine.2]      1400500 can-tx sender=2 id=0x0101 len=2
[machine.2]      1400500 can-rx receiver=2 id=0x0102 len=2
[machine.2]      1400500 can-rx receiver=2 id=0x0200 len=8
[machine.2]      1400500 can-rx receiver=2 id=0x0201 len=2
[machine.2]      1400500 can-rx receiver=2 id=0x0500 len=7
[machine.2]      1410500 can-tx sender=2 id=0x0101 len=2
[machine.2]      1410500 can-tx sender=2 id=0x0101 len=2
[machine.2]      1410500 can-tx sender=2 id=0x0101 len=2
[machine.2]      1410500 can-rx receiver=2 id=0x0102 len=2
[machine.2]      1410500 can-rx receiver=2 id=0x0200 len=8
[machine.2]      1410500 can-rx receiver=2 id=0x0500 len=7
[machine.2]      1420500 can-tx sender=2 id=0x0101 len=2
[machine.2]      1420500 can-tx sender=2 id=0x0101 len=2
[machine.2]      1420500 can-tx sender=2 id=0x0101 len=2
[machine.2]      1420500 can-rx receiver=2 id=0x0102 len=2
[machine.2]      1420500 can-rx receiver=2 id=0x0200 len=8
[machine.2]      1420500 can-rx receiver=2 id=0x0500 len=7
[machine.2]      1430500 can-tx sender=2 id=0x0101 len=2
[machine.2]      1430500 can-tx sender=2 id=0x0101 len=2
[machine.2]      1430500 can-tx sender=2 id=0x0101 len=2
[machine.2]      1430500 can-rx receiver=2 id=0x0102 len=2
[machine.2]      1430500 can-rx receiver=2 id=0x0200 len=8
[machine.2]      1430500 can-rx receiver=2 id=0x0500 len=7
[machine.2]      1440500 can-tx sender=2 id=0x0101 len=2
[machine.2]      1440500 can-tx sender=2 id=0x0101 len=2
[machine.2]      1440500 can-tx sender=2 id=0x0101 len=2
[machine.2]      1440500 can-rx receiver=2 id=0x0102 len=2
[machine.2]      1440500 can-rx receiver=2 id=0x0200 len=8
[machine.2]      1440500 can-rx receiver=2 id=0x0500 len=7
[machine.2]      1450500 can-rx receiver=2 id=0x0010 len=2
[machine.2]      1450500 can-tx sender=2 id=0x0101 len=2
[machine.2]      1450500 can-tx sender=2 id=0x0101 len=2
[machine.2]      1450500 can-tx sender=2 id=0x0101 len=2
[machine.2]      1450500 can-rx receiver=2 id=0x0102 len=2
[machine.2]      1450500 can-rx receiver=2 id=0x0200 len=8
[machine.2]      1450500 can-rx receiver=2 id=0x0201 len=2
[machine.2]      1450500 can-rx receiver=2 id=0x0500 len=7
[machine.2]      1460500 can-tx sender=2 id=0x0101 len=2
[machine.2]      1460500 can-tx sender=2 id=0x0101 len=2
[machine.2]      1460500 can-tx sender=2 id=0x0101 len=2
[machine.2]      1460500 can-rx receiver=2 id=0x0102 len=2
[machine.2]      1460500 can-rx receiver=2 id=0x0200 len=8
[machine.2]      1460500 can-rx receiver=2 id=0x0500 len=7
[machine.2]      1470500 can-tx sender=2 id=0x0101 len=2
[machine.2]      1470500 can-tx sender=2 id=0x0101 len=2
[machine.2]      1470500 can-tx sender=2 id=0x0101 len=2
[machine.2]      1470500 can-rx receiver=2 id=0x0102 len=2
[machine.2]      1470500 can-rx receiver=2 id=0x0200 len=8
[machine.2]      1470500 can-rx receiver=2 id=0x0500 len=7
[machine.2]      1480500 can-tx sender=2 id=0x0101 len=2
[machine.2]      1480500 can-tx sender=2 id=0x0101 len=2
[machine.2]      1480500 can-tx sender=2 id=0x0101 len=2
[machine.2]      1480500 can-rx receiver=2 id=0x0102 len=2
[machine.2]      1480500 can-rx receiver=2 id=0x0200 len=8
[machine.2]      1480500 can-rx receiver=2 id=0x0500 len=7
[machine.2]      1490500 can-tx sender=2 id=0x0101 len=2
[machine.2]      1490500 can-tx sender=2 id=0x0101 len=2
[machine.2]      1490500 can-tx sender=2 id=0x0101 len=2
[machine.2]      1490500 can-rx receiver=2 id=0x0102 len=2
[machine.2]      1490500 can-rx receiver=2 id=0x0200 len=8
[machine.2]      1490500 can-rx receiver=2 id=0x0500 len=7
[machine.2]      1500500 can-tx sender=2 id=0x0001 len=5
[machine.2]      1500500 can-tx sender=2 id=0x0001 len=5
[machine.2]      1500500 can-tx sender=2 id=0x0001 len=5
[machine.2]      1500500 can-rx receiver=2 id=0x0001 len=5
[machine.2]      1500500 can-rx receiver=2 id=0x0001 len=5
[machine.2]      1500500 can-tx sender=2 id=0x0101 len=2
[machine.2]      1500500 can-tx sender=2 id=0x0101 len=2
[machine.2]      1500500 can-tx sender=2 id=0x0101 len=2
[machine.2]      1500500 can-rx receiver=2 id=0x0102 len=2
[machine.2]      1500500 can-rx receiver=2 id=0x0200 len=8
[machine.2]      1500500 can-rx receiver=2 id=0x0201 len=2
[machine.2]      1500500 can-rx receiver=2 id=0x0500 len=7
[machine.2]      1510500 can-tx sender=2 id=0x0101 len=2
[machine.2]      1510500 can-tx sender=2 id=0x0101 len=2
[machine.2]      1510500 can-tx sender=2 id=0x0101 len=2
[machine.2]      1510500 can-rx receiver=2 id=0x0102 len=2
[machine.2]      1510500 can-rx receiver=2 id=0x0200 len=8
[machine.2]      1510500 can-rx receiver=2 id=0x0500 len=7
[machine.2]      1520500 can-tx sender=2 id=0x0101 len=2
[machine.2]      1520500 can-tx sender=2 id=0x0101 len=2
[machine.2]      1520500 can-tx sender=2 id=0x0101 len=2
[machine.2]      1520500 can-rx receiver=2 id=0x0102 len=2
[machine.2]      1520500 can-rx receiver=2 id=0x0200 len=8
[machine.2]      1520500 can-rx receiver=2 id=0x0500 len=7
[machine.2]      1530500 can-tx sender=2 id=0x0101 len=2
[machine.2]      1530500 can-tx sender=2 id=0x0101 len=2
[machine.2]      1530500 can-tx sender=2 id=0x0101 len=2
[machine.2]      1530500 can-rx receiver=2 id=0x0102 len=2
[machine.2]      1530500 can-rx receiver=2 id=0x0200 len=8
[machine.2]      1530500 can-rx receiver=2 id=0x0500 len=7
[machine.2]      1540500 can-tx sender=2 id=0x0101 len=2
[machine.2]      1540500 can-tx sender=2 id=0x0101 len=2
[machine.2]      1540500 can-tx sender=2 id=0x0101 len=2
[machine.2]      1540500 can-rx receiver=2 id=0x0102 len=2
[machine.2]      1540500 can-rx receiver=2 id=0x0200 len=8
[machine.2]      1540500 can-rx receiver=2 id=0x0500 len=7
[machine.2]      1550500 can-tx sender=2 id=0x0101 len=2
[machine.2]      1550500 can-tx sender=2 id=0x0101 len=2
[machine.2]      1550500 can-tx sender=2 id=0x0101 len=2
[machine.2]      1550500 can-rx receiver=2 id=0x0102 len=2
[machine.2]      1550500 can-rx receiver=2 id=0x0200 len=8
[machine.2]      1550500 can-rx receiver=2 id=0x0201 len=2
[machine.2]      1550500 can-rx receiver=2 id=0x0500 len=7
[machine.2]      1560500 can-tx sender=2 id=0x0101 len=2
[machine.2]      1560500 can-tx sender=2 id=0x0101 len=2
[machine.2]      1560500 can-tx sender=2 id=0x0101 len=2
[machine.2]      1560500 can-rx receiver=2 id=0x0102 len=2
[machine.2]      1560500 can-rx receiver=2 id=0x0200 len=8
[machine.2]      1560500 can-rx receiver=2 id=0x0500 len=7
[machine.2]      1570500 can-tx sender=2 id=0x0101 len=2
[machine.2]      1570500 can-tx sender=2 id=0x0101 len=2
[machine.2]      1570500 can-tx sender=2 id=0x0101 len=2
[machine.2]      1570500 can-rx receiver=2 id=0x0102 len=2
[machine.2]      1570500 can-rx receiver=2 id=0x0200 len=8
[machine.2]      1570500 can-rx receiver=2 id=0x0500 len=7
[machine.2]      1580500 can-tx sender=2 id=0x0101 len=2
[machine.2]      1580500 can-tx sender=2 id=0x0101 len=2
[machine.2]      1580500 can-tx sender=2 id=0x0101 len=2
[machine.2]      1580500 can-rx receiver=2 id=0x0102 len=2
[machine.2]      1580500 can-rx receiver=2 id=0x0200 len=8
[machine.2]      1580500 can-rx receiver=2 id=0x0500 len=7
[machine.2]      1590500 can-tx sender=2 id=0x0101 len=2
[machine.2]      1590500 can-tx sender=2 id=0x0101 len=2
[machine.2]      1590500 can-tx sender=2 id=0x0101 len=2
[machine.2]      1590500 can-rx receiver=2 id=0x0102 len=2
[machine.2]      1590500 can-rx receiver=2 id=0x0200 len=8
[machine.2]      1590500 can-rx receiver=2 id=0x0500 len=7
[machine.2]      1600500 can-tx sender=2 id=0x0001 len=5
[machine.2]      1600500 can-tx sender=2 id=0x0001 len=5
[machine.2]      1600500 can-tx sender=2 id=0x0001 len=5
[machine.2]      1600500 can-rx receiver=2 id=0x0001 len=5
[machine.2]      1600500 can-rx receiver=2 id=0x0001 len=5
[machine.2]      1600500 can-tx sender=2 id=0x0101 len=2
[machine.2]      1600500 can-tx sender=2 id=0x0101 len=2
[machine.2]      1600500 can-tx sender=2 id=0x0101 len=2
[machine.2]      1600500 can-rx receiver=2 id=0x0102 len=2
[machine.2]      1600500 can-rx receiver=2 id=0x0200 len=8
[machine.2]      1600500 can-rx receiver=2 id=0x0201 len=2
[machine.2]      1600500 can-rx receiver=2 id=0x0500 len=7
[machine.2]      1610500 can-tx sender=2 id=0x0101 len=2
[machine.2]      1610500 can-tx sender=2 id=0x0101 len=2
[machine.2]      1610500 can-tx sender=2 id=0x0101 len=2
[machine.2]      1610500 can-rx receiver=2 id=0x0102 len=2
[machine.2]      1610500 can-rx receiver=2 id=0x0200 len=8
[machine.2]      1610500 can-rx receiver=2 id=0x0500 len=7
[machine.2]      1620500 can-tx sender=2 id=0x0101 len=2
[machine.2]      1620500 can-tx sender=2 id=0x0101 len=2
[machine.2]      1620500 can-tx sender=2 id=0x0101 len=2
[machine.2]      1620500 can-rx receiver=2 id=0x0102 len=2
[machine.2]      1620500 can-rx receiver=2 id=0x0200 len=8
[machine.2]      1620500 can-rx receiver=2 id=0x0500 len=7
[machine.2]      1630500 can-tx sender=2 id=0x0101 len=2
[machine.2]      1630500 can-tx sender=2 id=0x0101 len=2
[machine.2]      1630500 can-tx sender=2 id=0x0101 len=2
[machine.2]      1630500 can-rx receiver=2 id=0x0102 len=2
[machine.2]      1630500 can-rx receiver=2 id=0x0200 len=8
[machine.2]      1630500 can-rx receiver=2 id=0x0500 len=7
[machine.2]      1640500 can-tx sender=2 id=0x0101 len=2
[machine.2]      1640500 can-tx sender=2 id=0x0101 len=2
[machine.2]      1640500 can-tx sender=2 id=0x0101 len=2
[machine.2]      1640500 can-rx receiver=2 id=0x0102 len=2
[machine.2]      1640500 can-rx receiver=2 id=0x0200 len=8
[machine.2]      1640500 can-rx receiver=2 id=0x0500 len=7
[machine.2]      1650500 can-tx sender=2 id=0x0101 len=2
[machine.2]      1650500 can-tx sender=2 id=0x0101 len=2
[machine.2]      1650500 can-tx sender=2 id=0x0101 len=2
[machine.2]      1650500 can-rx receiver=2 id=0x0102 len=2
[machine.2]      1650500 can-rx receiver=2 id=0x0200 len=8
[machine.2]      1650500 can-rx receiver=2 id=0x0201 len=2
[machine.2]      1650500 can-rx receiver=2 id=0x0500 len=7
[machine.2]      1660500 can-tx sender=2 id=0x0101 len=2
[machine.2]      1660500 can-tx sender=2 id=0x0101 len=2
[machine.2]      1660500 can-tx sender=2 id=0x0101 len=2
[machine.2]      1660500 can-rx receiver=2 id=0x0102 len=2
[machine.2]      1660500 can-rx receiver=2 id=0x0200 len=8
[machine.2]      1660500 can-rx receiver=2 id=0x0500 len=7
[machine.2]      1670500 can-tx sender=2 id=0x0101 len=2
[machine.2]      1670500 can-tx sender=2 id=0x0101 len=2
[machine.2]      1670500 can-tx sender=2 id=0x0101 len=2
[machine.2]      1670500 can-rx receiver=2 id=0x0102 len=2
[machine.2]      1670500 can-rx receiver=2 id=0x0200 len=8
[machine.2]      1670500 can-rx receiver=2 id=0x0500 len=7
[machine.2]      1680500 can-tx sender=2 id=0x0101 len=2
[machine.2]      1680500 can-tx sender=2 id=0x0101 len=2
[machine.2]      1680500 can-tx sender=2 id=0x0101 len=2
[machine.2]      1680500 can-rx receiver=2 id=0x0102 len=2
[machine.2]      1680500 can-rx receiver=2 id=0x0200 len=8
[machine.2]      1680500 can-rx receiver=2 id=0x0500 len=7
[machine.2]      1690500 can-tx sender=2 id=0x0101 len=2
[machine.2]      1690500 can-tx sender=2 id=0x0101 len=2
[machine.2]      1690500 can-tx sender=2 id=0x0101 len=2
[machine.2]      1690500 can-rx receiver=2 id=0x0102 len=2
[machine.2]      1690500 can-rx receiver=2 id=0x0200 len=8
[machine.2]      1690500 can-rx receiver=2 id=0x0500 len=7
[machine.2]      1700500 can-tx sender=2 id=0x0001 len=5
[machine.2]      1700500 can-tx sender=2 id=0x0001 len=5
[machine.2]      1700500 can-tx sender=2 id=0x0001 len=5
[machine.2]      1700500 can-rx receiver=2 id=0x0001 len=5
[machine.2]      1700500 can-rx receiver=2 id=0x0001 len=5
[machine.2]      1700500 can-tx sender=2 id=0x0101 len=2
[machine.2]      1700500 can-tx sender=2 id=0x0101 len=2
[machine.2]      1700500 can-tx sender=2 id=0x0101 len=2
[machine.2]      1700500 can-rx receiver=2 id=0x0102 len=2
[machine.2]      1700500 can-rx receiver=2 id=0x0200 len=8
[machine.2]      1700500 can-rx receiver=2 id=0x0201 len=2
[machine.2]      1700500 can-rx receiver=2 id=0x0500 len=7
[machine.2]      1710500 can-tx sender=2 id=0x0101 len=2
[machine.2]      1710500 can-tx sender=2 id=0x0101 len=2
[machine.2]      1710500 can-tx sender=2 id=0x0101 len=2
[machine.2]      1710500 can-rx receiver=2 id=0x0102 len=2
[machine.2]      1710500 can-rx receiver=2 id=0x0200 len=8
[machine.2]      1710500 can-rx receiver=2 id=0x0500 len=7
[machine.2]      1720500 can-tx sender=2 id=0x0101 len=2
[machine.2]      1720500 can-tx sender=2 id=0x0101 len=2
[machine.2]      1720500 can-tx sender=2 id=0x0101 len=2
[machine.2]      1720500 can-rx receiver=2 id=0x0102 len=2
[machine.2]      1720500 can-rx receiver=2 id=0x0200 len=8
[machine.2]      1720500 can-rx receiver=2 id=0x0500 len=7
[machine.2]      1730500 can-tx sender=2 id=0x0101 len=2
[machine.2]      1730500 can-tx sender=2 id=0x0101 len=2
[machine.2]      1730500 can-tx sender=2 id=0x0101 len=2
[machine.2]      1730500 can-rx receiver=2 id=0x0102 len=2
[machine.2]      1730500 can-rx receiver=2 id=0x0200 len=8
[machine.2]      1730500 can-rx receiver=2 id=0x0500 len=7
[machine.2]      1740500 can-tx sender=2 id=0x0101 len=2
[machine.2]      1740500 can-tx sender=2 id=0x0101 len=2
[machine.2]      1740500 can-tx sender=2 id=0x0101 len=2
[machine.2]      1740500 can-rx receiver=2 id=0x0102 len=2
[machine.2]      1740500 can-rx receiver=2 id=0x0200 len=8
[machine.2]      1740500 can-rx receiver=2 id=0x0500 len=7
[machine.2]      1750500 can-tx sender=2 id=0x0101 len=2
[machine.2]      1750500 can-tx sender=2 id=0x0101 len=2
[machine.2]      1750500 can-tx sender=2 id=0x0101 len=2
[machine.2]      1750500 can-rx receiver=2 id=0x0102 len=2
[machine.2]      1750500 can-rx receiver=2 id=0x0200 len=8
[machine.2]      1750500 can-rx receiver=2 id=0x0201 len=2
[machine.2]      1750500 can-rx receiver=2 id=0x0500 len=7
[machine.2]      1760500 can-tx sender=2 id=0x0101 len=2
[machine.2]      1760500 can-tx sender=2 id=0x0101 len=2
[machine.2]      1760500 can-tx sender=2 id=0x0101 len=2
[machine.2]      1760500 can-rx receiver=2 id=0x0102 len=2
[machine.2]      1760500 can-rx receiver=2 id=0x0200 len=8
[machine.2]      1760500 can-rx receiver=2 id=0x0500 len=7
[machine.2]      1770500 can-tx sender=2 id=0x0101 len=2
[machine.2]      1770500 can-tx sender=2 id=0x0101 len=2
[machine.2]      1770500 can-tx sender=2 id=0x0101 len=2
[machine.2]      1770500 can-rx receiver=2 id=0x0102 len=2
[machine.2]      1770500 can-rx receiver=2 id=0x0200 len=8
[machine.2]      1770500 can-rx receiver=2 id=0x0500 len=7
[machine.2]      1780500 can-tx sender=2 id=0x0101 len=2
[machine.2]      1780500 can-tx sender=2 id=0x0101 len=2
[machine.2]      1780500 can-tx sender=2 id=0x0101 len=2
[machine.2]      1780500 can-rx receiver=2 id=0x0102 len=2
[machine.2]      1780500 can-rx receiver=2 id=0x0200 len=8
[machine.2]      1780500 can-rx receiver=2 id=0x0500 len=7
[machine.2]      1790500 can-tx sender=2 id=0x0101 len=2
[machine.2]      1790500 can-tx sender=2 id=0x0101 len=2
[machine.2]      1790500 can-tx sender=2 id=0x0101 len=2
[machine.2]      1790500 can-rx receiver=2 id=0x0102 len=2
[machine.2]      1790500 can-rx receiver=2 id=0x0200 len=8
[machine.2]      1790500 can-rx receiver=2 id=0x0500 len=7
[machine.2]      1800500 can-tx sender=2 id=0x0001 len=5
[machine.2]      1800500 can-tx sender=2 id=0x0001 len=5
[machine.2]      1800500 can-tx sender=2 id=0x0001 len=5
[machine.2]      1800500 can-rx receiver=2 id=0x0001 len=5
[machine.2]      1800500 can-rx receiver=2 id=0x0001 len=5
[machine.2]      1800500 can-tx sender=2 id=0x0101 len=2
[machine.2]      1800500 can-tx sender=2 id=0x0101 len=2
[machine.2]      1800500 can-tx sender=2 id=0x0101 len=2
[machine.2]      1800500 can-rx receiver=2 id=0x0102 len=2
[machine.2]      1800500 can-rx receiver=2 id=0x0200 len=8
[machine.2]      1800500 can-rx receiver=2 id=0x0201 len=2
[machine.2]      1800500 can-rx receiver=2 id=0x0500 len=7
[machine.2]      1810500 can-tx sender=2 id=0x0101 len=2
[machine.2]      1810500 can-tx sender=2 id=0x0101 len=2
[machine.2]      1810500 can-tx sender=2 id=0x0101 len=2
[machine.2]      1810500 can-rx receiver=2 id=0x0102 len=2
[machine.2]      1810500 can-rx receiver=2 id=0x0200 len=8
[machine.2]      1810500 can-rx receiver=2 id=0x0500 len=7
[machine.2]      1820500 can-tx sender=2 id=0x0101 len=2
[machine.2]      1820500 can-tx sender=2 id=0x0101 len=2
[machine.2]      1820500 can-tx sender=2 id=0x0101 len=2
[machine.2]      1820500 can-rx receiver=2 id=0x0102 len=2
[machine.2]      1820500 can-rx receiver=2 id=0x0200 len=8
[machine.2]      1820500 can-rx receiver=2 id=0x0500 len=7
[machine.2]      1830500 can-tx sender=2 id=0x0101 len=2
[machine.2]      1830500 can-tx sender=2 id=0x0101 len=2
[machine.2]      1830500 can-tx sender=2 id=0x0101 len=2
[machine.2]      1830500 can-rx receiver=2 id=0x0102 len=2
[machine.2]      1830500 can-rx receiver=2 id=0x0200 len=8
[machine.2]      1830500 can-rx receiver=2 id=0x0500 len=7
[machine.2]      1840500 can-tx sender=2 id=0x0101 len=2
[machine.2]      1840500 can-tx sender=2 id=0x0101 len=2
[machine.2]      1840500 can-tx sender=2 id=0x0101 len=2
[machine.2]      1840500 can-rx receiver=2 id=0x0102 len=2
[machine.2]      1840500 can-rx receiver=2 id=0x0200 len=8
[machine.2]      1840500 can-rx receiver=2 id=0x0500 len=7
[machine.2]      1850500 can-tx sender=2 id=0x0101 len=2
[machine.2]      1850500 can-tx sender=2 id=0x0101 len=2
[machine.2]      1850500 can-tx sender=2 id=0x0101 len=2
[machine.2]      1850500 can-rx receiver=2 id=0x0102 len=2
[machine.2]      1850500 can-rx receiver=2 id=0x0200 len=8
[machine.2]      1850500 can-rx receiver=2 id=0x0201 len=2
[machine.2]      1850500 can-rx receiver=2 id=0x0500 len=7
[machine.2]      1860500 can-tx sender=2 id=0x0101 len=2
[machine.2]      1860500 can-tx sender=2 id=0x0101 len=2
[machine.2]      1860500 can-tx sender=2 id=0x0101 len=2
[machine.2]      1860500 can-rx receiver=2 id=0x0102 len=2
[machine.2]      1860500 can-rx receiver=2 id=0x0200 len=8
[machine.2]      1860500 can-rx receiver=2 id=0x0500 len=7
[machine.2]      1870500 can-tx sender=2 id=0x0101 len=2
[machine.2]      1870500 can-tx sender=2 id=0x0101 len=2
[machine.2]      1870500 can-tx sender=2 id=0x0101 len=2
[machine.2]      1870500 can-rx receiver=2 id=0x0102 len=2
[machine.2]      1870500 can-rx receiver=2 id=0x0200 len=8
[machine.2]      1870500 can-rx receiver=2 id=0x0500 len=7
[machine.2]      1880500 can-tx sender=2 id=0x0101 len=2
[machine.2]      1880500 can-tx sender=2 id=0x0101 len=2
[machine.2]      1880500 can-tx sender=2 id=0x0101 len=2
[machine.2]      1880500 can-rx receiver=2 id=0x0102 len=2
[machine.2]      1880500 can-rx receiver=2 id=0x0200 len=8
[machine.2]      1880500 can-rx receiver=2 id=0x0500 len=7
[machine.2]      1890500 can-tx sender=2 id=0x0101 len=2
[machine.2]      1890500 can-tx sender=2 id=0x0101 len=2
[machine.2]      1890500 can-tx sender=2 id=0x0101 len=2
[machine.2]      1890500 can-rx receiver=2 id=0x0102 len=2
[machine.2]      1890500 can-rx receiver=2 id=0x0200 len=8
[machine.2]      1890500 can-rx receiver=2 id=0x0500 len=7
[machine.2]      1900500 can-tx sender=2 id=0x0001 len=5
[machine.2]      1900500 can-tx sender=2 id=0x0001 len=5
[machine.2]      1900500 can-tx sender=2 id=0x0001 len=5
[machine.2]      1900500 can-rx receiver=2 id=0x0001 len=5
[machine.2]      1900500 can-rx receiver=2 id=0x0001 len=5
[machine.2]      1900500 can-tx sender=2 id=0x0101 len=2
[machine.2]      1900500 can-tx sender=2 id=0x0101 len=2
[machine.2]      1900500 can-tx sender=2 id=0x0101 len=2
[machine.2]      1900500 can-rx receiver=2 id=0x0102 len=2
[machine.2]      1900500 can-rx receiver=2 id=0x0200 len=8
[machine.2]      1900500 can-rx receiver=2 id=0x0201 len=2
[machine.2]      1900500 can-rx receiver=2 id=0x0500 len=7
[machine.2]      1910500 can-tx sender=2 id=0x0101 len=2
[machine.2]      1910500 can-tx sender=2 id=0x0101 len=2
[machine.2]      1910500 can-tx sender=2 id=0x0101 len=2
[machine.2]      1910500 can-rx receiver=2 id=0x0102 len=2
[machine.2]      1910500 can-rx receiver=2 id=0x0200 len=8
[machine.2]      1910500 can-rx receiver=2 id=0x0500 len=7
[machine.2]      1920500 can-tx sender=2 id=0x0101 len=2
[machine.2]      1920500 can-tx sender=2 id=0x0101 len=2
[machine.2]      1920500 can-tx sender=2 id=0x0101 len=2
[machine.2]      1920500 can-rx receiver=2 id=0x0102 len=2
[machine.2]      1920500 can-rx receiver=2 id=0x0200 len=8
[machine.2]      1920500 can-rx receiver=2 id=0x0500 len=7
[machine.2]      1930500 can-tx sender=2 id=0x0101 len=2
[machine.2]      1930500 can-tx sender=2 id=0x0101 len=2
[machine.2]      1930500 can-tx sender=2 id=0x0101 len=2
[machine.2]      1930500 can-rx receiver=2 id=0x0102 len=2
[machine.2]      1930500 can-rx receiver=2 id=0x0200 len=8
[machine.2]      1930500 can-rx receiver=2 id=0x0500 len=7
[machine.2]      1940500 can-tx sender=2 id=0x0101 len=2
[machine.2]      1940500 can-tx sender=2 id=0x0101 len=2
[machine.2]      1940500 can-tx sender=2 id=0x0101 len=2
[machine.2]      1940500 can-rx receiver=2 id=0x0102 len=2
[machine.2]      1940500 can-rx receiver=2 id=0x0200 len=8
[machine.2]      1940500 can-rx receiver=2 id=0x0500 len=7
[machine.2]      1950500 can-tx sender=2 id=0x0101 len=2
[machine.2]      1950500 can-tx sender=2 id=0x0101 len=2
[machine.2]      1950500 can-tx sender=2 id=0x0101 len=2
[machine.2]      1950500 can-rx receiver=2 id=0x0102 len=2
[machine.2]      1950500 can-rx receiver=2 id=0x0200 len=8
[machine.2]      1950500 can-rx receiver=2 id=0x0201 len=2
[machine.2]      1950500 can-rx receiver=2 id=0x0500 len=7
[machine.2]      1960500 can-tx sender=2 id=0x0101 len=2
[machine.2]      1960500 can-tx sender=2 id=0x0101 len=2
[machine.2]      1960500 can-tx sender=2 id=0x0101 len=2
[machine.2]      1960500 can-rx receiver=2 id=0x0102 len=2
[machine.2]      1960500 can-rx receiver=2 id=0x0200 len=8
[machine.2]      1960500 can-rx receiver=2 id=0x0500 len=7
[machine.2]      1970500 can-tx sender=2 id=0x0101 len=2
[machine.2]      1970500 can-tx sender=2 id=0x0101 len=2
[machine.2]      1970500 can-tx sender=2 id=0x0101 len=2
[machine.2]      1970500 can-rx receiver=2 id=0x0102 len=2
[machine.2]      1970500 can-rx receiver=2 id=0x0200 len=8
[machine.2]      1970500 can-rx receiver=2 id=0x0500 len=7
[machine.2]      1980500 can-tx sender=2 id=0x0101 len=2
[machine.2]      1980500 can-tx sender=2 id=0x0101 len=2
[machine.2]      1980500 can-tx sender=2 id=0x0101 len=2
[machine.2]      1980500 can-rx receiver=2 id=0x0102 len=2
[machine.2]      1980500 can-rx receiver=2 id=0x0200 len=8
[machine.2]      1980500 can-rx receiver=2 id=0x0500 len=7
[machine.2]      1990500 can-tx sender=2 id=0x0101 len=2
[machine.2]      1990500 can-tx sender=2 id=0x0101 len=2
[machine.2]      1990500 can-tx sender=2 id=0x0101 len=2
[machine.2]      1990500 can-rx receiver=2 id=0x0102 len=2
[machine.2]      1990500 can-rx receiver=2 id=0x0200 len=8
[machine.2]      1990500 can-rx receiver=2 id=0x0500 len=7
[machine.2]      2000500 can-tx sender=2 id=0x0001 len=5
[machine.2]      2000500 can-tx sender=2 id=0x0001 len=5
[machine.2]      2000500 can-tx sender=2 id=0x0001 len=5
[machine.2]      2000500 can-rx receiver=2 id=0x0001 len=5
[machine.2]      2000500 can-rx receiver=2 id=0x0001 len=5
[machine.2]      2000500 can-tx sender=2 id=0x0101 len=2
[machine.2]      2000500 can-tx sender=2 id=0x0101 len=2
[machine.2]      2000500 can-tx sender=2 id=0x0101 len=2
[machine.2]      2000500 can-rx receiver=2 id=0x0102 len=2
[machine.2]      2000500 can-rx receiver=2 id=0x0200 len=8
[machine.2]      2000500 can-rx receiver=2 id=0x0201 len=2
[machine.2]      2000500 can-rx receiver=2 id=0x0500 len=7
[machine.2]      2010500 can-tx sender=2 id=0x0101 len=2
[machine.2]      2010500 can-tx sender=2 id=0x0101 len=2
[machine.2]      2010500 can-tx sender=2 id=0x0101 len=2
[machine.2]      2010500 can-rx receiver=2 id=0x0102 len=2
[machine.2]      2010500 can-rx receiver=2 id=0x0200 len=8
[machine.2]      2010500 can-rx receiver=2 id=0x0500 len=7
[machine.2]      2020500 can-tx sender=2 id=0x0101 len=2
[machine.2]      2020500 can-tx sender=2 id=0x0101 len=2
[machine.2]      2020500 can-tx sender=2 id=0x0101 len=2
[machine.2]      2020500 can-rx receiver=2 id=0x0102 len=2
[machine.2]      2020500 can-rx receiver=2 id=0x0200 len=8
[machine.2]      2020500 can-rx receiver=2 id=0x0500 len=7
[machine.2]      2030500 can-tx sender=2 id=0x0101 len=2
[machine.2]      2030500 can-tx sender=2 id=0x0101 len=2
[machine.2]      2030500 can-tx sender=2 id=0x0101 len=2
[machine.2]      2030500 can-rx receiver=2 id=0x0102 len=2
[machine.2]      2030500 can-rx receiver=2 id=0x0200 len=8
[machine.2]      2030500 can-rx receiver=2 id=0x0500 len=7
[machine.2]      2040500 can-tx sender=2 id=0x0101 len=2
[machine.2]      2040500 can-tx sender=2 id=0x0101 len=2
[machine.2]      2040500 can-tx sender=2 id=0x0101 len=2
[machine.2]      2040500 can-rx receiver=2 id=0x0102 len=2
[machine.2]      2040500 can-rx receiver=2 id=0x0200 len=8
[machine.2]      2040500 can-rx receiver=2 id=0x0500 len=7
[machine.2]      2050500 can-tx sender=2 id=0x0101 len=2
[machine.2]      2050500 can-tx sender=2 id=0x0101 len=2
[machine.2]      2050500 can-tx sender=2 id=0x0101 len=2
[machine.2]      2050500 can-rx receiver=2 id=0x0102 len=2
[machine.2]      2050500 can-rx receiver=2 id=0x0200 len=8
[machine.2]      2050500 can-rx receiver=2 id=0x0201 len=2
[machine.2]      2050500 can-rx receiver=2 id=0x0500 len=7
[machine.2]      2060500 can-tx sender=2 id=0x0101 len=2
[machine.2]      2060500 can-tx sender=2 id=0x0101 len=2
[machine.2]      2060500 can-tx sender=2 id=0x0101 len=2
[machine.2]      2060500 can-rx receiver=2 id=0x0102 len=2
[machine.2]      2060500 can-rx receiver=2 id=0x0200 len=8
[machine.2]      2060500 can-rx receiver=2 id=0x0500 len=7
[machine.2]      2070500 can-tx sender=2 id=0x0101 len=2
[machine.2]      2070500 can-tx sender=2 id=0x0101 len=2
[machine.2]      2070500 can-tx sender=2 id=0x0101 len=2
[machine.2]      2070500 can-rx receiver=2 id=0x0102 len=2
[machine.2]      2070500 can-rx receiver=2 id=0x0200 len=8
[machine.2]      2070500 can-rx receiver=2 id=0x0500 len=7
[machine.2]      2080500 can-tx sender=2 id=0x0101 len=2
[machine.2]      2080500 can-tx sender=2 id=0x0101 len=2
[machine.2]      2080500 can-tx sender=2 id=0x0101 len=2
[machine.2]      2080500 can-rx receiver=2 id=0x0102 len=2
[machine.2]      2080500 can-rx receiver=2 id=0x0200 len=8
[machine.2]      2080500 can-rx receiver=2 id=0x0500 len=7
[machine.2]      2090500 can-tx sender=2 id=0x0101 len=2
[machine.2]      2090500 can-tx sender=2 id=0x0101 len=2
[machine.2]      2090500 can-tx sender=2 id=0x0101 len=2
[machine.2]      2090500 can-rx receiver=2 id=0x0102 len=2
[machine.2]      2090500 can-rx receiver=2 id=0x0200 len=8
[machine.2]      2090500 can-rx receiver=2 id=0x0500 len=7
[machine.2]      2100500 can-tx sender=2 id=0x0001 len=5
[machine.2]      2100500 can-tx sender=2 id=0x0001 len=5
[machine.2]      2100500 can-tx sender=2 id=0x0001 len=5
[machine.2]      2100500 can-rx receiver=2 id=0x0001 len=5
[machine.2]      2100500 can-rx receiver=2 id=0x0001 len=5
[machine.2]      2100500 can-tx sender=2 id=0x0101 len=2
[machine.2]      2100500 can-tx sender=2 id=0x0101 len=2
[machine.2]      2100500 can-tx sender=2 id=0x0101 len=2
[machine.2]      2100500 can-rx receiver=2 id=0x0102 len=2
[machine.2]      2100500 can-rx receiver=2 id=0x0200 len=8
[machine.2]      2100500 can-rx receiver=2 id=0x0201 len=2
[machine.2]      2100500 can-rx receiver=2 id=0x0500 len=7
[machine.2]      2110500 can-tx sender=2 id=0x0101 len=2
[machine.2]      2110500 can-tx sender=2 id=0x0101 len=2
[machine.2]      2110500 can-tx sender=2 id=0x0101 len=2
[machine.2]      2110500 can-rx receiver=2 id=0x0102 len=2
[machine.2]      2110500 can-rx receiver=2 id=0x0200 len=8
[machine.2]      2110500 can-rx receiver=2 id=0x0500 len=7
[machine.2]      2120500 can-tx sender=2 id=0x0101 len=2
[machine.2]      2120500 can-tx sender=2 id=0x0101 len=2
[machine.2]      2120500 can-tx sender=2 id=0x0101 len=2
[machine.2]      2120500 can-rx receiver=2 id=0x0102 len=2
[machine.2]      2120500 can-rx receiver=2 id=0x0200 len=8
[machine.2]      2120500 can-rx receiver=2 id=0x0500 len=7
[machine.2]      2130500 can-tx sender=2 id=0x0101 len=2
[machine.2]      2130500 can-tx sender=2 id=0x0101 len=2
[machine.2]      2130500 can-tx sender=2 id=0x0101 len=2
[machine.2]      2130500 can-rx receiver=2 id=0x0102 len=2
[machine.2]      2130500 can-rx receiver=2 id=0x0200 len=8
[machine.2]      2130500 can-rx receiver=2 id=0x0500 len=7
[machine.2]      2140500 can-tx sender=2 id=0x0101 len=2
[machine.2]      2140500 can-tx sender=2 id=0x0101 len=2
[machine.2]      2140500 can-tx sender=2 id=0x0101 len=2
[machine.2]      2140500 can-rx receiver=2 id=0x0102 len=2
[machine.2]      2140500 can-rx receiver=2 id=0x0200 len=8
[machine.2]      2140500 can-rx receiver=2 id=0x0500 len=7
[machine.2]      2150500 can-tx sender=2 id=0x0101 len=2
[machine.2]      2150500 can-tx sender=2 id=0x0101 len=2
[machine.2]      2150500 can-tx sender=2 id=0x0101 len=2
[machine.2]      2150500 can-rx receiver=2 id=0x0102 len=2
[machine.2]      2150500 can-rx receiver=2 id=0x0200 len=8
[machine.2]      2150500 can-rx receiver=2 id=0x0201 len=2
[machine.2]      2150500 can-rx receiver=2 id=0x0500 len=7
[machine.2]      2160500 can-tx sender=2 id=0x0101 len=2
[machine.2]      2160500 can-tx sender=2 id=0x0101 len=2
[machine.2]      2160500 can-tx sender=2 id=0x0101 len=2
[machine.2]      2160500 can-rx receiver=2 id=0x0102 len=2
[machine.2]      2160500 can-rx receiver=2 id=0x0200 len=8
[machine.2]      2160500 can-rx receiver=2 id=0x0500 len=7
[machine.2]      2170500 can-tx sender=2 id=0x0101 len=2
[machine.2]      2170500 can-tx sender=2 id=0x0101 len=2
[machine.2]      2170500 can-tx sender=2 id=0x0101 len=2
[machine.2]      2170500 can-rx receiver=2 id=0x0102 len=2
[machine.2]      2170500 can-rx receiver=2 id=0x0200 len=8
[machine.2]      2170500 can-rx receiver=2 id=0x0500 len=7
[machine.2]      2180500 can-tx sender=2 id=0x0101 len=2
[machine.2]      2180500 can-tx sender=2 id=0x0101 len=2
[machine.2]      2180500 can-tx sender=2 id=0x0101 len=2
[machine.2]      2180500 can-rx receiver=2 id=0x0102 len=2
[machine.2]      2180500 can-rx receiver=2 id=0x0200 len=8
[machine.2]      2180500 can-rx receiver=2 id=0x0500 len=7
[machine.2]      2190500 can-tx sender=2 id=0x0101 len=2
[machine.2]      2190500 can-tx sender=2 id=0x0101 len=2
[machine.2]      2190500 can-tx sender=2 id=0x0101 len=2
[machine.2]      2190500 can-rx receiver=2 id=0x0102 len=2
[machine.2]      2190500 can-rx receiver=2 id=0x0200 len=8
[machine.2]      2190500 can-rx receiver=2 id=0x0500 len=7
[machine.2]      2200500 can-tx sender=2 id=0x0001 len=5
[machine.2]      2200500 can-tx sender=2 id=0x0001 len=5
[machine.2]      2200500 can-tx sender=2 id=0x0001 len=5
[machine.2]      2200500 can-rx receiver=2 id=0x0001 len=5
[machine.2]      2200500 can-rx receiver=2 id=0x0001 len=5
[machine.2]      2200500 can-tx sender=2 id=0x0101 len=2
[machine.2]      2200500 can-tx sender=2 id=0x0101 len=2
[machine.2]      2200500 can-tx sender=2 id=0x0101 len=2
[machine.2]      2200500 can-rx receiver=2 id=0x0102 len=2
[machine.2]      2200500 can-rx receiver=2 id=0x0200 len=8
[machine.2]      2200500 can-rx receiver=2 id=0x0201 len=2
[machine.2]      2200500 can-rx receiver=2 id=0x0500 len=7
[machine.2]      2210500 can-tx sender=2 id=0x0101 len=2
[machine.2]      2210500 can-tx sender=2 id=0x0101 len=2
[machine.2]      2210500 can-tx sender=2 id=0x0101 len=2
[machine.2]      2210500 can-rx receiver=2 id=0x0102 len=2
[machine.2]      2210500 can-rx receiver=2 id=0x0200 len=8
[machine.2]      2210500 can-rx receiver=2 id=0x0500 len=7
[machine.2]      2220500 can-tx sender=2 id=0x0101 len=2
[machine.2]      2220500 can-tx sender=2 id=0x0101 len=2
[machine.2]      2220500 can-tx sender=2 id=0x0101 len=2
[machine.2]      2220500 can-rx receiver=2 id=0x0102 len=2
[machine.2]      2220500 can-rx receiver=2 id=0x0200 len=8
[machine.2]      2220500 can-rx receiver=2 id=0x0500 len=7
[machine.2]      2230500 can-tx sender=2 id=0x0101 len=2
[machine.2]      2230500 can-tx sender=2 id=0x0101 len=2
[machine.2]      2230500 can-tx sender=2 id=0x0101 len=2
[machine.2]      2230500 can-rx receiver=2 id=0x0102 len=2
[machine.2]      2230500 can-rx receiver=2 id=0x0200 len=8
[machine.2]      2230500 can-rx receiver=2 id=0x0500 len=7
[machine.2]      2240500 can-tx sender=2 id=0x0101 len=2
[machine.2]      2240500 can-tx sender=2 id=0x0101 len=2
[machine.2]      2240500 can-tx sender=2 id=0x0101 len=2
[machine.2]      2240500 can-rx receiver=2 id=0x0102 len=2
[machine.2]      2240500 can-rx receiver=2 id=0x0200 len=8
[machine.2]      2240500 can-rx receiver=2 id=0x0500 len=7
[machine.2]      2250500 can-tx sender=2 id=0x0101 len=2
[machine.2]      2250500 can-tx sender=2 id=0x0101 len=2
[machine.2]      2250500 can-tx sender=2 id=0x0101 len=2
[machine.2]      2250500 can-rx receiver=2 id=0x0102 len=2
[machine.2]      2250500 can-rx receiver=2 id=0x0200 len=8
[machine.2]      2250500 can-rx receiver=2 id=0x0201 len=2
[machine.2]      2250500 can-rx receiver=2 id=0x0500 len=7
[machine.2]      2260500 can-tx sender=2 id=0x0101 len=2
[machine.2]      2260500 can-tx sender=2 id=0x0101 len=2
[machine.2]      2260500 can-tx sender=2 id=0x0101 len=2
[machine.2]      2260500 can-rx receiver=2 id=0x0102 len=2
[machine.2]      2260500 can-rx receiver=2 id=0x0200 len=8
[machine.2]      2260500 can-rx receiver=2 id=0x0500 len=7
[machine.2]      2270500 can-tx sender=2 id=0x0101 len=2
[machine.2]      2270500 can-tx sender=2 id=0x0101 len=2
[machine.2]      2270500 can-tx sender=2 id=0x0101 len=2
[machine.2]      2270500 can-rx receiver=2 id=0x0102 len=2
[machine.2]      2270500 can-rx receiver=2 id=0x0200 len=8
[machine.2]      2270500 can-rx receiver=2 id=0x0500 len=7
[machine.2]      2280500 can-tx sender=2 id=0x0101 len=2
[machine.2]      2280500 can-tx sender=2 id=0x0101 len=2
[machine.2]      2280500 can-tx sender=2 id=0x0101 len=2
[machine.2]      2280500 can-rx receiver=2 id=0x0102 len=2
[machine.2]      2280500 can-rx receiver=2 id=0x0200 len=8
[machine.2]      2280500 can-rx receiver=2 id=0x0500 len=7
[machine.2]      2290500 can-tx sender=2 id=0x0101 len=2
[machine.2]      2290500 can-tx sender=2 id=0x0101 len=2
[machine.2]      2290500 can-tx sender=2 id=0x0101 len=2
[machine.2]      2290500 can-rx receiver=2 id=0x0102 len=2
[machine.2]      2290500 can-rx receiver=2 id=0x0200 len=8
[machine.2]      2290500 can-rx receiver=2 id=0x0500 len=7
[machine.2]      2300500 can-tx sender=2 id=0x0001 len=5
[machine.2]      2300500 can-tx sender=2 id=0x0001 len=5
[machine.2]      2300500 can-tx sender=2 id=0x0001 len=5
[machine.2]      2300500 can-rx receiver=2 id=0x0001 len=5
[machine.2]      2300500 can-rx receiver=2 id=0x0001 len=5
[machine.2]      2300500 can-tx sender=2 id=0x0101 len=2
[machine.2]      2300500 can-tx sender=2 id=0x0101 len=2
[machine.2]      2300500 can-tx sender=2 id=0x0101 len=2
[machine.2]      2300500 can-rx receiver=2 id=0x0102 len=2
[machine.2]      2300500 can-rx receiver=2 id=0x0200 len=8
[machine.2]      2300500 can-rx receiver=2 id=0x0201 len=2
[machine.2]      2300500 can-rx receiver=2 id=0x0500 len=7
[machine.2]      2310500 can-tx sender=2 id=0x0101 len=2
[machine.2]      2310500 can-tx sender=2 id=0x0101 len=2
[machine.2]      2310500 can-tx sender=2 id=0x0101 len=2
[machine.2]      2310500 can-rx receiver=2 id=0x0102 len=2
[machine.2]      2310500 can-rx receiver=2 id=0x0200 len=8
[machine.2]      2310500 can-rx receiver=2 id=0x0500 len=7
[machine.2]      2320500 can-tx sender=2 id=0x0101 len=2
[machine.2]      2320500 can-tx sender=2 id=0x0101 len=2
[machine.2]      2320500 can-tx sender=2 id=0x0101 len=2
[machine.2]      2320500 can-rx receiver=2 id=0x0102 len=2
[machine.2]      2320500 can-rx receiver=2 id=0x0200 len=8
[machine.2]      2320500 can-rx receiver=2 id=0x0500 len=7
[machine.2]      2330500 can-tx sender=2 id=0x0101 len=2
[machine.2]      2330500 can-tx sender=2 id=0x0101 len=2
[machine.2]      2330500 can-tx sender=2 id=0x0101 len=2
[machine.2]      2330500 can-rx receiver=2 id=0x0102 len=2
[machine.2]      2330500 can-rx receiver=2 id=0x0200 len=8
[machine.2]      2330500 can-rx receiver=2 id=0x0500 len=7
[machine.2]      2340500 can-tx sender=2 id=0x0101 len=2
[machine.2]      2340500 can-tx sender=2 id=0x0101 len=2
[machine.2]      2340500 can-tx sender=2 id=0x0101 len=2
[machine.2]      2340500 can-rx receiver=2 id=0x0102 len=2
[machine.2]      2340500 can-rx receiver=2 id=0x0200 len=8
[machine.2]      2340500 can-rx receiver=2 id=0x0500 len=7
[machine.2]      2350500 can-tx sender=2 id=0x0101 len=2
[machine.2]      2350500 can-tx sender=2 id=0x0101 len=2
[machine.2]      2350500 can-tx sender=2 id=0x0101 len=2
[machine.2]      2350500 can-rx receiver=2 id=0x0102 len=2
[machine.2]      2350500 can-rx receiver=2 id=0x0200 len=8
[machine.2]      2350500 can-rx receiver=2 id=0x0201 len=2
[machine.2]      2350500 can-rx receiver=2 id=0x0500 len=7
[machine.2]      2360500 can-tx sender=2 id=0x0101 len=2
[machine.2]      2360500 can-tx sender=2 id=0x0101 len=2
[machine.2]      2360500 can-tx sender=2 id=0x0101 len=2
[machine.2]      2360500 can-rx receiver=2 id=0x0102 len=2
[machine.2]      2360500 can-rx receiver=2 id=0x0200 len=8
[machine.2]      2360500 can-rx receiver=2 id=0x0500 len=7
[machine.2]      2370500 can-tx sender=2 id=0x0101 len=2
[machine.2]      2370500 can-tx sender=2 id=0x0101 len=2
[machine.2]      2370500 can-tx sender=2 id=0x0101 len=2
[machine.2]      2370500 can-rx receiver=2 id=0x0102 len=2
[machine.2]      2370500 can-rx receiver=2 id=0x0200 len=8
[machine.2]      2370500 can-rx receiver=2 id=0x0500 len=7
[machine.2]      2380500 can-tx sender=2 id=0x0101 len=2
[machine.2]      2380500 can-tx sender=2 id=0x0101 len=2
[machine.2]      2380500 can-tx sender=2 id=0x0101 len=2
[machine.2]      2380500 can-rx receiver=2 id=0x0102 len=2
[machine.2]      2380500 can-rx receiver=2 id=0x0200 len=8
[machine.2]      2380500 can-rx receiver=2 id=0x0500 len=7
[machine.2]      2390500 can-tx sender=2 id=0x0101 len=2
[machine.2]      2390500 can-tx sender=2 id=0x0101 len=2
[machine.2]      2390500 can-tx sender=2 id=0x0101 len=2
[machine.2]      2390500 can-rx receiver=2 id=0x0102 len=2
[machine.2]      2390500 can-rx receiver=2 id=0x0200 len=8
[machine.2]      2390500 can-rx receiver=2 id=0x0500 len=7
[machine.2]      2400500 can-tx sender=2 id=0x0001 len=5
[machine.2]      2400500 can-tx sender=2 id=0x0001 len=5
[machine.2]      2400500 can-tx sender=2 id=0x0001 len=5
[machine.2]      2400500 can-rx receiver=2 id=0x0001 len=5
[machine.2]      2400500 can-rx receiver=2 id=0x0001 len=5
[machine.2]      2400500 can-tx sender=2 id=0x0101 len=2
[machine.2]      2400500 can-tx sender=2 id=0x0101 len=2
[machine.2]      2400500 can-tx sender=2 id=0x0101 len=2
[machine.2]      2400500 can-rx receiver=2 id=0x0102 len=2
[machine.2]      2400500 can-rx receiver=2 id=0x0200 len=8
[machine.2]      2400500 can-rx receiver=2 id=0x0201 len=2
[machine.2]      2400500 can-rx receiver=2 id=0x0500 len=7
[machine.2]      2410500 can-tx sender=2 id=0x0101 len=2
[machine.2]      2410500 can-tx sender=2 id=0x0101 len=2
[machine.2]      2410500 can-tx sender=2 id=0x0101 len=2
[machine.2]      2410500 can-rx receiver=2 id=0x0102 len=2
[machine.2]      2410500 can-rx receiver=2 id=0x0200 len=8
[machine.2]      2410500 can-rx receiver=2 id=0x0500 len=7
[machine.2]      2420500 can-tx sender=2 id=0x0101 len=2
[machine.2]      2420500 can-tx sender=2 id=0x0101 len=2
[machine.2]      2420500 can-tx sender=2 id=0x0101 len=2
[machine.2]      2420500 can-rx receiver=2 id=0x0102 len=2
[machine.2]      2420500 can-rx receiver=2 id=0x0200 len=8
[machine.2]      2420500 can-rx receiver=2 id=0x0500 len=7
[machine.2]      2430500 can-tx sender=2 id=0x0101 len=2
[machine.2]      2430500 can-tx sender=2 id=0x0101 len=2
[machine.2]      2430500 can-tx sender=2 id=0x0101 len=2
[machine.2]      2430500 can-rx receiver=2 id=0x0102 len=2
[machine.2]      2430500 can-rx receiver=2 id=0x0200 len=8
[machine.2]      2430500 can-rx receiver=2 id=0x0500 len=7
[machine.2]      2440500 can-tx sender=2 id=0x0101 len=2
[machine.2]      2440500 can-tx sender=2 id=0x0101 len=2
[machine.2]      2440500 can-tx sender=2 id=0x0101 len=2
[machine.2]      2440500 can-rx receiver=2 id=0x0102 len=2
[machine.2]      2440500 can-rx receiver=2 id=0x0200 len=8
[machine.2]      2440500 can-rx receiver=2 id=0x0500 len=7
[machine.2]      2450500 can-tx sender=2 id=0x0101 len=2
[machine.2]      2450500 can-tx sender=2 id=0x0101 len=2
[machine.2]      2450500 can-tx sender=2 id=0x0101 len=2
[machine.2]      2450500 can-rx receiver=2 id=0x0102 len=2
[machine.2]      2450500 can-rx receiver=2 id=0x0200 len=8
[machine.2]      2450500 can-rx receiver=2 id=0x0201 len=2
[machine.2]      2450500 can-rx receiver=2 id=0x0500 len=7
[machine.2]      2460500 can-tx sender=2 id=0x0101 len=2
[machine.2]      2460500 can-tx sender=2 id=0x0101 len=2
[machine.2]      2460500 can-tx sender=2 id=0x0101 len=2
[machine.2]      2460500 can-rx receiver=2 id=0x0102 len=2
[machine.2]      2460500 can-rx receiver=2 id=0x0200 len=8
[machine.2]      2460500 can-rx receiver=2 id=0x0500 len=7
[machine.2]      2470500 can-tx sender=2 id=0x0101 len=2
[machine.2]      2470500 can-tx sender=2 id=0x0101 len=2
[machine.2]      2470500 can-tx sender=2 id=0x0101 len=2
[machine.2]      2470500 can-rx receiver=2 id=0x0102 len=2
[machine.2]      2470500 can-rx receiver=2 id=0x0200 len=8
[machine.2]      2470500 can-rx receiver=2 id=0x0500 len=7
[machine.2]      2480500 can-tx sender=2 id=0x0101 len=2
[machine.2]      2480500 can-tx sender=2 id=0x0101 len=2
[machine.2]      2480500 can-tx sender=2 id=0x0101 len=2
[machine.2]      2480500 can-rx receiver=2 id=0x0102 len=2
[machine.2]      2480500 can-rx receiver=2 id=0x0200 len=8
[machine.2]      2480500 can-rx receiver=2 id=0x0500 len=7
[machine.2]      2490500 can-tx sender=2 id=0x0101 len=2
[machine.2]      2490500 can-tx sender=2 id=0x0101 len=2
[machine.2]      2490500 can-tx sender=2 id=0x0101 len=2
[machine.2]      2490500 can-rx receiver=2 id=0x0102 len=2
[machine.2]      2490500 can-rx receiver=2 id=0x0200 len=8
[machine.2]      2490500 can-rx receiver=2 id=0x0500 len=7
[machine.2]      2500500 can-tx sender=2 id=0x0001 len=5
[machine.2]      2500500 can-tx sender=2 id=0x0001 len=5
[machine.2]      2500500 can-tx sender=2 id=0x0001 len=5
[machine.2]      2500500 can-rx receiver=2 id=0x0001 len=5
[machine.2]      2500500 can-rx receiver=2 id=0x0001 len=5
[machine.2]      2500500 can-tx sender=2 id=0x0101 len=2
[machine.2]      2500500 can-tx sender=2 id=0x0101 len=2
[machine.2]      2500500 can-tx sender=2 id=0x0101 len=2
[machine.2]      2500500 can-rx receiver=2 id=0x0102 len=2
[machine.2]      2500500 can-rx receiver=2 id=0x0200 len=8
[machine.2]      2500500 can-rx receiver=2 id=0x0201 len=2
[machine.2]      2500500 can-rx receiver=2 id=0x0500 len=7
[machine.2]      2510500 can-tx sender=2 id=0x0101 len=2
[machine.2]      2510500 can-tx sender=2 id=0x0101 len=2
[machine.2]      2510500 can-tx sender=2 id=0x0101 len=2
[machine.2]      2510500 can-rx receiver=2 id=0x0102 len=2
[machine.2]      2510500 can-rx receiver=2 id=0x0200 len=8
[machine.2]      2510500 can-rx receiver=2 id=0x0500 len=7
[machine.2]      2520500 can-tx sender=2 id=0x0101 len=2
[machine.2]      2520500 can-tx sender=2 id=0x0101 len=2
[machine.2]      2520500 can-tx sender=2 id=0x0101 len=2
[machine.2]      2520500 can-rx receiver=2 id=0x0102 len=2
[machine.2]      2520500 can-rx receiver=2 id=0x0200 len=8
[machine.2]      2520500 can-rx receiver=2 id=0x0500 len=7
[machine.2]      2530500 can-tx sender=2 id=0x0101 len=2
[machine.2]      2530500 can-tx sender=2 id=0x0101 len=2
[machine.2]      2530500 can-tx sender=2 id=0x0101 len=2
[machine.2]      2530500 can-rx receiver=2 id=0x0102 len=2
[machine.2]      2530500 can-rx receiver=2 id=0x0200 len=8
[machine.2]      2530500 can-rx receiver=2 id=0x0500 len=7
[machine.2]      2540500 can-tx sender=2 id=0x0101 len=2
[machine.2]      2540500 can-tx sender=2 id=0x0101 len=2
[machine.2]      2540500 can-tx sender=2 id=0x0101 len=2
[machine.2]      2540500 can-rx receiver=2 id=0x0102 len=2
[machine.2]      2540500 can-rx receiver=2 id=0x0200 len=8
[machine.2]      2540500 can-rx receiver=2 id=0x0500 len=7
[machine.2]      2550500 can-tx sender=2 id=0x0101 len=2
[machine.2]      2550500 can-tx sender=2 id=0x0101 len=2
[machine.2]      2550500 can-tx sender=2 id=0x0101 len=2
[machine.2]      2550500 can-rx receiver=2 id=0x0102 len=2
[machine.2]      2550500 can-rx receiver=2 id=0x0200 len=8
[machine.2]      2550500 can-rx receiver=2 id=0x0201 len=2
[machine.2]      2550500 can-rx receiver=2 id=0x0500 len=7
[machine.2]      2560500 can-tx sender=2 id=0x0101 len=2
[machine.2]      2560500 can-tx sender=2 id=0x0101 len=2
[machine.2]      2560500 can-tx sender=2 id=0x0101 len=2
[machine.2]      2560500 can-rx receiver=2 id=0x0102 len=2
[machine.2]      2560500 can-rx receiver=2 id=0x0200 len=8
[machine.2]      2560500 can-rx receiver=2 id=0x0500 len=7
[machine.2]      2570500 can-tx sender=2 id=0x0101 len=2
[machine.2]      2570500 can-tx sender=2 id=0x0101 len=2
[machine.2]      2570500 can-tx sender=2 id=0x0101 len=2
[machine.2]      2570500 can-rx receiver=2 id=0x0102 len=2
[machine.2]      2570500 can-rx receiver=2 id=0x0200 len=8
[machine.2]      2570500 can-rx receiver=2 id=0x0500 len=7
[machine.2]      2580500 can-tx sender=2 id=0x0101 len=2
[machine.2]      2580500 can-tx sender=2 id=0x0101 len=2
[machine.2]      2580500 can-tx sender=2 id=0x0101 len=2
[machine.2]      2580500 can-rx receiver=2 id=0x0102 len=2
[machine.2]      2580500 can-rx receiver=2 id=0x0200 len=8
[machine.2]      2580500 can-rx receiver=2 id=0x0500 len=7
[machine.2]      2590500 can-tx sender=2 id=0x0101 len=2
[machine.2]      2590500 can-tx sender=2 id=0x0101 len=2
[machine.2]      2590500 can-tx sender=2 id=0x0101 len=2
[machine.2]      2590500 can-rx receiver=2 id=0x0102 len=2
[machine.2]      2590500 can-rx receiver=2 id=0x0200 len=8
[machine.2]      2590500 can-rx receiver=2 id=0x0500 len=7
[machine.2]      2600500 can-tx sender=2 id=0x0001 len=5
[machine.2]      2600500 can-tx sender=2 id=0x0001 len=5
[machine.2]      2600500 can-tx sender=2 id=0x0001 len=5
[machine.2]      2600500 can-rx receiver=2 id=0x0001 len=5
[machine.2]      2600500 can-rx receiver=2 id=0x0001 len=5
[machine.2]      2600500 can-tx sender=2 id=0x0101 len=2
[machine.2]      2600500 can-tx sender=2 id=0x0101 len=2
[machine.2]      2600500 can-tx sender=2 id=0x0101 len=2
[machine.2]      2600500 can-rx receiver=2 id=0x0102 len=2
[machine.2]      2600500 can-rx receiver=2 id=0x0200 len=8
[machine.2]      2600500 can-rx receiver=2 id=0x0201 len=2
[machine.2]      2600500 can-rx receiver=2 id=0x0500 len=7
[machine.2]      2610500 can-tx sender=2 id=0x0101 len=2
[machine.2]      2610500 can-tx sender=2 id=0x0101 len=2
[machine.2]      2610500 can-tx sender=2 id=0x0101 len=2
[machine.2]      2610500 can-rx receiver=2 id=0x0102 len=2
[machine.2]      2610500 can-rx receiver=2 id=0x0200 len=8
[machine.2]      2610500 can-rx receiver=2 id=0x0500 len=7
[machine.2]      2620500 can-tx sender=2 id=0x0101 len=2
[machine.2]      2620500 can-tx sender=2 id=0x0101 len=2
[machine.2]      2620500 can-tx sender=2 id=0x0101 len=2
[machine.2]      2620500 can-rx receiver=2 id=0x0102 len=2
[machine.2]      2620500 can-rx receiver=2 id=0x0200 len=8
[machine.2]      2620500 can-rx receiver=2 id=0x0500 len=7
[machine.2]      2630500 can-tx sender=2 id=0x0101 len=2
[machine.2]      2630500 can-tx sender=2 id=0x0101 len=2
[machine.2]      2630500 can-tx sender=2 id=0x0101 len=2
[machine.2]      2630500 can-rx receiver=2 id=0x0102 len=2
[machine.2]      2630500 can-rx receiver=2 id=0x0200 len=8
[machine.2]      2630500 can-rx receiver=2 id=0x0500 len=7
[machine.2]      2640500 can-tx sender=2 id=0x0101 len=2
[machine.2]      2640500 can-tx sender=2 id=0x0101 len=2
[machine.2]      2640500 can-tx sender=2 id=0x0101 len=2
[machine.2]      2640500 can-rx receiver=2 id=0x0102 len=2
[machine.2]      2640500 can-rx receiver=2 id=0x0200 len=8
[machine.2]      2640500 can-rx receiver=2 id=0x0500 len=7
[machine.2]      2650500 can-tx sender=2 id=0x0101 len=2
[machine.2]      2650500 can-tx sender=2 id=0x0101 len=2
[machine.2]      2650500 can-tx sender=2 id=0x0101 len=2
[machine.2]      2650500 can-rx receiver=2 id=0x0102 len=2
[machine.2]      2650500 can-rx receiver=2 id=0x0200 len=8
[machine.2]      2650500 can-rx receiver=2 id=0x0201 len=2
[machine.2]      2650500 can-rx receiver=2 id=0x0500 len=7
[machine.2]      2660500 can-tx sender=2 id=0x0101 len=2
[machine.2]      2660500 can-tx sender=2 id=0x0101 len=2
[machine.2]      2660500 can-tx sender=2 id=0x0101 len=2
[machine.2]      2660500 can-rx receiver=2 id=0x0102 len=2
[machine.2]      2660500 can-rx receiver=2 id=0x0200 len=8
[machine.2]      2660500 can-rx receiver=2 id=0x0500 len=7
[machine.2]      2670500 can-tx sender=2 id=0x0101 len=2
[machine.2]      2670500 can-tx sender=2 id=0x0101 len=2
[machine.2]      2670500 can-tx sender=2 id=0x0101 len=2
[machine.2]      2670500 can-rx receiver=2 id=0x0102 len=2
[machine.2]      2670500 can-rx receiver=2 id=0x0200 len=8
[machine.2]      2670500 can-rx receiver=2 id=0x0500 len=7
[machine.2]      2680500 can-tx sender=2 id=0x0101 len=2
[machine.2]      2680500 can-tx sender=2 id=0x0101 len=2
[machine.2]      2680500 can-tx sender=2 id=0x0101 len=2
[machine.2]      2680500 can-rx receiver=2 id=0x0102 len=2
[machine.2]      2680500 can-rx receiver=2 id=0x0200 len=8
[machine.2]      2680500 can-rx receiver=2 id=0x0500 len=7
[machine.2]      2690500 can-tx sender=2 id=0x0101 len=2
[machine.2]      2690500 can-tx sender=2 id=0x0101 len=2
[machine.2]      2690500 can-tx sender=2 id=0x0101 len=2
[machine.2]      2690500 can-rx receiver=2 id=0x0102 len=2
[machine.2]      2690500 can-rx receiver=2 id=0x0200 len=8
[machine.2]      2690500 can-rx receiver=2 id=0x0500 len=7
[machine.2]      2700500 can-tx sender=2 id=0x0001 len=5
[machine.2]      2700500 can-tx sender=2 id=0x0001 len=5
[machine.2]      2700500 can-tx sender=2 id=0x0001 len=5
[machine.2]      2700500 can-rx receiver=2 id=0x0001 len=5
[machine.2]      2700500 can-rx receiver=2 id=0x0001 len=5
[machine.2]      2700500 can-tx sender=2 id=0x0101 len=2
[machine.2]      2700500 can-tx sender=2 id=0x0101 len=2
[machine.2]      2700500 can-tx sender=2 id=0x0101 len=2
[machine.2]      2700500 can-rx receiver=2 id=0x0102 len=2
[machine.2]      2700500 can-rx receiver=2 id=0x0200 len=8
[machine.2]      2700500 can-rx receiver=2 id=0x0201 len=2
[machine.2]      2700500 can-rx receiver=2 id=0x0500 len=7
[machine.2]      2710500 can-tx sender=2 id=0x0101 len=2
[machine.2]      2710500 can-tx sender=2 id=0x0101 len=2
[machine.2]      2710500 can-tx sender=2 id=0x0101 len=2
[machine.2]      2710500 can-rx receiver=2 id=0x0102 len=2
[machine.2]      2710500 can-rx receiver=2 id=0x0200 len=8
[machine.2]      2710500 can-rx receiver=2 id=0x0500 len=7
[machine.2]      2720500 can-tx sender=2 id=0x0101 len=2
[machine.2]      2720500 can-tx sender=2 id=0x0101 len=2
[machine.2]      2720500 can-tx sender=2 id=0x0101 len=2
[machine.2]      2720500 can-rx receiver=2 id=0x0102 len=2
[machine.2]      2720500 can-rx receiver=2 id=0x0200 len=8
[machine.2]      2720500 can-rx receiver=2 id=0x0500 len=7
[machine.2]      2730500 can-tx sender=2 id=0x0101 len=2
[machine.2]      2730500 can-tx sender=2 id=0x0101 len=2
[machine.2]      2730500 can-tx sender=2 id=0x0101 len=2
[machine.2]      2730500 can-rx receiver=2 id=0x0102 len=2
[machine.2]      2730500 can-rx receiver=2 id=0x0200 len=8
[machine.2]      2730500 can-rx receiver=2 id=0x0500 len=7
[machine.2]      2740500 can-tx sender=2 id=0x0101 len=2
[machine.2]      2740500 can-tx sender=2 id=0x0101 len=2
[machine.2]      2740500 can-tx sender=2 id=0x0101 len=2
[machine.2]      2740500 can-rx receiver=2 id=0x0102 len=2
[machine.2]      2740500 can-rx receiver=2 id=0x0200 len=8
[machine.2]      2740500 can-rx receiver=2 id=0x0500 len=7
[machine.2]      2750500 can-tx sender=2 id=0x0101 len=2
[machine.2]      2750500 can-tx sender=2 id=0x0101 len=2
[machine.2]      2750500 can-tx sender=2 id=0x0101 len=2
[machine.2]      2750500 can-rx receiver=2 id=0x0102 len=2
[machine.2]      2750500 can-rx receiver=2 id=0x0200 len=8
[machine.2]      2750500 can-rx receiver=2 id=0x0201 len=2
[machine.2]      2750500 can-rx receiver=2 id=0x0500 len=7
[machine.2]      2760500 can-tx sender=2 id=0x0101 len=2
[machine.2]      2760500 can-tx sender=2 id=0x0101 len=2
[machine.2]      2760500 can-tx sender=2 id=0x0101 len=2
[machine.2]      2760500 can-rx receiver=2 id=0x0102 len=2
[machine.2]      2760500 can-rx receiver=2 id=0x0200 len=8
[machine.2]      2760500 can-rx receiver=2 id=0x0500 len=7
[machine.2]      2770500 can-tx sender=2 id=0x0101 len=2
[machine.2]      2770500 can-tx sender=2 id=0x0101 len=2
[machine.2]      2770500 can-tx sender=2 id=0x0101 len=2
[machine.2]      2770500 can-rx receiver=2 id=0x0102 len=2
[machine.2]      2770500 can-rx receiver=2 id=0x0200 len=8
[machine.2]      2770500 can-rx receiver=2 id=0x0500 len=7
[machine.2]      2780500 can-tx sender=2 id=0x0101 len=2
[machine.2]      2780500 can-tx sender=2 id=0x0101 len=2
[machine.2]      2780500 can-tx sender=2 id=0x0101 len=2
[machine.2]      2780500 can-rx receiver=2 id=0x0102 len=2
[machine.2]      2780500 can-rx receiver=2 id=0x0200 len=8
[machine.2]      2780500 can-rx receiver=2 id=0x0500 len=7
[machine.2]      2790500 can-tx sender=2 id=0x0101 len=2
[machine.2]      2790500 can-tx sender=2 id=0x0101 len=2
[machine.2]      2790500 can-tx sender=2 id=0x0101 len=2
[machine.2]      2790500 can-rx receiver=2 id=0x0102 len=2
[machine.2]      2790500 can-rx receiver=2 id=0x0200 len=8
[machine.2]      2790500 can-rx receiver=2 id=0x0500 len=7
[machine.2]      2800500 can-tx sender=2 id=0x0001 len=5
[machine.2]      2800500 can-tx sender=2 id=0x0001 len=5
[machine.2]      2800500 can-tx sender=2 id=0x0001 len=5
[machine.2]      2800500 can-rx receiver=2 id=0x0001 len=5
[machine.2]      2800500 can-rx receiver=2 id=0x0001 len=5
[machine.2]      2800500 can-tx sender=2 id=0x0101 len=2
[machine.2]      2800500 can-tx sender=2 id=0x0101 len=2
[machine.2]      2800500 can-tx sender=2 id=0x0101 len=2
[machine.2]      2800500 can-rx receiver=2 id=0x0102 len=2
[machine.2]      2800500 can-rx receiver=2 id=0x0200 len=8
[machine.2]      2800500 can-rx receiver=2 id=0x0201 len=2
[machine.2]      2800500 can-rx receiver=2 id=0x0500 len=7
[machine.2]      2810500 can-tx sender=2 id=0x0101 len=2
[machine.2]      2810500 can-tx sender=2 id=0x0101 len=2
[machine.2]      2810500 can-tx sender=2 id=0x0101 len=2
[machine.2]      2810500 can-rx receiver=2 id=0x0102 len=2
[machine.2]      2810500 can-rx receiver=2 id=0x0200 len=8
[machine.2]      2810500 can-rx receiver=2 id=0x0500 len=7
[machine.2]      2820500 can-tx sender=2 id=0x0101 len=2
[machine.2]      2820500 can-tx sender=2 id=0x0101 len=2
[machine.2]      2820500 can-tx sender=2 id=0x0101 len=2
[machine.2]      2820500 can-rx receiver=2 id=0x0102 len=2
[machine.2]      2820500 can-rx receiver=2 id=0x0200 len=8
[machine.2]      2820500 can-rx receiver=2 id=0x0500 len=7
[machine.2]      2830500 can-tx sender=2 id=0x0101 len=2
[machine.2]      2830500 can-tx sender=2 id=0x0101 len=2
[machine.2]      2830500 can-tx sender=2 id=0x0101 len=2
[machine.2]      2830500 can-rx receiver=2 id=0x0102 len=2
[machine.2]      2830500 can-rx receiver=2 id=0x0200 len=8
[machine.2]      2830500 can-rx receiver=2 id=0x0500 len=7
[machine.2]      2840500 can-tx sender=2 id=0x0101 len=2
[machine.2]      2840500 can-tx sender=2 id=0x0101 len=2
[machine.2]      2840500 can-tx sender=2 id=0x0101 len=2
[machine.2]      2840500 can-rx receiver=2 id=0x0102 len=2
[machine.2]      2840500 can-rx receiver=2 id=0x0200 len=8
[machine.2]      2840500 can-rx receiver=2 id=0x0500 len=7
[machine.2]      2850500 can-tx sender=2 id=0x0101 len=2
[machine.2]      2850500 can-tx sender=2 id=0x0101 len=2
[machine.2]      2850500 can-tx sender=2 id=0x0101 len=2
[machine.2]      2850500 can-rx receiver=2 id=0x0102 len=2
[machine.2]      2850500 can-rx receiver=2 id=0x0200 len=8
[machine.2]      2850500 can-rx receiver=2 id=0x0201 len=2
[machine.2]      2850500 can-rx receiver=2 id=0x0500 len=7
[machine.2]      2860500 can-tx sender=2 id=0x0101 len=2
[machine.2]      2860500 can-tx sender=2 id=0x0101 len=2
[machine.2]      2860500 can-tx sender=2 id=0x0101 len=2
[machine.2]      2860500 can-rx receiver=2 id=0x0102 len=2
[machine.2]      2860500 can-rx receiver=2 id=0x0200 len=8
[machine.2]      2860500 can-rx receiver=2 id=0x0500 len=7
[machine.2]      2870500 can-tx sender=2 id=0x0101 len=2
[machine.2]      2870500 can-tx sender=2 id=0x0101 len=2
[machine.2]      2870500 can-tx sender=2 id=0x0101 len=2
[machine.2]      2870500 can-rx receiver=2 id=0x0102 len=2
[machine.2]      2870500 can-rx receiver=2 id=0x0200 len=8
[machine.2]      2870500 can-rx receiver=2 id=0x0500 len=7
[machine.2]      2880500 can-tx sender=2 id=0x0101 len=2
[machine.2]      2880500 can-tx sender=2 id=0x0101 len=2
[machine.2]      2880500 can-tx sender=2 id=0x0101 len=2
[machine.2]      2880500 can-rx receiver=2 id=0x0102 len=2
[machine.2]      2880500 can-rx receiver=2 id=0x0200 len=8
[machine.2]      2880500 can-rx receiver=2 id=0x0500 len=7
[machine.2]      2890500 can-tx sender=2 id=0x0101 len=2
[machine.2]      2890500 can-tx sender=2 id=0x0101 len=2
[machine.2]      2890500 can-tx sender=2 id=0x0101 len=2
[machine.2]      2890500 can-rx receiver=2 id=0x0102 len=2
[machine.2]      2890500 can-rx receiver=2 id=0x0200 len=8
[machine.2]      2890500 can-rx receiver=2 id=0x0500 len=7
[machine.2]      2900500 can-tx sender=2 id=0x0001 len=5
[machine.2]      2900500 can-tx sender=2 id=0x0001 len=5
[machine.2]      2900500 can-tx sender=2 id=0x0001 len=5
[machine.2]      2900500 can-rx receiver=2 id=0x0001 len=5
[machine.2]      2900500 can-rx receiver=2 id=0x0001 len=5
[machine.2]      2900500 can-tx sender=2 id=0x0101 len=2
[machine.2]      2900500 can-tx sender=2 id=0x0101 len=2
[machine.2]      2900500 can-tx sender=2 id=0x0101 len=2
[machine.2]      2900500 can-rx receiver=2 id=0x0102 len=2
[machine.2]      2900500 can-rx receiver=2 id=0x0200 len=8
[machine.2]      2900500 can-rx receiver=2 id=0x0201 len=2
[machine.2]      2900500 can-rx receiver=2 id=0x0500 len=7
[machine.2]      2910500 can-tx sender=2 id=0x0101 len=2
[machine.2]      2910500 can-tx sender=2 id=0x0101 len=2
[machine.2]      2910500 can-tx sender=2 id=0x0101 len=2
[machine.2]      2910500 can-rx receiver=2 id=0x0102 len=2
[machine.2]      2910500 can-rx receiver=2 id=0x0200 len=8
[machine.2]      2910500 can-rx receiver=2 id=0x0500 len=7
[machine.2]      2920500 can-tx sender=2 id=0x0101 len=2
[machine.2]      2920500 can-tx sender=2 id=0x0101 len=2
[machine.2]      2920500 can-tx sender=2 id=0x0101 len=2
[machine.2]      2920500 can-rx receiver=2 id=0x0102 len=2
[machine.2]      2920500 can-rx receiver=2 id=0x0200 len=8
[machine.2]      2920500 can-rx receiver=2 id=0x0500 len=7
[machine.2]      2930500 can-tx sender=2 id=0x0101 len=2
[machine.2]      2930500 can-tx sender=2 id=0x0101 len=2
[machine.2]      2930500 can-tx sender=2 id=0x0101 len=2
[machine.2]      2930500 can-rx receiver=2 id=0x0102 len=2
[machine.2]      2930500 can-rx receiver=2 id=0x0200 len=8
[machine.2]      2930500 can-rx receiver=2 id=0x0500 len=7
[machine.2]      2940500 can-tx sender=2 id=0x0101 len=2
[machine.2]      2940500 can-tx sender=2 id=0x0101 len=2
[machine.2]      2940500 can-tx sender=2 id=0x0101 len=2
[machine.2]      2940500 can-rx receiver=2 id=0x0102 len=2
[machine.2]      2940500 can-rx receiver=2 id=0x0200 len=8
[machine.2]      2940500 can-rx receiver=2 id=0x0500 len=7
[machine.2]      2950500 can-tx sender=2 id=0x0101 len=2
[machine.2]      2950500 can-tx sender=2 id=0x0101 len=2
[machine.2]      2950500 can-tx sender=2 id=0x0101 len=2
[machine.2]      2950500 can-rx receiver=2 id=0x0102 len=2
[machine.2]      2950500 can-rx receiver=2 id=0x0200 len=8
[machine.2]      2950500 can-rx receiver=2 id=0x0201 len=2
[machine.2]      2950500 can-rx receiver=2 id=0x0500 len=7
[machine.2]      2960500 can-tx sender=2 id=0x0101 len=2
[machine.2]      2960500 can-tx sender=2 id=0x0101 len=2
[machine.2]      2960500 can-tx sender=2 id=0x0101 len=2
[machine.2]      2960500 can-rx receiver=2 id=0x0102 len=2
[machine.2]      2960500 can-rx receiver=2 id=0x0200 len=8
[machine.2]      2960500 can-rx receiver=2 id=0x0500 len=7
[machine.2]      2970500 can-tx sender=2 id=0x0101 len=2
[machine.2]      2970500 can-tx sender=2 id=0x0101 len=2
[machine.2]      2970500 can-tx sender=2 id=0x0101 len=2
[machine.2]      2970500 can-rx receiver=2 id=0x0102 len=2
[machine.2]      2970500 can-rx receiver=2 id=0x0200 len=8
[machine.2]      2970500 can-rx receiver=2 id=0x0500 len=7
[machine.2]      2980500 can-tx sender=2 id=0x0101 len=2
[machine.2]      2980500 can-tx sender=2 id=0x0101 len=2
[machine.2]      2980500 can-tx sender=2 id=0x0101 len=2
[machine.2]      2980500 can-rx receiver=2 id=0x0102 len=2
[machine.2]      2980500 can-rx receiver=2 id=0x0200 len=8
[machine.2]      2980500 can-rx receiver=2 id=0x0500 len=7
[machine.2]      2990500 can-tx sender=2 id=0x0101 len=2
[machine.2]      2990500 can-tx sender=2 id=0x0101 len=2
[machine.2]      2990500 can-tx sender=2 id=0x0101 len=2
[machine.2]      2990500 can-rx receiver=2 id=0x0102 len=2
[machine.2]      2990500 can-rx receiver=2 id=0x0200 len=8
[machine.2]      2990500 can-rx receiver=2 id=0x0500 len=7
[machine.2]            0 task-created id=1 name="powertrain"
[machine.2]            0 user-u32 "microcar_boot_powertrain" = 1
[machine.2]            0 user-u32 "microcar_tasks_created" = 1
[machine.2]            0 task-created id=2 name="IDLE"
[machine.2]            0 task-created id=3 name="Tmr Svc"
[machine.2]            0 task-resume id=3 reason=scheduler
[machine.2]            0 task-yield id=3 reason=RtosPortYield
[machine.2]            0 task-resume id=1 reason=scheduler
[machine.2]            0 task-created id=4 name="sensor"
[machine.2]            0 task-yield id=1 reason=RtosPortYield
[machine.2]            0 user-u32 "pt_can_sem" = 1
[machine.2]            0 user-u32 "pt_wd_timer" = 1
[machine.2]            0 task-resume id=4 reason=scheduler
[machine.2]            0 task-yield id=4 reason=RtosPortYield
[machine.2]            0 task-resume id=3 reason=scheduler
[machine.2]            0 task-yield id=3 reason=RtosPortYield
[machine.2]            0 task-resume id=1 reason=scheduler
[machine.2]            0 task-created id=5 name="logger"
[machine.2]            0 task-created id=6 name="dl_mon"
[machine.2]            0 task-yield id=1 reason=RtosPortYield
[machine.2]            0 user-u32 "can_send" = 0
[machine.2]            0 task-resume id=6 reason=scheduler
[machine.2]            0 task-yield id=6 reason=RtosPortYield
[machine.2]            0 task-resume id=5 reason=scheduler
[machine.2]            0 task-yield id=5 reason=RtosPortYield
[machine.2]            0 task-resume id=2 reason=scheduler
[machine.2]            0 task-yield id=2 reason=Idle
[machine.2]            5 task-resume id=4 reason=scheduler
[machine.2]            5 task-yield id=4 reason=RtosPortYield
[machine.2]            5 task-resume id=2 reason=scheduler
[machine.2]            5 task-yield id=2 reason=Idle
[machine.2]           10 task-resume id=4 reason=scheduler
[machine.2]           10 task-yield id=4 reason=RtosPortYield
[machine.2]           10 task-resume id=1 reason=scheduler
[machine.2]           10 task-yield id=1 reason=RtosPortYield
[machine.2]           10 user-u32 "can_recv" = 0
[machine.2]           10 user-u32 "can_recv" = 0
[machine.2]           10 user-u32 "can_recv" = 0
[machine.2]           10 user-u32 "can_recv" = 0
[machine.2]           10 user-u32 "can_send" = 0
[machine.2]           10 task-resume id=2 reason=scheduler
[machine.2]           10 task-yield id=2 reason=Idle
[machine.2]           15 task-resume id=4 reason=scheduler
[machine.2]           15 task-yield id=4 reason=RtosPortYield
[machine.2]           15 task-resume id=2 reason=scheduler
[machine.2]           15 task-yield id=2 reason=Idle
[machine.2]           20 task-resume id=4 reason=scheduler
[machine.2]           20 task-yield id=4 reason=RtosPortYield
[machine.2]           20 task-resume id=1 reason=scheduler
[machine.2]           20 task-yield id=1 reason=RtosPortYield
[machine.2]           20 user-u32 "can_recv" = 0
[machine.2]           20 user-u32 "can_recv" = 0
[machine.2]           20 user-u32 "can_recv" = 0
[machine.2]           20 user-u32 "can_recv" = 0
[machine.2]           20 user-u32 "can_send" = 0
[machine.2]           20 task-resume id=2 reason=scheduler
[machine.2]           20 task-yield id=2 reason=Idle
[machine.2]           25 task-resume id=4 reason=scheduler
[machine.2]           25 task-yield id=4 reason=RtosPortYield
[machine.2]           25 task-resume id=2 reason=scheduler
[machine.2]           25 task-yield id=2 reason=Idle
[machine.2]           30 task-resume id=4 reason=scheduler
[machine.2]           30 task-yield id=4 reason=RtosPortYield
[machine.2]           30 task-resume id=1 reason=scheduler
[machine.2]           30 task-yield id=1 reason=RtosPortYield
[machine.2]           30 user-u32 "can_recv" = 0
[machine.2]           30 user-u32 "can_recv" = 0
[machine.2]           30 user-u32 "can_recv" = 0
[machine.2]           30 user-u32 "can_recv" = 0
[machine.2]           30 user-u32 "can_send" = 0
[machine.2]           30 task-resume id=2 reason=scheduler
[machine.2]           30 task-yield id=2 reason=Idle
[machine.2]           35 task-resume id=4 reason=scheduler
[machine.2]           35 task-yield id=4 reason=RtosPortYield
[machine.2]           35 task-resume id=2 reason=scheduler
[machine.2]           35 task-yield id=2 reason=Idle
[machine.2]           40 task-resume id=4 reason=scheduler
[machine.2]           40 task-yield id=4 reason=RtosPortYield
[machine.2]           40 task-resume id=1 reason=scheduler
[machine.2]           40 task-yield id=1 reason=RtosPortYield
[machine.2]           40 user-u32 "can_recv" = 0
[machine.2]           40 user-u32 "can_recv" = 0
[machine.2]           40 user-u32 "can_recv" = 0
[machine.2]           40 user-u32 "can_recv" = 0
[machine.2]           40 user-u32 "can_send" = 0
[machine.2]           40 task-resume id=2 reason=scheduler
[machine.2]           40 task-yield id=2 reason=Idle
[machine.2]           45 task-resume id=4 reason=scheduler
[machine.2]           45 task-yield id=4 reason=RtosPortYield
[machine.2]           45 task-resume id=2 reason=scheduler
[machine.2]           45 task-yield id=2 reason=Idle
[machine.2]           50 task-resume id=4 reason=scheduler
[machine.2]           50 task-yield id=4 reason=RtosPortYield
[machine.2]           50 task-resume id=3 reason=scheduler
[machine.2]           50 task-yield id=3 reason=RtosPortYield
[machine.2]           50 user-u32 "watchdog_ok" = 50
[machine.2]           50 task-resume id=6 reason=scheduler
[machine.2]           50 task-yield id=6 reason=RtosPortYield
[machine.2]           50 user-u32 "deadline_ok" = 0
[machine.2]           50 task-resume id=1 reason=scheduler
[machine.2]           50 task-yield id=1 reason=RtosPortYield
[machine.2]           50 user-u32 "can_recv" = 0
[machine.2]           50 user-u32 "can_recv" = 0
[machine.2]           50 user-u32 "can_recv" = 0
[machine.2]           50 user-u32 "can_recv" = 0
[machine.2]           50 user-u32 "can_send" = 0
[machine.2]           50 task-resume id=2 reason=scheduler
[machine.2]           50 task-yield id=2 reason=Idle
[machine.2]           55 task-resume id=4 reason=scheduler
[machine.2]           55 task-yield id=4 reason=RtosPortYield
[machine.2]           55 task-resume id=2 reason=scheduler
[machine.2]           55 task-yield id=2 reason=Idle
[machine.2]           60 task-resume id=4 reason=scheduler
[machine.2]           60 task-yield id=4 reason=RtosPortYield
[machine.2]           60 task-resume id=1 reason=scheduler
[machine.2]           60 task-yield id=1 reason=RtosPortYield
[machine.2]           60 user-u32 "can_recv" = 0
[machine.2]           60 user-u32 "can_recv" = 0
[machine.2]           60 user-u32 "can_recv" = 0
[machine.2]           60 user-u32 "can_recv" = 0
[machine.2]           60 user-u32 "can_recv" = 0
[machine.2]           60 user-u32 "can_recv" = 0
[machine.2]           60 user-u32 "can_send" = 0
[machine.2]           60 task-resume id=2 reason=scheduler
[machine.2]           60 task-yield id=2 reason=Idle
[machine.2]           65 task-resume id=4 reason=scheduler
[machine.2]           65 task-yield id=4 reason=RtosPortYield
[machine.2]           65 task-resume id=2 reason=scheduler
[machine.2]           65 task-yield id=2 reason=Idle
[machine.2]           70 task-resume id=4 reason=scheduler
[machine.2]           70 task-yield id=4 reason=RtosPortYield
[machine.2]           70 task-resume id=1 reason=scheduler
[machine.2]           70 task-yield id=1 reason=RtosPortYield
[machine.2]           70 user-u32 "can_recv" = 0
[machine.2]           70 user-u32 "can_recv" = 0
[machine.2]           70 user-u32 "can_recv" = 0
[machine.2]           70 user-u32 "can_recv" = 0
[machine.2]           70 user-u32 "can_send" = 0
[machine.2]           70 task-resume id=2 reason=scheduler
[machine.2]           70 task-yield id=2 reason=Idle
[machine.2]           75 task-resume id=4 reason=scheduler
[machine.2]           75 task-yield id=4 reason=RtosPortYield
[machine.2]           75 task-resume id=2 reason=scheduler
[machine.2]           75 task-yield id=2 reason=Idle
[machine.2]           80 task-resume id=4 reason=scheduler
[machine.2]           80 task-yield id=4 reason=RtosPortYield
[machine.2]           80 task-resume id=1 reason=scheduler
[machine.2]           80 task-yield id=1 reason=RtosPortYield
[machine.2]           80 user-u32 "can_recv" = 0
[machine.2]           80 user-u32 "can_recv" = 0
[machine.2]           80 user-u32 "can_recv" = 0
[machine.2]           80 user-u32 "can_recv" = 0
[machine.2]           80 user-u32 "can_send" = 0
[machine.2]           80 task-resume id=2 reason=scheduler
[machine.2]           80 task-yield id=2 reason=Idle
[machine.2]           85 task-resume id=4 reason=scheduler
[machine.2]           85 task-yield id=4 reason=RtosPortYield
[machine.2]           85 task-resume id=2 reason=scheduler
[machine.2]           85 task-yield id=2 reason=Idle
[machine.2]           90 task-resume id=4 reason=scheduler
[machine.2]           90 task-yield id=4 reason=RtosPortYield
[machine.2]           90 task-resume id=1 reason=scheduler
[machine.2]           90 task-yield id=1 reason=RtosPortYield
[machine.2]           90 user-u32 "can_recv" = 0
[machine.2]           90 user-u32 "can_recv" = 0
[machine.2]           90 user-u32 "can_recv" = 0
[machine.2]           90 user-u32 "can_recv" = 0
[machine.2]           90 user-u32 "can_send" = 0
[machine.2]           90 task-resume id=2 reason=scheduler
[machine.2]           90 task-yield id=2 reason=Idle
[machine.2]           95 task-resume id=4 reason=scheduler
[machine.2]           95 task-yield id=4 reason=RtosPortYield
[machine.2]           95 task-resume id=2 reason=scheduler
[machine.2]           95 task-yield id=2 reason=Idle
[machine.2]          100 task-resume id=4 reason=scheduler
[machine.2]          100 task-yield id=4 reason=RtosPortYield
[machine.2]          100 task-resume id=3 reason=scheduler
[machine.2]          100 task-yield id=3 reason=RtosPortYield
[machine.2]          100 user-u32 "watchdog_ok" = 100
[machine.2]          100 task-resume id=6 reason=scheduler
[machine.2]          100 task-yield id=6 reason=RtosPortYield
[machine.2]          100 user-u32 "deadline_ok" = 0
[machine.2]          100 task-resume id=1 reason=scheduler
[machine.2]          100 task-yield id=1 reason=RtosPortYield
[machine.2]          100 user-u32 "can_recv" = 0
[machine.2]          100 user-u32 "can_recv" = 0
[machine.2]          100 user-u32 "can_recv" = 0
[machine.2]          100 user-u32 "can_recv" = 0
[machine.2]          100 user-u32 "can_send" = 0
[machine.2]          100 user-u32 "can_send" = 0
[machine.2]          100 task-resume id=5 reason=scheduler
[machine.2]          100 task-yield id=5 reason=RtosPortYield
[machine.2]          100 user-u32 "logger_event" = 65536
[machine.2]          100 task-resume id=2 reason=scheduler
[machine.2]          100 task-yield id=2 reason=Idle
[machine.2]          105 task-resume id=4 reason=scheduler
[machine.2]          105 task-yield id=4 reason=RtosPortYield
[machine.2]          105 task-resume id=2 reason=scheduler
[machine.2]          105 task-yield id=2 reason=Idle
[machine.2]          110 task-resume id=4 reason=scheduler
[machine.2]          110 task-yield id=4 reason=RtosPortYield
[machine.2]          110 task-resume id=1 reason=scheduler
[machine.2]          110 task-yield id=1 reason=RtosPortYield
[machine.2]          110 user-u32 "can_recv" = 0
[machine.2]          110 user-u32 "can_recv" = 0
[machine.2]          110 user-u32 "can_recv" = 0
[machine.2]          110 user-u32 "can_recv" = 0
[machine.2]          110 user-u32 "can_recv" = 0
[machine.2]          110 user-u32 "can_recv" = 0
[machine.2]          110 user-u32 "can_recv" = 0
[machine.2]          110 user-u32 "can_recv" = 0
[machine.2]          110 user-u32 "can_recv" = 0
[machine.2]          110 user-u32 "can_send" = 0
[machine.2]          110 task-resume id=2 reason=scheduler
[machine.2]          110 task-yield id=2 reason=Idle
[machine.2]          115 task-resume id=4 reason=scheduler
[machine.2]          115 task-yield id=4 reason=RtosPortYield
[machine.2]          115 task-resume id=2 reason=scheduler
[machine.2]          115 task-yield id=2 reason=Idle
[machine.2]          120 task-resume id=4 reason=scheduler
[machine.2]          120 task-yield id=4 reason=RtosPortYield
[machine.2]          120 task-resume id=1 reason=scheduler
[machine.2]          120 task-yield id=1 reason=RtosPortYield
[machine.2]          120 user-u32 "can_recv" = 0
[machine.2]          120 user-u32 "can_recv" = 0
[machine.2]          120 user-u32 "can_recv" = 0
[machine.2]          120 user-u32 "can_recv" = 0
[machine.2]          120 user-u32 "can_send" = 0
[machine.2]          120 task-resume id=2 reason=scheduler
[machine.2]          120 task-yield id=2 reason=Idle
[machine.2]          125 task-resume id=4 reason=scheduler
[machine.2]          125 task-yield id=4 reason=RtosPortYield
[machine.2]          125 task-resume id=2 reason=scheduler
[machine.2]          125 task-yield id=2 reason=Idle
[machine.2]          130 task-resume id=4 reason=scheduler
[machine.2]          130 task-yield id=4 reason=RtosPortYield
[machine.2]          130 task-resume id=1 reason=scheduler
[machine.2]          130 task-yield id=1 reason=RtosPortYield
[machine.2]          130 user-u32 "can_recv" = 0
[machine.2]          130 user-u32 "can_recv" = 0
[machine.2]          130 user-u32 "can_recv" = 0
[machine.2]          130 user-u32 "can_recv" = 0
[machine.2]          130 user-u32 "can_send" = 0
[machine.2]          130 task-resume id=2 reason=scheduler
[machine.2]          130 task-yield id=2 reason=Idle
[machine.2]          135 task-resume id=4 reason=scheduler
[machine.2]          135 task-yield id=4 reason=RtosPortYield
[machine.2]          135 task-resume id=2 reason=scheduler
[machine.2]          135 task-yield id=2 reason=Idle
[machine.2]          140 task-resume id=4 reason=scheduler
[machine.2]          140 task-yield id=4 reason=RtosPortYield
[machine.2]          140 task-resume id=1 reason=scheduler
[machine.2]          140 task-yield id=1 reason=RtosPortYield
[machine.2]          140 user-u32 "can_recv" = 0
[machine.2]          140 user-u32 "can_recv" = 0
[machine.2]          140 user-u32 "can_recv" = 0
[machine.2]          140 user-u32 "can_recv" = 0
[machine.2]          140 user-u32 "can_send" = 0
[machine.2]          140 task-resume id=2 reason=scheduler
[machine.2]          140 task-yield id=2 reason=Idle
[machine.2]          145 task-resume id=4 reason=scheduler
[machine.2]          145 task-yield id=4 reason=RtosPortYield
[machine.2]          145 task-resume id=2 reason=scheduler
[machine.2]          145 task-yield id=2 reason=Idle
[machine.2]          150 task-resume id=4 reason=scheduler
[machine.2]          150 task-yield id=4 reason=RtosPortYield
[machine.2]          150 task-resume id=3 reason=scheduler
[machine.2]          150 task-yield id=3 reason=RtosPortYield
[machine.2]          150 user-u32 "watchdog_ok" = 150
[machine.2]          150 task-resume id=6 reason=scheduler
[machine.2]          150 task-yield id=6 reason=RtosPortYield
[machine.2]          150 user-u32 "deadline_ok" = 0
[machine.2]          150 task-resume id=1 reason=scheduler
[machine.2]          150 task-yield id=1 reason=RtosPortYield
[machine.2]          150 user-u32 "can_recv" = 0
[machine.2]          150 user-u32 "can_recv" = 0
[machine.2]          150 user-u32 "can_recv" = 0
[machine.2]          150 user-u32 "can_recv" = 0
[machine.2]          150 user-u32 "can_send" = 0
[machine.2]          150 task-resume id=2 reason=scheduler
[machine.2]          150 task-yield id=2 reason=Idle
[machine.2]          155 task-resume id=4 reason=scheduler
[machine.2]          155 task-yield id=4 reason=RtosPortYield
[machine.2]          155 task-resume id=2 reason=scheduler
[machine.2]          155 task-yield id=2 reason=Idle
[machine.2]          160 task-resume id=4 reason=scheduler
[machine.2]          160 task-yield id=4 reason=RtosPortYield
[machine.2]          160 task-resume id=1 reason=scheduler
[machine.2]          160 task-yield id=1 reason=RtosPortYield
[machine.2]          160 user-u32 "can_recv" = 0
[machine.2]          160 user-u32 "can_recv" = 0
[machine.2]          160 user-u32 "can_recv" = 0
[machine.2]          160 user-u32 "can_recv" = 0
[machine.2]          160 user-u32 "can_recv" = 0
[machine.2]          160 user-u32 "can_recv" = 0
[machine.2]          160 user-u32 "can_send" = 0
[machine.2]          160 task-resume id=2 reason=scheduler
[machine.2]          160 task-yield id=2 reason=Idle
[machine.2]          165 task-resume id=4 reason=scheduler
[machine.2]          165 task-yield id=4 reason=RtosPortYield
[machine.2]          165 task-resume id=2 reason=scheduler
[machine.2]          165 task-yield id=2 reason=Idle
[machine.2]          170 task-resume id=4 reason=scheduler
[machine.2]          170 task-yield id=4 reason=RtosPortYield
[machine.2]          170 task-resume id=1 reason=scheduler
[machine.2]          170 task-yield id=1 reason=RtosPortYield
[machine.2]          170 user-u32 "can_recv" = 0
[machine.2]          170 user-u32 "can_recv" = 0
[machine.2]          170 user-u32 "can_recv" = 0
[machine.2]          170 user-u32 "can_recv" = 0
[machine.2]          170 user-u32 "can_send" = 0
[machine.2]          170 task-resume id=2 reason=scheduler
[machine.2]          170 task-yield id=2 reason=Idle
[machine.2]          175 task-resume id=4 reason=scheduler
[machine.2]          175 task-yield id=4 reason=RtosPortYield
[machine.2]          175 task-resume id=2 reason=scheduler
[machine.2]          175 task-yield id=2 reason=Idle
[machine.2]          180 task-resume id=4 reason=scheduler
[machine.2]          180 task-yield id=4 reason=RtosPortYield
[machine.2]          180 task-resume id=1 reason=scheduler
[machine.2]          180 task-yield id=1 reason=RtosPortYield
[machine.2]          180 user-u32 "can_recv" = 0
[machine.2]          180 user-u32 "can_recv" = 0
[machine.2]          180 user-u32 "can_recv" = 0
[machine.2]          180 user-u32 "can_recv" = 0
[machine.2]          180 user-u32 "can_send" = 0
[machine.2]          180 task-resume id=2 reason=scheduler
[machine.2]          180 task-yield id=2 reason=Idle
[machine.2]          185 task-resume id=4 reason=scheduler
[machine.2]          185 task-yield id=4 reason=RtosPortYield
[machine.2]          185 task-resume id=2 reason=scheduler
[machine.2]          185 task-yield id=2 reason=Idle
[machine.2]          190 task-resume id=4 reason=scheduler
[machine.2]          190 task-yield id=4 reason=RtosPortYield
[machine.2]          190 task-resume id=1 reason=scheduler
[machine.2]          190 task-yield id=1 reason=RtosPortYield
[machine.2]          190 user-u32 "can_recv" = 0
[machine.2]          190 user-u32 "can_recv" = 0
[machine.2]          190 user-u32 "can_recv" = 0
[machine.2]          190 user-u32 "can_recv" = 0
[machine.2]          190 user-u32 "can_send" = 0
[machine.2]          190 task-resume id=2 reason=scheduler
[machine.2]          190 task-yield id=2 reason=Idle
[machine.2]          195 task-resume id=4 reason=scheduler
[machine.2]          195 task-yield id=4 reason=RtosPortYield
[machine.2]          195 task-resume id=2 reason=scheduler
[machine.2]          195 task-yield id=2 reason=Idle
[machine.2]          200 task-resume id=4 reason=scheduler
[machine.2]          200 task-yield id=4 reason=RtosPortYield
[machine.2]          200 user-u32 "sensor_poll_tick" = 200
[machine.2]          200 task-resume id=3 reason=scheduler
[machine.2]          200 task-yield id=3 reason=RtosPortYield
[machine.2]          200 user-u32 "watchdog_ok" = 200
[machine.2]          200 task-resume id=6 reason=scheduler
[machine.2]          200 task-yield id=6 reason=RtosPortYield
[machine.2]          200 user-u32 "deadline_ok" = 0
[machine.2]          200 task-resume id=1 reason=scheduler
[machine.2]          200 task-yield id=1 reason=RtosPortYield
[machine.2]          200 user-u32 "can_recv" = 0
[machine.2]          200 user-u32 "can_recv" = 0
[machine.2]          200 user-u32 "can_recv" = 0
[machine.2]          200 user-u32 "can_recv" = 0
[machine.2]          200 user-u32 "can_send" = 0
[machine.2]          200 user-u32 "can_send" = 0
[machine.2]          200 task-resume id=5 reason=scheduler
[machine.2]          200 task-yield id=5 reason=RtosPortYield
[machine.2]          200 user-u32 "logger_event" = 65536
[machine.2]          200 task-resume id=2 reason=scheduler
[machine.2]          200 task-yield id=2 reason=Idle
[machine.2]          205 task-resume id=4 reason=scheduler
[machine.2]          205 task-yield id=4 reason=RtosPortYield
[machine.2]          205 task-resume id=2 reason=scheduler
[machine.2]          205 task-yield id=2 reason=Idle
[machine.2]          210 task-resume id=4 reason=scheduler
[machine.2]          210 task-yield id=4 reason=RtosPortYield
[machine.2]          210 task-resume id=1 reason=scheduler
[machine.2]          210 task-yield id=1 reason=RtosPortYield
[machine.2]          210 user-u32 "can_recv" = 0
[machine.2]          210 user-u32 "can_recv" = 0
[machine.2]          210 user-u32 "can_recv" = 0
[machine.2]          210 user-u32 "can_recv" = 0
[machine.2]          210 user-u32 "can_recv" = 0
[machine.2]          210 user-u32 "can_recv" = 0
[machine.2]          210 user-u32 "can_recv" = 0
[machine.2]          210 user-u32 "can_recv" = 0
[machine.2]          210 user-u32 "can_recv" = 0
[machine.2]          210 user-u32 "can_send" = 0
[machine.2]          210 task-resume id=2 reason=scheduler
[machine.2]          210 task-yield id=2 reason=Idle
[machine.2]          215 task-resume id=4 reason=scheduler
[machine.2]          215 task-yield id=4 reason=RtosPortYield
[machine.2]          215 task-resume id=2 reason=scheduler
[machine.2]          215 task-yield id=2 reason=Idle
[machine.2]          220 task-resume id=4 reason=scheduler
[machine.2]          220 task-yield id=4 reason=RtosPortYield
[machine.2]          220 task-resume id=1 reason=scheduler
[machine.2]          220 task-yield id=1 reason=RtosPortYield
[machine.2]          220 user-u32 "can_recv" = 0
[machine.2]          220 user-u32 "can_recv" = 0
[machine.2]          220 user-u32 "can_recv" = 0
[machine.2]          220 user-u32 "can_recv" = 0
[machine.2]          220 user-u32 "can_send" = 0
[machine.2]          220 task-resume id=2 reason=scheduler
[machine.2]          220 task-yield id=2 reason=Idle
[machine.2]          225 task-resume id=4 reason=scheduler
[machine.2]          225 task-yield id=4 reason=RtosPortYield
[machine.2]          225 task-resume id=2 reason=scheduler
[machine.2]          225 task-yield id=2 reason=Idle
[machine.2]          230 task-resume id=4 reason=scheduler
[machine.2]          230 task-yield id=4 reason=RtosPortYield
[machine.2]          230 task-resume id=1 reason=scheduler
[machine.2]          230 task-yield id=1 reason=RtosPortYield
[machine.2]          230 user-u32 "can_recv" = 0
[machine.2]          230 user-u32 "can_recv" = 0
[machine.2]          230 user-u32 "can_recv" = 0
[machine.2]          230 user-u32 "can_recv" = 0
[machine.2]          230 user-u32 "can_send" = 0
[machine.2]          230 task-resume id=2 reason=scheduler
[machine.2]          230 task-yield id=2 reason=Idle
[machine.2]          235 task-resume id=4 reason=scheduler
[machine.2]          235 task-yield id=4 reason=RtosPortYield
[machine.2]          235 task-resume id=2 reason=scheduler
[machine.2]          235 task-yield id=2 reason=Idle
[machine.2]          240 task-resume id=4 reason=scheduler
[machine.2]          240 task-yield id=4 reason=RtosPortYield
[machine.2]          240 task-resume id=1 reason=scheduler
[machine.2]          240 task-yield id=1 reason=RtosPortYield
[machine.2]          240 user-u32 "can_recv" = 0
[machine.2]          240 user-u32 "can_recv" = 0
[machine.2]          240 user-u32 "can_recv" = 0
[machine.2]          240 user-u32 "can_recv" = 0
[machine.2]          240 user-u32 "can_send" = 0
[machine.2]          240 task-resume id=2 reason=scheduler
[machine.2]          240 task-yield id=2 reason=Idle
[machine.2]          245 task-resume id=4 reason=scheduler
[machine.2]          245 task-yield id=4 reason=RtosPortYield
[machine.2]          245 task-resume id=2 reason=scheduler
[machine.2]          245 task-yield id=2 reason=Idle
[machine.2]          250 task-resume id=4 reason=scheduler
[machine.2]          250 task-yield id=4 reason=RtosPortYield
[machine.2]          250 task-resume id=3 reason=scheduler
[machine.2]          250 task-yield id=3 reason=RtosPortYield
[machine.2]          250 user-u32 "watchdog_ok" = 250
[machine.2]          250 task-resume id=6 reason=scheduler
[machine.2]          250 task-yield id=6 reason=RtosPortYield
[machine.2]          250 user-u32 "deadline_ok" = 0
[machine.2]          250 task-resume id=1 reason=scheduler
[machine.2]          250 task-yield id=1 reason=RtosPortYield
[machine.2]          250 user-u32 "can_recv" = 0
[machine.2]          250 user-u32 "can_recv" = 0
[machine.2]          250 user-u32 "can_recv" = 0
[machine.2]          250 user-u32 "can_recv" = 0
[machine.2]          250 user-u32 "can_send" = 0
[machine.2]          250 task-resume id=2 reason=scheduler
[machine.2]          250 task-yield id=2 reason=Idle
[machine.2]          255 task-resume id=4 reason=scheduler
[machine.2]          255 task-yield id=4 reason=RtosPortYield
[machine.2]          255 task-resume id=2 reason=scheduler
[machine.2]          255 task-yield id=2 reason=Idle
[machine.2]          260 task-resume id=4 reason=scheduler
[machine.2]          260 task-yield id=4 reason=RtosPortYield
[machine.2]          260 task-resume id=1 reason=scheduler
[machine.2]          260 task-yield id=1 reason=RtosPortYield
[machine.2]          260 user-u32 "can_recv" = 0
[machine.2]          260 user-u32 "can_recv" = 0
[machine.2]          260 user-u32 "can_recv" = 0
[machine.2]          260 user-u32 "can_recv" = 0
[machine.2]          260 user-u32 "can_recv" = 0
[machine.2]          260 user-u32 "can_recv" = 0
[machine.2]          260 user-u32 "can_send" = 0
[machine.2]          260 task-resume id=2 reason=scheduler
[machine.2]          260 task-yield id=2 reason=Idle
[machine.2]          265 task-resume id=4 reason=scheduler
[machine.2]          265 task-yield id=4 reason=RtosPortYield
[machine.2]          265 task-resume id=2 reason=scheduler
[machine.2]          265 task-yield id=2 reason=Idle
[machine.2]          270 task-resume id=4 reason=scheduler
[machine.2]          270 task-yield id=4 reason=RtosPortYield
[machine.2]          270 task-resume id=1 reason=scheduler
[machine.2]          270 task-yield id=1 reason=RtosPortYield
[machine.2]          270 user-u32 "can_recv" = 0
[machine.2]          270 user-u32 "can_recv" = 0
[machine.2]          270 user-u32 "can_recv" = 0
[machine.2]          270 user-u32 "can_recv" = 0
[machine.2]          270 user-u32 "can_send" = 0
[machine.2]          270 task-resume id=2 reason=scheduler
[machine.2]          270 task-yield id=2 reason=Idle
[machine.2]          275 task-resume id=4 reason=scheduler
[machine.2]          275 task-yield id=4 reason=RtosPortYield
[machine.2]          275 task-resume id=2 reason=scheduler
[machine.2]          275 task-yield id=2 reason=Idle
[machine.2]          280 task-resume id=4 reason=scheduler
[machine.2]          280 task-yield id=4 reason=RtosPortYield
[machine.2]          280 task-resume id=1 reason=scheduler
[machine.2]          280 task-yield id=1 reason=RtosPortYield
[machine.2]          280 user-u32 "can_recv" = 0
[machine.2]          280 user-u32 "can_recv" = 0
[machine.2]          280 user-u32 "can_recv" = 0
[machine.2]          280 user-u32 "can_recv" = 0
[machine.2]          280 user-u32 "can_send" = 0
[machine.2]          280 task-resume id=2 reason=scheduler
[machine.2]          280 task-yield id=2 reason=Idle
[machine.2]          285 task-resume id=4 reason=scheduler
[machine.2]          285 task-yield id=4 reason=RtosPortYield
[machine.2]          285 task-resume id=2 reason=scheduler
[machine.2]          285 task-yield id=2 reason=Idle
[machine.2]          290 task-resume id=4 reason=scheduler
[machine.2]          290 task-yield id=4 reason=RtosPortYield
[machine.2]          290 task-resume id=1 reason=scheduler
[machine.2]          290 task-yield id=1 reason=RtosPortYield
[machine.2]          290 user-u32 "can_recv" = 0
[machine.2]          290 user-u32 "can_recv" = 0
[machine.2]          290 user-u32 "can_recv" = 0
[machine.2]          290 user-u32 "can_recv" = 0
[machine.2]          290 user-u32 "can_send" = 0
[machine.2]          290 task-resume id=2 reason=scheduler
[machine.2]          290 task-yield id=2 reason=Idle
[machine.2]          295 task-resume id=4 reason=scheduler
[machine.2]          295 task-yield id=4 reason=RtosPortYield
[machine.2]          295 task-resume id=2 reason=scheduler
[machine.2]          295 task-yield id=2 reason=Idle
[machine.2]          300 task-resume id=4 reason=scheduler
[machine.2]          300 task-yield id=4 reason=RtosPortYield
[machine.2]          300 task-resume id=3 reason=scheduler
[machine.2]          300 task-yield id=3 reason=RtosPortYield
[machine.2]          300 user-u32 "watchdog_ok" = 300
[machine.2]          300 task-resume id=6 reason=scheduler
[machine.2]          300 task-yield id=6 reason=RtosPortYield
[machine.2]          300 user-u32 "deadline_ok" = 0
[machine.2]          300 task-resume id=1 reason=scheduler
[machine.2]          300 task-yield id=1 reason=RtosPortYield
[machine.2]          300 user-u32 "can_recv" = 0
[machine.2]          300 user-u32 "can_recv" = 0
[machine.2]          300 user-u32 "can_recv" = 0
[machine.2]          300 user-u32 "can_recv" = 0
[machine.2]          300 user-u32 "can_send" = 0
[machine.2]          300 user-u32 "can_send" = 0
[machine.2]          300 task-resume id=5 reason=scheduler
[machine.2]          300 task-yield id=5 reason=RtosPortYield
[machine.2]          300 user-u32 "logger_event" = 65536
[machine.2]          300 task-resume id=2 reason=scheduler
[machine.2]          300 task-yield id=2 reason=Idle
[machine.2]          305 task-resume id=4 reason=scheduler
[machine.2]          305 task-yield id=4 reason=RtosPortYield
[machine.2]          305 task-resume id=2 reason=scheduler
[machine.2]          305 task-yield id=2 reason=Idle
[machine.2]          310 task-resume id=4 reason=scheduler
[machine.2]          310 task-yield id=4 reason=RtosPortYield
[machine.2]          310 task-resume id=1 reason=scheduler
[machine.2]          310 task-yield id=1 reason=RtosPortYield
[machine.2]          310 user-u32 "can_recv" = 0
[machine.2]          310 user-u32 "can_recv" = 0
[machine.2]          310 user-u32 "can_recv" = 0
[machine.2]          310 user-u32 "can_recv" = 0
[machine.2]          310 user-u32 "can_recv" = 0
[machine.2]          310 user-u32 "can_recv" = 0
[machine.2]          310 user-u32 "can_recv" = 0
[machine.2]          310 user-u32 "can_recv" = 0
[machine.2]          310 user-u32 "can_recv" = 0
[machine.2]          310 user-u32 "can_send" = 0
[machine.2]          310 task-resume id=2 reason=scheduler
[machine.2]          310 task-yield id=2 reason=Idle
[machine.2]          315 task-resume id=4 reason=scheduler
[machine.2]          315 task-yield id=4 reason=RtosPortYield
[machine.2]          315 task-resume id=2 reason=scheduler
[machine.2]          315 task-yield id=2 reason=Idle
[machine.2]          320 task-resume id=4 reason=scheduler
[machine.2]          320 task-yield id=4 reason=RtosPortYield
[machine.2]          320 task-resume id=1 reason=scheduler
[machine.2]          320 task-yield id=1 reason=RtosPortYield
[machine.2]          320 user-u32 "can_recv" = 0
[machine.2]          320 user-u32 "can_recv" = 0
[machine.2]          320 user-u32 "can_recv" = 0
[machine.2]          320 user-u32 "can_recv" = 0
[machine.2]          320 user-u32 "can_send" = 0
[machine.2]          320 task-resume id=2 reason=scheduler
[machine.2]          320 task-yield id=2 reason=Idle
[machine.2]          325 task-resume id=4 reason=scheduler
[machine.2]          325 task-yield id=4 reason=RtosPortYield
[machine.2]          325 task-resume id=2 reason=scheduler
[machine.2]          325 task-yield id=2 reason=Idle
[machine.2]          330 task-resume id=4 reason=scheduler
[machine.2]          330 task-yield id=4 reason=RtosPortYield
[machine.2]          330 task-resume id=1 reason=scheduler
[machine.2]          330 task-yield id=1 reason=RtosPortYield
[machine.2]          330 user-u32 "can_recv" = 0
[machine.2]          330 user-u32 "can_recv" = 0
[machine.2]          330 user-u32 "can_recv" = 0
[machine.2]          330 user-u32 "can_recv" = 0
[machine.2]          330 user-u32 "can_send" = 0
[machine.2]          330 task-resume id=2 reason=scheduler
[machine.2]          330 task-yield id=2 reason=Idle
[machine.2]          335 task-resume id=4 reason=scheduler
[machine.2]          335 task-yield id=4 reason=RtosPortYield
[machine.2]          335 task-resume id=2 reason=scheduler
[machine.2]          335 task-yield id=2 reason=Idle
[machine.2]          340 task-resume id=4 reason=scheduler
[machine.2]          340 task-yield id=4 reason=RtosPortYield
[machine.2]          340 task-resume id=1 reason=scheduler
[machine.2]          340 task-yield id=1 reason=RtosPortYield
[machine.2]          340 user-u32 "can_recv" = 0
[machine.2]          340 user-u32 "can_recv" = 0
[machine.2]          340 user-u32 "can_recv" = 0
[machine.2]          340 user-u32 "can_recv" = 0
[machine.2]          340 user-u32 "can_send" = 0
[machine.2]          340 task-resume id=2 reason=scheduler
[machine.2]          340 task-yield id=2 reason=Idle
[machine.2]          345 task-resume id=4 reason=scheduler
[machine.2]          345 task-yield id=4 reason=RtosPortYield
[machine.2]          345 task-resume id=2 reason=scheduler
[machine.2]          345 task-yield id=2 reason=Idle
[machine.2]          350 task-resume id=4 reason=scheduler
[machine.2]          350 task-yield id=4 reason=RtosPortYield
[machine.2]          350 task-resume id=3 reason=scheduler
[machine.2]          350 task-yield id=3 reason=RtosPortYield
[machine.2]          350 user-u32 "watchdog_ok" = 350
[machine.2]          350 task-resume id=6 reason=scheduler
[machine.2]          350 task-yield id=6 reason=RtosPortYield
[machine.2]          350 user-u32 "deadline_ok" = 0
[machine.2]          350 task-resume id=1 reason=scheduler
[machine.2]          350 task-yield id=1 reason=RtosPortYield
[machine.2]          350 user-u32 "can_recv" = 0
[machine.2]          350 user-u32 "can_recv" = 0
[machine.2]          350 user-u32 "can_recv" = 0
[machine.2]          350 user-u32 "can_recv" = 0
[machine.2]          350 user-u32 "can_send" = 0
[machine.2]          350 task-resume id=2 reason=scheduler
[machine.2]          350 task-yield id=2 reason=Idle
[machine.2]          355 task-resume id=4 reason=scheduler
[machine.2]          355 task-yield id=4 reason=RtosPortYield
[machine.2]          355 task-resume id=2 reason=scheduler
[machine.2]          355 task-yield id=2 reason=Idle
[machine.2]          360 task-resume id=4 reason=scheduler
[machine.2]          360 task-yield id=4 reason=RtosPortYield
[machine.2]          360 task-resume id=1 reason=scheduler
[machine.2]          360 task-yield id=1 reason=RtosPortYield
[machine.2]          360 user-u32 "can_recv" = 0
[machine.2]          360 user-u32 "can_recv" = 0
[machine.2]          360 user-u32 "can_recv" = 0
[machine.2]          360 user-u32 "can_recv" = 0
[machine.2]          360 user-u32 "can_recv" = 0
[machine.2]          360 user-u32 "can_recv" = 0
[machine.2]          360 user-u32 "can_send" = 0
[machine.2]          360 task-resume id=2 reason=scheduler
[machine.2]          360 task-yield id=2 reason=Idle
[machine.2]          365 task-resume id=4 reason=scheduler
[machine.2]          365 task-yield id=4 reason=RtosPortYield
[machine.2]          365 task-resume id=2 reason=scheduler
[machine.2]          365 task-yield id=2 reason=Idle
[machine.2]          370 task-resume id=4 reason=scheduler
[machine.2]          370 task-yield id=4 reason=RtosPortYield
[machine.2]          370 task-resume id=1 reason=scheduler
[machine.2]          370 task-yield id=1 reason=RtosPortYield
[machine.2]          370 user-u32 "can_recv" = 0
[machine.2]          370 user-u32 "can_recv" = 0
[machine.2]          370 user-u32 "can_recv" = 0
[machine.2]          370 user-u32 "can_recv" = 0
[machine.2]          370 user-u32 "can_send" = 0
[machine.2]          370 task-resume id=2 reason=scheduler
[machine.2]          370 task-yield id=2 reason=Idle
[machine.2]          375 task-resume id=4 reason=scheduler
[machine.2]          375 task-yield id=4 reason=RtosPortYield
[machine.2]          375 task-resume id=2 reason=scheduler
[machine.2]          375 task-yield id=2 reason=Idle
[machine.2]          380 task-resume id=4 reason=scheduler
[machine.2]          380 task-yield id=4 reason=RtosPortYield
[machine.2]          380 task-resume id=1 reason=scheduler
[machine.2]          380 task-yield id=1 reason=RtosPortYield
[machine.2]          380 user-u32 "can_recv" = 0
[machine.2]          380 user-u32 "can_recv" = 0
[machine.2]          380 user-u32 "can_recv" = 0
[machine.2]          380 user-u32 "can_recv" = 0
[machine.2]          380 user-u32 "can_send" = 0
[machine.2]          380 task-resume id=2 reason=scheduler
[machine.2]          380 task-yield id=2 reason=Idle
[machine.2]          385 task-resume id=4 reason=scheduler
[machine.2]          385 task-yield id=4 reason=RtosPortYield
[machine.2]          385 task-resume id=2 reason=scheduler
[machine.2]          385 task-yield id=2 reason=Idle
[machine.2]          390 task-resume id=4 reason=scheduler
[machine.2]          390 task-yield id=4 reason=RtosPortYield
[machine.2]          390 task-resume id=1 reason=scheduler
[machine.2]          390 task-yield id=1 reason=RtosPortYield
[machine.2]          390 user-u32 "can_recv" = 0
[machine.2]          390 user-u32 "can_recv" = 0
[machine.2]          390 user-u32 "can_recv" = 0
[machine.2]          390 user-u32 "can_recv" = 0
[machine.2]          390 user-u32 "can_send" = 0
[machine.2]          390 task-resume id=2 reason=scheduler
[machine.2]          390 task-yield id=2 reason=Idle
[machine.2]          395 task-resume id=4 reason=scheduler
[machine.2]          395 task-yield id=4 reason=RtosPortYield
[machine.2]          395 task-resume id=2 reason=scheduler
[machine.2]          395 task-yield id=2 reason=Idle
[machine.2]          400 task-resume id=4 reason=scheduler
[machine.2]          400 task-yield id=4 reason=RtosPortYield
[machine.2]          400 user-u32 "sensor_poll_tick" = 400
[machine.2]          400 task-resume id=3 reason=scheduler
[machine.2]          400 task-yield id=3 reason=RtosPortYield
[machine.2]          400 user-u32 "watchdog_ok" = 400
[machine.2]          400 task-resume id=6 reason=scheduler
[machine.2]          400 task-yield id=6 reason=RtosPortYield
[machine.2]          400 user-u32 "deadline_ok" = 0
[machine.2]          400 task-resume id=1 reason=scheduler
[machine.2]          400 task-yield id=1 reason=RtosPortYield
[machine.2]          400 user-u32 "can_recv" = 0
[machine.2]          400 user-u32 "can_recv" = 0
[machine.2]          400 user-u32 "can_recv" = 0
[machine.2]          400 user-u32 "can_recv" = 0
[machine.2]          400 user-u32 "can_send" = 0
[machine.2]          400 user-u32 "can_send" = 0
[machine.2]          400 task-resume id=5 reason=scheduler
[machine.2]          400 task-yield id=5 reason=RtosPortYield
[machine.2]          400 user-u32 "logger_event" = 65536
[machine.2]          400 task-resume id=2 reason=scheduler
[machine.2]          400 task-yield id=2 reason=Idle
[machine.2]          405 task-resume id=4 reason=scheduler
[machine.2]          405 task-yield id=4 reason=RtosPortYield
[machine.2]          405 task-resume id=2 reason=scheduler
[machine.2]          405 task-yield id=2 reason=Idle
[machine.2]          410 task-resume id=4 reason=scheduler
[machine.2]          410 task-yield id=4 reason=RtosPortYield
[machine.2]          410 task-resume id=1 reason=scheduler
[machine.2]          410 task-yield id=1 reason=RtosPortYield
[machine.2]          410 user-u32 "can_recv" = 0
[machine.2]          410 user-u32 "can_recv" = 0
[machine.2]          410 user-u32 "can_recv" = 0
[machine.2]          410 user-u32 "can_recv" = 0
[machine.2]          410 user-u32 "can_recv" = 0
[machine.2]          410 user-u32 "can_recv" = 0
[machine.2]          410 user-u32 "can_recv" = 0
[machine.2]          410 user-u32 "can_recv" = 0
[machine.2]          410 user-u32 "can_recv" = 0
[machine.2]          410 user-u32 "can_send" = 0
[machine.2]          410 task-resume id=2 reason=scheduler
[machine.2]          410 task-yield id=2 reason=Idle
[machine.2]          415 task-resume id=4 reason=scheduler
[machine.2]          415 task-yield id=4 reason=RtosPortYield
[machine.2]          415 task-resume id=2 reason=scheduler
[machine.2]          415 task-yield id=2 reason=Idle
[machine.2]          420 task-resume id=4 reason=scheduler
[machine.2]          420 task-yield id=4 reason=RtosPortYield
[machine.2]          420 task-resume id=1 reason=scheduler
[machine.2]          420 task-yield id=1 reason=RtosPortYield
[machine.2]          420 user-u32 "can_recv" = 0
[machine.2]          420 user-u32 "can_recv" = 0
[machine.2]          420 user-u32 "can_recv" = 0
[machine.2]          420 user-u32 "can_recv" = 0
[machine.2]          420 user-u32 "can_send" = 0
[machine.2]          420 task-resume id=2 reason=scheduler
[machine.2]          420 task-yield id=2 reason=Idle
[machine.2]          425 task-resume id=4 reason=scheduler
[machine.2]          425 task-yield id=4 reason=RtosPortYield
[machine.2]          425 task-resume id=2 reason=scheduler
[machine.2]          425 task-yield id=2 reason=Idle
[machine.2]          430 task-resume id=4 reason=scheduler
[machine.2]          430 task-yield id=4 reason=RtosPortYield
[machine.2]          430 task-resume id=1 reason=scheduler
[machine.2]          430 task-yield id=1 reason=RtosPortYield
[machine.2]          430 user-u32 "can_recv" = 0
[machine.2]          430 user-u32 "can_recv" = 0
[machine.2]          430 user-u32 "can_recv" = 0
[machine.2]          430 user-u32 "can_recv" = 0
[machine.2]          430 user-u32 "can_send" = 0
[machine.2]          430 task-resume id=2 reason=scheduler
[machine.2]          430 task-yield id=2 reason=Idle
[machine.2]          435 task-resume id=4 reason=scheduler
[machine.2]          435 task-yield id=4 reason=RtosPortYield
[machine.2]          435 task-resume id=2 reason=scheduler
[machine.2]          435 task-yield id=2 reason=Idle
[machine.2]          440 task-resume id=4 reason=scheduler
[machine.2]          440 task-yield id=4 reason=RtosPortYield
[machine.2]          440 task-resume id=1 reason=scheduler
[machine.2]          440 task-yield id=1 reason=RtosPortYield
[machine.2]          440 user-u32 "can_recv" = 0
[machine.2]          440 user-u32 "can_recv" = 0
[machine.2]          440 user-u32 "can_recv" = 0
[machine.2]          440 user-u32 "can_recv" = 0
[machine.2]          440 user-u32 "can_send" = 0
[machine.2]          440 task-resume id=2 reason=scheduler
[machine.2]          440 task-yield id=2 reason=Idle
[machine.2]          445 task-resume id=4 reason=scheduler
[machine.2]          445 task-yield id=4 reason=RtosPortYield
[machine.2]          445 task-resume id=2 reason=scheduler
[machine.2]          445 task-yield id=2 reason=Idle
[machine.2]          450 task-resume id=4 reason=scheduler
[machine.2]          450 task-yield id=4 reason=RtosPortYield
[machine.2]          450 task-resume id=3 reason=scheduler
[machine.2]          450 task-yield id=3 reason=RtosPortYield
[machine.2]          450 user-u32 "watchdog_ok" = 450
[machine.2]          450 task-resume id=6 reason=scheduler
[machine.2]          450 task-yield id=6 reason=RtosPortYield
[machine.2]          450 user-u32 "deadline_ok" = 0
[machine.2]          450 task-resume id=1 reason=scheduler
[machine.2]          450 task-yield id=1 reason=RtosPortYield
[machine.2]          450 user-u32 "can_recv" = 0
[machine.2]          450 user-u32 "can_recv" = 0
[machine.2]          450 user-u32 "can_recv" = 0
[machine.2]          450 user-u32 "can_recv" = 0
[machine.2]          450 user-u32 "can_send" = 0
[machine.2]          450 task-resume id=2 reason=scheduler
[machine.2]          450 task-yield id=2 reason=Idle
[machine.2]          455 task-resume id=4 reason=scheduler
[machine.2]          455 task-yield id=4 reason=RtosPortYield
[machine.2]          455 task-resume id=2 reason=scheduler
[machine.2]          455 task-yield id=2 reason=Idle
[machine.2]          460 task-resume id=4 reason=scheduler
[machine.2]          460 task-yield id=4 reason=RtosPortYield
[machine.2]          460 task-resume id=1 reason=scheduler
[machine.2]          460 task-yield id=1 reason=RtosPortYield
[machine.2]          460 user-u32 "can_recv" = 0
[machine.2]          460 user-u32 "can_recv" = 0
[machine.2]          460 user-u32 "can_recv" = 0
[machine.2]          460 user-u32 "can_recv" = 0
[machine.2]          460 user-u32 "can_recv" = 0
[machine.2]          460 user-u32 "can_recv" = 0
[machine.2]          460 user-u32 "can_send" = 0
[machine.2]          460 task-resume id=2 reason=scheduler
[machine.2]          460 task-yield id=2 reason=Idle
[machine.2]          465 task-resume id=4 reason=scheduler
[machine.2]          465 task-yield id=4 reason=RtosPortYield
[machine.2]          465 task-resume id=2 reason=scheduler
[machine.2]          465 task-yield id=2 reason=Idle
[machine.2]          470 task-resume id=4 reason=scheduler
[machine.2]          470 task-yield id=4 reason=RtosPortYield
[machine.2]          470 task-resume id=1 reason=scheduler
[machine.2]          470 task-yield id=1 reason=RtosPortYield
[machine.2]          470 user-u32 "can_recv" = 0
[machine.2]          470 user-u32 "can_recv" = 0
[machine.2]          470 user-u32 "can_recv" = 0
[machine.2]          470 user-u32 "can_recv" = 0
[machine.2]          470 user-u32 "can_send" = 0
[machine.2]          470 task-resume id=2 reason=scheduler
[machine.2]          470 task-yield id=2 reason=Idle
[machine.2]          475 task-resume id=4 reason=scheduler
[machine.2]          475 task-yield id=4 reason=RtosPortYield
[machine.2]          475 task-resume id=2 reason=scheduler
[machine.2]          475 task-yield id=2 reason=Idle
[machine.2]          480 task-resume id=4 reason=scheduler
[machine.2]          480 task-yield id=4 reason=RtosPortYield
[machine.2]          480 task-resume id=1 reason=scheduler
[machine.2]          480 task-yield id=1 reason=RtosPortYield
[machine.2]          480 user-u32 "can_recv" = 0
[machine.2]          480 user-u32 "can_recv" = 0
[machine.2]          480 user-u32 "can_recv" = 0
[machine.2]          480 user-u32 "can_recv" = 0
[machine.2]          480 user-u32 "can_send" = 0
[machine.2]          480 task-resume id=2 reason=scheduler
[machine.2]          480 task-yield id=2 reason=Idle
[machine.2]          485 task-resume id=4 reason=scheduler
[machine.2]          485 task-yield id=4 reason=RtosPortYield
[machine.2]          485 task-resume id=2 reason=scheduler
[machine.2]          485 task-yield id=2 reason=Idle
[machine.2]          490 task-resume id=4 reason=scheduler
[machine.2]          490 task-yield id=4 reason=RtosPortYield
[machine.2]          490 task-resume id=1 reason=scheduler
[machine.2]          490 task-yield id=1 reason=RtosPortYield
[machine.2]          490 user-u32 "can_recv" = 0
[machine.2]          490 user-u32 "can_recv" = 0
[machine.2]          490 user-u32 "can_recv" = 0
[machine.2]          490 user-u32 "can_recv" = 0
[machine.2]          490 user-u32 "can_send" = 0
[machine.2]          490 task-resume id=2 reason=scheduler
[machine.2]          490 task-yield id=2 reason=Idle
[machine.2]          495 task-resume id=4 reason=scheduler
[machine.2]          495 task-yield id=4 reason=RtosPortYield
[machine.2]          495 task-resume id=2 reason=scheduler
[machine.2]          495 task-yield id=2 reason=Idle
[machine.2]          500 task-resume id=4 reason=scheduler
[machine.2]          500 task-yield id=4 reason=RtosPortYield
[machine.2]          500 task-resume id=3 reason=scheduler
[machine.2]          500 task-yield id=3 reason=RtosPortYield
[machine.2]          500 user-u32 "watchdog_ok" = 500
[machine.2]          500 task-resume id=6 reason=scheduler
[machine.2]          500 task-yield id=6 reason=RtosPortYield
[machine.2]          500 user-u32 "deadline_ok" = 0
[machine.2]          500 task-resume id=1 reason=scheduler
[machine.2]          500 task-yield id=1 reason=RtosPortYield
[machine.2]          500 user-u32 "can_recv" = 0
[machine.2]          500 user-u32 "can_recv" = 0
[machine.2]          500 user-u32 "can_recv" = 0
[machine.2]          500 user-u32 "can_recv" = 0
[machine.2]          500 user-u32 "can_send" = 0
[machine.2]          500 user-u32 "can_send" = 0
[machine.2]          500 task-resume id=5 reason=scheduler
[machine.2]          500 task-yield id=5 reason=RtosPortYield
[machine.2]          500 user-u32 "logger_event" = 65536
[machine.2]          500 task-resume id=2 reason=scheduler
[machine.2]          500 task-yield id=2 reason=Idle
[machine.2]          505 task-resume id=4 reason=scheduler
[machine.2]          505 task-yield id=4 reason=RtosPortYield
[machine.2]          505 task-resume id=2 reason=scheduler
[machine.2]          505 task-yield id=2 reason=Idle
[machine.2]          510 task-resume id=4 reason=scheduler
[machine.2]          510 task-yield id=4 reason=RtosPortYield
[machine.2]          510 task-resume id=1 reason=scheduler
[machine.2]          510 task-yield id=1 reason=RtosPortYield
[machine.2]          510 user-u32 "can_recv" = 0
[machine.2]          510 user-u32 "can_recv" = 0
[machine.2]          510 user-u32 "can_recv" = 0
[machine.2]          510 user-u32 "can_recv" = 0
[machine.2]          510 user-u32 "can_recv" = 0
[machine.2]          510 user-u32 "can_recv" = 0
[machine.2]          510 user-u32 "can_recv" = 0
[machine.2]          510 user-u32 "can_recv" = 0
[machine.2]          510 user-u32 "can_recv" = 0
[machine.2]          510 user-u32 "can_send" = 0
[machine.2]          510 task-resume id=2 reason=scheduler
[machine.2]          510 task-yield id=2 reason=Idle
[machine.2]          515 task-resume id=4 reason=scheduler
[machine.2]          515 task-yield id=4 reason=RtosPortYield
[machine.2]          515 task-resume id=2 reason=scheduler
[machine.2]          515 task-yield id=2 reason=Idle
[machine.2]          520 task-resume id=4 reason=scheduler
[machine.2]          520 task-yield id=4 reason=RtosPortYield
[machine.2]          520 task-resume id=1 reason=scheduler
[machine.2]          520 task-yield id=1 reason=RtosPortYield
[machine.2]          520 user-u32 "can_recv" = 0
[machine.2]          520 user-u32 "can_recv" = 0
[machine.2]          520 user-u32 "can_recv" = 0
[machine.2]          520 user-u32 "can_recv" = 0
[machine.2]          520 user-u32 "can_send" = 0
[machine.2]          520 task-resume id=2 reason=scheduler
[machine.2]          520 task-yield id=2 reason=Idle
[machine.2]          525 task-resume id=4 reason=scheduler
[machine.2]          525 task-yield id=4 reason=RtosPortYield
[machine.2]          525 task-resume id=2 reason=scheduler
[machine.2]          525 task-yield id=2 reason=Idle
[machine.2]          530 task-resume id=4 reason=scheduler
[machine.2]          530 task-yield id=4 reason=RtosPortYield
[machine.2]          530 task-resume id=1 reason=scheduler
[machine.2]          530 task-yield id=1 reason=RtosPortYield
[machine.2]          530 user-u32 "can_recv" = 0
[machine.2]          530 user-u32 "can_recv" = 0
[machine.2]          530 user-u32 "can_recv" = 0
[machine.2]          530 user-u32 "can_recv" = 0
[machine.2]          530 user-u32 "can_send" = 0
[machine.2]          530 task-resume id=2 reason=scheduler
[machine.2]          530 task-yield id=2 reason=Idle
[machine.2]          535 task-resume id=4 reason=scheduler
[machine.2]          535 task-yield id=4 reason=RtosPortYield
[machine.2]          535 task-resume id=2 reason=scheduler
[machine.2]          535 task-yield id=2 reason=Idle
[machine.2]          540 task-resume id=4 reason=scheduler
[machine.2]          540 task-yield id=4 reason=RtosPortYield
[machine.2]          540 task-resume id=1 reason=scheduler
[machine.2]          540 task-yield id=1 reason=RtosPortYield
[machine.2]          540 user-u32 "can_recv" = 0
[machine.2]          540 user-u32 "can_recv" = 0
[machine.2]          540 user-u32 "can_recv" = 0
[machine.2]          540 user-u32 "can_recv" = 0
[machine.2]          540 user-u32 "can_send" = 0
[machine.2]          540 task-resume id=2 reason=scheduler
[machine.2]          540 task-yield id=2 reason=Idle
[machine.2]          545 task-resume id=4 reason=scheduler
[machine.2]          545 task-yield id=4 reason=RtosPortYield
[machine.2]          545 task-resume id=2 reason=scheduler
[machine.2]          545 task-yield id=2 reason=Idle
[machine.2]          550 task-resume id=4 reason=scheduler
[machine.2]          550 task-yield id=4 reason=RtosPortYield
[machine.2]          550 task-resume id=3 reason=scheduler
[machine.2]          550 task-yield id=3 reason=RtosPortYield
[machine.2]          550 user-u32 "watchdog_ok" = 550
[machine.2]          550 task-resume id=6 reason=scheduler
[machine.2]          550 task-yield id=6 reason=RtosPortYield
[machine.2]          550 user-u32 "deadline_ok" = 0
[machine.2]          550 task-resume id=1 reason=scheduler
[machine.2]          550 task-yield id=1 reason=RtosPortYield
[machine.2]          550 user-u32 "can_recv" = 0
[machine.2]          550 user-u32 "can_recv" = 0
[machine.2]          550 user-u32 "can_recv" = 0
[machine.2]          550 user-u32 "can_recv" = 0
[machine.2]          550 user-u32 "can_send" = 0
[machine.2]          550 task-resume id=2 reason=scheduler
[machine.2]          550 task-yield id=2 reason=Idle
[machine.2]          555 task-resume id=4 reason=scheduler
[machine.2]          555 task-yield id=4 reason=RtosPortYield
[machine.2]          555 task-resume id=2 reason=scheduler
[machine.2]          555 task-yield id=2 reason=Idle
[machine.2]          560 task-resume id=4 reason=scheduler
[machine.2]          560 task-yield id=4 reason=RtosPortYield
[machine.2]          560 task-resume id=1 reason=scheduler
[machine.2]          560 task-yield id=1 reason=RtosPortYield
[machine.2]          560 user-u32 "can_recv" = 0
[machine.2]          560 user-u32 "can_recv" = 0
[machine.2]          560 user-u32 "can_recv" = 0
[machine.2]          560 user-u32 "can_recv" = 0
[machine.2]          560 user-u32 "can_recv" = 0
[machine.2]          560 user-u32 "can_recv" = 0
[machine.2]          560 user-u32 "can_send" = 0
[machine.2]          560 task-resume id=2 reason=scheduler
[machine.2]          560 task-yield id=2 reason=Idle
[machine.2]          565 task-resume id=4 reason=scheduler
[machine.2]          565 task-yield id=4 reason=RtosPortYield
[machine.2]          565 task-resume id=2 reason=scheduler
[machine.2]          565 task-yield id=2 reason=Idle
[machine.2]          570 task-resume id=4 reason=scheduler
[machine.2]          570 task-yield id=4 reason=RtosPortYield
[machine.2]          570 task-resume id=1 reason=scheduler
[machine.2]          570 task-yield id=1 reason=RtosPortYield
[machine.2]          570 user-u32 "can_recv" = 0
[machine.2]          570 user-u32 "can_recv" = 0
[machine.2]          570 user-u32 "can_recv" = 0
[machine.2]          570 user-u32 "can_recv" = 0
[machine.2]          570 user-u32 "can_send" = 0
[machine.2]          570 task-resume id=2 reason=scheduler
[machine.2]          570 task-yield id=2 reason=Idle
[machine.2]          575 task-resume id=4 reason=scheduler
[machine.2]          575 task-yield id=4 reason=RtosPortYield
[machine.2]          575 task-resume id=2 reason=scheduler
[machine.2]          575 task-yield id=2 reason=Idle
[machine.2]          580 task-resume id=4 reason=scheduler
[machine.2]          580 task-yield id=4 reason=RtosPortYield
[machine.2]          580 task-resume id=1 reason=scheduler
[machine.2]          580 task-yield id=1 reason=RtosPortYield
[machine.2]          580 user-u32 "can_recv" = 0
[machine.2]          580 user-u32 "can_recv" = 0
[machine.2]          580 user-u32 "can_recv" = 0
[machine.2]          580 user-u32 "can_recv" = 0
[machine.2]          580 user-u32 "can_send" = 0
[machine.2]          580 task-resume id=2 reason=scheduler
[machine.2]          580 task-yield id=2 reason=Idle
[machine.2]          585 task-resume id=4 reason=scheduler
[machine.2]          585 task-yield id=4 reason=RtosPortYield
[machine.2]          585 task-resume id=2 reason=scheduler
[machine.2]          585 task-yield id=2 reason=Idle
[machine.2]          590 task-resume id=4 reason=scheduler
[machine.2]          590 task-yield id=4 reason=RtosPortYield
[machine.2]          590 task-resume id=1 reason=scheduler
[machine.2]          590 task-yield id=1 reason=RtosPortYield
[machine.2]          590 user-u32 "can_recv" = 0
[machine.2]          590 user-u32 "can_recv" = 0
[machine.2]          590 user-u32 "can_recv" = 0
[machine.2]          590 user-u32 "can_recv" = 0
[machine.2]          590 user-u32 "can_send" = 0
[machine.2]          590 task-resume id=2 reason=scheduler
[machine.2]          590 task-yield id=2 reason=Idle
[machine.2]          595 task-resume id=4 reason=scheduler
[machine.2]          595 task-yield id=4 reason=RtosPortYield
[machine.2]          595 task-resume id=2 reason=scheduler
[machine.2]          595 task-yield id=2 reason=Idle
[machine.2]          600 task-resume id=4 reason=scheduler
[machine.2]          600 task-yield id=4 reason=RtosPortYield
[machine.2]          600 user-u32 "sensor_poll_tick" = 600
[machine.2]          600 task-resume id=3 reason=scheduler
[machine.2]          600 task-yield id=3 reason=RtosPortYield
[machine.2]          600 user-u32 "watchdog_ok" = 600
[machine.2]          600 task-resume id=6 reason=scheduler
[machine.2]          600 task-yield id=6 reason=RtosPortYield
[machine.2]          600 user-u32 "deadline_ok" = 0
[machine.2]          600 task-resume id=1 reason=scheduler
[machine.2]          600 task-yield id=1 reason=RtosPortYield
[machine.2]          600 user-u32 "can_recv" = 0
[machine.2]          600 user-u32 "can_recv" = 0
[machine.2]          600 user-u32 "can_recv" = 0
[machine.2]          600 user-u32 "can_recv" = 0
[machine.2]          600 user-u32 "can_send" = 0
[machine.2]          600 user-u32 "can_send" = 0
[machine.2]          600 task-resume id=5 reason=scheduler
[machine.2]          600 task-yield id=5 reason=RtosPortYield
[machine.2]          600 user-u32 "logger_event" = 65536
[machine.2]          600 task-resume id=2 reason=scheduler
[machine.2]          600 task-yield id=2 reason=Idle
[machine.2]          605 task-resume id=4 reason=scheduler
[machine.2]          605 task-yield id=4 reason=RtosPortYield
[machine.2]          605 task-resume id=2 reason=scheduler
[machine.2]          605 task-yield id=2 reason=Idle
[machine.2]          610 task-resume id=4 reason=scheduler
[machine.2]          610 task-yield id=4 reason=RtosPortYield
[machine.2]          610 task-resume id=1 reason=scheduler
[machine.2]          610 task-yield id=1 reason=RtosPortYield
[machine.2]          610 user-u32 "can_recv" = 0
[machine.2]          610 user-u32 "can_recv" = 0
[machine.2]          610 user-u32 "can_recv" = 0
[machine.2]          610 user-u32 "can_recv" = 0
[machine.2]          610 user-u32 "can_recv" = 0
[machine.2]          610 user-u32 "can_recv" = 0
[machine.2]          610 user-u32 "can_recv" = 0
[machine.2]          610 user-u32 "can_recv" = 0
[machine.2]          610 user-u32 "can_recv" = 0
[machine.2]          610 user-u32 "can_send" = 0
[machine.2]          610 task-resume id=2 reason=scheduler
[machine.2]          610 task-yield id=2 reason=Idle
[machine.2]          615 task-resume id=4 reason=scheduler
[machine.2]          615 task-yield id=4 reason=RtosPortYield
[machine.2]          615 task-resume id=2 reason=scheduler
[machine.2]          615 task-yield id=2 reason=Idle
[machine.2]          620 task-resume id=4 reason=scheduler
[machine.2]          620 task-yield id=4 reason=RtosPortYield
[machine.2]          620 task-resume id=1 reason=scheduler
[machine.2]          620 task-yield id=1 reason=RtosPortYield
[machine.2]          620 user-u32 "can_recv" = 0
[machine.2]          620 user-u32 "can_recv" = 0
[machine.2]          620 user-u32 "can_recv" = 0
[machine.2]          620 user-u32 "can_recv" = 0
[machine.2]          620 user-u32 "can_send" = 0
[machine.2]          620 task-resume id=2 reason=scheduler
[machine.2]          620 task-yield id=2 reason=Idle
[machine.2]          625 task-resume id=4 reason=scheduler
[machine.2]          625 task-yield id=4 reason=RtosPortYield
[machine.2]          625 task-resume id=2 reason=scheduler
[machine.2]          625 task-yield id=2 reason=Idle
[machine.2]          630 task-resume id=4 reason=scheduler
[machine.2]          630 task-yield id=4 reason=RtosPortYield
[machine.2]          630 task-resume id=1 reason=scheduler
[machine.2]          630 task-yield id=1 reason=RtosPortYield
[machine.2]          630 user-u32 "can_recv" = 0
[machine.2]          630 user-u32 "can_recv" = 0
[machine.2]          630 user-u32 "can_recv" = 0
[machine.2]          630 user-u32 "can_recv" = 0
[machine.2]          630 user-u32 "can_send" = 0
[machine.2]          630 task-resume id=2 reason=scheduler
[machine.2]          630 task-yield id=2 reason=Idle
[machine.2]          635 task-resume id=4 reason=scheduler
[machine.2]          635 task-yield id=4 reason=RtosPortYield
[machine.2]          635 task-resume id=2 reason=scheduler
[machine.2]          635 task-yield id=2 reason=Idle
[machine.2]          640 task-resume id=4 reason=scheduler
[machine.2]          640 task-yield id=4 reason=RtosPortYield
[machine.2]          640 task-resume id=1 reason=scheduler
[machine.2]          640 task-yield id=1 reason=RtosPortYield
[machine.2]          640 user-u32 "can_recv" = 0
[machine.2]          640 user-u32 "can_recv" = 0
[machine.2]          640 user-u32 "can_recv" = 0
[machine.2]          640 user-u32 "can_recv" = 0
[machine.2]          640 user-u32 "can_send" = 0
[machine.2]          640 task-resume id=2 reason=scheduler
[machine.2]          640 task-yield id=2 reason=Idle
[machine.2]          645 task-resume id=4 reason=scheduler
[machine.2]          645 task-yield id=4 reason=RtosPortYield
[machine.2]          645 task-resume id=2 reason=scheduler
[machine.2]          645 task-yield id=2 reason=Idle
[machine.2]          650 task-resume id=4 reason=scheduler
[machine.2]          650 task-yield id=4 reason=RtosPortYield
[machine.2]          650 task-resume id=3 reason=scheduler
[machine.2]          650 task-yield id=3 reason=RtosPortYield
[machine.2]          650 user-u32 "watchdog_ok" = 650
[machine.2]          650 task-resume id=6 reason=scheduler
[machine.2]          650 task-yield id=6 reason=RtosPortYield
[machine.2]          650 user-u32 "deadline_ok" = 0
[machine.2]          650 task-resume id=1 reason=scheduler
[machine.2]          650 task-yield id=1 reason=RtosPortYield
[machine.2]          650 user-u32 "can_recv" = 0
[machine.2]          650 user-u32 "can_recv" = 0
[machine.2]          650 user-u32 "can_recv" = 0
[machine.2]          650 user-u32 "can_recv" = 0
[machine.2]          650 user-u32 "can_send" = 0
[machine.2]          650 task-resume id=2 reason=scheduler
[machine.2]          650 task-yield id=2 reason=Idle
[machine.2]          655 task-resume id=4 reason=scheduler
[machine.2]          655 task-yield id=4 reason=RtosPortYield
[machine.2]          655 task-resume id=2 reason=scheduler
[machine.2]          655 task-yield id=2 reason=Idle
[machine.2]          660 task-resume id=4 reason=scheduler
[machine.2]          660 task-yield id=4 reason=RtosPortYield
[machine.2]          660 task-resume id=1 reason=scheduler
[machine.2]          660 task-yield id=1 reason=RtosPortYield
[machine.2]          660 user-u32 "can_recv" = 0
[machine.2]          660 user-u32 "can_recv" = 0
[machine.2]          660 user-u32 "can_recv" = 0
[machine.2]          660 user-u32 "can_recv" = 0
[machine.2]          660 user-u32 "can_recv" = 0
[machine.2]          660 user-u32 "can_recv" = 0
[machine.2]          660 user-u32 "can_send" = 0
[machine.2]          660 task-resume id=2 reason=scheduler
[machine.2]          660 task-yield id=2 reason=Idle
[machine.2]          665 task-resume id=4 reason=scheduler
[machine.2]          665 task-yield id=4 reason=RtosPortYield
[machine.2]          665 task-resume id=2 reason=scheduler
[machine.2]          665 task-yield id=2 reason=Idle
[machine.2]          670 task-resume id=4 reason=scheduler
[machine.2]          670 task-yield id=4 reason=RtosPortYield
[machine.2]          670 task-resume id=1 reason=scheduler
[machine.2]          670 task-yield id=1 reason=RtosPortYield
[machine.2]          670 user-u32 "can_recv" = 0
[machine.2]          670 user-u32 "can_recv" = 0
[machine.2]          670 user-u32 "can_recv" = 0
[machine.2]          670 user-u32 "can_recv" = 0
[machine.2]          670 user-u32 "can_send" = 0
[machine.2]          670 task-resume id=2 reason=scheduler
[machine.2]          670 task-yield id=2 reason=Idle
[machine.2]          675 task-resume id=4 reason=scheduler
[machine.2]          675 task-yield id=4 reason=RtosPortYield
[machine.2]          675 task-resume id=2 reason=scheduler
[machine.2]          675 task-yield id=2 reason=Idle
[machine.2]          680 task-resume id=4 reason=scheduler
[machine.2]          680 task-yield id=4 reason=RtosPortYield
[machine.2]          680 task-resume id=1 reason=scheduler
[machine.2]          680 task-yield id=1 reason=RtosPortYield
[machine.2]          680 user-u32 "can_recv" = 0
[machine.2]          680 user-u32 "can_recv" = 0
[machine.2]          680 user-u32 "can_recv" = 0
[machine.2]          680 user-u32 "can_recv" = 0
[machine.2]          680 user-u32 "can_send" = 0
[machine.2]          680 task-resume id=2 reason=scheduler
[machine.2]          680 task-yield id=2 reason=Idle
[machine.2]          685 task-resume id=4 reason=scheduler
[machine.2]          685 task-yield id=4 reason=RtosPortYield
[machine.2]          685 task-resume id=2 reason=scheduler
[machine.2]          685 task-yield id=2 reason=Idle
[machine.2]          690 task-resume id=4 reason=scheduler
[machine.2]          690 task-yield id=4 reason=RtosPortYield
[machine.2]          690 task-resume id=1 reason=scheduler
[machine.2]          690 task-yield id=1 reason=RtosPortYield
[machine.2]          690 user-u32 "can_recv" = 0
[machine.2]          690 user-u32 "can_recv" = 0
[machine.2]          690 user-u32 "can_recv" = 0
[machine.2]          690 user-u32 "can_recv" = 0
[machine.2]          690 user-u32 "can_send" = 0
[machine.2]          690 task-resume id=2 reason=scheduler
[machine.2]          690 task-yield id=2 reason=Idle
[machine.2]          695 task-resume id=4 reason=scheduler
[machine.2]          695 task-yield id=4 reason=RtosPortYield
[machine.2]          695 task-resume id=2 reason=scheduler
[machine.2]          695 task-yield id=2 reason=Idle
[machine.2]          700 task-resume id=4 reason=scheduler
[machine.2]          700 task-yield id=4 reason=RtosPortYield
[machine.2]          700 task-resume id=3 reason=scheduler
[machine.2]          700 task-yield id=3 reason=RtosPortYield
[machine.2]          700 user-u32 "watchdog_ok" = 700
[machine.2]          700 task-resume id=6 reason=scheduler
[machine.2]          700 task-yield id=6 reason=RtosPortYield
[machine.2]          700 user-u32 "deadline_ok" = 0
[machine.2]          700 task-resume id=1 reason=scheduler
[machine.2]          700 task-yield id=1 reason=RtosPortYield
[machine.2]          700 user-u32 "can_recv" = 0
[machine.2]          700 user-u32 "can_recv" = 0
[machine.2]          700 user-u32 "can_recv" = 0
[machine.2]          700 user-u32 "can_recv" = 0
[machine.2]          700 user-u32 "can_send" = 0
[machine.2]          700 user-u32 "can_send" = 0
[machine.2]          700 task-resume id=5 reason=scheduler
[machine.2]          700 task-yield id=5 reason=RtosPortYield
[machine.2]          700 user-u32 "logger_event" = 65536
[machine.2]          700 task-resume id=2 reason=scheduler
[machine.2]          700 task-yield id=2 reason=Idle
[machine.2]          705 task-resume id=4 reason=scheduler
[machine.2]          705 task-yield id=4 reason=RtosPortYield
[machine.2]          705 task-resume id=2 reason=scheduler
[machine.2]          705 task-yield id=2 reason=Idle
[machine.2]          710 task-resume id=4 reason=scheduler
[machine.2]          710 task-yield id=4 reason=RtosPortYield
[machine.2]          710 task-resume id=1 reason=scheduler
[machine.2]          710 task-yield id=1 reason=RtosPortYield
[machine.2]          710 user-u32 "can_recv" = 0
[machine.2]          710 user-u32 "can_recv" = 0
[machine.2]          710 user-u32 "can_recv" = 0
[machine.2]          710 user-u32 "can_recv" = 0
[machine.2]          710 user-u32 "can_recv" = 0
[machine.2]          710 user-u32 "can_recv" = 0
[machine.2]          710 user-u32 "can_recv" = 0
[machine.2]          710 user-u32 "can_recv" = 0
[machine.2]          710 user-u32 "can_recv" = 0
[machine.2]          710 user-u32 "can_send" = 0
[machine.2]          710 task-resume id=2 reason=scheduler
[machine.2]          710 task-yield id=2 reason=Idle
[machine.2]          715 task-resume id=4 reason=scheduler
[machine.2]          715 task-yield id=4 reason=RtosPortYield
[machine.2]          715 task-resume id=2 reason=scheduler
[machine.2]          715 task-yield id=2 reason=Idle
[machine.2]          720 task-resume id=4 reason=scheduler
[machine.2]          720 task-yield id=4 reason=RtosPortYield
[machine.2]          720 task-resume id=1 reason=scheduler
[machine.2]          720 task-yield id=1 reason=RtosPortYield
[machine.2]          720 user-u32 "can_recv" = 0
[machine.2]          720 user-u32 "can_recv" = 0
[machine.2]          720 user-u32 "can_recv" = 0
[machine.2]          720 user-u32 "can_recv" = 0
[machine.2]          720 user-u32 "can_send" = 0
[machine.2]          720 task-resume id=2 reason=scheduler
[machine.2]          720 task-yield id=2 reason=Idle
[machine.2]          725 task-resume id=4 reason=scheduler
[machine.2]          725 task-yield id=4 reason=RtosPortYield
[machine.2]          725 task-resume id=2 reason=scheduler
[machine.2]          725 task-yield id=2 reason=Idle
[machine.2]          730 task-resume id=4 reason=scheduler
[machine.2]          730 task-yield id=4 reason=RtosPortYield
[machine.2]          730 task-resume id=1 reason=scheduler
[machine.2]          730 task-yield id=1 reason=RtosPortYield
[machine.2]          730 user-u32 "can_recv" = 0
[machine.2]          730 user-u32 "can_recv" = 0
[machine.2]          730 user-u32 "can_recv" = 0
[machine.2]          730 user-u32 "can_recv" = 0
[machine.2]          730 user-u32 "can_send" = 0
[machine.2]          730 task-resume id=2 reason=scheduler
[machine.2]          730 task-yield id=2 reason=Idle
[machine.2]          735 task-resume id=4 reason=scheduler
[machine.2]          735 task-yield id=4 reason=RtosPortYield
[machine.2]          735 task-resume id=2 reason=scheduler
[machine.2]          735 task-yield id=2 reason=Idle
[machine.2]          740 task-resume id=4 reason=scheduler
[machine.2]          740 task-yield id=4 reason=RtosPortYield
[machine.2]          740 task-resume id=1 reason=scheduler
[machine.2]          740 task-yield id=1 reason=RtosPortYield
[machine.2]          740 user-u32 "can_recv" = 0
[machine.2]          740 user-u32 "can_recv" = 0
[machine.2]          740 user-u32 "can_recv" = 0
[machine.2]          740 user-u32 "can_recv" = 0
[machine.2]          740 user-u32 "can_send" = 0
[machine.2]          740 task-resume id=2 reason=scheduler
[machine.2]          740 task-yield id=2 reason=Idle
[machine.2]          745 task-resume id=4 reason=scheduler
[machine.2]          745 task-yield id=4 reason=RtosPortYield
[machine.2]          745 task-resume id=2 reason=scheduler
[machine.2]          745 task-yield id=2 reason=Idle
[machine.2]          750 task-resume id=4 reason=scheduler
[machine.2]          750 task-yield id=4 reason=RtosPortYield
[machine.2]          750 task-resume id=3 reason=scheduler
[machine.2]          750 task-yield id=3 reason=RtosPortYield
[machine.2]          750 user-u32 "watchdog_ok" = 750
[machine.2]          750 task-resume id=6 reason=scheduler
[machine.2]          750 task-yield id=6 reason=RtosPortYield
[machine.2]          750 user-u32 "deadline_ok" = 0
[machine.2]          750 task-resume id=1 reason=scheduler
[machine.2]          750 task-yield id=1 reason=RtosPortYield
[machine.2]          750 user-u32 "can_recv" = 0
[machine.2]          750 user-u32 "can_recv" = 0
[machine.2]          750 user-u32 "can_recv" = 0
[machine.2]          750 user-u32 "can_recv" = 0
[machine.2]          750 user-u32 "can_send" = 0
[machine.2]          750 task-resume id=2 reason=scheduler
[machine.2]          750 task-yield id=2 reason=Idle
[machine.2]          755 task-resume id=4 reason=scheduler
[machine.2]          755 task-yield id=4 reason=RtosPortYield
[machine.2]          755 task-resume id=2 reason=scheduler
[machine.2]          755 task-yield id=2 reason=Idle
[machine.2]          760 task-resume id=4 reason=scheduler
[machine.2]          760 task-yield id=4 reason=RtosPortYield
[machine.2]          760 task-resume id=1 reason=scheduler
[machine.2]          760 task-yield id=1 reason=RtosPortYield
[machine.2]          760 user-u32 "can_recv" = 0
[machine.2]          760 user-u32 "can_recv" = 0
[machine.2]          760 user-u32 "can_recv" = 0
[machine.2]          760 user-u32 "can_recv" = 0
[machine.2]          760 user-u32 "can_recv" = 0
[machine.2]          760 user-u32 "can_recv" = 0
[machine.2]          760 user-u32 "can_send" = 0
[machine.2]          760 task-resume id=2 reason=scheduler
[machine.2]          760 task-yield id=2 reason=Idle
[machine.2]          765 task-resume id=4 reason=scheduler
[machine.2]          765 task-yield id=4 reason=RtosPortYield
[machine.2]          765 task-resume id=2 reason=scheduler
[machine.2]          765 task-yield id=2 reason=Idle
[machine.2]          770 task-resume id=4 reason=scheduler
[machine.2]          770 task-yield id=4 reason=RtosPortYield
[machine.2]          770 task-resume id=1 reason=scheduler
[machine.2]          770 task-yield id=1 reason=RtosPortYield
[machine.2]          770 user-u32 "can_recv" = 0
[machine.2]          770 user-u32 "can_recv" = 0
[machine.2]          770 user-u32 "can_recv" = 0
[machine.2]          770 user-u32 "can_recv" = 0
[machine.2]          770 user-u32 "can_send" = 0
[machine.2]          770 task-resume id=2 reason=scheduler
[machine.2]          770 task-yield id=2 reason=Idle
[machine.2]          775 task-resume id=4 reason=scheduler
[machine.2]          775 task-yield id=4 reason=RtosPortYield
[machine.2]          775 task-resume id=2 reason=scheduler
[machine.2]          775 task-yield id=2 reason=Idle
[machine.2]          780 task-resume id=4 reason=scheduler
[machine.2]          780 task-yield id=4 reason=RtosPortYield
[machine.2]          780 task-resume id=1 reason=scheduler
[machine.2]          780 task-yield id=1 reason=RtosPortYield
[machine.2]          780 user-u32 "can_recv" = 0
[machine.2]          780 user-u32 "can_recv" = 0
[machine.2]          780 user-u32 "can_recv" = 0
[machine.2]          780 user-u32 "can_recv" = 0
[machine.2]          780 user-u32 "can_send" = 0
[machine.2]          780 task-resume id=2 reason=scheduler
[machine.2]          780 task-yield id=2 reason=Idle
[machine.2]          785 task-resume id=4 reason=scheduler
[machine.2]          785 task-yield id=4 reason=RtosPortYield
[machine.2]          785 task-resume id=2 reason=scheduler
[machine.2]          785 task-yield id=2 reason=Idle
[machine.2]          790 task-resume id=4 reason=scheduler
[machine.2]          790 task-yield id=4 reason=RtosPortYield
[machine.2]          790 task-resume id=1 reason=scheduler
[machine.2]          790 task-yield id=1 reason=RtosPortYield
[machine.2]          790 user-u32 "can_recv" = 0
[machine.2]          790 user-u32 "can_recv" = 0
[machine.2]          790 user-u32 "can_recv" = 0
[machine.2]          790 user-u32 "can_recv" = 0
[machine.2]          790 user-u32 "can_send" = 0
[machine.2]          790 task-resume id=2 reason=scheduler
[machine.2]          790 task-yield id=2 reason=Idle
[machine.2]          795 task-resume id=4 reason=scheduler
[machine.2]          795 task-yield id=4 reason=RtosPortYield
[machine.2]          795 task-resume id=2 reason=scheduler
[machine.2]          795 task-yield id=2 reason=Idle
[machine.2]          800 task-resume id=4 reason=scheduler
[machine.2]          800 task-yield id=4 reason=RtosPortYield
[machine.2]          800 user-u32 "sensor_poll_tick" = 800
[machine.2]          800 task-resume id=3 reason=scheduler
[machine.2]          800 task-yield id=3 reason=RtosPortYield
[machine.2]          800 user-u32 "watchdog_ok" = 800
[machine.2]          800 task-resume id=6 reason=scheduler
[machine.2]          800 task-yield id=6 reason=RtosPortYield
[machine.2]          800 user-u32 "deadline_ok" = 0
[machine.2]          800 task-resume id=1 reason=scheduler
[machine.2]          800 task-yield id=1 reason=RtosPortYield
[machine.2]          800 user-u32 "can_recv" = 0
[machine.2]          800 user-u32 "can_recv" = 0
[machine.2]          800 user-u32 "can_recv" = 0
[machine.2]          800 user-u32 "can_recv" = 0
[machine.2]          800 user-u32 "can_send" = 0
[machine.2]          800 user-u32 "can_send" = 0
[machine.2]          800 task-resume id=5 reason=scheduler
[machine.2]          800 task-yield id=5 reason=RtosPortYield
[machine.2]          800 user-u32 "logger_event" = 65536
[machine.2]          800 task-resume id=2 reason=scheduler
[machine.2]          800 task-yield id=2 reason=Idle
[machine.2]          805 task-resume id=4 reason=scheduler
[machine.2]          805 task-yield id=4 reason=RtosPortYield
[machine.2]          805 task-resume id=2 reason=scheduler
[machine.2]          805 task-yield id=2 reason=Idle
[machine.2]          810 task-resume id=4 reason=scheduler
[machine.2]          810 task-yield id=4 reason=RtosPortYield
[machine.2]          810 task-resume id=1 reason=scheduler
[machine.2]          810 task-yield id=1 reason=RtosPortYield
[machine.2]          810 user-u32 "can_recv" = 0
[machine.2]          810 user-u32 "can_recv" = 0
[machine.2]          810 user-u32 "can_recv" = 0
[machine.2]          810 user-u32 "can_recv" = 0
[machine.2]          810 user-u32 "can_recv" = 0
[machine.2]          810 user-u32 "can_recv" = 0
[machine.2]          810 user-u32 "can_recv" = 0
[machine.2]          810 user-u32 "can_recv" = 0
[machine.2]          810 user-u32 "can_recv" = 0
[machine.2]          810 user-u32 "can_send" = 0
[machine.2]          810 task-resume id=2 reason=scheduler
[machine.2]          810 task-yield id=2 reason=Idle
[machine.2]          815 task-resume id=4 reason=scheduler
[machine.2]          815 task-yield id=4 reason=RtosPortYield
[machine.2]          815 task-resume id=2 reason=scheduler
[machine.2]          815 task-yield id=2 reason=Idle
[machine.2]          820 task-resume id=4 reason=scheduler
[machine.2]          820 task-yield id=4 reason=RtosPortYield
[machine.2]          820 task-resume id=1 reason=scheduler
[machine.2]          820 task-yield id=1 reason=RtosPortYield
[machine.2]          820 user-u32 "can_recv" = 0
[machine.2]          820 user-u32 "can_recv" = 0
[machine.2]          820 user-u32 "can_recv" = 0
[machine.2]          820 user-u32 "can_recv" = 0
[machine.2]          820 user-u32 "can_send" = 0
[machine.2]          820 task-resume id=2 reason=scheduler
[machine.2]          820 task-yield id=2 reason=Idle
[machine.2]          825 task-resume id=4 reason=scheduler
[machine.2]          825 task-yield id=4 reason=RtosPortYield
[machine.2]          825 task-resume id=2 reason=scheduler
[machine.2]          825 task-yield id=2 reason=Idle
[machine.2]          830 task-resume id=4 reason=scheduler
[machine.2]          830 task-yield id=4 reason=RtosPortYield
[machine.2]          830 task-resume id=1 reason=scheduler
[machine.2]          830 task-yield id=1 reason=RtosPortYield
[machine.2]          830 user-u32 "can_recv" = 0
[machine.2]          830 user-u32 "can_recv" = 0
[machine.2]          830 user-u32 "can_recv" = 0
[machine.2]          830 user-u32 "can_recv" = 0
[machine.2]          830 user-u32 "can_send" = 0
[machine.2]          830 task-resume id=2 reason=scheduler
[machine.2]          830 task-yield id=2 reason=Idle
[machine.2]          835 task-resume id=4 reason=scheduler
[machine.2]          835 task-yield id=4 reason=RtosPortYield
[machine.2]          835 task-resume id=2 reason=scheduler
[machine.2]          835 task-yield id=2 reason=Idle
[machine.2]          840 task-resume id=4 reason=scheduler
[machine.2]          840 task-yield id=4 reason=RtosPortYield
[machine.2]          840 task-resume id=1 reason=scheduler
[machine.2]          840 task-yield id=1 reason=RtosPortYield
[machine.2]          840 user-u32 "can_recv" = 0
[machine.2]          840 user-u32 "can_recv" = 0
[machine.2]          840 user-u32 "can_recv" = 0
[machine.2]          840 user-u32 "can_recv" = 0
[machine.2]          840 user-u32 "can_send" = 0
[machine.2]          840 task-resume id=2 reason=scheduler
[machine.2]          840 task-yield id=2 reason=Idle
[machine.2]          845 task-resume id=4 reason=scheduler
[machine.2]          845 task-yield id=4 reason=RtosPortYield
[machine.2]          845 task-resume id=2 reason=scheduler
[machine.2]          845 task-yield id=2 reason=Idle
[machine.2]          850 task-resume id=4 reason=scheduler
[machine.2]          850 task-yield id=4 reason=RtosPortYield
[machine.2]          850 task-resume id=3 reason=scheduler
[machine.2]          850 task-yield id=3 reason=RtosPortYield
[machine.2]          850 user-u32 "watchdog_ok" = 850
[machine.2]          850 task-resume id=6 reason=scheduler
[machine.2]          850 task-yield id=6 reason=RtosPortYield
[machine.2]          850 user-u32 "deadline_ok" = 0
[machine.2]          850 task-resume id=1 reason=scheduler
[machine.2]          850 task-yield id=1 reason=RtosPortYield
[machine.2]          850 user-u32 "can_recv" = 0
[machine.2]          850 user-u32 "can_recv" = 0
[machine.2]          850 user-u32 "can_recv" = 0
[machine.2]          850 user-u32 "can_recv" = 0
[machine.2]          850 user-u32 "can_send" = 0
[machine.2]          850 task-resume id=2 reason=scheduler
[machine.2]          850 task-yield id=2 reason=Idle
[machine.2]          855 task-resume id=4 reason=scheduler
[machine.2]          855 task-yield id=4 reason=RtosPortYield
[machine.2]          855 task-resume id=2 reason=scheduler
[machine.2]          855 task-yield id=2 reason=Idle
[machine.2]          860 task-resume id=4 reason=scheduler
[machine.2]          860 task-yield id=4 reason=RtosPortYield
[machine.2]          860 task-resume id=1 reason=scheduler
[machine.2]          860 task-yield id=1 reason=RtosPortYield
[machine.2]          860 user-u32 "can_recv" = 0
[machine.2]          860 user-u32 "can_recv" = 0
[machine.2]          860 user-u32 "can_recv" = 0
[machine.2]          860 user-u32 "can_recv" = 0
[machine.2]          860 user-u32 "can_recv" = 0
[machine.2]          860 user-u32 "can_recv" = 0
[machine.2]          860 user-u32 "can_send" = 0
[machine.2]          860 task-resume id=2 reason=scheduler
[machine.2]          860 task-yield id=2 reason=Idle
[machine.2]          865 task-resume id=4 reason=scheduler
[machine.2]          865 task-yield id=4 reason=RtosPortYield
[machine.2]          865 task-resume id=2 reason=scheduler
[machine.2]          865 task-yield id=2 reason=Idle
[machine.2]          870 task-resume id=4 reason=scheduler
[machine.2]          870 task-yield id=4 reason=RtosPortYield
[machine.2]          870 task-resume id=1 reason=scheduler
[machine.2]          870 task-yield id=1 reason=RtosPortYield
[machine.2]          870 user-u32 "can_recv" = 0
[machine.2]          870 user-u32 "can_recv" = 0
[machine.2]          870 user-u32 "can_recv" = 0
[machine.2]          870 user-u32 "can_recv" = 0
[machine.2]          870 user-u32 "can_send" = 0
[machine.2]          870 task-resume id=2 reason=scheduler
[machine.2]          870 task-yield id=2 reason=Idle
[machine.2]          875 task-resume id=4 reason=scheduler
[machine.2]          875 task-yield id=4 reason=RtosPortYield
[machine.2]          875 task-resume id=2 reason=scheduler
[machine.2]          875 task-yield id=2 reason=Idle
[machine.2]          880 task-resume id=4 reason=scheduler
[machine.2]          880 task-yield id=4 reason=RtosPortYield
[machine.2]          880 task-resume id=1 reason=scheduler
[machine.2]          880 task-yield id=1 reason=RtosPortYield
[machine.2]          880 user-u32 "can_recv" = 0
[machine.2]          880 user-u32 "can_recv" = 0
[machine.2]          880 user-u32 "can_recv" = 0
[machine.2]          880 user-u32 "can_recv" = 0
[machine.2]          880 user-u32 "can_send" = 0
[machine.2]          880 task-resume id=2 reason=scheduler
[machine.2]          880 task-yield id=2 reason=Idle
[machine.2]          885 task-resume id=4 reason=scheduler
[machine.2]          885 task-yield id=4 reason=RtosPortYield
[machine.2]          885 task-resume id=2 reason=scheduler
[machine.2]          885 task-yield id=2 reason=Idle
[machine.2]          890 task-resume id=4 reason=scheduler
[machine.2]          890 task-yield id=4 reason=RtosPortYield
[machine.2]          890 task-resume id=1 reason=scheduler
[machine.2]          890 task-yield id=1 reason=RtosPortYield
[machine.2]          890 user-u32 "can_recv" = 0
[machine.2]          890 user-u32 "can_recv" = 0
[machine.2]          890 user-u32 "can_recv" = 0
[machine.2]          890 user-u32 "can_recv" = 0
[machine.2]          890 user-u32 "can_send" = 0
[machine.2]          890 task-resume id=2 reason=scheduler
[machine.2]          890 task-yield id=2 reason=Idle
[machine.2]          895 task-resume id=4 reason=scheduler
[machine.2]          895 task-yield id=4 reason=RtosPortYield
[machine.2]          895 task-resume id=2 reason=scheduler
[machine.2]          895 task-yield id=2 reason=Idle
[machine.2]          900 task-resume id=4 reason=scheduler
[machine.2]          900 task-yield id=4 reason=RtosPortYield
[machine.2]          900 task-resume id=3 reason=scheduler
[machine.2]          900 task-yield id=3 reason=RtosPortYield
[machine.2]          900 user-u32 "watchdog_ok" = 900
[machine.2]          900 task-resume id=6 reason=scheduler
[machine.2]          900 task-yield id=6 reason=RtosPortYield
[machine.2]          900 user-u32 "deadline_ok" = 0
[machine.2]          900 task-resume id=1 reason=scheduler
[machine.2]          900 task-yield id=1 reason=RtosPortYield
[machine.2]          900 user-u32 "can_recv" = 0
[machine.2]          900 user-u32 "can_recv" = 0
[machine.2]          900 user-u32 "can_recv" = 0
[machine.2]          900 user-u32 "can_recv" = 0
[machine.2]          900 user-u32 "can_send" = 0
[machine.2]          900 user-u32 "can_send" = 0
[machine.2]          900 task-resume id=5 reason=scheduler
[machine.2]          900 task-yield id=5 reason=RtosPortYield
[machine.2]          900 user-u32 "logger_event" = 65536
[machine.2]          900 task-resume id=2 reason=scheduler
[machine.2]          900 task-yield id=2 reason=Idle
[machine.2]          905 task-resume id=4 reason=scheduler
[machine.2]          905 task-yield id=4 reason=RtosPortYield
[machine.2]          905 task-resume id=2 reason=scheduler
[machine.2]          905 task-yield id=2 reason=Idle
[machine.2]          910 task-resume id=4 reason=scheduler
[machine.2]          910 task-yield id=4 reason=RtosPortYield
[machine.2]          910 task-resume id=1 reason=scheduler
[machine.2]          910 task-yield id=1 reason=RtosPortYield
[machine.2]          910 user-u32 "can_recv" = 0
[machine.2]          910 user-u32 "can_recv" = 0
[machine.2]          910 user-u32 "can_recv" = 0
[machine.2]          910 user-u32 "can_recv" = 0
[machine.2]          910 user-u32 "can_recv" = 0
[machine.2]          910 user-u32 "can_recv" = 0
[machine.2]          910 user-u32 "can_recv" = 0
[machine.2]          910 user-u32 "can_recv" = 0
[machine.2]          910 user-u32 "can_recv" = 0
[machine.2]          910 user-u32 "can_send" = 0
[machine.2]          910 task-resume id=2 reason=scheduler
[machine.2]          910 task-yield id=2 reason=Idle
[machine.2]          915 task-resume id=4 reason=scheduler
[machine.2]          915 task-yield id=4 reason=RtosPortYield
[machine.2]          915 task-resume id=2 reason=scheduler
[machine.2]          915 task-yield id=2 reason=Idle
[machine.2]          920 task-resume id=4 reason=scheduler
[machine.2]          920 task-yield id=4 reason=RtosPortYield
[machine.2]          920 task-resume id=1 reason=scheduler
[machine.2]          920 task-yield id=1 reason=RtosPortYield
[machine.2]          920 user-u32 "can_recv" = 0
[machine.2]          920 user-u32 "can_recv" = 0
[machine.2]          920 user-u32 "can_recv" = 0
[machine.2]          920 user-u32 "can_recv" = 0
[machine.2]          920 user-u32 "can_send" = 0
[machine.2]          920 task-resume id=2 reason=scheduler
[machine.2]          920 task-yield id=2 reason=Idle
[machine.2]          925 task-resume id=4 reason=scheduler
[machine.2]          925 task-yield id=4 reason=RtosPortYield
[machine.2]          925 task-resume id=2 reason=scheduler
[machine.2]          925 task-yield id=2 reason=Idle
[machine.2]          930 task-resume id=4 reason=scheduler
[machine.2]          930 task-yield id=4 reason=RtosPortYield
[machine.2]          930 task-resume id=1 reason=scheduler
[machine.2]          930 task-yield id=1 reason=RtosPortYield
[machine.2]          930 user-u32 "can_recv" = 0
[machine.2]          930 user-u32 "can_recv" = 0
[machine.2]          930 user-u32 "can_recv" = 0
[machine.2]          930 user-u32 "can_recv" = 0
[machine.2]          930 user-u32 "can_send" = 0
[machine.2]          930 task-resume id=2 reason=scheduler
[machine.2]          930 task-yield id=2 reason=Idle
[machine.2]          935 task-resume id=4 reason=scheduler
[machine.2]          935 task-yield id=4 reason=RtosPortYield
[machine.2]          935 task-resume id=2 reason=scheduler
[machine.2]          935 task-yield id=2 reason=Idle
[machine.2]          940 task-resume id=4 reason=scheduler
[machine.2]          940 task-yield id=4 reason=RtosPortYield
[machine.2]          940 task-resume id=1 reason=scheduler
[machine.2]          940 task-yield id=1 reason=RtosPortYield
[machine.2]          940 user-u32 "can_recv" = 0
[machine.2]          940 user-u32 "can_recv" = 0
[machine.2]          940 user-u32 "can_recv" = 0
[machine.2]          940 user-u32 "can_recv" = 0
[machine.2]          940 user-u32 "can_send" = 0
[machine.2]          940 task-resume id=2 reason=scheduler
[machine.2]          940 task-yield id=2 reason=Idle
[machine.2]          945 task-resume id=4 reason=scheduler
[machine.2]          945 task-yield id=4 reason=RtosPortYield
[machine.2]          945 task-resume id=2 reason=scheduler
[machine.2]          945 task-yield id=2 reason=Idle
[machine.2]          950 task-resume id=4 reason=scheduler
[machine.2]          950 task-yield id=4 reason=RtosPortYield
[machine.2]          950 task-resume id=3 reason=scheduler
[machine.2]          950 task-yield id=3 reason=RtosPortYield
[machine.2]          950 user-u32 "watchdog_ok" = 950
[machine.2]          950 task-resume id=6 reason=scheduler
[machine.2]          950 task-yield id=6 reason=RtosPortYield
[machine.2]          950 user-u32 "deadline_ok" = 0
[machine.2]          950 task-resume id=1 reason=scheduler
[machine.2]          950 task-yield id=1 reason=RtosPortYield
[machine.2]          950 user-u32 "can_recv" = 0
[machine.2]          950 user-u32 "can_recv" = 0
[machine.2]          950 user-u32 "can_recv" = 0
[machine.2]          950 user-u32 "can_recv" = 0
[machine.2]          950 user-u32 "can_send" = 0
[machine.2]          950 task-resume id=2 reason=scheduler
[machine.2]          950 task-yield id=2 reason=Idle
[machine.2]          955 task-resume id=4 reason=scheduler
[machine.2]          955 task-yield id=4 reason=RtosPortYield
[machine.2]          955 task-resume id=2 reason=scheduler
[machine.2]          955 task-yield id=2 reason=Idle
[machine.2]          960 task-resume id=4 reason=scheduler
[machine.2]          960 task-yield id=4 reason=RtosPortYield
[machine.2]          960 task-resume id=1 reason=scheduler
[machine.2]          960 task-yield id=1 reason=RtosPortYield
[machine.2]          960 user-u32 "can_recv" = 0
[machine.2]          960 user-u32 "can_recv" = 0
[machine.2]          960 user-u32 "can_recv" = 0
[machine.2]          960 user-u32 "can_recv" = 0
[machine.2]          960 user-u32 "can_recv" = 0
[machine.2]          960 user-u32 "can_recv" = 0
[machine.2]          960 user-u32 "can_send" = 0
[machine.2]          960 task-resume id=2 reason=scheduler
[machine.2]          960 task-yield id=2 reason=Idle
[machine.2]          965 task-resume id=4 reason=scheduler
[machine.2]          965 task-yield id=4 reason=RtosPortYield
[machine.2]          965 task-resume id=2 reason=scheduler
[machine.2]          965 task-yield id=2 reason=Idle
[machine.2]          970 task-resume id=4 reason=scheduler
[machine.2]          970 task-yield id=4 reason=RtosPortYield
[machine.2]          970 task-resume id=1 reason=scheduler
[machine.2]          970 task-yield id=1 reason=RtosPortYield
[machine.2]          970 user-u32 "can_recv" = 0
[machine.2]          970 user-u32 "can_recv" = 0
[machine.2]          970 user-u32 "can_recv" = 0
[machine.2]          970 user-u32 "can_recv" = 0
[machine.2]          970 user-u32 "can_send" = 0
[machine.2]          970 task-resume id=2 reason=scheduler
[machine.2]          970 task-yield id=2 reason=Idle
[machine.2]          975 task-resume id=4 reason=scheduler
[machine.2]          975 task-yield id=4 reason=RtosPortYield
[machine.2]          975 task-resume id=2 reason=scheduler
[machine.2]          975 task-yield id=2 reason=Idle
[machine.2]          980 task-resume id=4 reason=scheduler
[machine.2]          980 task-yield id=4 reason=RtosPortYield
[machine.2]          980 task-resume id=1 reason=scheduler
[machine.2]          980 task-yield id=1 reason=RtosPortYield
[machine.2]          980 user-u32 "can_recv" = 0
[machine.2]          980 user-u32 "can_recv" = 0
[machine.2]          980 user-u32 "can_recv" = 0
[machine.2]          980 user-u32 "can_recv" = 0
[machine.2]          980 user-u32 "can_send" = 0
[machine.2]          980 task-resume id=2 reason=scheduler
[machine.2]          980 task-yield id=2 reason=Idle
[machine.2]          985 task-resume id=4 reason=scheduler
[machine.2]          985 task-yield id=4 reason=RtosPortYield
[machine.2]          985 task-resume id=2 reason=scheduler
[machine.2]          985 task-yield id=2 reason=Idle
[machine.2]          990 task-resume id=4 reason=scheduler
[machine.2]          990 task-yield id=4 reason=RtosPortYield
[machine.2]          990 task-resume id=1 reason=scheduler
[machine.2]          990 task-yield id=1 reason=RtosPortYield
[machine.2]          990 user-u32 "can_recv" = 0
[machine.2]          990 user-u32 "can_recv" = 0
[machine.2]          990 user-u32 "can_recv" = 0
[machine.2]          990 user-u32 "can_recv" = 0
[machine.2]          990 user-u32 "can_send" = 0
[machine.2]          990 task-resume id=2 reason=scheduler
[machine.2]          990 task-yield id=2 reason=Idle
[machine.2]          995 task-resume id=4 reason=scheduler
[machine.2]          995 task-yield id=4 reason=RtosPortYield
[machine.2]          995 task-resume id=2 reason=scheduler
[machine.2]          995 task-yield id=2 reason=Idle
[machine.2]         1000 task-resume id=4 reason=scheduler
[machine.2]         1000 task-yield id=4 reason=RtosPortYield
[machine.2]         1000 user-u32 "sensor_poll_tick" = 1000
[machine.2]         1000 task-resume id=3 reason=scheduler
[machine.2]         1000 task-yield id=3 reason=RtosPortYield
[machine.2]         1000 user-u32 "watchdog_ok" = 1000
[machine.2]         1000 task-resume id=6 reason=scheduler
[machine.2]         1000 task-yield id=6 reason=RtosPortYield
[machine.2]         1000 user-u32 "deadline_ok" = 0
[machine.2]         1000 task-resume id=1 reason=scheduler
[machine.2]         1000 task-yield id=1 reason=RtosPortYield
[machine.2]         1000 user-u32 "can_recv" = 0
[machine.2]         1000 user-u32 "can_recv" = 0
[machine.2]         1000 user-u32 "can_recv" = 0
[machine.2]         1000 user-u32 "can_recv" = 0
[machine.2]         1000 user-u32 "can_send" = 0
[machine.2]         1000 user-u32 "can_send" = 0
[machine.2]         1000 task-resume id=5 reason=scheduler
[machine.2]         1000 task-yield id=5 reason=RtosPortYield
[machine.2]         1000 user-u32 "logger_event" = 65536
[machine.2]         1000 task-resume id=2 reason=scheduler
[machine.2]         1000 task-yield id=2 reason=Idle
[machine.2]         1005 task-resume id=4 reason=scheduler
[machine.2]         1005 task-yield id=4 reason=RtosPortYield
[machine.2]         1005 task-resume id=2 reason=scheduler
[machine.2]         1005 task-yield id=2 reason=Idle
[machine.2]         1010 task-resume id=4 reason=scheduler
[machine.2]         1010 task-yield id=4 reason=RtosPortYield
[machine.2]         1010 task-resume id=1 reason=scheduler
[machine.2]         1010 task-yield id=1 reason=RtosPortYield
[machine.2]         1010 user-u32 "can_recv" = 0
[machine.2]         1010 user-u32 "can_recv" = 0
[machine.2]         1010 user-u32 "can_recv" = 0
[machine.2]         1010 user-u32 "can_recv" = 0
[machine.2]         1010 user-u32 "can_recv" = 0
[machine.2]         1010 user-u32 "can_recv" = 0
[machine.2]         1010 user-u32 "can_recv" = 0
[machine.2]         1010 user-u32 "can_recv" = 0
[machine.2]         1010 user-u32 "can_recv" = 0
[machine.2]         1010 user-u32 "can_send" = 0
[machine.2]         1010 task-resume id=2 reason=scheduler
[machine.2]         1010 task-yield id=2 reason=Idle
[machine.2]         1015 task-resume id=4 reason=scheduler
[machine.2]         1015 task-yield id=4 reason=RtosPortYield
[machine.2]         1015 task-resume id=2 reason=scheduler
[machine.2]         1015 task-yield id=2 reason=Idle
[machine.2]         1020 task-resume id=4 reason=scheduler
[machine.2]         1020 task-yield id=4 reason=RtosPortYield
[machine.2]         1020 task-resume id=1 reason=scheduler
[machine.2]         1020 task-yield id=1 reason=RtosPortYield
[machine.2]         1020 user-u32 "can_recv" = 0
[machine.2]         1020 user-u32 "can_recv" = 0
[machine.2]         1020 user-u32 "can_recv" = 0
[machine.2]         1020 user-u32 "can_recv" = 0
[machine.2]         1020 user-u32 "can_send" = 0
[machine.2]         1020 task-resume id=2 reason=scheduler
[machine.2]         1020 task-yield id=2 reason=Idle
[machine.2]         1025 task-resume id=4 reason=scheduler
[machine.2]         1025 task-yield id=4 reason=RtosPortYield
[machine.2]         1025 task-resume id=2 reason=scheduler
[machine.2]         1025 task-yield id=2 reason=Idle
[machine.2]         1030 task-resume id=4 reason=scheduler
[machine.2]         1030 task-yield id=4 reason=RtosPortYield
[machine.2]         1030 task-resume id=1 reason=scheduler
[machine.2]         1030 task-yield id=1 reason=RtosPortYield
[machine.2]         1030 user-u32 "can_recv" = 0
[machine.2]         1030 user-u32 "can_recv" = 0
[machine.2]         1030 user-u32 "can_recv" = 0
[machine.2]         1030 user-u32 "can_recv" = 0
[machine.2]         1030 user-u32 "can_send" = 0
[machine.2]         1030 task-resume id=2 reason=scheduler
[machine.2]         1030 task-yield id=2 reason=Idle
[machine.2]         1035 task-resume id=4 reason=scheduler
[machine.2]         1035 task-yield id=4 reason=RtosPortYield
[machine.2]         1035 task-resume id=2 reason=scheduler
[machine.2]         1035 task-yield id=2 reason=Idle
[machine.2]         1040 task-resume id=4 reason=scheduler
[machine.2]         1040 task-yield id=4 reason=RtosPortYield
[machine.2]         1040 task-resume id=1 reason=scheduler
[machine.2]         1040 task-yield id=1 reason=RtosPortYield
[machine.2]         1040 user-u32 "can_recv" = 0
[machine.2]         1040 user-u32 "can_recv" = 0
[machine.2]         1040 user-u32 "can_recv" = 0
[machine.2]         1040 user-u32 "can_recv" = 0
[machine.2]         1040 user-u32 "can_send" = 0
[machine.2]         1040 task-resume id=2 reason=scheduler
[machine.2]         1040 task-yield id=2 reason=Idle
[machine.2]         1045 task-resume id=4 reason=scheduler
[machine.2]         1045 task-yield id=4 reason=RtosPortYield
[machine.2]         1045 task-resume id=2 reason=scheduler
[machine.2]         1045 task-yield id=2 reason=Idle
[machine.2]         1050 task-resume id=4 reason=scheduler
[machine.2]         1050 task-yield id=4 reason=RtosPortYield
[machine.2]         1050 task-resume id=3 reason=scheduler
[machine.2]         1050 task-yield id=3 reason=RtosPortYield
[machine.2]         1050 user-u32 "watchdog_ok" = 1050
[machine.2]         1050 task-resume id=6 reason=scheduler
[machine.2]         1050 task-yield id=6 reason=RtosPortYield
[machine.2]         1050 user-u32 "deadline_ok" = 0
[machine.2]         1050 task-resume id=1 reason=scheduler
[machine.2]         1050 task-yield id=1 reason=RtosPortYield
[machine.2]         1050 user-u32 "can_recv" = 0
[machine.2]         1050 user-u32 "can_recv" = 0
[machine.2]         1050 user-u32 "can_recv" = 0
[machine.2]         1050 user-u32 "can_recv" = 0
[machine.2]         1050 user-u32 "can_send" = 0
[machine.2]         1050 task-resume id=2 reason=scheduler
[machine.2]         1050 task-yield id=2 reason=Idle
[machine.2]         1055 task-resume id=4 reason=scheduler
[machine.2]         1055 task-yield id=4 reason=RtosPortYield
[machine.2]         1055 task-resume id=2 reason=scheduler
[machine.2]         1055 task-yield id=2 reason=Idle
[machine.2]         1060 task-resume id=4 reason=scheduler
[machine.2]         1060 task-yield id=4 reason=RtosPortYield
[machine.2]         1060 task-resume id=1 reason=scheduler
[machine.2]         1060 task-yield id=1 reason=RtosPortYield
[machine.2]         1060 user-u32 "can_recv" = 0
[machine.2]         1060 user-u32 "can_recv" = 0
[machine.2]         1060 user-u32 "can_recv" = 0
[machine.2]         1060 user-u32 "can_recv" = 0
[machine.2]         1060 user-u32 "can_recv" = 0
[machine.2]         1060 user-u32 "can_recv" = 0
[machine.2]         1060 user-u32 "can_send" = 0
[machine.2]         1060 task-resume id=2 reason=scheduler
[machine.2]         1060 task-yield id=2 reason=Idle
[machine.2]         1065 task-resume id=4 reason=scheduler
[machine.2]         1065 task-yield id=4 reason=RtosPortYield
[machine.2]         1065 task-resume id=2 reason=scheduler
[machine.2]         1065 task-yield id=2 reason=Idle
[machine.2]         1070 task-resume id=4 reason=scheduler
[machine.2]         1070 task-yield id=4 reason=RtosPortYield
[machine.2]         1070 task-resume id=1 reason=scheduler
[machine.2]         1070 task-yield id=1 reason=RtosPortYield
[machine.2]         1070 user-u32 "can_recv" = 0
[machine.2]         1070 user-u32 "can_recv" = 0
[machine.2]         1070 user-u32 "can_recv" = 0
[machine.2]         1070 user-u32 "can_recv" = 0
[machine.2]         1070 user-u32 "can_send" = 0
[machine.2]         1070 task-resume id=2 reason=scheduler
[machine.2]         1070 task-yield id=2 reason=Idle
[machine.2]         1075 task-resume id=4 reason=scheduler
[machine.2]         1075 task-yield id=4 reason=RtosPortYield
[machine.2]         1075 task-resume id=2 reason=scheduler
[machine.2]         1075 task-yield id=2 reason=Idle
[machine.2]         1080 task-resume id=4 reason=scheduler
[machine.2]         1080 task-yield id=4 reason=RtosPortYield
[machine.2]         1080 task-resume id=1 reason=scheduler
[machine.2]         1080 task-yield id=1 reason=RtosPortYield
[machine.2]         1080 user-u32 "can_recv" = 0
[machine.2]         1080 user-u32 "can_recv" = 0
[machine.2]         1080 user-u32 "can_recv" = 0
[machine.2]         1080 user-u32 "can_recv" = 0
[machine.2]         1080 user-u32 "can_send" = 0
[machine.2]         1080 task-resume id=2 reason=scheduler
[machine.2]         1080 task-yield id=2 reason=Idle
[machine.2]         1085 task-resume id=4 reason=scheduler
[machine.2]         1085 task-yield id=4 reason=RtosPortYield
[machine.2]         1085 task-resume id=2 reason=scheduler
[machine.2]         1085 task-yield id=2 reason=Idle
[machine.2]         1090 task-resume id=4 reason=scheduler
[machine.2]         1090 task-yield id=4 reason=RtosPortYield
[machine.2]         1090 task-resume id=1 reason=scheduler
[machine.2]         1090 task-yield id=1 reason=RtosPortYield
[machine.2]         1090 user-u32 "can_recv" = 0
[machine.2]         1090 user-u32 "can_recv" = 0
[machine.2]         1090 user-u32 "can_recv" = 0
[machine.2]         1090 user-u32 "can_recv" = 0
[machine.2]         1090 user-u32 "can_send" = 0
[machine.2]         1090 task-resume id=2 reason=scheduler
[machine.2]         1090 task-yield id=2 reason=Idle
[machine.2]         1095 task-resume id=4 reason=scheduler
[machine.2]         1095 task-yield id=4 reason=RtosPortYield
[machine.2]         1095 task-resume id=2 reason=scheduler
[machine.2]         1095 task-yield id=2 reason=Idle
[machine.2]         1100 task-resume id=4 reason=scheduler
[machine.2]         1100 task-yield id=4 reason=RtosPortYield
[machine.2]         1100 task-resume id=3 reason=scheduler
[machine.2]         1100 task-yield id=3 reason=RtosPortYield
[machine.2]         1100 user-u32 "watchdog_ok" = 1100
[machine.2]         1100 task-resume id=6 reason=scheduler
[machine.2]         1100 task-yield id=6 reason=RtosPortYield
[machine.2]         1100 user-u32 "deadline_ok" = 0
[machine.2]         1100 task-resume id=1 reason=scheduler
[machine.2]         1100 task-yield id=1 reason=RtosPortYield
[machine.2]         1100 user-u32 "can_recv" = 0
[machine.2]         1100 user-u32 "can_recv" = 0
[machine.2]         1100 user-u32 "can_recv" = 0
[machine.2]         1100 user-u32 "can_recv" = 0
[machine.2]         1100 user-u32 "can_send" = 0
[machine.2]         1100 user-u32 "can_send" = 0
[machine.2]         1100 task-resume id=5 reason=scheduler
[machine.2]         1100 task-yield id=5 reason=RtosPortYield
[machine.2]         1100 user-u32 "logger_event" = 65536
[machine.2]         1100 task-resume id=2 reason=scheduler
[machine.2]         1100 task-yield id=2 reason=Idle
[machine.2]         1105 task-resume id=4 reason=scheduler
[machine.2]         1105 task-yield id=4 reason=RtosPortYield
[machine.2]         1105 task-resume id=2 reason=scheduler
[machine.2]         1105 task-yield id=2 reason=Idle
[machine.2]         1110 task-resume id=4 reason=scheduler
[machine.2]         1110 task-yield id=4 reason=RtosPortYield
[machine.2]         1110 task-resume id=1 reason=scheduler
[machine.2]         1110 task-yield id=1 reason=RtosPortYield
[machine.2]         1110 user-u32 "can_recv" = 0
[machine.2]         1110 user-u32 "can_recv" = 0
[machine.2]         1110 user-u32 "can_recv" = 0
[machine.2]         1110 user-u32 "can_recv" = 0
[machine.2]         1110 user-u32 "can_recv" = 0
[machine.2]         1110 user-u32 "can_recv" = 0
[machine.2]         1110 user-u32 "can_recv" = 0
[machine.2]         1110 user-u32 "can_recv" = 0
[machine.2]         1110 user-u32 "can_recv" = 0
[machine.2]         1110 user-u32 "can_send" = 0
[machine.2]         1110 task-resume id=2 reason=scheduler
[machine.2]         1110 task-yield id=2 reason=Idle
[machine.2]         1115 task-resume id=4 reason=scheduler
[machine.2]         1115 task-yield id=4 reason=RtosPortYield
[machine.2]         1115 task-resume id=2 reason=scheduler
[machine.2]         1115 task-yield id=2 reason=Idle
[machine.2]         1120 task-resume id=4 reason=scheduler
[machine.2]         1120 task-yield id=4 reason=RtosPortYield
[machine.2]         1120 task-resume id=1 reason=scheduler
[machine.2]         1120 task-yield id=1 reason=RtosPortYield
[machine.2]         1120 user-u32 "can_recv" = 0
[machine.2]         1120 user-u32 "can_recv" = 0
[machine.2]         1120 user-u32 "can_recv" = 0
[machine.2]         1120 user-u32 "can_recv" = 0
[machine.2]         1120 user-u32 "can_send" = 0
[machine.2]         1120 task-resume id=2 reason=scheduler
[machine.2]         1120 task-yield id=2 reason=Idle
[machine.2]         1125 task-resume id=4 reason=scheduler
[machine.2]         1125 task-yield id=4 reason=RtosPortYield
[machine.2]         1125 task-resume id=2 reason=scheduler
[machine.2]         1125 task-yield id=2 reason=Idle
[machine.2]         1130 task-resume id=4 reason=scheduler
[machine.2]         1130 task-yield id=4 reason=RtosPortYield
[machine.2]         1130 task-resume id=1 reason=scheduler
[machine.2]         1130 task-yield id=1 reason=RtosPortYield
[machine.2]         1130 user-u32 "can_recv" = 0
[machine.2]         1130 user-u32 "can_recv" = 0
[machine.2]         1130 user-u32 "can_recv" = 0
[machine.2]         1130 user-u32 "can_recv" = 0
[machine.2]         1130 user-u32 "can_send" = 0
[machine.2]         1130 task-resume id=2 reason=scheduler
[machine.2]         1130 task-yield id=2 reason=Idle
[machine.2]         1135 task-resume id=4 reason=scheduler
[machine.2]         1135 task-yield id=4 reason=RtosPortYield
[machine.2]         1135 task-resume id=2 reason=scheduler
[machine.2]         1135 task-yield id=2 reason=Idle
[machine.2]         1140 task-resume id=4 reason=scheduler
[machine.2]         1140 task-yield id=4 reason=RtosPortYield
[machine.2]         1140 task-resume id=1 reason=scheduler
[machine.2]         1140 task-yield id=1 reason=RtosPortYield
[machine.2]         1140 user-u32 "can_recv" = 0
[machine.2]         1140 user-u32 "can_recv" = 0
[machine.2]         1140 user-u32 "can_recv" = 0
[machine.2]         1140 user-u32 "can_recv" = 0
[machine.2]         1140 user-u32 "can_send" = 0
[machine.2]         1140 task-resume id=2 reason=scheduler
[machine.2]         1140 task-yield id=2 reason=Idle
[machine.2]         1145 task-resume id=4 reason=scheduler
[machine.2]         1145 task-yield id=4 reason=RtosPortYield
[machine.2]         1145 task-resume id=2 reason=scheduler
[machine.2]         1145 task-yield id=2 reason=Idle
[machine.2]         1150 task-resume id=4 reason=scheduler
[machine.2]         1150 task-yield id=4 reason=RtosPortYield
[machine.2]         1150 task-resume id=3 reason=scheduler
[machine.2]         1150 task-yield id=3 reason=RtosPortYield
[machine.2]         1150 user-u32 "watchdog_ok" = 1150
[machine.2]         1150 task-resume id=6 reason=scheduler
[machine.2]         1150 task-yield id=6 reason=RtosPortYield
[machine.2]         1150 user-u32 "deadline_ok" = 0
[machine.2]         1150 task-resume id=1 reason=scheduler
[machine.2]         1150 task-yield id=1 reason=RtosPortYield
[machine.2]         1150 user-u32 "can_recv" = 0
[machine.2]         1150 user-u32 "can_recv" = 0
[machine.2]         1150 user-u32 "can_recv" = 0
[machine.2]         1150 user-u32 "can_recv" = 0
[machine.2]         1150 user-u32 "can_send" = 0
[machine.2]         1150 task-resume id=2 reason=scheduler
[machine.2]         1150 task-yield id=2 reason=Idle
[machine.2]         1155 task-resume id=4 reason=scheduler
[machine.2]         1155 task-yield id=4 reason=RtosPortYield
[machine.2]         1155 task-resume id=2 reason=scheduler
[machine.2]         1155 task-yield id=2 reason=Idle
[machine.2]         1160 task-resume id=4 reason=scheduler
[machine.2]         1160 task-yield id=4 reason=RtosPortYield
[machine.2]         1160 task-resume id=1 reason=scheduler
[machine.2]         1160 task-yield id=1 reason=RtosPortYield
[machine.2]         1160 user-u32 "can_recv" = 0
[machine.2]         1160 user-u32 "can_recv" = 0
[machine.2]         1160 user-u32 "can_recv" = 0
[machine.2]         1160 user-u32 "can_recv" = 0
[machine.2]         1160 user-u32 "can_recv" = 0
[machine.2]         1160 user-u32 "can_recv" = 0
[machine.2]         1160 user-u32 "can_send" = 0
[machine.2]         1160 task-resume id=2 reason=scheduler
[machine.2]         1160 task-yield id=2 reason=Idle
[machine.2]         1165 task-resume id=4 reason=scheduler
[machine.2]         1165 task-yield id=4 reason=RtosPortYield
[machine.2]         1165 task-resume id=2 reason=scheduler
[machine.2]         1165 task-yield id=2 reason=Idle
[machine.2]         1170 task-resume id=4 reason=scheduler
[machine.2]         1170 task-yield id=4 reason=RtosPortYield
[machine.2]         1170 task-resume id=1 reason=scheduler
[machine.2]         1170 task-yield id=1 reason=RtosPortYield
[machine.2]         1170 user-u32 "can_recv" = 0
[machine.2]         1170 user-u32 "can_recv" = 0
[machine.2]         1170 user-u32 "can_recv" = 0
[machine.2]         1170 user-u32 "can_recv" = 0
[machine.2]         1170 user-u32 "can_send" = 0
[machine.2]         1170 task-resume id=2 reason=scheduler
[machine.2]         1170 task-yield id=2 reason=Idle
[machine.2]         1175 task-resume id=4 reason=scheduler
[machine.2]         1175 task-yield id=4 reason=RtosPortYield
[machine.2]         1175 task-resume id=2 reason=scheduler
[machine.2]         1175 task-yield id=2 reason=Idle
[machine.2]         1180 task-resume id=4 reason=scheduler
[machine.2]         1180 task-yield id=4 reason=RtosPortYield
[machine.2]         1180 task-resume id=1 reason=scheduler
[machine.2]         1180 task-yield id=1 reason=RtosPortYield
[machine.2]         1180 user-u32 "can_recv" = 0
[machine.2]         1180 user-u32 "can_recv" = 0
[machine.2]         1180 user-u32 "can_recv" = 0
[machine.2]         1180 user-u32 "can_recv" = 0
[machine.2]         1180 user-u32 "can_send" = 0
[machine.2]         1180 task-resume id=2 reason=scheduler
[machine.2]         1180 task-yield id=2 reason=Idle
[machine.2]         1185 task-resume id=4 reason=scheduler
[machine.2]         1185 task-yield id=4 reason=RtosPortYield
[machine.2]         1185 task-resume id=2 reason=scheduler
[machine.2]         1185 task-yield id=2 reason=Idle
[machine.2]         1190 task-resume id=4 reason=scheduler
[machine.2]         1190 task-yield id=4 reason=RtosPortYield
[machine.2]         1190 task-resume id=1 reason=scheduler
[machine.2]         1190 task-yield id=1 reason=RtosPortYield
[machine.2]         1190 user-u32 "can_recv" = 0
[machine.2]         1190 user-u32 "can_recv" = 0
[machine.2]         1190 user-u32 "can_recv" = 0
[machine.2]         1190 user-u32 "can_recv" = 0
[machine.2]         1190 user-u32 "can_send" = 0
[machine.2]         1190 task-resume id=2 reason=scheduler
[machine.2]         1190 task-yield id=2 reason=Idle
[machine.2]         1195 task-resume id=4 reason=scheduler
[machine.2]         1195 task-yield id=4 reason=RtosPortYield
[machine.2]         1195 task-resume id=2 reason=scheduler
[machine.2]         1195 task-yield id=2 reason=Idle
[machine.2]         1200 task-resume id=4 reason=scheduler
[machine.2]         1200 task-yield id=4 reason=RtosPortYield
[machine.2]         1200 user-u32 "sensor_poll_tick" = 1200
[machine.2]         1200 task-resume id=3 reason=scheduler
[machine.2]         1200 task-yield id=3 reason=RtosPortYield
[machine.2]         1200 user-u32 "watchdog_ok" = 1200
[machine.2]         1200 task-resume id=6 reason=scheduler
[machine.2]         1200 task-yield id=6 reason=RtosPortYield
[machine.2]         1200 user-u32 "deadline_ok" = 0
[machine.2]         1200 task-resume id=1 reason=scheduler
[machine.2]         1200 task-yield id=1 reason=RtosPortYield
[machine.2]         1200 user-u32 "can_recv" = 0
[machine.2]         1200 user-u32 "can_recv" = 0
[machine.2]         1200 user-u32 "can_recv" = 0
[machine.2]         1200 user-u32 "can_recv" = 0
[machine.2]         1200 user-u32 "can_send" = 0
[machine.2]         1200 user-u32 "can_send" = 0
[machine.2]         1200 task-resume id=5 reason=scheduler
[machine.2]         1200 task-yield id=5 reason=RtosPortYield
[machine.2]         1200 user-u32 "logger_event" = 65536
[machine.2]         1200 task-resume id=2 reason=scheduler
[machine.2]         1200 task-yield id=2 reason=Idle
[machine.2]         1205 task-resume id=4 reason=scheduler
[machine.2]         1205 task-yield id=4 reason=RtosPortYield
[machine.2]         1205 task-resume id=2 reason=scheduler
[machine.2]         1205 task-yield id=2 reason=Idle
[machine.2]         1210 task-resume id=4 reason=scheduler
[machine.2]         1210 task-yield id=4 reason=RtosPortYield
[machine.2]         1210 task-resume id=1 reason=scheduler
[machine.2]         1210 task-yield id=1 reason=RtosPortYield
[machine.2]         1210 user-u32 "can_recv" = 0
[machine.2]         1210 user-u32 "can_recv" = 0
[machine.2]         1210 user-u32 "can_recv" = 0
[machine.2]         1210 user-u32 "can_recv" = 0
[machine.2]         1210 user-u32 "can_recv" = 0
[machine.2]         1210 user-u32 "can_recv" = 0
[machine.2]         1210 user-u32 "can_recv" = 0
[machine.2]         1210 user-u32 "can_recv" = 0
[machine.2]         1210 user-u32 "can_recv" = 0
[machine.2]         1210 user-u32 "can_send" = 0
[machine.2]         1210 task-resume id=2 reason=scheduler
[machine.2]         1210 task-yield id=2 reason=Idle
[machine.2]         1215 task-resume id=4 reason=scheduler
[machine.2]         1215 task-yield id=4 reason=RtosPortYield
[machine.2]         1215 task-resume id=2 reason=scheduler
[machine.2]         1215 task-yield id=2 reason=Idle
[machine.2]         1220 task-resume id=4 reason=scheduler
[machine.2]         1220 task-yield id=4 reason=RtosPortYield
[machine.2]         1220 task-resume id=1 reason=scheduler
[machine.2]         1220 task-yield id=1 reason=RtosPortYield
[machine.2]         1220 user-u32 "can_recv" = 0
[machine.2]         1220 user-u32 "can_recv" = 0
[machine.2]         1220 user-u32 "can_recv" = 0
[machine.2]         1220 user-u32 "can_recv" = 0
[machine.2]         1220 user-u32 "can_send" = 0
[machine.2]         1220 task-resume id=2 reason=scheduler
[machine.2]         1220 task-yield id=2 reason=Idle
[machine.2]         1225 task-resume id=4 reason=scheduler
[machine.2]         1225 task-yield id=4 reason=RtosPortYield
[machine.2]         1225 task-resume id=2 reason=scheduler
[machine.2]         1225 task-yield id=2 reason=Idle
[machine.2]         1230 task-resume id=4 reason=scheduler
[machine.2]         1230 task-yield id=4 reason=RtosPortYield
[machine.2]         1230 task-resume id=1 reason=scheduler
[machine.2]         1230 task-yield id=1 reason=RtosPortYield
[machine.2]         1230 user-u32 "can_recv" = 0
[machine.2]         1230 user-u32 "can_recv" = 0
[machine.2]         1230 user-u32 "can_recv" = 0
[machine.2]         1230 user-u32 "can_recv" = 0
[machine.2]         1230 user-u32 "can_send" = 0
[machine.2]         1230 task-resume id=2 reason=scheduler
[machine.2]         1230 task-yield id=2 reason=Idle
[machine.2]         1235 task-resume id=4 reason=scheduler
[machine.2]         1235 task-yield id=4 reason=RtosPortYield
[machine.2]         1235 task-resume id=2 reason=scheduler
[machine.2]         1235 task-yield id=2 reason=Idle
[machine.2]         1240 task-resume id=4 reason=scheduler
[machine.2]         1240 task-yield id=4 reason=RtosPortYield
[machine.2]         1240 task-resume id=1 reason=scheduler
[machine.2]         1240 task-yield id=1 reason=RtosPortYield
[machine.2]         1240 user-u32 "can_recv" = 0
[machine.2]         1240 user-u32 "can_recv" = 0
[machine.2]         1240 user-u32 "can_recv" = 0
[machine.2]         1240 user-u32 "can_recv" = 0
[machine.2]         1240 user-u32 "can_send" = 0
[machine.2]         1240 task-resume id=2 reason=scheduler
[machine.2]         1240 task-yield id=2 reason=Idle
[machine.2]         1245 task-resume id=4 reason=scheduler
[machine.2]         1245 task-yield id=4 reason=RtosPortYield
[machine.2]         1245 task-resume id=2 reason=scheduler
[machine.2]         1245 task-yield id=2 reason=Idle
[machine.2]         1250 task-resume id=4 reason=scheduler
[machine.2]         1250 task-yield id=4 reason=RtosPortYield
[machine.2]         1250 task-resume id=3 reason=scheduler
[machine.2]         1250 task-yield id=3 reason=RtosPortYield
[machine.2]         1250 user-u32 "watchdog_ok" = 1250
[machine.2]         1250 task-resume id=6 reason=scheduler
[machine.2]         1250 task-yield id=6 reason=RtosPortYield
[machine.2]         1250 user-u32 "deadline_ok" = 0
[machine.2]         1250 task-resume id=1 reason=scheduler
[machine.2]         1250 task-yield id=1 reason=RtosPortYield
[machine.2]         1250 user-u32 "can_recv" = 0
[machine.2]         1250 user-u32 "can_recv" = 0
[machine.2]         1250 user-u32 "can_recv" = 0
[machine.2]         1250 user-u32 "can_recv" = 0
[machine.2]         1250 user-u32 "can_send" = 0
[machine.2]         1250 task-resume id=2 reason=scheduler
[machine.2]         1250 task-yield id=2 reason=Idle
[machine.2]         1255 task-resume id=4 reason=scheduler
[machine.2]         1255 task-yield id=4 reason=RtosPortYield
[machine.2]         1255 task-resume id=2 reason=scheduler
[machine.2]         1255 task-yield id=2 reason=Idle
[machine.2]         1260 task-resume id=4 reason=scheduler
[machine.2]         1260 task-yield id=4 reason=RtosPortYield
[machine.2]         1260 task-resume id=1 reason=scheduler
[machine.2]         1260 task-yield id=1 reason=RtosPortYield
[machine.2]         1260 user-u32 "can_recv" = 0
[machine.2]         1260 user-u32 "can_recv" = 0
[machine.2]         1260 user-u32 "can_recv" = 0
[machine.2]         1260 user-u32 "can_recv" = 0
[machine.2]         1260 user-u32 "can_recv" = 0
[machine.2]         1260 user-u32 "can_recv" = 0
[machine.2]         1260 user-u32 "can_send" = 0
[machine.2]         1260 task-resume id=2 reason=scheduler
[machine.2]         1260 task-yield id=2 reason=Idle
[machine.2]         1265 task-resume id=4 reason=scheduler
[machine.2]         1265 task-yield id=4 reason=RtosPortYield
[machine.2]         1265 task-resume id=2 reason=scheduler
[machine.2]         1265 task-yield id=2 reason=Idle
[machine.2]         1270 task-resume id=4 reason=scheduler
[machine.2]         1270 task-yield id=4 reason=RtosPortYield
[machine.2]         1270 task-resume id=1 reason=scheduler
[machine.2]         1270 task-yield id=1 reason=RtosPortYield
[machine.2]         1270 user-u32 "can_recv" = 0
[machine.2]         1270 user-u32 "can_recv" = 0
[machine.2]         1270 user-u32 "can_recv" = 0
[machine.2]         1270 user-u32 "can_recv" = 0
[machine.2]         1270 user-u32 "can_send" = 0
[machine.2]         1270 task-resume id=2 reason=scheduler
[machine.2]         1270 task-yield id=2 reason=Idle
[machine.2]         1275 task-resume id=4 reason=scheduler
[machine.2]         1275 task-yield id=4 reason=RtosPortYield
[machine.2]         1275 task-resume id=2 reason=scheduler
[machine.2]         1275 task-yield id=2 reason=Idle
[machine.2]         1280 task-resume id=4 reason=scheduler
[machine.2]         1280 task-yield id=4 reason=RtosPortYield
[machine.2]         1280 task-resume id=1 reason=scheduler
[machine.2]         1280 task-yield id=1 reason=RtosPortYield
[machine.2]         1280 user-u32 "can_recv" = 0
[machine.2]         1280 user-u32 "can_recv" = 0
[machine.2]         1280 user-u32 "can_recv" = 0
[machine.2]         1280 user-u32 "can_recv" = 0
[machine.2]         1280 user-u32 "can_send" = 0
[machine.2]         1280 task-resume id=2 reason=scheduler
[machine.2]         1280 task-yield id=2 reason=Idle
[machine.2]         1285 task-resume id=4 reason=scheduler
[machine.2]         1285 task-yield id=4 reason=RtosPortYield
[machine.2]         1285 task-resume id=2 reason=scheduler
[machine.2]         1285 task-yield id=2 reason=Idle
[machine.2]         1290 task-resume id=4 reason=scheduler
[machine.2]         1290 task-yield id=4 reason=RtosPortYield
[machine.2]         1290 task-resume id=1 reason=scheduler
[machine.2]         1290 task-yield id=1 reason=RtosPortYield
[machine.2]         1290 user-u32 "can_recv" = 0
[machine.2]         1290 user-u32 "can_recv" = 0
[machine.2]         1290 user-u32 "can_recv" = 0
[machine.2]         1290 user-u32 "can_recv" = 0
[machine.2]         1290 user-u32 "can_send" = 0
[machine.2]         1290 task-resume id=2 reason=scheduler
[machine.2]         1290 task-yield id=2 reason=Idle
[machine.2]         1295 task-resume id=4 reason=scheduler
[machine.2]         1295 task-yield id=4 reason=RtosPortYield
[machine.2]         1295 task-resume id=2 reason=scheduler
[machine.2]         1295 task-yield id=2 reason=Idle
[machine.2]         1300 task-resume id=4 reason=scheduler
[machine.2]         1300 task-yield id=4 reason=RtosPortYield
[machine.2]         1300 task-resume id=3 reason=scheduler
[machine.2]         1300 task-yield id=3 reason=RtosPortYield
[machine.2]         1300 user-u32 "watchdog_ok" = 1300
[machine.2]         1300 task-resume id=6 reason=scheduler
[machine.2]         1300 task-yield id=6 reason=RtosPortYield
[machine.2]         1300 user-u32 "deadline_ok" = 0
[machine.2]         1300 task-resume id=1 reason=scheduler
[machine.2]         1300 task-yield id=1 reason=RtosPortYield
[machine.2]         1300 user-u32 "can_recv" = 0
[machine.2]         1300 user-u32 "can_recv" = 0
[machine.2]         1300 user-u32 "can_recv" = 0
[machine.2]         1300 user-u32 "can_recv" = 0
[machine.2]         1300 user-u32 "can_send" = 0
[machine.2]         1300 user-u32 "can_send" = 0
[machine.2]         1300 task-resume id=5 reason=scheduler
[machine.2]         1300 task-yield id=5 reason=RtosPortYield
[machine.2]         1300 user-u32 "logger_event" = 65536
[machine.2]         1300 task-resume id=2 reason=scheduler
[machine.2]         1300 task-yield id=2 reason=Idle
[machine.2]         1305 task-resume id=4 reason=scheduler
[machine.2]         1305 task-yield id=4 reason=RtosPortYield
[machine.2]         1305 task-resume id=2 reason=scheduler
[machine.2]         1305 task-yield id=2 reason=Idle
[machine.2]         1310 task-resume id=4 reason=scheduler
[machine.2]         1310 task-yield id=4 reason=RtosPortYield
[machine.2]         1310 task-resume id=1 reason=scheduler
[machine.2]         1310 task-yield id=1 reason=RtosPortYield
[machine.2]         1310 user-u32 "can_recv" = 0
[machine.2]         1310 user-u32 "can_recv" = 0
[machine.2]         1310 user-u32 "can_recv" = 0
[machine.2]         1310 user-u32 "can_recv" = 0
[machine.2]         1310 user-u32 "can_recv" = 0
[machine.2]         1310 user-u32 "can_recv" = 0
[machine.2]         1310 user-u32 "can_recv" = 0
[machine.2]         1310 user-u32 "can_recv" = 0
[machine.2]         1310 user-u32 "can_recv" = 0
[machine.2]         1310 user-u32 "can_send" = 0
[machine.2]         1310 task-resume id=2 reason=scheduler
[machine.2]         1310 task-yield id=2 reason=Idle
[machine.2]         1315 task-resume id=4 reason=scheduler
[machine.2]         1315 task-yield id=4 reason=RtosPortYield
[machine.2]         1315 task-resume id=2 reason=scheduler
[machine.2]         1315 task-yield id=2 reason=Idle
[machine.2]         1320 task-resume id=4 reason=scheduler
[machine.2]         1320 task-yield id=4 reason=RtosPortYield
[machine.2]         1320 task-resume id=1 reason=scheduler
[machine.2]         1320 task-yield id=1 reason=RtosPortYield
[machine.2]         1320 user-u32 "can_recv" = 0
[machine.2]         1320 user-u32 "can_recv" = 0
[machine.2]         1320 user-u32 "can_recv" = 0
[machine.2]         1320 user-u32 "can_recv" = 0
[machine.2]         1320 user-u32 "can_send" = 0
[machine.2]         1320 task-resume id=2 reason=scheduler
[machine.2]         1320 task-yield id=2 reason=Idle
[machine.2]         1325 task-resume id=4 reason=scheduler
[machine.2]         1325 task-yield id=4 reason=RtosPortYield
[machine.2]         1325 task-resume id=2 reason=scheduler
[machine.2]         1325 task-yield id=2 reason=Idle
[machine.2]         1330 task-resume id=4 reason=scheduler
[machine.2]         1330 task-yield id=4 reason=RtosPortYield
[machine.2]         1330 task-resume id=1 reason=scheduler
[machine.2]         1330 task-yield id=1 reason=RtosPortYield
[machine.2]         1330 user-u32 "can_recv" = 0
[machine.2]         1330 user-u32 "can_recv" = 0
[machine.2]         1330 user-u32 "can_recv" = 0
[machine.2]         1330 user-u32 "can_recv" = 0
[machine.2]         1330 user-u32 "can_send" = 0
[machine.2]         1330 task-resume id=2 reason=scheduler
[machine.2]         1330 task-yield id=2 reason=Idle
[machine.2]         1335 task-resume id=4 reason=scheduler
[machine.2]         1335 task-yield id=4 reason=RtosPortYield
[machine.2]         1335 task-resume id=2 reason=scheduler
[machine.2]         1335 task-yield id=2 reason=Idle
[machine.2]         1340 task-resume id=4 reason=scheduler
[machine.2]         1340 task-yield id=4 reason=RtosPortYield
[machine.2]         1340 task-resume id=1 reason=scheduler
[machine.2]         1340 task-yield id=1 reason=RtosPortYield
[machine.2]         1340 user-u32 "can_recv" = 0
[machine.2]         1340 user-u32 "can_recv" = 0
[machine.2]         1340 user-u32 "can_recv" = 0
[machine.2]         1340 user-u32 "can_recv" = 0
[machine.2]         1340 user-u32 "can_send" = 0
[machine.2]         1340 task-resume id=2 reason=scheduler
[machine.2]         1340 task-yield id=2 reason=Idle
[machine.2]         1345 task-resume id=4 reason=scheduler
[machine.2]         1345 task-yield id=4 reason=RtosPortYield
[machine.2]         1345 task-resume id=2 reason=scheduler
[machine.2]         1345 task-yield id=2 reason=Idle
[machine.2]         1350 task-resume id=4 reason=scheduler
[machine.2]         1350 task-yield id=4 reason=RtosPortYield
[machine.2]         1350 task-resume id=3 reason=scheduler
[machine.2]         1350 task-yield id=3 reason=RtosPortYield
[machine.2]         1350 user-u32 "watchdog_ok" = 1350
[machine.2]         1350 task-resume id=6 reason=scheduler
[machine.2]         1350 task-yield id=6 reason=RtosPortYield
[machine.2]         1350 user-u32 "deadline_ok" = 0
[machine.2]         1350 task-resume id=1 reason=scheduler
[machine.2]         1350 task-yield id=1 reason=RtosPortYield
[machine.2]         1350 user-u32 "can_recv" = 0
[machine.2]         1350 user-u32 "can_recv" = 0
[machine.2]         1350 user-u32 "can_recv" = 0
[machine.2]         1350 user-u32 "can_recv" = 0
[machine.2]         1350 user-u32 "can_send" = 0
[machine.2]         1350 task-resume id=2 reason=scheduler
[machine.2]         1350 task-yield id=2 reason=Idle
[machine.2]         1355 task-resume id=4 reason=scheduler
[machine.2]         1355 task-yield id=4 reason=RtosPortYield
[machine.2]         1355 task-resume id=2 reason=scheduler
[machine.2]         1355 task-yield id=2 reason=Idle
[machine.2]         1360 task-resume id=4 reason=scheduler
[machine.2]         1360 task-yield id=4 reason=RtosPortYield
[machine.2]         1360 task-resume id=1 reason=scheduler
[machine.2]         1360 task-yield id=1 reason=RtosPortYield
[machine.2]         1360 user-u32 "can_recv" = 0
[machine.2]         1360 user-u32 "can_recv" = 0
[machine.2]         1360 user-u32 "can_recv" = 0
[machine.2]         1360 user-u32 "can_recv" = 0
[machine.2]         1360 user-u32 "can_recv" = 0
[machine.2]         1360 user-u32 "can_recv" = 0
[machine.2]         1360 user-u32 "can_send" = 0
[machine.2]         1360 task-resume id=2 reason=scheduler
[machine.2]         1360 task-yield id=2 reason=Idle
[machine.2]         1365 task-resume id=4 reason=scheduler
[machine.2]         1365 task-yield id=4 reason=RtosPortYield
[machine.2]         1365 task-resume id=2 reason=scheduler
[machine.2]         1365 task-yield id=2 reason=Idle
[machine.2]         1370 task-resume id=4 reason=scheduler
[machine.2]         1370 task-yield id=4 reason=RtosPortYield
[machine.2]         1370 task-resume id=1 reason=scheduler
[machine.2]         1370 task-yield id=1 reason=RtosPortYield
[machine.2]         1370 user-u32 "can_recv" = 0
[machine.2]         1370 user-u32 "can_recv" = 0
[machine.2]         1370 user-u32 "can_recv" = 0
[machine.2]         1370 user-u32 "can_recv" = 0
[machine.2]         1370 user-u32 "can_send" = 0
[machine.2]         1370 task-resume id=2 reason=scheduler
[machine.2]         1370 task-yield id=2 reason=Idle
[machine.2]         1375 task-resume id=4 reason=scheduler
[machine.2]         1375 task-yield id=4 reason=RtosPortYield
[machine.2]         1375 task-resume id=2 reason=scheduler
[machine.2]         1375 task-yield id=2 reason=Idle
[machine.2]         1380 task-resume id=4 reason=scheduler
[machine.2]         1380 task-yield id=4 reason=RtosPortYield
[machine.2]         1380 task-resume id=1 reason=scheduler
[machine.2]         1380 task-yield id=1 reason=RtosPortYield
[machine.2]         1380 user-u32 "can_recv" = 0
[machine.2]         1380 user-u32 "can_recv" = 0
[machine.2]         1380 user-u32 "can_recv" = 0
[machine.2]         1380 user-u32 "can_recv" = 0
[machine.2]         1380 user-u32 "can_send" = 0
[machine.2]         1380 task-resume id=2 reason=scheduler
[machine.2]         1380 task-yield id=2 reason=Idle
[machine.2]         1385 task-resume id=4 reason=scheduler
[machine.2]         1385 task-yield id=4 reason=RtosPortYield
[machine.2]         1385 task-resume id=2 reason=scheduler
[machine.2]         1385 task-yield id=2 reason=Idle
[machine.2]         1390 task-resume id=4 reason=scheduler
[machine.2]         1390 task-yield id=4 reason=RtosPortYield
[machine.2]         1390 task-resume id=1 reason=scheduler
[machine.2]         1390 task-yield id=1 reason=RtosPortYield
[machine.2]         1390 user-u32 "can_recv" = 0
[machine.2]         1390 user-u32 "can_recv" = 0
[machine.2]         1390 user-u32 "can_recv" = 0
[machine.2]         1390 user-u32 "can_recv" = 0
[machine.2]         1390 user-u32 "can_send" = 0
[machine.2]         1390 task-resume id=2 reason=scheduler
[machine.2]         1390 task-yield id=2 reason=Idle
[machine.2]         1395 task-resume id=4 reason=scheduler
[machine.2]         1395 task-yield id=4 reason=RtosPortYield
[machine.2]         1395 task-resume id=2 reason=scheduler
[machine.2]         1395 task-yield id=2 reason=Idle
[machine.2]         1400 task-resume id=4 reason=scheduler
[machine.2]         1400 task-yield id=4 reason=RtosPortYield
[machine.2]         1400 user-u32 "sensor_poll_tick" = 1400
[machine.2]         1400 task-resume id=3 reason=scheduler
[machine.2]         1400 task-yield id=3 reason=RtosPortYield
[machine.2]         1400 user-u32 "watchdog_ok" = 1400
[machine.2]         1400 task-resume id=6 reason=scheduler
[machine.2]         1400 task-yield id=6 reason=RtosPortYield
[machine.2]         1400 user-u32 "deadline_ok" = 0
[machine.2]         1400 task-resume id=1 reason=scheduler
[machine.2]         1400 task-yield id=1 reason=RtosPortYield
[machine.2]         1400 user-u32 "can_recv" = 0
[machine.2]         1400 user-u32 "can_recv" = 0
[machine.2]         1400 user-u32 "can_recv" = 0
[machine.2]         1400 user-u32 "can_recv" = 0
[machine.2]         1400 user-u32 "can_send" = 0
[machine.2]         1400 user-u32 "can_send" = 0
[machine.2]         1400 task-resume id=5 reason=scheduler
[machine.2]         1400 task-yield id=5 reason=RtosPortYield
[machine.2]         1400 user-u32 "logger_event" = 65536
[machine.2]         1400 task-resume id=2 reason=scheduler
[machine.2]         1400 task-yield id=2 reason=Idle
[machine.2]         1405 task-resume id=4 reason=scheduler
[machine.2]         1405 task-yield id=4 reason=RtosPortYield
[machine.2]         1405 task-resume id=2 reason=scheduler
[machine.2]         1405 task-yield id=2 reason=Idle
[machine.2]         1410 task-resume id=4 reason=scheduler
[machine.2]         1410 task-yield id=4 reason=RtosPortYield
[machine.2]         1410 task-resume id=1 reason=scheduler
[machine.2]         1410 task-yield id=1 reason=RtosPortYield
[machine.2]         1410 user-u32 "can_recv" = 0
[machine.2]         1410 user-u32 "can_recv" = 0
[machine.2]         1410 user-u32 "can_recv" = 0
[machine.2]         1410 user-u32 "can_recv" = 0
[machine.2]         1410 user-u32 "can_recv" = 0
[machine.2]         1410 user-u32 "can_recv" = 0
[machine.2]         1410 user-u32 "can_recv" = 0
[machine.2]         1410 user-u32 "can_recv" = 0
[machine.2]         1410 user-u32 "can_recv" = 0
[machine.2]         1410 user-u32 "can_send" = 0
[machine.2]         1410 task-resume id=2 reason=scheduler
[machine.2]         1410 task-yield id=2 reason=Idle
[machine.2]         1415 task-resume id=4 reason=scheduler
[machine.2]         1415 task-yield id=4 reason=RtosPortYield
[machine.2]         1415 task-resume id=2 reason=scheduler
[machine.2]         1415 task-yield id=2 reason=Idle
[machine.2]         1420 task-resume id=4 reason=scheduler
[machine.2]         1420 task-yield id=4 reason=RtosPortYield
[machine.2]         1420 task-resume id=1 reason=scheduler
[machine.2]         1420 task-yield id=1 reason=RtosPortYield
[machine.2]         1420 user-u32 "can_recv" = 0
[machine.2]         1420 user-u32 "can_recv" = 0
[machine.2]         1420 user-u32 "can_recv" = 0
[machine.2]         1420 user-u32 "can_recv" = 0
[machine.2]         1420 user-u32 "can_send" = 0
[machine.2]         1420 task-resume id=2 reason=scheduler
[machine.2]         1420 task-yield id=2 reason=Idle
[machine.2]         1425 task-resume id=4 reason=scheduler
[machine.2]         1425 task-yield id=4 reason=RtosPortYield
[machine.2]         1425 task-resume id=2 reason=scheduler
[machine.2]         1425 task-yield id=2 reason=Idle
[machine.2]         1430 task-resume id=4 reason=scheduler
[machine.2]         1430 task-yield id=4 reason=RtosPortYield
[machine.2]         1430 task-resume id=1 reason=scheduler
[machine.2]         1430 task-yield id=1 reason=RtosPortYield
[machine.2]         1430 user-u32 "can_recv" = 0
[machine.2]         1430 user-u32 "can_recv" = 0
[machine.2]         1430 user-u32 "can_recv" = 0
[machine.2]         1430 user-u32 "can_recv" = 0
[machine.2]         1430 user-u32 "can_send" = 0
[machine.2]         1430 task-resume id=2 reason=scheduler
[machine.2]         1430 task-yield id=2 reason=Idle
[machine.2]         1435 task-resume id=4 reason=scheduler
[machine.2]         1435 task-yield id=4 reason=RtosPortYield
[machine.2]         1435 task-resume id=2 reason=scheduler
[machine.2]         1435 task-yield id=2 reason=Idle
[machine.2]         1440 task-resume id=4 reason=scheduler
[machine.2]         1440 task-yield id=4 reason=RtosPortYield
[machine.2]         1440 task-resume id=1 reason=scheduler
[machine.2]         1440 task-yield id=1 reason=RtosPortYield
[machine.2]         1440 user-u32 "can_recv" = 0
[machine.2]         1440 user-u32 "can_recv" = 0
[machine.2]         1440 user-u32 "can_recv" = 0
[machine.2]         1440 user-u32 "can_recv" = 0
[machine.2]         1440 user-u32 "can_send" = 0
[machine.2]         1440 task-resume id=2 reason=scheduler
[machine.2]         1440 task-yield id=2 reason=Idle
[machine.2]         1445 task-resume id=4 reason=scheduler
[machine.2]         1445 task-yield id=4 reason=RtosPortYield
[machine.2]         1445 task-resume id=2 reason=scheduler
[machine.2]         1445 task-yield id=2 reason=Idle
[machine.2]         1450 task-resume id=4 reason=scheduler
[machine.2]         1450 task-yield id=4 reason=RtosPortYield
[machine.2]         1450 task-resume id=3 reason=scheduler
[machine.2]         1450 task-yield id=3 reason=RtosPortYield
[machine.2]         1450 user-u32 "watchdog_ok" = 1450
[machine.2]         1450 task-resume id=6 reason=scheduler
[machine.2]         1450 task-yield id=6 reason=RtosPortYield
[machine.2]         1450 user-u32 "deadline_ok" = 0
[machine.2]         1450 task-resume id=1 reason=scheduler
[machine.2]         1450 task-yield id=1 reason=RtosPortYield
[machine.2]         1450 user-u32 "can_recv" = 0
[machine.2]         1450 user-u32 "can_recv" = 0
[machine.2]         1450 user-u32 "can_recv" = 0
[machine.2]         1450 user-u32 "can_recv" = 0
[machine.2]         1450 user-u32 "can_send" = 0
[machine.2]         1450 task-resume id=2 reason=scheduler
[machine.2]         1450 task-yield id=2 reason=Idle
[machine.2]         1455 task-resume id=4 reason=scheduler
[machine.2]         1455 task-yield id=4 reason=RtosPortYield
[machine.2]         1455 task-resume id=2 reason=scheduler
[machine.2]         1455 task-yield id=2 reason=Idle
[machine.2]         1460 task-resume id=4 reason=scheduler
[machine.2]         1460 task-yield id=4 reason=RtosPortYield
[machine.2]         1460 task-resume id=1 reason=scheduler
[machine.2]         1460 task-yield id=1 reason=RtosPortYield
[machine.2]         1460 user-u32 "can_recv" = 0
[machine.2]         1460 user-u32 "can_recv" = 0
[machine.2]         1460 user-u32 "can_recv" = 0
[machine.2]         1460 user-u32 "can_recv" = 0
[machine.2]         1460 user-u32 "can_recv" = 0
[machine.2]         1460 user-u32 "can_recv" = 0
[machine.2]         1460 user-u32 "can_send" = 0
[machine.2]         1460 task-resume id=2 reason=scheduler
[machine.2]         1460 task-yield id=2 reason=Idle
[machine.2]         1465 task-resume id=4 reason=scheduler
[machine.2]         1465 task-yield id=4 reason=RtosPortYield
[machine.2]         1465 task-resume id=2 reason=scheduler
[machine.2]         1465 task-yield id=2 reason=Idle
[machine.2]         1470 task-resume id=4 reason=scheduler
[machine.2]         1470 task-yield id=4 reason=RtosPortYield
[machine.2]         1470 task-resume id=1 reason=scheduler
[machine.2]         1470 task-yield id=1 reason=RtosPortYield
[machine.2]         1470 user-u32 "can_recv" = 0
[machine.2]         1470 user-u32 "can_recv" = 0
[machine.2]         1470 user-u32 "can_recv" = 0
[machine.2]         1470 user-u32 "can_recv" = 0
[machine.2]         1470 user-u32 "can_send" = 0
[machine.2]         1470 task-resume id=2 reason=scheduler
[machine.2]         1470 task-yield id=2 reason=Idle
[machine.2]         1475 task-resume id=4 reason=scheduler
[machine.2]         1475 task-yield id=4 reason=RtosPortYield
[machine.2]         1475 task-resume id=2 reason=scheduler
[machine.2]         1475 task-yield id=2 reason=Idle
[machine.2]         1480 task-resume id=4 reason=scheduler
[machine.2]         1480 task-yield id=4 reason=RtosPortYield
[machine.2]         1480 task-resume id=1 reason=scheduler
[machine.2]         1480 task-yield id=1 reason=RtosPortYield
[machine.2]         1480 user-u32 "can_recv" = 0
[machine.2]         1480 user-u32 "can_recv" = 0
[machine.2]         1480 user-u32 "can_recv" = 0
[machine.2]         1480 user-u32 "can_recv" = 0
[machine.2]         1480 user-u32 "can_send" = 0
[machine.2]         1480 task-resume id=2 reason=scheduler
[machine.2]         1480 task-yield id=2 reason=Idle
[machine.2]         1485 task-resume id=4 reason=scheduler
[machine.2]         1485 task-yield id=4 reason=RtosPortYield
[machine.2]         1485 task-resume id=2 reason=scheduler
[machine.2]         1485 task-yield id=2 reason=Idle
[machine.2]         1490 task-resume id=4 reason=scheduler
[machine.2]         1490 task-yield id=4 reason=RtosPortYield
[machine.2]         1490 task-resume id=1 reason=scheduler
[machine.2]         1490 task-yield id=1 reason=RtosPortYield
[machine.2]         1490 user-u32 "can_recv" = 0
[machine.2]         1490 user-u32 "can_recv" = 0
[machine.2]         1490 user-u32 "can_recv" = 0
[machine.2]         1490 user-u32 "can_recv" = 0
[machine.2]         1490 user-u32 "can_send" = 0
[machine.2]         1490 task-resume id=2 reason=scheduler
[machine.2]         1490 task-yield id=2 reason=Idle
[machine.2]         1495 task-resume id=4 reason=scheduler
[machine.2]         1495 task-yield id=4 reason=RtosPortYield
[machine.2]         1495 task-resume id=2 reason=scheduler
[machine.2]         1495 task-yield id=2 reason=Idle
[machine.2]         1500 task-resume id=4 reason=scheduler
[machine.2]         1500 task-yield id=4 reason=RtosPortYield
[machine.2]         1500 task-resume id=3 reason=scheduler
[machine.2]         1500 task-yield id=3 reason=RtosPortYield
[machine.2]         1500 user-u32 "watchdog_ok" = 1500
[machine.2]         1500 task-resume id=6 reason=scheduler
[machine.2]         1500 task-yield id=6 reason=RtosPortYield
[machine.2]         1500 user-u32 "deadline_ok" = 0
[machine.2]         1500 task-resume id=1 reason=scheduler
[machine.2]         1500 task-yield id=1 reason=RtosPortYield
[machine.2]         1500 user-u32 "can_recv" = 0
[machine.2]         1500 user-u32 "can_recv" = 0
[machine.2]         1500 user-u32 "can_recv" = 0
[machine.2]         1500 user-u32 "can_recv" = 0
[machine.2]         1500 user-u32 "can_send" = 0
[machine.2]         1500 user-u32 "can_send" = 0
[machine.2]         1500 task-resume id=5 reason=scheduler
[machine.2]         1500 task-yield id=5 reason=RtosPortYield
[machine.2]         1500 user-u32 "logger_event" = 65536
[machine.2]         1500 task-resume id=2 reason=scheduler
[machine.2]         1500 task-yield id=2 reason=Idle
[machine.2]         1505 task-resume id=4 reason=scheduler
[machine.2]         1505 task-yield id=4 reason=RtosPortYield
[machine.2]         1505 task-resume id=2 reason=scheduler
[machine.2]         1505 task-yield id=2 reason=Idle
[machine.2]         1510 task-resume id=4 reason=scheduler
[machine.2]         1510 task-yield id=4 reason=RtosPortYield
[machine.2]         1510 task-resume id=1 reason=scheduler
[machine.2]         1510 task-yield id=1 reason=RtosPortYield
[machine.2]         1510 user-u32 "can_recv" = 0
[machine.2]         1510 user-u32 "can_recv" = 0
[machine.2]         1510 user-u32 "can_recv" = 0
[machine.2]         1510 user-u32 "can_recv" = 0
[machine.2]         1510 user-u32 "can_recv" = 0
[machine.2]         1510 user-u32 "can_recv" = 0
[machine.2]         1510 user-u32 "can_recv" = 0
[machine.2]         1510 user-u32 "can_send" = 0
[machine.2]         1510 task-resume id=2 reason=scheduler
[machine.2]         1510 task-yield id=2 reason=Idle
[machine.2]         1515 task-resume id=4 reason=scheduler
[machine.2]         1515 task-yield id=4 reason=RtosPortYield
[machine.2]         1515 task-resume id=2 reason=scheduler
[machine.2]         1515 task-yield id=2 reason=Idle
[machine.2]         1520 task-resume id=4 reason=scheduler
[machine.2]         1520 task-yield id=4 reason=RtosPortYield
[machine.2]         1520 task-resume id=1 reason=scheduler
[machine.2]         1520 task-yield id=1 reason=RtosPortYield
[machine.2]         1520 user-u32 "can_recv" = 0
[machine.2]         1520 user-u32 "can_recv" = 0
[machine.2]         1520 user-u32 "can_recv" = 0
[machine.2]         1520 user-u32 "can_recv" = 0
[machine.2]         1520 user-u32 "can_send" = 0
[machine.2]         1520 task-resume id=2 reason=scheduler
[machine.2]         1520 task-yield id=2 reason=Idle
[machine.2]         1525 task-resume id=4 reason=scheduler
[machine.2]         1525 task-yield id=4 reason=RtosPortYield
[machine.2]         1525 task-resume id=2 reason=scheduler
[machine.2]         1525 task-yield id=2 reason=Idle
[machine.2]         1530 task-resume id=4 reason=scheduler
[machine.2]         1530 task-yield id=4 reason=RtosPortYield
[machine.2]         1530 task-resume id=1 reason=scheduler
[machine.2]         1530 task-yield id=1 reason=RtosPortYield
[machine.2]         1530 user-u32 "can_recv" = 0
[machine.2]         1530 user-u32 "can_recv" = 0
[machine.2]         1530 user-u32 "can_recv" = 0
[machine.2]         1530 user-u32 "can_recv" = 0
[machine.2]         1530 user-u32 "can_send" = 0
[machine.2]         1530 task-resume id=2 reason=scheduler
[machine.2]         1530 task-yield id=2 reason=Idle
[machine.2]         1535 task-resume id=4 reason=scheduler
[machine.2]         1535 task-yield id=4 reason=RtosPortYield
[machine.2]         1535 task-resume id=2 reason=scheduler
[machine.2]         1535 task-yield id=2 reason=Idle
[machine.2]         1540 task-resume id=4 reason=scheduler
[machine.2]         1540 task-yield id=4 reason=RtosPortYield
[machine.2]         1540 task-resume id=1 reason=scheduler
[machine.2]         1540 task-yield id=1 reason=RtosPortYield
[machine.2]         1540 user-u32 "can_recv" = 0
[machine.2]         1540 user-u32 "can_recv" = 0
[machine.2]         1540 user-u32 "can_recv" = 0
[machine.2]         1540 user-u32 "can_recv" = 0
[machine.2]         1540 user-u32 "can_send" = 0
[machine.2]         1540 task-resume id=2 reason=scheduler
[machine.2]         1540 task-yield id=2 reason=Idle
[machine.2]         1545 task-resume id=4 reason=scheduler
[machine.2]         1545 task-yield id=4 reason=RtosPortYield
[machine.2]         1545 task-resume id=2 reason=scheduler
[machine.2]         1545 task-yield id=2 reason=Idle
[machine.2]         1550 task-resume id=4 reason=scheduler
[machine.2]         1550 task-yield id=4 reason=RtosPortYield
[machine.2]         1550 task-resume id=3 reason=scheduler
[machine.2]         1550 task-yield id=3 reason=RtosPortYield
[machine.2]         1550 user-u32 "watchdog_ok" = 1550
[machine.2]         1550 task-resume id=6 reason=scheduler
[machine.2]         1550 task-yield id=6 reason=RtosPortYield
[machine.2]         1550 user-u32 "deadline_ok" = 0
[machine.2]         1550 task-resume id=1 reason=scheduler
[machine.2]         1550 task-yield id=1 reason=RtosPortYield
[machine.2]         1550 user-u32 "can_recv" = 0
[machine.2]         1550 user-u32 "can_recv" = 0
[machine.2]         1550 user-u32 "can_recv" = 0
[machine.2]         1550 user-u32 "can_recv" = 0
[machine.2]         1550 user-u32 "can_send" = 0
[machine.2]         1550 task-resume id=2 reason=scheduler
[machine.2]         1550 task-yield id=2 reason=Idle
[machine.2]         1555 task-resume id=4 reason=scheduler
[machine.2]         1555 task-yield id=4 reason=RtosPortYield
[machine.2]         1555 task-resume id=2 reason=scheduler
[machine.2]         1555 task-yield id=2 reason=Idle
[machine.2]         1560 task-resume id=4 reason=scheduler
[machine.2]         1560 task-yield id=4 reason=RtosPortYield
[machine.2]         1560 task-resume id=1 reason=scheduler
[machine.2]         1560 task-yield id=1 reason=RtosPortYield
[machine.2]         1560 user-u32 "can_recv" = 0
[machine.2]         1560 user-u32 "can_recv" = 0
[machine.2]         1560 user-u32 "can_recv" = 0
[machine.2]         1560 user-u32 "can_recv" = 0
[machine.2]         1560 user-u32 "can_recv" = 0
[machine.2]         1560 user-u32 "can_send" = 0
[machine.2]         1560 task-resume id=2 reason=scheduler
[machine.2]         1560 task-yield id=2 reason=Idle
[machine.2]         1565 task-resume id=4 reason=scheduler
[machine.2]         1565 task-yield id=4 reason=RtosPortYield
[machine.2]         1565 task-resume id=2 reason=scheduler
[machine.2]         1565 task-yield id=2 reason=Idle
[machine.2]         1570 task-resume id=4 reason=scheduler
[machine.2]         1570 task-yield id=4 reason=RtosPortYield
[machine.2]         1570 task-resume id=1 reason=scheduler
[machine.2]         1570 task-yield id=1 reason=RtosPortYield
[machine.2]         1570 user-u32 "can_recv" = 0
[machine.2]         1570 user-u32 "can_recv" = 0
[machine.2]         1570 user-u32 "can_recv" = 0
[machine.2]         1570 user-u32 "can_recv" = 0
[machine.2]         1570 user-u32 "can_send" = 0
[machine.2]         1570 task-resume id=2 reason=scheduler
[machine.2]         1570 task-yield id=2 reason=Idle
[machine.2]         1575 task-resume id=4 reason=scheduler
[machine.2]         1575 task-yield id=4 reason=RtosPortYield
[machine.2]         1575 task-resume id=2 reason=scheduler
[machine.2]         1575 task-yield id=2 reason=Idle
[machine.2]         1580 task-resume id=4 reason=scheduler
[machine.2]         1580 task-yield id=4 reason=RtosPortYield
[machine.2]         1580 task-resume id=1 reason=scheduler
[machine.2]         1580 task-yield id=1 reason=RtosPortYield
[machine.2]         1580 user-u32 "can_recv" = 0
[machine.2]         1580 user-u32 "can_recv" = 0
[machine.2]         1580 user-u32 "can_recv" = 0
[machine.2]         1580 user-u32 "can_recv" = 0
[machine.2]         1580 user-u32 "can_send" = 0
[machine.2]         1580 task-resume id=2 reason=scheduler
[machine.2]         1580 task-yield id=2 reason=Idle
[machine.2]         1585 task-resume id=4 reason=scheduler
[machine.2]         1585 task-yield id=4 reason=RtosPortYield
[machine.2]         1585 task-resume id=2 reason=scheduler
[machine.2]         1585 task-yield id=2 reason=Idle
[machine.2]         1590 task-resume id=4 reason=scheduler
[machine.2]         1590 task-yield id=4 reason=RtosPortYield
[machine.2]         1590 task-resume id=1 reason=scheduler
[machine.2]         1590 task-yield id=1 reason=RtosPortYield
[machine.2]         1590 user-u32 "can_recv" = 0
[machine.2]         1590 user-u32 "can_recv" = 0
[machine.2]         1590 user-u32 "can_recv" = 0
[machine.2]         1590 user-u32 "can_recv" = 0
[machine.2]         1590 user-u32 "can_send" = 0
[machine.2]         1590 task-resume id=2 reason=scheduler
[machine.2]         1590 task-yield id=2 reason=Idle
[machine.2]         1595 task-resume id=4 reason=scheduler
[machine.2]         1595 task-yield id=4 reason=RtosPortYield
[machine.2]         1595 task-resume id=2 reason=scheduler
[machine.2]         1595 task-yield id=2 reason=Idle
[machine.2]         1600 task-resume id=4 reason=scheduler
[machine.2]         1600 task-yield id=4 reason=RtosPortYield
[machine.2]         1600 user-u32 "sensor_poll_tick" = 1600
[machine.2]         1600 task-resume id=3 reason=scheduler
[machine.2]         1600 task-yield id=3 reason=RtosPortYield
[machine.2]         1600 user-u32 "watchdog_ok" = 1600
[machine.2]         1600 task-resume id=6 reason=scheduler
[machine.2]         1600 task-yield id=6 reason=RtosPortYield
[machine.2]         1600 user-u32 "deadline_ok" = 0
[machine.2]         1600 task-resume id=1 reason=scheduler
[machine.2]         1600 task-yield id=1 reason=RtosPortYield
[machine.2]         1600 user-u32 "can_recv" = 0
[machine.2]         1600 user-u32 "can_recv" = 0
[machine.2]         1600 user-u32 "can_recv" = 0
[machine.2]         1600 user-u32 "can_recv" = 0
[machine.2]         1600 user-u32 "can_send" = 0
[machine.2]         1600 user-u32 "can_send" = 0
[machine.2]         1600 task-resume id=5 reason=scheduler
[machine.2]         1600 task-yield id=5 reason=RtosPortYield
[machine.2]         1600 user-u32 "logger_event" = 65536
[machine.2]         1600 task-resume id=2 reason=scheduler
[machine.2]         1600 task-yield id=2 reason=Idle
[machine.2]         1605 task-resume id=4 reason=scheduler
[machine.2]         1605 task-yield id=4 reason=RtosPortYield
[machine.2]         1605 task-resume id=2 reason=scheduler
[machine.2]         1605 task-yield id=2 reason=Idle
[machine.2]         1610 task-resume id=4 reason=scheduler
[machine.2]         1610 task-yield id=4 reason=RtosPortYield
[machine.2]         1610 task-resume id=1 reason=scheduler
[machine.2]         1610 task-yield id=1 reason=RtosPortYield
[machine.2]         1610 user-u32 "can_recv" = 0
[machine.2]         1610 user-u32 "can_recv" = 0
[machine.2]         1610 user-u32 "can_recv" = 0
[machine.2]         1610 user-u32 "can_recv" = 0
[machine.2]         1610 user-u32 "can_recv" = 0
[machine.2]         1610 user-u32 "can_recv" = 0
[machine.2]         1610 user-u32 "can_recv" = 0
[machine.2]         1610 user-u32 "can_send" = 0
[machine.2]         1610 task-resume id=2 reason=scheduler
[machine.2]         1610 task-yield id=2 reason=Idle
[machine.2]         1615 task-resume id=4 reason=scheduler
[machine.2]         1615 task-yield id=4 reason=RtosPortYield
[machine.2]         1615 task-resume id=2 reason=scheduler
[machine.2]         1615 task-yield id=2 reason=Idle
[machine.2]         1620 task-resume id=4 reason=scheduler
[machine.2]         1620 task-yield id=4 reason=RtosPortYield
[machine.2]         1620 task-resume id=1 reason=scheduler
[machine.2]         1620 task-yield id=1 reason=RtosPortYield
[machine.2]         1620 user-u32 "can_recv" = 0
[machine.2]         1620 user-u32 "can_recv" = 0
[machine.2]         1620 user-u32 "can_recv" = 0
[machine.2]         1620 user-u32 "can_recv" = 0
[machine.2]         1620 user-u32 "can_send" = 0
[machine.2]         1620 task-resume id=2 reason=scheduler
[machine.2]         1620 task-yield id=2 reason=Idle
[machine.2]         1625 task-resume id=4 reason=scheduler
[machine.2]         1625 task-yield id=4 reason=RtosPortYield
[machine.2]         1625 task-resume id=2 reason=scheduler
[machine.2]         1625 task-yield id=2 reason=Idle
[machine.2]         1630 task-resume id=4 reason=scheduler
[machine.2]         1630 task-yield id=4 reason=RtosPortYield
[machine.2]         1630 task-resume id=1 reason=scheduler
[machine.2]         1630 task-yield id=1 reason=RtosPortYield
[machine.2]         1630 user-u32 "can_recv" = 0
[machine.2]         1630 user-u32 "can_recv" = 0
[machine.2]         1630 user-u32 "can_recv" = 0
[machine.2]         1630 user-u32 "can_recv" = 0
[machine.2]         1630 user-u32 "can_send" = 0
[machine.2]         1630 task-resume id=2 reason=scheduler
[machine.2]         1630 task-yield id=2 reason=Idle
[machine.2]         1635 task-resume id=4 reason=scheduler
[machine.2]         1635 task-yield id=4 reason=RtosPortYield
[machine.2]         1635 task-resume id=2 reason=scheduler
[machine.2]         1635 task-yield id=2 reason=Idle
[machine.2]         1640 task-resume id=4 reason=scheduler
[machine.2]         1640 task-yield id=4 reason=RtosPortYield
[machine.2]         1640 task-resume id=1 reason=scheduler
[machine.2]         1640 task-yield id=1 reason=RtosPortYield
[machine.2]         1640 user-u32 "can_recv" = 0
[machine.2]         1640 user-u32 "can_recv" = 0
[machine.2]         1640 user-u32 "can_recv" = 0
[machine.2]         1640 user-u32 "can_recv" = 0
[machine.2]         1640 user-u32 "can_send" = 0
[machine.2]         1640 task-resume id=2 reason=scheduler
[machine.2]         1640 task-yield id=2 reason=Idle
[machine.2]         1645 task-resume id=4 reason=scheduler
[machine.2]         1645 task-yield id=4 reason=RtosPortYield
[machine.2]         1645 task-resume id=2 reason=scheduler
[machine.2]         1645 task-yield id=2 reason=Idle
[machine.2]         1650 task-resume id=4 reason=scheduler
[machine.2]         1650 task-yield id=4 reason=RtosPortYield
[machine.2]         1650 task-resume id=3 reason=scheduler
[machine.2]         1650 task-yield id=3 reason=RtosPortYield
[machine.2]         1650 user-u32 "watchdog_ok" = 1650
[machine.2]         1650 task-resume id=6 reason=scheduler
[machine.2]         1650 task-yield id=6 reason=RtosPortYield
[machine.2]         1650 user-u32 "deadline_ok" = 0
[machine.2]         1650 task-resume id=1 reason=scheduler
[machine.2]         1650 task-yield id=1 reason=RtosPortYield
[machine.2]         1650 user-u32 "can_recv" = 0
[machine.2]         1650 user-u32 "can_recv" = 0
[machine.2]         1650 user-u32 "can_recv" = 0
[machine.2]         1650 user-u32 "can_recv" = 0
[machine.2]         1650 user-u32 "can_send" = 0
[machine.2]         1650 task-resume id=2 reason=scheduler
[machine.2]         1650 task-yield id=2 reason=Idle
[machine.2]         1655 task-resume id=4 reason=scheduler
[machine.2]         1655 task-yield id=4 reason=RtosPortYield
[machine.2]         1655 task-resume id=2 reason=scheduler
[machine.2]         1655 task-yield id=2 reason=Idle
[machine.2]         1660 task-resume id=4 reason=scheduler
[machine.2]         1660 task-yield id=4 reason=RtosPortYield
[machine.2]         1660 task-resume id=1 reason=scheduler
[machine.2]         1660 task-yield id=1 reason=RtosPortYield
[machine.2]         1660 user-u32 "can_recv" = 0
[machine.2]         1660 user-u32 "can_recv" = 0
[machine.2]         1660 user-u32 "can_recv" = 0
[machine.2]         1660 user-u32 "can_recv" = 0
[machine.2]         1660 user-u32 "can_recv" = 0
[machine.2]         1660 user-u32 "can_send" = 0
[machine.2]         1660 task-resume id=2 reason=scheduler
[machine.2]         1660 task-yield id=2 reason=Idle
[machine.2]         1665 task-resume id=4 reason=scheduler
[machine.2]         1665 task-yield id=4 reason=RtosPortYield
[machine.2]         1665 task-resume id=2 reason=scheduler
[machine.2]         1665 task-yield id=2 reason=Idle
[machine.2]         1670 task-resume id=4 reason=scheduler
[machine.2]         1670 task-yield id=4 reason=RtosPortYield
[machine.2]         1670 task-resume id=1 reason=scheduler
[machine.2]         1670 task-yield id=1 reason=RtosPortYield
[machine.2]         1670 user-u32 "can_recv" = 0
[machine.2]         1670 user-u32 "can_recv" = 0
[machine.2]         1670 user-u32 "can_recv" = 0
[machine.2]         1670 user-u32 "can_recv" = 0
[machine.2]         1670 user-u32 "can_send" = 0
[machine.2]         1670 task-resume id=2 reason=scheduler
[machine.2]         1670 task-yield id=2 reason=Idle
[machine.2]         1675 task-resume id=4 reason=scheduler
[machine.2]         1675 task-yield id=4 reason=RtosPortYield
[machine.2]         1675 task-resume id=2 reason=scheduler
[machine.2]         1675 task-yield id=2 reason=Idle
[machine.2]         1680 task-resume id=4 reason=scheduler
[machine.2]         1680 task-yield id=4 reason=RtosPortYield
[machine.2]         1680 task-resume id=1 reason=scheduler
[machine.2]         1680 task-yield id=1 reason=RtosPortYield
[machine.2]         1680 user-u32 "can_recv" = 0
[machine.2]         1680 user-u32 "can_recv" = 0
[machine.2]         1680 user-u32 "can_recv" = 0
[machine.2]         1680 user-u32 "can_recv" = 0
[machine.2]         1680 user-u32 "can_send" = 0
[machine.2]         1680 task-resume id=2 reason=scheduler
[machine.2]         1680 task-yield id=2 reason=Idle
[machine.2]         1685 task-resume id=4 reason=scheduler
[machine.2]         1685 task-yield id=4 reason=RtosPortYield
[machine.2]         1685 task-resume id=2 reason=scheduler
[machine.2]         1685 task-yield id=2 reason=Idle
[machine.2]         1690 task-resume id=4 reason=scheduler
[machine.2]         1690 task-yield id=4 reason=RtosPortYield
[machine.2]         1690 task-resume id=1 reason=scheduler
[machine.2]         1690 task-yield id=1 reason=RtosPortYield
[machine.2]         1690 user-u32 "can_recv" = 0
[machine.2]         1690 user-u32 "can_recv" = 0
[machine.2]         1690 user-u32 "can_recv" = 0
[machine.2]         1690 user-u32 "can_recv" = 0
[machine.2]         1690 user-u32 "can_send" = 0
[machine.2]         1690 task-resume id=2 reason=scheduler
[machine.2]         1690 task-yield id=2 reason=Idle
[machine.2]         1695 task-resume id=4 reason=scheduler
[machine.2]         1695 task-yield id=4 reason=RtosPortYield
[machine.2]         1695 task-resume id=2 reason=scheduler
[machine.2]         1695 task-yield id=2 reason=Idle
[machine.2]         1700 task-resume id=4 reason=scheduler
[machine.2]         1700 task-yield id=4 reason=RtosPortYield
[machine.2]         1700 task-resume id=3 reason=scheduler
[machine.2]         1700 task-yield id=3 reason=RtosPortYield
[machine.2]         1700 user-u32 "gateway_timeout" = 1700
[machine.2]         1700 task-resume id=6 reason=scheduler
[machine.2]         1700 task-yield id=6 reason=RtosPortYield
[machine.2]         1700 user-u32 "deadline_ok" = 0
[machine.2]         1700 task-resume id=1 reason=scheduler
[machine.2]         1700 task-yield id=1 reason=RtosPortYield
[machine.2]         1700 user-u32 "can_recv" = 0
[machine.2]         1700 user-u32 "can_recv" = 0
[machine.2]         1700 user-u32 "can_recv" = 0
[machine.2]         1700 user-u32 "can_recv" = 0
[machine.2]         1700 user-u32 "can_send" = 0
[machine.2]         1700 user-u32 "can_send" = 0
[machine.2]         1700 task-resume id=5 reason=scheduler
[machine.2]         1700 task-yield id=5 reason=RtosPortYield
[machine.2]         1700 user-u32 "logger_event" = 0
[machine.2]         1700 task-resume id=2 reason=scheduler
[machine.2]         1700 task-yield id=2 reason=Idle
[machine.2]         1705 task-resume id=4 reason=scheduler
[machine.2]         1705 task-yield id=4 reason=RtosPortYield
[machine.2]         1705 task-resume id=2 reason=scheduler
[machine.2]         1705 task-yield id=2 reason=Idle
[machine.2]         1710 task-resume id=4 reason=scheduler
[machine.2]         1710 task-yield id=4 reason=RtosPortYield
[machine.2]         1710 task-resume id=1 reason=scheduler
[machine.2]         1710 task-yield id=1 reason=RtosPortYield
[machine.2]         1710 user-u32 "can_recv" = 0
[machine.2]         1710 user-u32 "can_recv" = 0
[machine.2]         1710 user-u32 "can_recv" = 0
[machine.2]         1710 user-u32 "can_recv" = 0
[machine.2]         1710 user-u32 "can_recv" = 0
[machine.2]         1710 user-u32 "can_recv" = 0
[machine.2]         1710 user-u32 "can_recv" = 0
[machine.2]         1710 user-u32 "can_send" = 0
[machine.2]         1710 task-resume id=2 reason=scheduler
[machine.2]         1710 task-yield id=2 reason=Idle
[machine.2]         1715 task-resume id=4 reason=scheduler
[machine.2]         1715 task-yield id=4 reason=RtosPortYield
[machine.2]         1715 task-resume id=2 reason=scheduler
[machine.2]         1715 task-yield id=2 reason=Idle
[machine.2]         1720 task-resume id=4 reason=scheduler
[machine.2]         1720 task-yield id=4 reason=RtosPortYield
[machine.2]         1720 task-resume id=1 reason=scheduler
[machine.2]         1720 task-yield id=1 reason=RtosPortYield
[machine.2]         1720 user-u32 "can_recv" = 0
[machine.2]         1720 user-u32 "can_recv" = 0
[machine.2]         1720 user-u32 "can_recv" = 0
[machine.2]         1720 user-u32 "can_recv" = 0
[machine.2]         1720 user-u32 "can_send" = 0
[machine.2]         1720 task-resume id=2 reason=scheduler
[machine.2]         1720 task-yield id=2 reason=Idle
[machine.2]         1725 task-resume id=4 reason=scheduler
[machine.2]         1725 task-yield id=4 reason=RtosPortYield
[machine.2]         1725 task-resume id=2 reason=scheduler
[machine.2]         1725 task-yield id=2 reason=Idle
[machine.2]         1730 task-resume id=4 reason=scheduler
[machine.2]         1730 task-yield id=4 reason=RtosPortYield
[machine.2]         1730 task-resume id=1 reason=scheduler
[machine.2]         1730 task-yield id=1 reason=RtosPortYield
[machine.2]         1730 user-u32 "can_recv" = 0
[machine.2]         1730 user-u32 "can_recv" = 0
[machine.2]         1730 user-u32 "can_recv" = 0
[machine.2]         1730 user-u32 "can_recv" = 0
[machine.2]         1730 user-u32 "can_send" = 0
[machine.2]         1730 task-resume id=2 reason=scheduler
[machine.2]         1730 task-yield id=2 reason=Idle
[machine.2]         1735 task-resume id=4 reason=scheduler
[machine.2]         1735 task-yield id=4 reason=RtosPortYield
[machine.2]         1735 task-resume id=2 reason=scheduler
[machine.2]         1735 task-yield id=2 reason=Idle
[machine.2]         1740 task-resume id=4 reason=scheduler
[machine.2]         1740 task-yield id=4 reason=RtosPortYield
[machine.2]         1740 task-resume id=1 reason=scheduler
[machine.2]         1740 task-yield id=1 reason=RtosPortYield
[machine.2]         1740 user-u32 "can_recv" = 0
[machine.2]         1740 user-u32 "can_recv" = 0
[machine.2]         1740 user-u32 "can_recv" = 0
[machine.2]         1740 user-u32 "can_recv" = 0
[machine.2]         1740 user-u32 "can_send" = 0
[machine.2]         1740 task-resume id=2 reason=scheduler
[machine.2]         1740 task-yield id=2 reason=Idle
[machine.2]         1745 task-resume id=4 reason=scheduler
[machine.2]         1745 task-yield id=4 reason=RtosPortYield
[machine.2]         1745 task-resume id=2 reason=scheduler
[machine.2]         1745 task-yield id=2 reason=Idle
[machine.2]         1750 task-resume id=4 reason=scheduler
[machine.2]         1750 task-yield id=4 reason=RtosPortYield
[machine.2]         1750 task-resume id=3 reason=scheduler
[machine.2]         1750 task-yield id=3 reason=RtosPortYield
[machine.2]         1750 user-u32 "gateway_timeout" = 1750
[machine.2]         1750 task-resume id=6 reason=scheduler
[machine.2]         1750 task-yield id=6 reason=RtosPortYield
[machine.2]         1750 user-u32 "deadline_ok" = 0
[machine.2]         1750 task-resume id=1 reason=scheduler
[machine.2]         1750 task-yield id=1 reason=RtosPortYield
[machine.2]         1750 user-u32 "can_recv" = 0
[machine.2]         1750 user-u32 "can_recv" = 0
[machine.2]         1750 user-u32 "can_recv" = 0
[machine.2]         1750 user-u32 "can_recv" = 0
[machine.2]         1750 user-u32 "can_send" = 0
[machine.2]         1750 task-resume id=2 reason=scheduler
[machine.2]         1750 task-yield id=2 reason=Idle
[machine.2]         1755 task-resume id=4 reason=scheduler
[machine.2]         1755 task-yield id=4 reason=RtosPortYield
[machine.2]         1755 task-resume id=2 reason=scheduler
[machine.2]         1755 task-yield id=2 reason=Idle
[machine.2]         1760 task-resume id=4 reason=scheduler
[machine.2]         1760 task-yield id=4 reason=RtosPortYield
[machine.2]         1760 task-resume id=1 reason=scheduler
[machine.2]         1760 task-yield id=1 reason=RtosPortYield
[machine.2]         1760 user-u32 "can_recv" = 0
[machine.2]         1760 user-u32 "can_recv" = 0
[machine.2]         1760 user-u32 "can_recv" = 0
[machine.2]         1760 user-u32 "can_recv" = 0
[machine.2]         1760 user-u32 "can_recv" = 0
[machine.2]         1760 user-u32 "can_send" = 0
[machine.2]         1760 task-resume id=2 reason=scheduler
[machine.2]         1760 task-yield id=2 reason=Idle
[machine.2]         1765 task-resume id=4 reason=scheduler
[machine.2]         1765 task-yield id=4 reason=RtosPortYield
[machine.2]         1765 task-resume id=2 reason=scheduler
[machine.2]         1765 task-yield id=2 reason=Idle
[machine.2]         1770 task-resume id=4 reason=scheduler
[machine.2]         1770 task-yield id=4 reason=RtosPortYield
[machine.2]         1770 task-resume id=1 reason=scheduler
[machine.2]         1770 task-yield id=1 reason=RtosPortYield
[machine.2]         1770 user-u32 "can_recv" = 0
[machine.2]         1770 user-u32 "can_recv" = 0
[machine.2]         1770 user-u32 "can_recv" = 0
[machine.2]         1770 user-u32 "can_recv" = 0
[machine.2]         1770 user-u32 "can_send" = 0
[machine.2]         1770 task-resume id=2 reason=scheduler
[machine.2]         1770 task-yield id=2 reason=Idle
[machine.2]         1775 task-resume id=4 reason=scheduler
[machine.2]         1775 task-yield id=4 reason=RtosPortYield
[machine.2]         1775 task-resume id=2 reason=scheduler
[machine.2]         1775 task-yield id=2 reason=Idle
[machine.2]         1780 task-resume id=4 reason=scheduler
[machine.2]         1780 task-yield id=4 reason=RtosPortYield
[machine.2]         1780 task-resume id=1 reason=scheduler
[machine.2]         1780 task-yield id=1 reason=RtosPortYield
[machine.2]         1780 user-u32 "can_recv" = 0
[machine.2]         1780 user-u32 "can_recv" = 0
[machine.2]         1780 user-u32 "can_recv" = 0
[machine.2]         1780 user-u32 "can_recv" = 0
[machine.2]         1780 user-u32 "can_send" = 0
[machine.2]         1780 task-resume id=2 reason=scheduler
[machine.2]         1780 task-yield id=2 reason=Idle
[machine.2]         1785 task-resume id=4 reason=scheduler
[machine.2]         1785 task-yield id=4 reason=RtosPortYield
[machine.2]         1785 task-resume id=2 reason=scheduler
[machine.2]         1785 task-yield id=2 reason=Idle
[machine.2]         1790 task-resume id=4 reason=scheduler
[machine.2]         1790 task-yield id=4 reason=RtosPortYield
[machine.2]         1790 task-resume id=1 reason=scheduler
[machine.2]         1790 task-yield id=1 reason=RtosPortYield
[machine.2]         1790 user-u32 "can_recv" = 0
[machine.2]         1790 user-u32 "can_recv" = 0
[machine.2]         1790 user-u32 "can_recv" = 0
[machine.2]         1790 user-u32 "can_recv" = 0
[machine.2]         1790 user-u32 "can_send" = 0
[machine.2]         1790 task-resume id=2 reason=scheduler
[machine.2]         1790 task-yield id=2 reason=Idle
[machine.2]         1795 task-resume id=4 reason=scheduler
[machine.2]         1795 task-yield id=4 reason=RtosPortYield
[machine.2]         1795 task-resume id=2 reason=scheduler
[machine.2]         1795 task-yield id=2 reason=Idle
[machine.2]         1800 task-resume id=4 reason=scheduler
[machine.2]         1800 task-yield id=4 reason=RtosPortYield
[machine.2]         1800 user-u32 "sensor_poll_tick" = 1800
[machine.2]         1800 task-resume id=3 reason=scheduler
[machine.2]         1800 task-yield id=3 reason=RtosPortYield
[machine.2]         1800 user-u32 "gateway_timeout" = 1800
[machine.2]         1800 task-resume id=6 reason=scheduler
[machine.2]         1800 task-yield id=6 reason=RtosPortYield
[machine.2]         1800 user-u32 "deadline_ok" = 0
[machine.2]         1800 task-resume id=1 reason=scheduler
[machine.2]         1800 task-yield id=1 reason=RtosPortYield
[machine.2]         1800 user-u32 "can_recv" = 0
[machine.2]         1800 user-u32 "can_recv" = 0
[machine.2]         1800 user-u32 "can_recv" = 0
[machine.2]         1800 user-u32 "can_recv" = 0
[machine.2]         1800 user-u32 "can_send" = 0
[machine.2]         1800 user-u32 "can_send" = 0
[machine.2]         1800 task-resume id=5 reason=scheduler
[machine.2]         1800 task-yield id=5 reason=RtosPortYield
[machine.2]         1800 user-u32 "logger_event" = 0
[machine.2]         1800 task-resume id=2 reason=scheduler
[machine.2]         1800 task-yield id=2 reason=Idle
[machine.2]         1805 task-resume id=4 reason=scheduler
[machine.2]         1805 task-yield id=4 reason=RtosPortYield
[machine.2]         1805 task-resume id=2 reason=scheduler
[machine.2]         1805 task-yield id=2 reason=Idle
[machine.2]         1810 task-resume id=4 reason=scheduler
[machine.2]         1810 task-yield id=4 reason=RtosPortYield
[machine.2]         1810 task-resume id=1 reason=scheduler
[machine.2]         1810 task-yield id=1 reason=RtosPortYield
[machine.2]         1810 user-u32 "can_recv" = 0
[machine.2]         1810 user-u32 "can_recv" = 0
[machine.2]         1810 user-u32 "can_recv" = 0
[machine.2]         1810 user-u32 "can_recv" = 0
[machine.2]         1810 user-u32 "can_recv" = 0
[machine.2]         1810 user-u32 "can_recv" = 0
[machine.2]         1810 user-u32 "can_recv" = 0
[machine.2]         1810 user-u32 "can_send" = 0
[machine.2]         1810 task-resume id=2 reason=scheduler
[machine.2]         1810 task-yield id=2 reason=Idle
[machine.2]         1815 task-resume id=4 reason=scheduler
[machine.2]         1815 task-yield id=4 reason=RtosPortYield
[machine.2]         1815 task-resume id=2 reason=scheduler
[machine.2]         1815 task-yield id=2 reason=Idle
[machine.2]         1820 task-resume id=4 reason=scheduler
[machine.2]         1820 task-yield id=4 reason=RtosPortYield
[machine.2]         1820 task-resume id=1 reason=scheduler
[machine.2]         1820 task-yield id=1 reason=RtosPortYield
[machine.2]         1820 user-u32 "can_recv" = 0
[machine.2]         1820 user-u32 "can_recv" = 0
[machine.2]         1820 user-u32 "can_recv" = 0
[machine.2]         1820 user-u32 "can_recv" = 0
[machine.2]         1820 user-u32 "can_send" = 0
[machine.2]         1820 task-resume id=2 reason=scheduler
[machine.2]         1820 task-yield id=2 reason=Idle
[machine.2]         1825 task-resume id=4 reason=scheduler
[machine.2]         1825 task-yield id=4 reason=RtosPortYield
[machine.2]         1825 task-resume id=2 reason=scheduler
[machine.2]         1825 task-yield id=2 reason=Idle
[machine.2]         1830 task-resume id=4 reason=scheduler
[machine.2]         1830 task-yield id=4 reason=RtosPortYield
[machine.2]         1830 task-resume id=1 reason=scheduler
[machine.2]         1830 task-yield id=1 reason=RtosPortYield
[machine.2]         1830 user-u32 "can_recv" = 0
[machine.2]         1830 user-u32 "can_recv" = 0
[machine.2]         1830 user-u32 "can_recv" = 0
[machine.2]         1830 user-u32 "can_recv" = 0
[machine.2]         1830 user-u32 "can_send" = 0
[machine.2]         1830 task-resume id=2 reason=scheduler
[machine.2]         1830 task-yield id=2 reason=Idle
[machine.2]         1835 task-resume id=4 reason=scheduler
[machine.2]         1835 task-yield id=4 reason=RtosPortYield
[machine.2]         1835 task-resume id=2 reason=scheduler
[machine.2]         1835 task-yield id=2 reason=Idle
[machine.2]         1840 task-resume id=4 reason=scheduler
[machine.2]         1840 task-yield id=4 reason=RtosPortYield
[machine.2]         1840 task-resume id=1 reason=scheduler
[machine.2]         1840 task-yield id=1 reason=RtosPortYield
[machine.2]         1840 user-u32 "can_recv" = 0
[machine.2]         1840 user-u32 "can_recv" = 0
[machine.2]         1840 user-u32 "can_recv" = 0
[machine.2]         1840 user-u32 "can_recv" = 0
[machine.2]         1840 user-u32 "can_send" = 0
[machine.2]         1840 task-resume id=2 reason=scheduler
[machine.2]         1840 task-yield id=2 reason=Idle
[machine.2]         1845 task-resume id=4 reason=scheduler
[machine.2]         1845 task-yield id=4 reason=RtosPortYield
[machine.2]         1845 task-resume id=2 reason=scheduler
[machine.2]         1845 task-yield id=2 reason=Idle
[machine.2]         1850 task-resume id=4 reason=scheduler
[machine.2]         1850 task-yield id=4 reason=RtosPortYield
[machine.2]         1850 task-resume id=3 reason=scheduler
[machine.2]         1850 task-yield id=3 reason=RtosPortYield
[machine.2]         1850 user-u32 "gateway_timeout" = 1850
[machine.2]         1850 task-resume id=6 reason=scheduler
[machine.2]         1850 task-yield id=6 reason=RtosPortYield
[machine.2]         1850 user-u32 "deadline_ok" = 0
[machine.2]         1850 task-resume id=1 reason=scheduler
[machine.2]         1850 task-yield id=1 reason=RtosPortYield
[machine.2]         1850 user-u32 "can_recv" = 0
[machine.2]         1850 user-u32 "can_recv" = 0
[machine.2]         1850 user-u32 "can_recv" = 0
[machine.2]         1850 user-u32 "can_recv" = 0
[machine.2]         1850 user-u32 "can_send" = 0
[machine.2]         1850 task-resume id=2 reason=scheduler
[machine.2]         1850 task-yield id=2 reason=Idle
[machine.2]         1855 task-resume id=4 reason=scheduler
[machine.2]         1855 task-yield id=4 reason=RtosPortYield
[machine.2]         1855 task-resume id=2 reason=scheduler
[machine.2]         1855 task-yield id=2 reason=Idle
[machine.2]         1860 task-resume id=4 reason=scheduler
[machine.2]         1860 task-yield id=4 reason=RtosPortYield
[machine.2]         1860 task-resume id=1 reason=scheduler
[machine.2]         1860 task-yield id=1 reason=RtosPortYield
[machine.2]         1860 user-u32 "can_recv" = 0
[machine.2]         1860 user-u32 "can_recv" = 0
[machine.2]         1860 user-u32 "can_recv" = 0
[machine.2]         1860 user-u32 "can_recv" = 0
[machine.2]         1860 user-u32 "can_recv" = 0
[machine.2]         1860 user-u32 "can_send" = 0
[machine.2]         1860 task-resume id=2 reason=scheduler
[machine.2]         1860 task-yield id=2 reason=Idle
[machine.2]         1865 task-resume id=4 reason=scheduler
[machine.2]         1865 task-yield id=4 reason=RtosPortYield
[machine.2]         1865 task-resume id=2 reason=scheduler
[machine.2]         1865 task-yield id=2 reason=Idle
[machine.2]         1870 task-resume id=4 reason=scheduler
[machine.2]         1870 task-yield id=4 reason=RtosPortYield
[machine.2]         1870 task-resume id=1 reason=scheduler
[machine.2]         1870 task-yield id=1 reason=RtosPortYield
[machine.2]         1870 user-u32 "can_recv" = 0
[machine.2]         1870 user-u32 "can_recv" = 0
[machine.2]         1870 user-u32 "can_recv" = 0
[machine.2]         1870 user-u32 "can_recv" = 0
[machine.2]         1870 user-u32 "can_send" = 0
[machine.2]         1870 task-resume id=2 reason=scheduler
[machine.2]         1870 task-yield id=2 reason=Idle
[machine.2]         1875 task-resume id=4 reason=scheduler
[machine.2]         1875 task-yield id=4 reason=RtosPortYield
[machine.2]         1875 task-resume id=2 reason=scheduler
[machine.2]         1875 task-yield id=2 reason=Idle
[machine.2]         1880 task-resume id=4 reason=scheduler
[machine.2]         1880 task-yield id=4 reason=RtosPortYield
[machine.2]         1880 task-resume id=1 reason=scheduler
[machine.2]         1880 task-yield id=1 reason=RtosPortYield
[machine.2]         1880 user-u32 "can_recv" = 0
[machine.2]         1880 user-u32 "can_recv" = 0
[machine.2]         1880 user-u32 "can_recv" = 0
[machine.2]         1880 user-u32 "can_recv" = 0
[machine.2]         1880 user-u32 "can_send" = 0
[machine.2]         1880 task-resume id=2 reason=scheduler
[machine.2]         1880 task-yield id=2 reason=Idle
[machine.2]         1885 task-resume id=4 reason=scheduler
[machine.2]         1885 task-yield id=4 reason=RtosPortYield
[machine.2]         1885 task-resume id=2 reason=scheduler
[machine.2]         1885 task-yield id=2 reason=Idle
[machine.2]         1890 task-resume id=4 reason=scheduler
[machine.2]         1890 task-yield id=4 reason=RtosPortYield
[machine.2]         1890 task-resume id=1 reason=scheduler
[machine.2]         1890 task-yield id=1 reason=RtosPortYield
[machine.2]         1890 user-u32 "can_recv" = 0
[machine.2]         1890 user-u32 "can_recv" = 0
[machine.2]         1890 user-u32 "can_recv" = 0
[machine.2]         1890 user-u32 "can_recv" = 0
[machine.2]         1890 user-u32 "can_send" = 0
[machine.2]         1890 task-resume id=2 reason=scheduler
[machine.2]         1890 task-yield id=2 reason=Idle
[machine.2]         1895 task-resume id=4 reason=scheduler
[machine.2]         1895 task-yield id=4 reason=RtosPortYield
[machine.2]         1895 task-resume id=2 reason=scheduler
[machine.2]         1895 task-yield id=2 reason=Idle
[machine.2]         1900 task-resume id=4 reason=scheduler
[machine.2]         1900 task-yield id=4 reason=RtosPortYield
[machine.2]         1900 task-resume id=3 reason=scheduler
[machine.2]         1900 task-yield id=3 reason=RtosPortYield
[machine.2]         1900 user-u32 "gateway_timeout" = 1900
[machine.2]         1900 task-resume id=6 reason=scheduler
[machine.2]         1900 task-yield id=6 reason=RtosPortYield
[machine.2]         1900 user-u32 "deadline_ok" = 0
[machine.2]         1900 task-resume id=1 reason=scheduler
[machine.2]         1900 task-yield id=1 reason=RtosPortYield
[machine.2]         1900 user-u32 "can_recv" = 0
[machine.2]         1900 user-u32 "can_recv" = 0
[machine.2]         1900 user-u32 "can_recv" = 0
[machine.2]         1900 user-u32 "can_recv" = 0
[machine.2]         1900 user-u32 "can_send" = 0
[machine.2]         1900 user-u32 "can_send" = 0
[machine.2]         1900 task-resume id=5 reason=scheduler
[machine.2]         1900 task-yield id=5 reason=RtosPortYield
[machine.2]         1900 user-u32 "logger_event" = 0
[machine.2]         1900 task-resume id=2 reason=scheduler
[machine.2]         1900 task-yield id=2 reason=Idle
[machine.2]         1905 task-resume id=4 reason=scheduler
[machine.2]         1905 task-yield id=4 reason=RtosPortYield
[machine.2]         1905 task-resume id=2 reason=scheduler
[machine.2]         1905 task-yield id=2 reason=Idle
[machine.2]         1910 task-resume id=4 reason=scheduler
[machine.2]         1910 task-yield id=4 reason=RtosPortYield
[machine.2]         1910 task-resume id=1 reason=scheduler
[machine.2]         1910 task-yield id=1 reason=RtosPortYield
[machine.2]         1910 user-u32 "can_recv" = 0
[machine.2]         1910 user-u32 "can_recv" = 0
[machine.2]         1910 user-u32 "can_recv" = 0
[machine.2]         1910 user-u32 "can_recv" = 0
[machine.2]         1910 user-u32 "can_recv" = 0
[machine.2]         1910 user-u32 "can_recv" = 0
[machine.2]         1910 user-u32 "can_recv" = 0
[machine.2]         1910 user-u32 "can_send" = 0
[machine.2]         1910 task-resume id=2 reason=scheduler
[machine.2]         1910 task-yield id=2 reason=Idle
[machine.2]         1915 task-resume id=4 reason=scheduler
[machine.2]         1915 task-yield id=4 reason=RtosPortYield
[machine.2]         1915 task-resume id=2 reason=scheduler
[machine.2]         1915 task-yield id=2 reason=Idle
[machine.2]         1920 task-resume id=4 reason=scheduler
[machine.2]         1920 task-yield id=4 reason=RtosPortYield
[machine.2]         1920 task-resume id=1 reason=scheduler
[machine.2]         1920 task-yield id=1 reason=RtosPortYield
[machine.2]         1920 user-u32 "can_recv" = 0
[machine.2]         1920 user-u32 "can_recv" = 0
[machine.2]         1920 user-u32 "can_recv" = 0
[machine.2]         1920 user-u32 "can_recv" = 0
[machine.2]         1920 user-u32 "can_send" = 0
[machine.2]         1920 task-resume id=2 reason=scheduler
[machine.2]         1920 task-yield id=2 reason=Idle
[machine.2]         1925 task-resume id=4 reason=scheduler
[machine.2]         1925 task-yield id=4 reason=RtosPortYield
[machine.2]         1925 task-resume id=2 reason=scheduler
[machine.2]         1925 task-yield id=2 reason=Idle
[machine.2]         1930 task-resume id=4 reason=scheduler
[machine.2]         1930 task-yield id=4 reason=RtosPortYield
[machine.2]         1930 task-resume id=1 reason=scheduler
[machine.2]         1930 task-yield id=1 reason=RtosPortYield
[machine.2]         1930 user-u32 "can_recv" = 0
[machine.2]         1930 user-u32 "can_recv" = 0
[machine.2]         1930 user-u32 "can_recv" = 0
[machine.2]         1930 user-u32 "can_recv" = 0
[machine.2]         1930 user-u32 "can_send" = 0
[machine.2]         1930 task-resume id=2 reason=scheduler
[machine.2]         1930 task-yield id=2 reason=Idle
[machine.2]         1935 task-resume id=4 reason=scheduler
[machine.2]         1935 task-yield id=4 reason=RtosPortYield
[machine.2]         1935 task-resume id=2 reason=scheduler
[machine.2]         1935 task-yield id=2 reason=Idle
[machine.2]         1940 task-resume id=4 reason=scheduler
[machine.2]         1940 task-yield id=4 reason=RtosPortYield
[machine.2]         1940 task-resume id=1 reason=scheduler
[machine.2]         1940 task-yield id=1 reason=RtosPortYield
[machine.2]         1940 user-u32 "can_recv" = 0
[machine.2]         1940 user-u32 "can_recv" = 0
[machine.2]         1940 user-u32 "can_recv" = 0
[machine.2]         1940 user-u32 "can_recv" = 0
[machine.2]         1940 user-u32 "can_send" = 0
[machine.2]         1940 task-resume id=2 reason=scheduler
[machine.2]         1940 task-yield id=2 reason=Idle
[machine.2]         1945 task-resume id=4 reason=scheduler
[machine.2]         1945 task-yield id=4 reason=RtosPortYield
[machine.2]         1945 task-resume id=2 reason=scheduler
[machine.2]         1945 task-yield id=2 reason=Idle
[machine.2]         1950 task-resume id=4 reason=scheduler
[machine.2]         1950 task-yield id=4 reason=RtosPortYield
[machine.2]         1950 task-resume id=3 reason=scheduler
[machine.2]         1950 task-yield id=3 reason=RtosPortYield
[machine.2]         1950 user-u32 "gateway_timeout" = 1950
[machine.2]         1950 task-resume id=6 reason=scheduler
[machine.2]         1950 task-yield id=6 reason=RtosPortYield
[machine.2]         1950 user-u32 "deadline_ok" = 0
[machine.2]         1950 task-resume id=1 reason=scheduler
[machine.2]         1950 task-yield id=1 reason=RtosPortYield
[machine.2]         1950 user-u32 "can_recv" = 0
[machine.2]         1950 user-u32 "can_recv" = 0
[machine.2]         1950 user-u32 "can_recv" = 0
[machine.2]         1950 user-u32 "can_recv" = 0
[machine.2]         1950 user-u32 "can_send" = 0
[machine.2]         1950 task-resume id=2 reason=scheduler
[machine.2]         1950 task-yield id=2 reason=Idle
[machine.2]         1955 task-resume id=4 reason=scheduler
[machine.2]         1955 task-yield id=4 reason=RtosPortYield
[machine.2]         1955 task-resume id=2 reason=scheduler
[machine.2]         1955 task-yield id=2 reason=Idle
[machine.2]         1960 task-resume id=4 reason=scheduler
[machine.2]         1960 task-yield id=4 reason=RtosPortYield
[machine.2]         1960 task-resume id=1 reason=scheduler
[machine.2]         1960 task-yield id=1 reason=RtosPortYield
[machine.2]         1960 user-u32 "can_recv" = 0
[machine.2]         1960 user-u32 "can_recv" = 0
[machine.2]         1960 user-u32 "can_recv" = 0
[machine.2]         1960 user-u32 "can_recv" = 0
[machine.2]         1960 user-u32 "can_recv" = 0
[machine.2]         1960 user-u32 "can_send" = 0
[machine.2]         1960 task-resume id=2 reason=scheduler
[machine.2]         1960 task-yield id=2 reason=Idle
[machine.2]         1965 task-resume id=4 reason=scheduler
[machine.2]         1965 task-yield id=4 reason=RtosPortYield
[machine.2]         1965 task-resume id=2 reason=scheduler
[machine.2]         1965 task-yield id=2 reason=Idle
[machine.2]         1970 task-resume id=4 reason=scheduler
[machine.2]         1970 task-yield id=4 reason=RtosPortYield
[machine.2]         1970 task-resume id=1 reason=scheduler
[machine.2]         1970 task-yield id=1 reason=RtosPortYield
[machine.2]         1970 user-u32 "can_recv" = 0
[machine.2]         1970 user-u32 "can_recv" = 0
[machine.2]         1970 user-u32 "can_recv" = 0
[machine.2]         1970 user-u32 "can_recv" = 0
[machine.2]         1970 user-u32 "can_send" = 0
[machine.2]         1970 task-resume id=2 reason=scheduler
[machine.2]         1970 task-yield id=2 reason=Idle
[machine.2]         1975 task-resume id=4 reason=scheduler
[machine.2]         1975 task-yield id=4 reason=RtosPortYield
[machine.2]         1975 task-resume id=2 reason=scheduler
[machine.2]         1975 task-yield id=2 reason=Idle
[machine.2]         1980 task-resume id=4 reason=scheduler
[machine.2]         1980 task-yield id=4 reason=RtosPortYield
[machine.2]         1980 task-resume id=1 reason=scheduler
[machine.2]         1980 task-yield id=1 reason=RtosPortYield
[machine.2]         1980 user-u32 "can_recv" = 0
[machine.2]         1980 user-u32 "can_recv" = 0
[machine.2]         1980 user-u32 "can_recv" = 0
[machine.2]         1980 user-u32 "can_recv" = 0
[machine.2]         1980 user-u32 "can_send" = 0
[machine.2]         1980 task-resume id=2 reason=scheduler
[machine.2]         1980 task-yield id=2 reason=Idle
[machine.2]         1985 task-resume id=4 reason=scheduler
[machine.2]         1985 task-yield id=4 reason=RtosPortYield
[machine.2]         1985 task-resume id=2 reason=scheduler
[machine.2]         1985 task-yield id=2 reason=Idle
[machine.2]         1990 task-resume id=4 reason=scheduler
[machine.2]         1990 task-yield id=4 reason=RtosPortYield
[machine.2]         1990 task-resume id=1 reason=scheduler
[machine.2]         1990 task-yield id=1 reason=RtosPortYield
[machine.2]         1990 user-u32 "can_recv" = 0
[machine.2]         1990 user-u32 "can_recv" = 0
[machine.2]         1990 user-u32 "can_recv" = 0
[machine.2]         1990 user-u32 "can_recv" = 0
[machine.2]         1990 user-u32 "can_send" = 0
[machine.2]         1990 task-resume id=2 reason=scheduler
[machine.2]         1990 task-yield id=2 reason=Idle
[machine.2]         1995 task-resume id=4 reason=scheduler
[machine.2]         1995 task-yield id=4 reason=RtosPortYield
[machine.2]         1995 task-resume id=2 reason=scheduler
[machine.2]         1995 task-yield id=2 reason=Idle
[machine.2]         2000 task-resume id=4 reason=scheduler
[machine.2]         2000 task-yield id=4 reason=RtosPortYield
[machine.2]         2000 user-u32 "sensor_poll_tick" = 2000
[machine.2]         2000 task-resume id=3 reason=scheduler
[machine.2]         2000 task-yield id=3 reason=RtosPortYield
[machine.2]         2000 user-u32 "gateway_timeout" = 2000
[machine.2]         2000 task-resume id=6 reason=scheduler
[machine.2]         2000 task-yield id=6 reason=RtosPortYield
[machine.2]         2000 user-u32 "deadline_ok" = 0
[machine.2]         2000 task-resume id=1 reason=scheduler
[machine.2]         2000 task-yield id=1 reason=RtosPortYield
[machine.2]         2000 user-u32 "can_recv" = 0
[machine.2]         2000 user-u32 "can_recv" = 0
[machine.2]         2000 user-u32 "can_recv" = 0
[machine.2]         2000 user-u32 "can_recv" = 0
[machine.2]         2000 user-u32 "can_send" = 0
[machine.2]         2000 user-u32 "can_send" = 0
[machine.2]         2000 task-resume id=5 reason=scheduler
[machine.2]         2000 task-yield id=5 reason=RtosPortYield
[machine.2]         2000 user-u32 "logger_event" = 0
[machine.2]         2000 task-resume id=2 reason=scheduler
[machine.2]         2000 task-yield id=2 reason=Idle
[machine.2]         2005 task-resume id=4 reason=scheduler
[machine.2]         2005 task-yield id=4 reason=RtosPortYield
[machine.2]         2005 task-resume id=2 reason=scheduler
[machine.2]         2005 task-yield id=2 reason=Idle
[machine.2]         2010 task-resume id=4 reason=scheduler
[machine.2]         2010 task-yield id=4 reason=RtosPortYield
[machine.2]         2010 task-resume id=1 reason=scheduler
[machine.2]         2010 task-yield id=1 reason=RtosPortYield
[machine.2]         2010 user-u32 "can_recv" = 0
[machine.2]         2010 user-u32 "can_recv" = 0
[machine.2]         2010 user-u32 "can_recv" = 0
[machine.2]         2010 user-u32 "can_recv" = 0
[machine.2]         2010 user-u32 "can_recv" = 0
[machine.2]         2010 user-u32 "can_recv" = 0
[machine.2]         2010 user-u32 "can_recv" = 0
[machine.2]         2010 user-u32 "can_send" = 0
[machine.2]         2010 task-resume id=2 reason=scheduler
[machine.2]         2010 task-yield id=2 reason=Idle
[machine.2]         2015 task-resume id=4 reason=scheduler
[machine.2]         2015 task-yield id=4 reason=RtosPortYield
[machine.2]         2015 task-resume id=2 reason=scheduler
[machine.2]         2015 task-yield id=2 reason=Idle
[machine.2]         2020 task-resume id=4 reason=scheduler
[machine.2]         2020 task-yield id=4 reason=RtosPortYield
[machine.2]         2020 task-resume id=1 reason=scheduler
[machine.2]         2020 task-yield id=1 reason=RtosPortYield
[machine.2]         2020 user-u32 "can_recv" = 0
[machine.2]         2020 user-u32 "can_recv" = 0
[machine.2]         2020 user-u32 "can_recv" = 0
[machine.2]         2020 user-u32 "can_recv" = 0
[machine.2]         2020 user-u32 "can_send" = 0
[machine.2]         2020 task-resume id=2 reason=scheduler
[machine.2]         2020 task-yield id=2 reason=Idle
[machine.2]         2025 task-resume id=4 reason=scheduler
[machine.2]         2025 task-yield id=4 reason=RtosPortYield
[machine.2]         2025 task-resume id=2 reason=scheduler
[machine.2]         2025 task-yield id=2 reason=Idle
[machine.2]         2030 task-resume id=4 reason=scheduler
[machine.2]         2030 task-yield id=4 reason=RtosPortYield
[machine.2]         2030 task-resume id=1 reason=scheduler
[machine.2]         2030 task-yield id=1 reason=RtosPortYield
[machine.2]         2030 user-u32 "can_recv" = 0
[machine.2]         2030 user-u32 "can_recv" = 0
[machine.2]         2030 user-u32 "can_recv" = 0
[machine.2]         2030 user-u32 "can_recv" = 0
[machine.2]         2030 user-u32 "can_send" = 0
[machine.2]         2030 task-resume id=2 reason=scheduler
[machine.2]         2030 task-yield id=2 reason=Idle
[machine.2]         2035 task-resume id=4 reason=scheduler
[machine.2]         2035 task-yield id=4 reason=RtosPortYield
[machine.2]         2035 task-resume id=2 reason=scheduler
[machine.2]         2035 task-yield id=2 reason=Idle
[machine.2]         2040 task-resume id=4 reason=scheduler
[machine.2]         2040 task-yield id=4 reason=RtosPortYield
[machine.2]         2040 task-resume id=1 reason=scheduler
[machine.2]         2040 task-yield id=1 reason=RtosPortYield
[machine.2]         2040 user-u32 "can_recv" = 0
[machine.2]         2040 user-u32 "can_recv" = 0
[machine.2]         2040 user-u32 "can_recv" = 0
[machine.2]         2040 user-u32 "can_recv" = 0
[machine.2]         2040 user-u32 "can_send" = 0
[machine.2]         2040 task-resume id=2 reason=scheduler
[machine.2]         2040 task-yield id=2 reason=Idle
[machine.2]         2045 task-resume id=4 reason=scheduler
[machine.2]         2045 task-yield id=4 reason=RtosPortYield
[machine.2]         2045 task-resume id=2 reason=scheduler
[machine.2]         2045 task-yield id=2 reason=Idle
[machine.2]         2050 task-resume id=4 reason=scheduler
[machine.2]         2050 task-yield id=4 reason=RtosPortYield
[machine.2]         2050 task-resume id=3 reason=scheduler
[machine.2]         2050 task-yield id=3 reason=RtosPortYield
[machine.2]         2050 user-u32 "gateway_timeout" = 2050
[machine.2]         2050 task-resume id=6 reason=scheduler
[machine.2]         2050 task-yield id=6 reason=RtosPortYield
[machine.2]         2050 user-u32 "deadline_ok" = 0
[machine.2]         2050 task-resume id=1 reason=scheduler
[machine.2]         2050 task-yield id=1 reason=RtosPortYield
[machine.2]         2050 user-u32 "can_recv" = 0
[machine.2]         2050 user-u32 "can_recv" = 0
[machine.2]         2050 user-u32 "can_recv" = 0
[machine.2]         2050 user-u32 "can_recv" = 0
[machine.2]         2050 user-u32 "can_send" = 0
[machine.2]         2050 task-resume id=2 reason=scheduler
[machine.2]         2050 task-yield id=2 reason=Idle
[machine.2]         2055 task-resume id=4 reason=scheduler
[machine.2]         2055 task-yield id=4 reason=RtosPortYield
[machine.2]         2055 task-resume id=2 reason=scheduler
[machine.2]         2055 task-yield id=2 reason=Idle
[machine.2]         2060 task-resume id=4 reason=scheduler
[machine.2]         2060 task-yield id=4 reason=RtosPortYield
[machine.2]         2060 task-resume id=1 reason=scheduler
[machine.2]         2060 task-yield id=1 reason=RtosPortYield
[machine.2]         2060 user-u32 "can_recv" = 0
[machine.2]         2060 user-u32 "can_recv" = 0
[machine.2]         2060 user-u32 "can_recv" = 0
[machine.2]         2060 user-u32 "can_recv" = 0
[machine.2]         2060 user-u32 "can_recv" = 0
[machine.2]         2060 user-u32 "can_send" = 0
[machine.2]         2060 task-resume id=2 reason=scheduler
[machine.2]         2060 task-yield id=2 reason=Idle
[machine.2]         2065 task-resume id=4 reason=scheduler
[machine.2]         2065 task-yield id=4 reason=RtosPortYield
[machine.2]         2065 task-resume id=2 reason=scheduler
[machine.2]         2065 task-yield id=2 reason=Idle
[machine.2]         2070 task-resume id=4 reason=scheduler
[machine.2]         2070 task-yield id=4 reason=RtosPortYield
[machine.2]         2070 task-resume id=1 reason=scheduler
[machine.2]         2070 task-yield id=1 reason=RtosPortYield
[machine.2]         2070 user-u32 "can_recv" = 0
[machine.2]         2070 user-u32 "can_recv" = 0
[machine.2]         2070 user-u32 "can_recv" = 0
[machine.2]         2070 user-u32 "can_recv" = 0
[machine.2]         2070 user-u32 "can_send" = 0
[machine.2]         2070 task-resume id=2 reason=scheduler
[machine.2]         2070 task-yield id=2 reason=Idle
[machine.2]         2075 task-resume id=4 reason=scheduler
[machine.2]         2075 task-yield id=4 reason=RtosPortYield
[machine.2]         2075 task-resume id=2 reason=scheduler
[machine.2]         2075 task-yield id=2 reason=Idle
[machine.2]         2080 task-resume id=4 reason=scheduler
[machine.2]         2080 task-yield id=4 reason=RtosPortYield
[machine.2]         2080 task-resume id=1 reason=scheduler
[machine.2]         2080 task-yield id=1 reason=RtosPortYield
[machine.2]         2080 user-u32 "can_recv" = 0
[machine.2]         2080 user-u32 "can_recv" = 0
[machine.2]         2080 user-u32 "can_recv" = 0
[machine.2]         2080 user-u32 "can_recv" = 0
[machine.2]         2080 user-u32 "can_send" = 0
[machine.2]         2080 task-resume id=2 reason=scheduler
[machine.2]         2080 task-yield id=2 reason=Idle
[machine.2]         2085 task-resume id=4 reason=scheduler
[machine.2]         2085 task-yield id=4 reason=RtosPortYield
[machine.2]         2085 task-resume id=2 reason=scheduler
[machine.2]         2085 task-yield id=2 reason=Idle
[machine.2]         2090 task-resume id=4 reason=scheduler
[machine.2]         2090 task-yield id=4 reason=RtosPortYield
[machine.2]         2090 task-resume id=1 reason=scheduler
[machine.2]         2090 task-yield id=1 reason=RtosPortYield
[machine.2]         2090 user-u32 "can_recv" = 0
[machine.2]         2090 user-u32 "can_recv" = 0
[machine.2]         2090 user-u32 "can_recv" = 0
[machine.2]         2090 user-u32 "can_recv" = 0
[machine.2]         2090 user-u32 "can_send" = 0
[machine.2]         2090 task-resume id=2 reason=scheduler
[machine.2]         2090 task-yield id=2 reason=Idle
[machine.2]         2095 task-resume id=4 reason=scheduler
[machine.2]         2095 task-yield id=4 reason=RtosPortYield
[machine.2]         2095 task-resume id=2 reason=scheduler
[machine.2]         2095 task-yield id=2 reason=Idle
[machine.2]         2100 task-resume id=4 reason=scheduler
[machine.2]         2100 task-yield id=4 reason=RtosPortYield
[machine.2]         2100 task-resume id=3 reason=scheduler
[machine.2]         2100 task-yield id=3 reason=RtosPortYield
[machine.2]         2100 user-u32 "gateway_timeout" = 2100
[machine.2]         2100 task-resume id=6 reason=scheduler
[machine.2]         2100 task-yield id=6 reason=RtosPortYield
[machine.2]         2100 user-u32 "deadline_ok" = 0
[machine.2]         2100 task-resume id=1 reason=scheduler
[machine.2]         2100 task-yield id=1 reason=RtosPortYield
[machine.2]         2100 user-u32 "can_recv" = 0
[machine.2]         2100 user-u32 "can_recv" = 0
[machine.2]         2100 user-u32 "can_recv" = 0
[machine.2]         2100 user-u32 "can_recv" = 0
[machine.2]         2100 user-u32 "can_send" = 0
[machine.2]         2100 user-u32 "can_send" = 0
[machine.2]         2100 task-resume id=5 reason=scheduler
[machine.2]         2100 task-yield id=5 reason=RtosPortYield
[machine.2]         2100 user-u32 "logger_event" = 0
[machine.2]         2100 task-resume id=2 reason=scheduler
[machine.2]         2100 task-yield id=2 reason=Idle
[machine.2]         2105 task-resume id=4 reason=scheduler
[machine.2]         2105 task-yield id=4 reason=RtosPortYield
[machine.2]         2105 task-resume id=2 reason=scheduler
[machine.2]         2105 task-yield id=2 reason=Idle
[machine.2]         2110 task-resume id=4 reason=scheduler
[machine.2]         2110 task-yield id=4 reason=RtosPortYield
[machine.2]         2110 task-resume id=1 reason=scheduler
[machine.2]         2110 task-yield id=1 reason=RtosPortYield
[machine.2]         2110 user-u32 "can_recv" = 0
[machine.2]         2110 user-u32 "can_recv" = 0
[machine.2]         2110 user-u32 "can_recv" = 0
[machine.2]         2110 user-u32 "can_recv" = 0
[machine.2]         2110 user-u32 "can_recv" = 0
[machine.2]         2110 user-u32 "can_recv" = 0
[machine.2]         2110 user-u32 "can_recv" = 0
[machine.2]         2110 user-u32 "can_send" = 0
[machine.2]         2110 task-resume id=2 reason=scheduler
[machine.2]         2110 task-yield id=2 reason=Idle
[machine.2]         2115 task-resume id=4 reason=scheduler
[machine.2]         2115 task-yield id=4 reason=RtosPortYield
[machine.2]         2115 task-resume id=2 reason=scheduler
[machine.2]         2115 task-yield id=2 reason=Idle
[machine.2]         2120 task-resume id=4 reason=scheduler
[machine.2]         2120 task-yield id=4 reason=RtosPortYield
[machine.2]         2120 task-resume id=1 reason=scheduler
[machine.2]         2120 task-yield id=1 reason=RtosPortYield
[machine.2]         2120 user-u32 "can_recv" = 0
[machine.2]         2120 user-u32 "can_recv" = 0
[machine.2]         2120 user-u32 "can_recv" = 0
[machine.2]         2120 user-u32 "can_recv" = 0
[machine.2]         2120 user-u32 "can_send" = 0
[machine.2]         2120 task-resume id=2 reason=scheduler
[machine.2]         2120 task-yield id=2 reason=Idle
[machine.2]         2125 task-resume id=4 reason=scheduler
[machine.2]         2125 task-yield id=4 reason=RtosPortYield
[machine.2]         2125 task-resume id=2 reason=scheduler
[machine.2]         2125 task-yield id=2 reason=Idle
[machine.2]         2130 task-resume id=4 reason=scheduler
[machine.2]         2130 task-yield id=4 reason=RtosPortYield
[machine.2]         2130 task-resume id=1 reason=scheduler
[machine.2]         2130 task-yield id=1 reason=RtosPortYield
[machine.2]         2130 user-u32 "can_recv" = 0
[machine.2]         2130 user-u32 "can_recv" = 0
[machine.2]         2130 user-u32 "can_recv" = 0
[machine.2]         2130 user-u32 "can_recv" = 0
[machine.2]         2130 user-u32 "can_send" = 0
[machine.2]         2130 task-resume id=2 reason=scheduler
[machine.2]         2130 task-yield id=2 reason=Idle
[machine.2]         2135 task-resume id=4 reason=scheduler
[machine.2]         2135 task-yield id=4 reason=RtosPortYield
[machine.2]         2135 task-resume id=2 reason=scheduler
[machine.2]         2135 task-yield id=2 reason=Idle
[machine.2]         2140 task-resume id=4 reason=scheduler
[machine.2]         2140 task-yield id=4 reason=RtosPortYield
[machine.2]         2140 task-resume id=1 reason=scheduler
[machine.2]         2140 task-yield id=1 reason=RtosPortYield
[machine.2]         2140 user-u32 "can_recv" = 0
[machine.2]         2140 user-u32 "can_recv" = 0
[machine.2]         2140 user-u32 "can_recv" = 0
[machine.2]         2140 user-u32 "can_recv" = 0
[machine.2]         2140 user-u32 "can_send" = 0
[machine.2]         2140 task-resume id=2 reason=scheduler
[machine.2]         2140 task-yield id=2 reason=Idle
[machine.2]         2145 task-resume id=4 reason=scheduler
[machine.2]         2145 task-yield id=4 reason=RtosPortYield
[machine.2]         2145 task-resume id=2 reason=scheduler
[machine.2]         2145 task-yield id=2 reason=Idle
[machine.2]         2150 task-resume id=4 reason=scheduler
[machine.2]         2150 task-yield id=4 reason=RtosPortYield
[machine.2]         2150 task-resume id=3 reason=scheduler
[machine.2]         2150 task-yield id=3 reason=RtosPortYield
[machine.2]         2150 user-u32 "gateway_timeout" = 2150
[machine.2]         2150 task-resume id=6 reason=scheduler
[machine.2]         2150 task-yield id=6 reason=RtosPortYield
[machine.2]         2150 user-u32 "deadline_ok" = 0
[machine.2]         2150 task-resume id=1 reason=scheduler
[machine.2]         2150 task-yield id=1 reason=RtosPortYield
[machine.2]         2150 user-u32 "can_recv" = 0
[machine.2]         2150 user-u32 "can_recv" = 0
[machine.2]         2150 user-u32 "can_recv" = 0
[machine.2]         2150 user-u32 "can_recv" = 0
[machine.2]         2150 user-u32 "can_send" = 0
[machine.2]         2150 task-resume id=2 reason=scheduler
[machine.2]         2150 task-yield id=2 reason=Idle
[machine.2]         2155 task-resume id=4 reason=scheduler
[machine.2]         2155 task-yield id=4 reason=RtosPortYield
[machine.2]         2155 task-resume id=2 reason=scheduler
[machine.2]         2155 task-yield id=2 reason=Idle
[machine.2]         2160 task-resume id=4 reason=scheduler
[machine.2]         2160 task-yield id=4 reason=RtosPortYield
[machine.2]         2160 task-resume id=1 reason=scheduler
[machine.2]         2160 task-yield id=1 reason=RtosPortYield
[machine.2]         2160 user-u32 "can_recv" = 0
[machine.2]         2160 user-u32 "can_recv" = 0
[machine.2]         2160 user-u32 "can_recv" = 0
[machine.2]         2160 user-u32 "can_recv" = 0
[machine.2]         2160 user-u32 "can_recv" = 0
[machine.2]         2160 user-u32 "can_send" = 0
[machine.2]         2160 task-resume id=2 reason=scheduler
[machine.2]         2160 task-yield id=2 reason=Idle
[machine.2]         2165 task-resume id=4 reason=scheduler
[machine.2]         2165 task-yield id=4 reason=RtosPortYield
[machine.2]         2165 task-resume id=2 reason=scheduler
[machine.2]         2165 task-yield id=2 reason=Idle
[machine.2]         2170 task-resume id=4 reason=scheduler
[machine.2]         2170 task-yield id=4 reason=RtosPortYield
[machine.2]         2170 task-resume id=1 reason=scheduler
[machine.2]         2170 task-yield id=1 reason=RtosPortYield
[machine.2]         2170 user-u32 "can_recv" = 0
[machine.2]         2170 user-u32 "can_recv" = 0
[machine.2]         2170 user-u32 "can_recv" = 0
[machine.2]         2170 user-u32 "can_recv" = 0
[machine.2]         2170 user-u32 "can_send" = 0
[machine.2]         2170 task-resume id=2 reason=scheduler
[machine.2]         2170 task-yield id=2 reason=Idle
[machine.2]         2175 task-resume id=4 reason=scheduler
[machine.2]         2175 task-yield id=4 reason=RtosPortYield
[machine.2]         2175 task-resume id=2 reason=scheduler
[machine.2]         2175 task-yield id=2 reason=Idle
[machine.2]         2180 task-resume id=4 reason=scheduler
[machine.2]         2180 task-yield id=4 reason=RtosPortYield
[machine.2]         2180 task-resume id=1 reason=scheduler
[machine.2]         2180 task-yield id=1 reason=RtosPortYield
[machine.2]         2180 user-u32 "can_recv" = 0
[machine.2]         2180 user-u32 "can_recv" = 0
[machine.2]         2180 user-u32 "can_recv" = 0
[machine.2]         2180 user-u32 "can_recv" = 0
[machine.2]         2180 user-u32 "can_send" = 0
[machine.2]         2180 task-resume id=2 reason=scheduler
[machine.2]         2180 task-yield id=2 reason=Idle
[machine.2]         2185 task-resume id=4 reason=scheduler
[machine.2]         2185 task-yield id=4 reason=RtosPortYield
[machine.2]         2185 task-resume id=2 reason=scheduler
[machine.2]         2185 task-yield id=2 reason=Idle
[machine.2]         2190 task-resume id=4 reason=scheduler
[machine.2]         2190 task-yield id=4 reason=RtosPortYield
[machine.2]         2190 task-resume id=1 reason=scheduler
[machine.2]         2190 task-yield id=1 reason=RtosPortYield
[machine.2]         2190 user-u32 "can_recv" = 0
[machine.2]         2190 user-u32 "can_recv" = 0
[machine.2]         2190 user-u32 "can_recv" = 0
[machine.2]         2190 user-u32 "can_recv" = 0
[machine.2]         2190 user-u32 "can_send" = 0
[machine.2]         2190 task-resume id=2 reason=scheduler
[machine.2]         2190 task-yield id=2 reason=Idle
[machine.2]         2195 task-resume id=4 reason=scheduler
[machine.2]         2195 task-yield id=4 reason=RtosPortYield
[machine.2]         2195 task-resume id=2 reason=scheduler
[machine.2]         2195 task-yield id=2 reason=Idle
[machine.2]         2200 task-resume id=4 reason=scheduler
[machine.2]         2200 task-yield id=4 reason=RtosPortYield
[machine.2]         2200 user-u32 "sensor_poll_tick" = 2200
[machine.2]         2200 task-resume id=3 reason=scheduler
[machine.2]         2200 task-yield id=3 reason=RtosPortYield
[machine.2]         2200 user-u32 "gateway_timeout" = 2200
[machine.2]         2200 task-resume id=6 reason=scheduler
[machine.2]         2200 task-yield id=6 reason=RtosPortYield
[machine.2]         2200 user-u32 "deadline_ok" = 0
[machine.2]         2200 task-resume id=1 reason=scheduler
[machine.2]         2200 task-yield id=1 reason=RtosPortYield
[machine.2]         2200 user-u32 "can_recv" = 0
[machine.2]         2200 user-u32 "can_recv" = 0
[machine.2]         2200 user-u32 "can_recv" = 0
[machine.2]         2200 user-u32 "can_recv" = 0
[machine.2]         2200 user-u32 "can_send" = 0
[machine.2]         2200 user-u32 "can_send" = 0
[machine.2]         2200 task-resume id=5 reason=scheduler
[machine.2]         2200 task-yield id=5 reason=RtosPortYield
[machine.2]         2200 user-u32 "logger_event" = 0
[machine.2]         2200 task-resume id=2 reason=scheduler
[machine.2]         2200 task-yield id=2 reason=Idle
[machine.2]         2205 task-resume id=4 reason=scheduler
[machine.2]         2205 task-yield id=4 reason=RtosPortYield
[machine.2]         2205 task-resume id=2 reason=scheduler
[machine.2]         2205 task-yield id=2 reason=Idle
[machine.2]         2210 task-resume id=4 reason=scheduler
[machine.2]         2210 task-yield id=4 reason=RtosPortYield
[machine.2]         2210 task-resume id=1 reason=scheduler
[machine.2]         2210 task-yield id=1 reason=RtosPortYield
[machine.2]         2210 user-u32 "can_recv" = 0
[machine.2]         2210 user-u32 "can_recv" = 0
[machine.2]         2210 user-u32 "can_recv" = 0
[machine.2]         2210 user-u32 "can_recv" = 0
[machine.2]         2210 user-u32 "can_recv" = 0
[machine.2]         2210 user-u32 "can_recv" = 0
[machine.2]         2210 user-u32 "can_recv" = 0
[machine.2]         2210 user-u32 "can_send" = 0
[machine.2]         2210 task-resume id=2 reason=scheduler
[machine.2]         2210 task-yield id=2 reason=Idle
[machine.2]         2215 task-resume id=4 reason=scheduler
[machine.2]         2215 task-yield id=4 reason=RtosPortYield
[machine.2]         2215 task-resume id=2 reason=scheduler
[machine.2]         2215 task-yield id=2 reason=Idle
[machine.2]         2220 task-resume id=4 reason=scheduler
[machine.2]         2220 task-yield id=4 reason=RtosPortYield
[machine.2]         2220 task-resume id=1 reason=scheduler
[machine.2]         2220 task-yield id=1 reason=RtosPortYield
[machine.2]         2220 user-u32 "can_recv" = 0
[machine.2]         2220 user-u32 "can_recv" = 0
[machine.2]         2220 user-u32 "can_recv" = 0
[machine.2]         2220 user-u32 "can_recv" = 0
[machine.2]         2220 user-u32 "can_send" = 0
[machine.2]         2220 task-resume id=2 reason=scheduler
[machine.2]         2220 task-yield id=2 reason=Idle
[machine.2]         2225 task-resume id=4 reason=scheduler
[machine.2]         2225 task-yield id=4 reason=RtosPortYield
[machine.2]         2225 task-resume id=2 reason=scheduler
[machine.2]         2225 task-yield id=2 reason=Idle
[machine.2]         2230 task-resume id=4 reason=scheduler
[machine.2]         2230 task-yield id=4 reason=RtosPortYield
[machine.2]         2230 task-resume id=1 reason=scheduler
[machine.2]         2230 task-yield id=1 reason=RtosPortYield
[machine.2]         2230 user-u32 "can_recv" = 0
[machine.2]         2230 user-u32 "can_recv" = 0
[machine.2]         2230 user-u32 "can_recv" = 0
[machine.2]         2230 user-u32 "can_recv" = 0
[machine.2]         2230 user-u32 "can_send" = 0
[machine.2]         2230 task-resume id=2 reason=scheduler
[machine.2]         2230 task-yield id=2 reason=Idle
[machine.2]         2235 task-resume id=4 reason=scheduler
[machine.2]         2235 task-yield id=4 reason=RtosPortYield
[machine.2]         2235 task-resume id=2 reason=scheduler
[machine.2]         2235 task-yield id=2 reason=Idle
[machine.2]         2240 task-resume id=4 reason=scheduler
[machine.2]         2240 task-yield id=4 reason=RtosPortYield
[machine.2]         2240 task-resume id=1 reason=scheduler
[machine.2]         2240 task-yield id=1 reason=RtosPortYield
[machine.2]         2240 user-u32 "can_recv" = 0
[machine.2]         2240 user-u32 "can_recv" = 0
[machine.2]         2240 user-u32 "can_recv" = 0
[machine.2]         2240 user-u32 "can_recv" = 0
[machine.2]         2240 user-u32 "can_send" = 0
[machine.2]         2240 task-resume id=2 reason=scheduler
[machine.2]         2240 task-yield id=2 reason=Idle
[machine.2]         2245 task-resume id=4 reason=scheduler
[machine.2]         2245 task-yield id=4 reason=RtosPortYield
[machine.2]         2245 task-resume id=2 reason=scheduler
[machine.2]         2245 task-yield id=2 reason=Idle
[machine.2]         2250 task-resume id=4 reason=scheduler
[machine.2]         2250 task-yield id=4 reason=RtosPortYield
[machine.2]         2250 task-resume id=3 reason=scheduler
[machine.2]         2250 task-yield id=3 reason=RtosPortYield
[machine.2]         2250 user-u32 "gateway_timeout" = 2250
[machine.2]         2250 task-resume id=6 reason=scheduler
[machine.2]         2250 task-yield id=6 reason=RtosPortYield
[machine.2]         2250 user-u32 "deadline_ok" = 0
[machine.2]         2250 task-resume id=1 reason=scheduler
[machine.2]         2250 task-yield id=1 reason=RtosPortYield
[machine.2]         2250 user-u32 "can_recv" = 0
[machine.2]         2250 user-u32 "can_recv" = 0
[machine.2]         2250 user-u32 "can_recv" = 0
[machine.2]         2250 user-u32 "can_recv" = 0
[machine.2]         2250 user-u32 "can_send" = 0
[machine.2]         2250 task-resume id=2 reason=scheduler
[machine.2]         2250 task-yield id=2 reason=Idle
[machine.2]         2255 task-resume id=4 reason=scheduler
[machine.2]         2255 task-yield id=4 reason=RtosPortYield
[machine.2]         2255 task-resume id=2 reason=scheduler
[machine.2]         2255 task-yield id=2 reason=Idle
[machine.2]         2260 task-resume id=4 reason=scheduler
[machine.2]         2260 task-yield id=4 reason=RtosPortYield
[machine.2]         2260 task-resume id=1 reason=scheduler
[machine.2]         2260 task-yield id=1 reason=RtosPortYield
[machine.2]         2260 user-u32 "can_recv" = 0
[machine.2]         2260 user-u32 "can_recv" = 0
[machine.2]         2260 user-u32 "can_recv" = 0
[machine.2]         2260 user-u32 "can_recv" = 0
[machine.2]         2260 user-u32 "can_recv" = 0
[machine.2]         2260 user-u32 "can_send" = 0
[machine.2]         2260 task-resume id=2 reason=scheduler
[machine.2]         2260 task-yield id=2 reason=Idle
[machine.2]         2265 task-resume id=4 reason=scheduler
[machine.2]         2265 task-yield id=4 reason=RtosPortYield
[machine.2]         2265 task-resume id=2 reason=scheduler
[machine.2]         2265 task-yield id=2 reason=Idle
[machine.2]         2270 task-resume id=4 reason=scheduler
[machine.2]         2270 task-yield id=4 reason=RtosPortYield
[machine.2]         2270 task-resume id=1 reason=scheduler
[machine.2]         2270 task-yield id=1 reason=RtosPortYield
[machine.2]         2270 user-u32 "can_recv" = 0
[machine.2]         2270 user-u32 "can_recv" = 0
[machine.2]         2270 user-u32 "can_recv" = 0
[machine.2]         2270 user-u32 "can_recv" = 0
[machine.2]         2270 user-u32 "can_send" = 0
[machine.2]         2270 task-resume id=2 reason=scheduler
[machine.2]         2270 task-yield id=2 reason=Idle
[machine.2]         2275 task-resume id=4 reason=scheduler
[machine.2]         2275 task-yield id=4 reason=RtosPortYield
[machine.2]         2275 task-resume id=2 reason=scheduler
[machine.2]         2275 task-yield id=2 reason=Idle
[machine.2]         2280 task-resume id=4 reason=scheduler
[machine.2]         2280 task-yield id=4 reason=RtosPortYield
[machine.2]         2280 task-resume id=1 reason=scheduler
[machine.2]         2280 task-yield id=1 reason=RtosPortYield
[machine.2]         2280 user-u32 "can_recv" = 0
[machine.2]         2280 user-u32 "can_recv" = 0
[machine.2]         2280 user-u32 "can_recv" = 0
[machine.2]         2280 user-u32 "can_recv" = 0
[machine.2]         2280 user-u32 "can_send" = 0
[machine.2]         2280 task-resume id=2 reason=scheduler
[machine.2]         2280 task-yield id=2 reason=Idle
[machine.2]         2285 task-resume id=4 reason=scheduler
[machine.2]         2285 task-yield id=4 reason=RtosPortYield
[machine.2]         2285 task-resume id=2 reason=scheduler
[machine.2]         2285 task-yield id=2 reason=Idle
[machine.2]         2290 task-resume id=4 reason=scheduler
[machine.2]         2290 task-yield id=4 reason=RtosPortYield
[machine.2]         2290 task-resume id=1 reason=scheduler
[machine.2]         2290 task-yield id=1 reason=RtosPortYield
[machine.2]         2290 user-u32 "can_recv" = 0
[machine.2]         2290 user-u32 "can_recv" = 0
[machine.2]         2290 user-u32 "can_recv" = 0
[machine.2]         2290 user-u32 "can_recv" = 0
[machine.2]         2290 user-u32 "can_send" = 0
[machine.2]         2290 task-resume id=2 reason=scheduler
[machine.2]         2290 task-yield id=2 reason=Idle
[machine.2]         2295 task-resume id=4 reason=scheduler
[machine.2]         2295 task-yield id=4 reason=RtosPortYield
[machine.2]         2295 task-resume id=2 reason=scheduler
[machine.2]         2295 task-yield id=2 reason=Idle
[machine.2]         2300 task-resume id=4 reason=scheduler
[machine.2]         2300 task-yield id=4 reason=RtosPortYield
[machine.2]         2300 task-resume id=3 reason=scheduler
[machine.2]         2300 task-yield id=3 reason=RtosPortYield
[machine.2]         2300 user-u32 "gateway_timeout" = 2300
[machine.2]         2300 task-resume id=6 reason=scheduler
[machine.2]         2300 task-yield id=6 reason=RtosPortYield
[machine.2]         2300 user-u32 "deadline_ok" = 0
[machine.2]         2300 task-resume id=1 reason=scheduler
[machine.2]         2300 task-yield id=1 reason=RtosPortYield
[machine.2]         2300 user-u32 "can_recv" = 0
[machine.2]         2300 user-u32 "can_recv" = 0
[machine.2]         2300 user-u32 "can_recv" = 0
[machine.2]         2300 user-u32 "can_recv" = 0
[machine.2]         2300 user-u32 "can_send" = 0
[machine.2]         2300 user-u32 "can_send" = 0
[machine.2]         2300 task-resume id=5 reason=scheduler
[machine.2]         2300 task-yield id=5 reason=RtosPortYield
[machine.2]         2300 user-u32 "logger_event" = 0
[machine.2]         2300 task-resume id=2 reason=scheduler
[machine.2]         2300 task-yield id=2 reason=Idle
[machine.2]         2305 task-resume id=4 reason=scheduler
[machine.2]         2305 task-yield id=4 reason=RtosPortYield
[machine.2]         2305 task-resume id=2 reason=scheduler
[machine.2]         2305 task-yield id=2 reason=Idle
[machine.2]         2310 task-resume id=4 reason=scheduler
[machine.2]         2310 task-yield id=4 reason=RtosPortYield
[machine.2]         2310 task-resume id=1 reason=scheduler
[machine.2]         2310 task-yield id=1 reason=RtosPortYield
[machine.2]         2310 user-u32 "can_recv" = 0
[machine.2]         2310 user-u32 "can_recv" = 0
[machine.2]         2310 user-u32 "can_recv" = 0
[machine.2]         2310 user-u32 "can_recv" = 0
[machine.2]         2310 user-u32 "can_recv" = 0
[machine.2]         2310 user-u32 "can_recv" = 0
[machine.2]         2310 user-u32 "can_recv" = 0
[machine.2]         2310 user-u32 "can_send" = 0
[machine.2]         2310 task-resume id=2 reason=scheduler
[machine.2]         2310 task-yield id=2 reason=Idle
[machine.2]         2315 task-resume id=4 reason=scheduler
[machine.2]         2315 task-yield id=4 reason=RtosPortYield
[machine.2]         2315 task-resume id=2 reason=scheduler
[machine.2]         2315 task-yield id=2 reason=Idle
[machine.2]         2320 task-resume id=4 reason=scheduler
[machine.2]         2320 task-yield id=4 reason=RtosPortYield
[machine.2]         2320 task-resume id=1 reason=scheduler
[machine.2]         2320 task-yield id=1 reason=RtosPortYield
[machine.2]         2320 user-u32 "can_recv" = 0
[machine.2]         2320 user-u32 "can_recv" = 0
[machine.2]         2320 user-u32 "can_recv" = 0
[machine.2]         2320 user-u32 "can_recv" = 0
[machine.2]         2320 user-u32 "can_send" = 0
[machine.2]         2320 task-resume id=2 reason=scheduler
[machine.2]         2320 task-yield id=2 reason=Idle
[machine.2]         2325 task-resume id=4 reason=scheduler
[machine.2]         2325 task-yield id=4 reason=RtosPortYield
[machine.2]         2325 task-resume id=2 reason=scheduler
[machine.2]         2325 task-yield id=2 reason=Idle
[machine.2]         2330 task-resume id=4 reason=scheduler
[machine.2]         2330 task-yield id=4 reason=RtosPortYield
[machine.2]         2330 task-resume id=1 reason=scheduler
[machine.2]         2330 task-yield id=1 reason=RtosPortYield
[machine.2]         2330 user-u32 "can_recv" = 0
[machine.2]         2330 user-u32 "can_recv" = 0
[machine.2]         2330 user-u32 "can_recv" = 0
[machine.2]         2330 user-u32 "can_recv" = 0
[machine.2]         2330 user-u32 "can_send" = 0
[machine.2]         2330 task-resume id=2 reason=scheduler
[machine.2]         2330 task-yield id=2 reason=Idle
[machine.2]         2335 task-resume id=4 reason=scheduler
[machine.2]         2335 task-yield id=4 reason=RtosPortYield
[machine.2]         2335 task-resume id=2 reason=scheduler
[machine.2]         2335 task-yield id=2 reason=Idle
[machine.2]         2340 task-resume id=4 reason=scheduler
[machine.2]         2340 task-yield id=4 reason=RtosPortYield
[machine.2]         2340 task-resume id=1 reason=scheduler
[machine.2]         2340 task-yield id=1 reason=RtosPortYield
[machine.2]         2340 user-u32 "can_recv" = 0
[machine.2]         2340 user-u32 "can_recv" = 0
[machine.2]         2340 user-u32 "can_recv" = 0
[machine.2]         2340 user-u32 "can_recv" = 0
[machine.2]         2340 user-u32 "can_send" = 0
[machine.2]         2340 task-resume id=2 reason=scheduler
[machine.2]         2340 task-yield id=2 reason=Idle
[machine.2]         2345 task-resume id=4 reason=scheduler
[machine.2]         2345 task-yield id=4 reason=RtosPortYield
[machine.2]         2345 task-resume id=2 reason=scheduler
[machine.2]         2345 task-yield id=2 reason=Idle
[machine.2]         2350 task-resume id=4 reason=scheduler
[machine.2]         2350 task-yield id=4 reason=RtosPortYield
[machine.2]         2350 task-resume id=3 reason=scheduler
[machine.2]         2350 task-yield id=3 reason=RtosPortYield
[machine.2]         2350 user-u32 "gateway_timeout" = 2350
[machine.2]         2350 task-resume id=6 reason=scheduler
[machine.2]         2350 task-yield id=6 reason=RtosPortYield
[machine.2]         2350 user-u32 "deadline_ok" = 0
[machine.2]         2350 task-resume id=1 reason=scheduler
[machine.2]         2350 task-yield id=1 reason=RtosPortYield
[machine.2]         2350 user-u32 "can_recv" = 0
[machine.2]         2350 user-u32 "can_recv" = 0
[machine.2]         2350 user-u32 "can_recv" = 0
[machine.2]         2350 user-u32 "can_recv" = 0
[machine.2]         2350 user-u32 "can_send" = 0
[machine.2]         2350 task-resume id=2 reason=scheduler
[machine.2]         2350 task-yield id=2 reason=Idle
[machine.2]         2355 task-resume id=4 reason=scheduler
[machine.2]         2355 task-yield id=4 reason=RtosPortYield
[machine.2]         2355 task-resume id=2 reason=scheduler
[machine.2]         2355 task-yield id=2 reason=Idle
[machine.2]         2360 task-resume id=4 reason=scheduler
[machine.2]         2360 task-yield id=4 reason=RtosPortYield
[machine.2]         2360 task-resume id=1 reason=scheduler
[machine.2]         2360 task-yield id=1 reason=RtosPortYield
[machine.2]         2360 user-u32 "can_recv" = 0
[machine.2]         2360 user-u32 "can_recv" = 0
[machine.2]         2360 user-u32 "can_recv" = 0
[machine.2]         2360 user-u32 "can_recv" = 0
[machine.2]         2360 user-u32 "can_recv" = 0
[machine.2]         2360 user-u32 "can_send" = 0
[machine.2]         2360 task-resume id=2 reason=scheduler
[machine.2]         2360 task-yield id=2 reason=Idle
[machine.2]         2365 task-resume id=4 reason=scheduler
[machine.2]         2365 task-yield id=4 reason=RtosPortYield
[machine.2]         2365 task-resume id=2 reason=scheduler
[machine.2]         2365 task-yield id=2 reason=Idle
[machine.2]         2370 task-resume id=4 reason=scheduler
[machine.2]         2370 task-yield id=4 reason=RtosPortYield
[machine.2]         2370 task-resume id=1 reason=scheduler
[machine.2]         2370 task-yield id=1 reason=RtosPortYield
[machine.2]         2370 user-u32 "can_recv" = 0
[machine.2]         2370 user-u32 "can_recv" = 0
[machine.2]         2370 user-u32 "can_recv" = 0
[machine.2]         2370 user-u32 "can_recv" = 0
[machine.2]         2370 user-u32 "can_send" = 0
[machine.2]         2370 task-resume id=2 reason=scheduler
[machine.2]         2370 task-yield id=2 reason=Idle
[machine.2]         2375 task-resume id=4 reason=scheduler
[machine.2]         2375 task-yield id=4 reason=RtosPortYield
[machine.2]         2375 task-resume id=2 reason=scheduler
[machine.2]         2375 task-yield id=2 reason=Idle
[machine.2]         2380 task-resume id=4 reason=scheduler
[machine.2]         2380 task-yield id=4 reason=RtosPortYield
[machine.2]         2380 task-resume id=1 reason=scheduler
[machine.2]         2380 task-yield id=1 reason=RtosPortYield
[machine.2]         2380 user-u32 "can_recv" = 0
[machine.2]         2380 user-u32 "can_recv" = 0
[machine.2]         2380 user-u32 "can_recv" = 0
[machine.2]         2380 user-u32 "can_recv" = 0
[machine.2]         2380 user-u32 "can_send" = 0
[machine.2]         2380 task-resume id=2 reason=scheduler
[machine.2]         2380 task-yield id=2 reason=Idle
[machine.2]         2385 task-resume id=4 reason=scheduler
[machine.2]         2385 task-yield id=4 reason=RtosPortYield
[machine.2]         2385 task-resume id=2 reason=scheduler
[machine.2]         2385 task-yield id=2 reason=Idle
[machine.2]         2390 task-resume id=4 reason=scheduler
[machine.2]         2390 task-yield id=4 reason=RtosPortYield
[machine.2]         2390 task-resume id=1 reason=scheduler
[machine.2]         2390 task-yield id=1 reason=RtosPortYield
[machine.2]         2390 user-u32 "can_recv" = 0
[machine.2]         2390 user-u32 "can_recv" = 0
[machine.2]         2390 user-u32 "can_recv" = 0
[machine.2]         2390 user-u32 "can_recv" = 0
[machine.2]         2390 user-u32 "can_send" = 0
[machine.2]         2390 task-resume id=2 reason=scheduler
[machine.2]         2390 task-yield id=2 reason=Idle
[machine.2]         2395 task-resume id=4 reason=scheduler
[machine.2]         2395 task-yield id=4 reason=RtosPortYield
[machine.2]         2395 task-resume id=2 reason=scheduler
[machine.2]         2395 task-yield id=2 reason=Idle
[machine.2]         2400 task-resume id=4 reason=scheduler
[machine.2]         2400 task-yield id=4 reason=RtosPortYield
[machine.2]         2400 user-u32 "sensor_poll_tick" = 2400
[machine.2]         2400 task-resume id=3 reason=scheduler
[machine.2]         2400 task-yield id=3 reason=RtosPortYield
[machine.2]         2400 user-u32 "gateway_timeout" = 2400
[machine.2]         2400 task-resume id=6 reason=scheduler
[machine.2]         2400 task-yield id=6 reason=RtosPortYield
[machine.2]         2400 user-u32 "deadline_ok" = 0
[machine.2]         2400 task-resume id=1 reason=scheduler
[machine.2]         2400 task-yield id=1 reason=RtosPortYield
[machine.2]         2400 user-u32 "can_recv" = 0
[machine.2]         2400 user-u32 "can_recv" = 0
[machine.2]         2400 user-u32 "can_recv" = 0
[machine.2]         2400 user-u32 "can_recv" = 0
[machine.2]         2400 user-u32 "can_send" = 0
[machine.2]         2400 user-u32 "can_send" = 0
[machine.2]         2400 task-resume id=5 reason=scheduler
[machine.2]         2400 task-yield id=5 reason=RtosPortYield
[machine.2]         2400 user-u32 "logger_event" = 0
[machine.2]         2400 task-resume id=2 reason=scheduler
[machine.2]         2400 task-yield id=2 reason=Idle
[machine.2]         2405 task-resume id=4 reason=scheduler
[machine.2]         2405 task-yield id=4 reason=RtosPortYield
[machine.2]         2405 task-resume id=2 reason=scheduler
[machine.2]         2405 task-yield id=2 reason=Idle
[machine.2]         2410 task-resume id=4 reason=scheduler
[machine.2]         2410 task-yield id=4 reason=RtosPortYield
[machine.2]         2410 task-resume id=1 reason=scheduler
[machine.2]         2410 task-yield id=1 reason=RtosPortYield
[machine.2]         2410 user-u32 "can_recv" = 0
[machine.2]         2410 user-u32 "can_recv" = 0
[machine.2]         2410 user-u32 "can_recv" = 0
[machine.2]         2410 user-u32 "can_recv" = 0
[machine.2]         2410 user-u32 "can_recv" = 0
[machine.2]         2410 user-u32 "can_recv" = 0
[machine.2]         2410 user-u32 "can_recv" = 0
[machine.2]         2410 user-u32 "can_send" = 0
[machine.2]         2410 task-resume id=2 reason=scheduler
[machine.2]         2410 task-yield id=2 reason=Idle
[machine.2]         2415 task-resume id=4 reason=scheduler
[machine.2]         2415 task-yield id=4 reason=RtosPortYield
[machine.2]         2415 task-resume id=2 reason=scheduler
[machine.2]         2415 task-yield id=2 reason=Idle
[machine.2]         2420 task-resume id=4 reason=scheduler
[machine.2]         2420 task-yield id=4 reason=RtosPortYield
[machine.2]         2420 task-resume id=1 reason=scheduler
[machine.2]         2420 task-yield id=1 reason=RtosPortYield
[machine.2]         2420 user-u32 "can_recv" = 0
[machine.2]         2420 user-u32 "can_recv" = 0
[machine.2]         2420 user-u32 "can_recv" = 0
[machine.2]         2420 user-u32 "can_recv" = 0
[machine.2]         2420 user-u32 "can_send" = 0
[machine.2]         2420 task-resume id=2 reason=scheduler
[machine.2]         2420 task-yield id=2 reason=Idle
[machine.2]         2425 task-resume id=4 reason=scheduler
[machine.2]         2425 task-yield id=4 reason=RtosPortYield
[machine.2]         2425 task-resume id=2 reason=scheduler
[machine.2]         2425 task-yield id=2 reason=Idle
[machine.2]         2430 task-resume id=4 reason=scheduler
[machine.2]         2430 task-yield id=4 reason=RtosPortYield
[machine.2]         2430 task-resume id=1 reason=scheduler
[machine.2]         2430 task-yield id=1 reason=RtosPortYield
[machine.2]         2430 user-u32 "can_recv" = 0
[machine.2]         2430 user-u32 "can_recv" = 0
[machine.2]         2430 user-u32 "can_recv" = 0
[machine.2]         2430 user-u32 "can_recv" = 0
[machine.2]         2430 user-u32 "can_send" = 0
[machine.2]         2430 task-resume id=2 reason=scheduler
[machine.2]         2430 task-yield id=2 reason=Idle
[machine.2]         2435 task-resume id=4 reason=scheduler
[machine.2]         2435 task-yield id=4 reason=RtosPortYield
[machine.2]         2435 task-resume id=2 reason=scheduler
[machine.2]         2435 task-yield id=2 reason=Idle
[machine.2]         2440 task-resume id=4 reason=scheduler
[machine.2]         2440 task-yield id=4 reason=RtosPortYield
[machine.2]         2440 task-resume id=1 reason=scheduler
[machine.2]         2440 task-yield id=1 reason=RtosPortYield
[machine.2]         2440 user-u32 "can_recv" = 0
[machine.2]         2440 user-u32 "can_recv" = 0
[machine.2]         2440 user-u32 "can_recv" = 0
[machine.2]         2440 user-u32 "can_recv" = 0
[machine.2]         2440 user-u32 "can_send" = 0
[machine.2]         2440 task-resume id=2 reason=scheduler
[machine.2]         2440 task-yield id=2 reason=Idle
[machine.2]         2445 task-resume id=4 reason=scheduler
[machine.2]         2445 task-yield id=4 reason=RtosPortYield
[machine.2]         2445 task-resume id=2 reason=scheduler
[machine.2]         2445 task-yield id=2 reason=Idle
[machine.2]         2450 task-resume id=4 reason=scheduler
[machine.2]         2450 task-yield id=4 reason=RtosPortYield
[machine.2]         2450 task-resume id=3 reason=scheduler
[machine.2]         2450 task-yield id=3 reason=RtosPortYield
[machine.2]         2450 user-u32 "gateway_timeout" = 2450
[machine.2]         2450 task-resume id=6 reason=scheduler
[machine.2]         2450 task-yield id=6 reason=RtosPortYield
[machine.2]         2450 user-u32 "deadline_ok" = 0
[machine.2]         2450 task-resume id=1 reason=scheduler
[machine.2]         2450 task-yield id=1 reason=RtosPortYield
[machine.2]         2450 user-u32 "can_recv" = 0
[machine.2]         2450 user-u32 "can_recv" = 0
[machine.2]         2450 user-u32 "can_recv" = 0
[machine.2]         2450 user-u32 "can_recv" = 0
[machine.2]         2450 user-u32 "can_send" = 0
[machine.2]         2450 task-resume id=2 reason=scheduler
[machine.2]         2450 task-yield id=2 reason=Idle
[machine.2]         2455 task-resume id=4 reason=scheduler
[machine.2]         2455 task-yield id=4 reason=RtosPortYield
[machine.2]         2455 task-resume id=2 reason=scheduler
[machine.2]         2455 task-yield id=2 reason=Idle
[machine.2]         2460 task-resume id=4 reason=scheduler
[machine.2]         2460 task-yield id=4 reason=RtosPortYield
[machine.2]         2460 task-resume id=1 reason=scheduler
[machine.2]         2460 task-yield id=1 reason=RtosPortYield
[machine.2]         2460 user-u32 "can_recv" = 0
[machine.2]         2460 user-u32 "can_recv" = 0
[machine.2]         2460 user-u32 "can_recv" = 0
[machine.2]         2460 user-u32 "can_recv" = 0
[machine.2]         2460 user-u32 "can_recv" = 0
[machine.2]         2460 user-u32 "can_send" = 0
[machine.2]         2460 task-resume id=2 reason=scheduler
[machine.2]         2460 task-yield id=2 reason=Idle
[machine.2]         2465 task-resume id=4 reason=scheduler
[machine.2]         2465 task-yield id=4 reason=RtosPortYield
[machine.2]         2465 task-resume id=2 reason=scheduler
[machine.2]         2465 task-yield id=2 reason=Idle
[machine.2]         2470 task-resume id=4 reason=scheduler
[machine.2]         2470 task-yield id=4 reason=RtosPortYield
[machine.2]         2470 task-resume id=1 reason=scheduler
[machine.2]         2470 task-yield id=1 reason=RtosPortYield
[machine.2]         2470 user-u32 "can_recv" = 0
[machine.2]         2470 user-u32 "can_recv" = 0
[machine.2]         2470 user-u32 "can_recv" = 0
[machine.2]         2470 user-u32 "can_recv" = 0
[machine.2]         2470 user-u32 "can_send" = 0
[machine.2]         2470 task-resume id=2 reason=scheduler
[machine.2]         2470 task-yield id=2 reason=Idle
[machine.2]         2475 task-resume id=4 reason=scheduler
[machine.2]         2475 task-yield id=4 reason=RtosPortYield
[machine.2]         2475 task-resume id=2 reason=scheduler
[machine.2]         2475 task-yield id=2 reason=Idle
[machine.2]         2480 task-resume id=4 reason=scheduler
[machine.2]         2480 task-yield id=4 reason=RtosPortYield
[machine.2]         2480 task-resume id=1 reason=scheduler
[machine.2]         2480 task-yield id=1 reason=RtosPortYield
[machine.2]         2480 user-u32 "can_recv" = 0
[machine.2]         2480 user-u32 "can_recv" = 0
[machine.2]         2480 user-u32 "can_recv" = 0
[machine.2]         2480 user-u32 "can_recv" = 0
[machine.2]         2480 user-u32 "can_send" = 0
[machine.2]         2480 task-resume id=2 reason=scheduler
[machine.2]         2480 task-yield id=2 reason=Idle
[machine.2]         2485 task-resume id=4 reason=scheduler
[machine.2]         2485 task-yield id=4 reason=RtosPortYield
[machine.2]         2485 task-resume id=2 reason=scheduler
[machine.2]         2485 task-yield id=2 reason=Idle
[machine.2]         2490 task-resume id=4 reason=scheduler
[machine.2]         2490 task-yield id=4 reason=RtosPortYield
[machine.2]         2490 task-resume id=1 reason=scheduler
[machine.2]         2490 task-yield id=1 reason=RtosPortYield
[machine.2]         2490 user-u32 "can_recv" = 0
[machine.2]         2490 user-u32 "can_recv" = 0
[machine.2]         2490 user-u32 "can_recv" = 0
[machine.2]         2490 user-u32 "can_recv" = 0
[machine.2]         2490 user-u32 "can_send" = 0
[machine.2]         2490 task-resume id=2 reason=scheduler
[machine.2]         2490 task-yield id=2 reason=Idle
[machine.2]         2495 task-resume id=4 reason=scheduler
[machine.2]         2495 task-yield id=4 reason=RtosPortYield
[machine.2]         2495 task-resume id=2 reason=scheduler
[machine.2]         2495 task-yield id=2 reason=Idle
[machine.2]         2500 task-resume id=4 reason=scheduler
[machine.2]         2500 task-yield id=4 reason=RtosPortYield
[machine.2]         2500 task-resume id=3 reason=scheduler
[machine.2]         2500 task-yield id=3 reason=RtosPortYield
[machine.2]         2500 user-u32 "gateway_timeout" = 2500
[machine.2]         2500 task-resume id=6 reason=scheduler
[machine.2]         2500 task-yield id=6 reason=RtosPortYield
[machine.2]         2500 user-u32 "deadline_ok" = 0
[machine.2]         2500 task-resume id=1 reason=scheduler
[machine.2]         2500 task-yield id=1 reason=RtosPortYield
[machine.2]         2500 user-u32 "can_recv" = 0
[machine.2]         2500 user-u32 "can_recv" = 0
[machine.2]         2500 user-u32 "can_recv" = 0
[machine.2]         2500 user-u32 "can_recv" = 0
[machine.2]         2500 user-u32 "can_send" = 0
[machine.2]         2500 user-u32 "can_send" = 0
[machine.2]         2500 task-resume id=5 reason=scheduler
[machine.2]         2500 task-yield id=5 reason=RtosPortYield
[machine.2]         2500 user-u32 "logger_event" = 0
[machine.2]         2500 task-resume id=2 reason=scheduler
[machine.2]         2500 task-yield id=2 reason=Idle
[machine.2]         2505 task-resume id=4 reason=scheduler
[machine.2]         2505 task-yield id=4 reason=RtosPortYield
[machine.2]         2505 task-resume id=2 reason=scheduler
[machine.2]         2505 task-yield id=2 reason=Idle
[machine.2]         2510 task-resume id=4 reason=scheduler
[machine.2]         2510 task-yield id=4 reason=RtosPortYield
[machine.2]         2510 task-resume id=1 reason=scheduler
[machine.2]         2510 task-yield id=1 reason=RtosPortYield
[machine.2]         2510 user-u32 "can_recv" = 0
[machine.2]         2510 user-u32 "can_recv" = 0
[machine.2]         2510 user-u32 "can_recv" = 0
[machine.2]         2510 user-u32 "can_recv" = 0
[machine.2]         2510 user-u32 "can_recv" = 0
[machine.2]         2510 user-u32 "can_recv" = 0
[machine.2]         2510 user-u32 "can_recv" = 0
[machine.2]         2510 user-u32 "can_send" = 0
[machine.2]         2510 task-resume id=2 reason=scheduler
[machine.2]         2510 task-yield id=2 reason=Idle
[machine.2]         2515 task-resume id=4 reason=scheduler
[machine.2]         2515 task-yield id=4 reason=RtosPortYield
[machine.2]         2515 task-resume id=2 reason=scheduler
[machine.2]         2515 task-yield id=2 reason=Idle
[machine.2]         2520 task-resume id=4 reason=scheduler
[machine.2]         2520 task-yield id=4 reason=RtosPortYield
[machine.2]         2520 task-resume id=1 reason=scheduler
[machine.2]         2520 task-yield id=1 reason=RtosPortYield
[machine.2]         2520 user-u32 "can_recv" = 0
[machine.2]         2520 user-u32 "can_recv" = 0
[machine.2]         2520 user-u32 "can_recv" = 0
[machine.2]         2520 user-u32 "can_recv" = 0
[machine.2]         2520 user-u32 "can_send" = 0
[machine.2]         2520 task-resume id=2 reason=scheduler
[machine.2]         2520 task-yield id=2 reason=Idle
[machine.2]         2525 task-resume id=4 reason=scheduler
[machine.2]         2525 task-yield id=4 reason=RtosPortYield
[machine.2]         2525 task-resume id=2 reason=scheduler
[machine.2]         2525 task-yield id=2 reason=Idle
[machine.2]         2530 task-resume id=4 reason=scheduler
[machine.2]         2530 task-yield id=4 reason=RtosPortYield
[machine.2]         2530 task-resume id=1 reason=scheduler
[machine.2]         2530 task-yield id=1 reason=RtosPortYield
[machine.2]         2530 user-u32 "can_recv" = 0
[machine.2]         2530 user-u32 "can_recv" = 0
[machine.2]         2530 user-u32 "can_recv" = 0
[machine.2]         2530 user-u32 "can_recv" = 0
[machine.2]         2530 user-u32 "can_send" = 0
[machine.2]         2530 task-resume id=2 reason=scheduler
[machine.2]         2530 task-yield id=2 reason=Idle
[machine.2]         2535 task-resume id=4 reason=scheduler
[machine.2]         2535 task-yield id=4 reason=RtosPortYield
[machine.2]         2535 task-resume id=2 reason=scheduler
[machine.2]         2535 task-yield id=2 reason=Idle
[machine.2]         2540 task-resume id=4 reason=scheduler
[machine.2]         2540 task-yield id=4 reason=RtosPortYield
[machine.2]         2540 task-resume id=1 reason=scheduler
[machine.2]         2540 task-yield id=1 reason=RtosPortYield
[machine.2]         2540 user-u32 "can_recv" = 0
[machine.2]         2540 user-u32 "can_recv" = 0
[machine.2]         2540 user-u32 "can_recv" = 0
[machine.2]         2540 user-u32 "can_recv" = 0
[machine.2]         2540 user-u32 "can_send" = 0
[machine.2]         2540 task-resume id=2 reason=scheduler
[machine.2]         2540 task-yield id=2 reason=Idle
[machine.2]         2545 task-resume id=4 reason=scheduler
[machine.2]         2545 task-yield id=4 reason=RtosPortYield
[machine.2]         2545 task-resume id=2 reason=scheduler
[machine.2]         2545 task-yield id=2 reason=Idle
[machine.2]         2550 task-resume id=4 reason=scheduler
[machine.2]         2550 task-yield id=4 reason=RtosPortYield
[machine.2]         2550 task-resume id=3 reason=scheduler
[machine.2]         2550 task-yield id=3 reason=RtosPortYield
[machine.2]         2550 user-u32 "gateway_timeout" = 2550
[machine.2]         2550 task-resume id=6 reason=scheduler
[machine.2]         2550 task-yield id=6 reason=RtosPortYield
[machine.2]         2550 user-u32 "deadline_ok" = 0
[machine.2]         2550 task-resume id=1 reason=scheduler
[machine.2]         2550 task-yield id=1 reason=RtosPortYield
[machine.2]         2550 user-u32 "can_recv" = 0
[machine.2]         2550 user-u32 "can_recv" = 0
[machine.2]         2550 user-u32 "can_recv" = 0
[machine.2]         2550 user-u32 "can_recv" = 0
[machine.2]         2550 user-u32 "can_send" = 0
[machine.2]         2550 task-resume id=2 reason=scheduler
[machine.2]         2550 task-yield id=2 reason=Idle
[machine.2]         2555 task-resume id=4 reason=scheduler
[machine.2]         2555 task-yield id=4 reason=RtosPortYield
[machine.2]         2555 task-resume id=2 reason=scheduler
[machine.2]         2555 task-yield id=2 reason=Idle
[machine.2]         2560 task-resume id=4 reason=scheduler
[machine.2]         2560 task-yield id=4 reason=RtosPortYield
[machine.2]         2560 task-resume id=1 reason=scheduler
[machine.2]         2560 task-yield id=1 reason=RtosPortYield
[machine.2]         2560 user-u32 "can_recv" = 0
[machine.2]         2560 user-u32 "can_recv" = 0
[machine.2]         2560 user-u32 "can_recv" = 0
[machine.2]         2560 user-u32 "can_recv" = 0
[machine.2]         2560 user-u32 "can_recv" = 0
[machine.2]         2560 user-u32 "can_send" = 0
[machine.2]         2560 task-resume id=2 reason=scheduler
[machine.2]         2560 task-yield id=2 reason=Idle
[machine.2]         2565 task-resume id=4 reason=scheduler
[machine.2]         2565 task-yield id=4 reason=RtosPortYield
[machine.2]         2565 task-resume id=2 reason=scheduler
[machine.2]         2565 task-yield id=2 reason=Idle
[machine.2]         2570 task-resume id=4 reason=scheduler
[machine.2]         2570 task-yield id=4 reason=RtosPortYield
[machine.2]         2570 task-resume id=1 reason=scheduler
[machine.2]         2570 task-yield id=1 reason=RtosPortYield
[machine.2]         2570 user-u32 "can_recv" = 0
[machine.2]         2570 user-u32 "can_recv" = 0
[machine.2]         2570 user-u32 "can_recv" = 0
[machine.2]         2570 user-u32 "can_recv" = 0
[machine.2]         2570 user-u32 "can_send" = 0
[machine.2]         2570 task-resume id=2 reason=scheduler
[machine.2]         2570 task-yield id=2 reason=Idle
[machine.2]         2575 task-resume id=4 reason=scheduler
[machine.2]         2575 task-yield id=4 reason=RtosPortYield
[machine.2]         2575 task-resume id=2 reason=scheduler
[machine.2]         2575 task-yield id=2 reason=Idle
[machine.2]         2580 task-resume id=4 reason=scheduler
[machine.2]         2580 task-yield id=4 reason=RtosPortYield
[machine.2]         2580 task-resume id=1 reason=scheduler
[machine.2]         2580 task-yield id=1 reason=RtosPortYield
[machine.2]         2580 user-u32 "can_recv" = 0
[machine.2]         2580 user-u32 "can_recv" = 0
[machine.2]         2580 user-u32 "can_recv" = 0
[machine.2]         2580 user-u32 "can_recv" = 0
[machine.2]         2580 user-u32 "can_send" = 0
[machine.2]         2580 task-resume id=2 reason=scheduler
[machine.2]         2580 task-yield id=2 reason=Idle
[machine.2]         2585 task-resume id=4 reason=scheduler
[machine.2]         2585 task-yield id=4 reason=RtosPortYield
[machine.2]         2585 task-resume id=2 reason=scheduler
[machine.2]         2585 task-yield id=2 reason=Idle
[machine.2]         2590 task-resume id=4 reason=scheduler
[machine.2]         2590 task-yield id=4 reason=RtosPortYield
[machine.2]         2590 task-resume id=1 reason=scheduler
[machine.2]         2590 task-yield id=1 reason=RtosPortYield
[machine.2]         2590 user-u32 "can_recv" = 0
[machine.2]         2590 user-u32 "can_recv" = 0
[machine.2]         2590 user-u32 "can_recv" = 0
[machine.2]         2590 user-u32 "can_recv" = 0
[machine.2]         2590 user-u32 "can_send" = 0
[machine.2]         2590 task-resume id=2 reason=scheduler
[machine.2]         2590 task-yield id=2 reason=Idle
[machine.2]         2595 task-resume id=4 reason=scheduler
[machine.2]         2595 task-yield id=4 reason=RtosPortYield
[machine.2]         2595 task-resume id=2 reason=scheduler
[machine.2]         2595 task-yield id=2 reason=Idle
[machine.2]         2600 task-resume id=4 reason=scheduler
[machine.2]         2600 task-yield id=4 reason=RtosPortYield
[machine.2]         2600 user-u32 "sensor_poll_tick" = 2600
[machine.2]         2600 task-resume id=3 reason=scheduler
[machine.2]         2600 task-yield id=3 reason=RtosPortYield
[machine.2]         2600 user-u32 "gateway_timeout" = 2600
[machine.2]         2600 task-resume id=6 reason=scheduler
[machine.2]         2600 task-yield id=6 reason=RtosPortYield
[machine.2]         2600 user-u32 "deadline_ok" = 0
[machine.2]         2600 task-resume id=1 reason=scheduler
[machine.2]         2600 task-yield id=1 reason=RtosPortYield
[machine.2]         2600 user-u32 "can_recv" = 0
[machine.2]         2600 user-u32 "can_recv" = 0
[machine.2]         2600 user-u32 "can_recv" = 0
[machine.2]         2600 user-u32 "can_recv" = 0
[machine.2]         2600 user-u32 "can_send" = 0
[machine.2]         2600 user-u32 "can_send" = 0
[machine.2]         2600 task-resume id=5 reason=scheduler
[machine.2]         2600 task-yield id=5 reason=RtosPortYield
[machine.2]         2600 user-u32 "logger_event" = 0
[machine.2]         2600 task-resume id=2 reason=scheduler
[machine.2]         2600 task-yield id=2 reason=Idle
[machine.2]         2605 task-resume id=4 reason=scheduler
[machine.2]         2605 task-yield id=4 reason=RtosPortYield
[machine.2]         2605 task-resume id=2 reason=scheduler
[machine.2]         2605 task-yield id=2 reason=Idle
[machine.2]         2610 task-resume id=4 reason=scheduler
[machine.2]         2610 task-yield id=4 reason=RtosPortYield
[machine.2]         2610 task-resume id=1 reason=scheduler
[machine.2]         2610 task-yield id=1 reason=RtosPortYield
[machine.2]         2610 user-u32 "can_recv" = 0
[machine.2]         2610 user-u32 "can_recv" = 0
[machine.2]         2610 user-u32 "can_recv" = 0
[machine.2]         2610 user-u32 "can_recv" = 0
[machine.2]         2610 user-u32 "can_recv" = 0
[machine.2]         2610 user-u32 "can_recv" = 0
[machine.2]         2610 user-u32 "can_recv" = 0
[machine.2]         2610 user-u32 "can_send" = 0
[machine.2]         2610 task-resume id=2 reason=scheduler
[machine.2]         2610 task-yield id=2 reason=Idle
[machine.2]         2615 task-resume id=4 reason=scheduler
[machine.2]         2615 task-yield id=4 reason=RtosPortYield
[machine.2]         2615 task-resume id=2 reason=scheduler
[machine.2]         2615 task-yield id=2 reason=Idle
[machine.2]         2620 task-resume id=4 reason=scheduler
[machine.2]         2620 task-yield id=4 reason=RtosPortYield
[machine.2]         2620 task-resume id=1 reason=scheduler
[machine.2]         2620 task-yield id=1 reason=RtosPortYield
[machine.2]         2620 user-u32 "can_recv" = 0
[machine.2]         2620 user-u32 "can_recv" = 0
[machine.2]         2620 user-u32 "can_recv" = 0
[machine.2]         2620 user-u32 "can_recv" = 0
[machine.2]         2620 user-u32 "can_send" = 0
[machine.2]         2620 task-resume id=2 reason=scheduler
[machine.2]         2620 task-yield id=2 reason=Idle
[machine.2]         2625 task-resume id=4 reason=scheduler
[machine.2]         2625 task-yield id=4 reason=RtosPortYield
[machine.2]         2625 task-resume id=2 reason=scheduler
[machine.2]         2625 task-yield id=2 reason=Idle
[machine.2]         2630 task-resume id=4 reason=scheduler
[machine.2]         2630 task-yield id=4 reason=RtosPortYield
[machine.2]         2630 task-resume id=1 reason=scheduler
[machine.2]         2630 task-yield id=1 reason=RtosPortYield
[machine.2]         2630 user-u32 "can_recv" = 0
[machine.2]         2630 user-u32 "can_recv" = 0
[machine.2]         2630 user-u32 "can_recv" = 0
[machine.2]         2630 user-u32 "can_recv" = 0
[machine.2]         2630 user-u32 "can_send" = 0
[machine.2]         2630 task-resume id=2 reason=scheduler
[machine.2]         2630 task-yield id=2 reason=Idle
[machine.2]         2635 task-resume id=4 reason=scheduler
[machine.2]         2635 task-yield id=4 reason=RtosPortYield
[machine.2]         2635 task-resume id=2 reason=scheduler
[machine.2]         2635 task-yield id=2 reason=Idle
[machine.2]         2640 task-resume id=4 reason=scheduler
[machine.2]         2640 task-yield id=4 reason=RtosPortYield
[machine.2]         2640 task-resume id=1 reason=scheduler
[machine.2]         2640 task-yield id=1 reason=RtosPortYield
[machine.2]         2640 user-u32 "can_recv" = 0
[machine.2]         2640 user-u32 "can_recv" = 0
[machine.2]         2640 user-u32 "can_recv" = 0
[machine.2]         2640 user-u32 "can_recv" = 0
[machine.2]         2640 user-u32 "can_send" = 0
[machine.2]         2640 task-resume id=2 reason=scheduler
[machine.2]         2640 task-yield id=2 reason=Idle
[machine.2]         2645 task-resume id=4 reason=scheduler
[machine.2]         2645 task-yield id=4 reason=RtosPortYield
[machine.2]         2645 task-resume id=2 reason=scheduler
[machine.2]         2645 task-yield id=2 reason=Idle
[machine.2]         2650 task-resume id=4 reason=scheduler
[machine.2]         2650 task-yield id=4 reason=RtosPortYield
[machine.2]         2650 task-resume id=3 reason=scheduler
[machine.2]         2650 task-yield id=3 reason=RtosPortYield
[machine.2]         2650 user-u32 "gateway_timeout" = 2650
[machine.2]         2650 task-resume id=6 reason=scheduler
[machine.2]         2650 task-yield id=6 reason=RtosPortYield
[machine.2]         2650 user-u32 "deadline_ok" = 0
[machine.2]         2650 task-resume id=1 reason=scheduler
[machine.2]         2650 task-yield id=1 reason=RtosPortYield
[machine.2]         2650 user-u32 "can_recv" = 0
[machine.2]         2650 user-u32 "can_recv" = 0
[machine.2]         2650 user-u32 "can_recv" = 0
[machine.2]         2650 user-u32 "can_recv" = 0
[machine.2]         2650 user-u32 "can_send" = 0
[machine.2]         2650 task-resume id=2 reason=scheduler
[machine.2]         2650 task-yield id=2 reason=Idle
[machine.2]         2655 task-resume id=4 reason=scheduler
[machine.2]         2655 task-yield id=4 reason=RtosPortYield
[machine.2]         2655 task-resume id=2 reason=scheduler
[machine.2]         2655 task-yield id=2 reason=Idle
[machine.2]         2660 task-resume id=4 reason=scheduler
[machine.2]         2660 task-yield id=4 reason=RtosPortYield
[machine.2]         2660 task-resume id=1 reason=scheduler
[machine.2]         2660 task-yield id=1 reason=RtosPortYield
[machine.2]         2660 user-u32 "can_recv" = 0
[machine.2]         2660 user-u32 "can_recv" = 0
[machine.2]         2660 user-u32 "can_recv" = 0
[machine.2]         2660 user-u32 "can_recv" = 0
[machine.2]         2660 user-u32 "can_recv" = 0
[machine.2]         2660 user-u32 "can_send" = 0
[machine.2]         2660 task-resume id=2 reason=scheduler
[machine.2]         2660 task-yield id=2 reason=Idle
[machine.2]         2665 task-resume id=4 reason=scheduler
[machine.2]         2665 task-yield id=4 reason=RtosPortYield
[machine.2]         2665 task-resume id=2 reason=scheduler
[machine.2]         2665 task-yield id=2 reason=Idle
[machine.2]         2670 task-resume id=4 reason=scheduler
[machine.2]         2670 task-yield id=4 reason=RtosPortYield
[machine.2]         2670 task-resume id=1 reason=scheduler
[machine.2]         2670 task-yield id=1 reason=RtosPortYield
[machine.2]         2670 user-u32 "can_recv" = 0
[machine.2]         2670 user-u32 "can_recv" = 0
[machine.2]         2670 user-u32 "can_recv" = 0
[machine.2]         2670 user-u32 "can_recv" = 0
[machine.2]         2670 user-u32 "can_send" = 0
[machine.2]         2670 task-resume id=2 reason=scheduler
[machine.2]         2670 task-yield id=2 reason=Idle
[machine.2]         2675 task-resume id=4 reason=scheduler
[machine.2]         2675 task-yield id=4 reason=RtosPortYield
[machine.2]         2675 task-resume id=2 reason=scheduler
[machine.2]         2675 task-yield id=2 reason=Idle
[machine.2]         2680 task-resume id=4 reason=scheduler
[machine.2]         2680 task-yield id=4 reason=RtosPortYield
[machine.2]         2680 task-resume id=1 reason=scheduler
[machine.2]         2680 task-yield id=1 reason=RtosPortYield
[machine.2]         2680 user-u32 "can_recv" = 0
[machine.2]         2680 user-u32 "can_recv" = 0
[machine.2]         2680 user-u32 "can_recv" = 0
[machine.2]         2680 user-u32 "can_recv" = 0
[machine.2]         2680 user-u32 "can_send" = 0
[machine.2]         2680 task-resume id=2 reason=scheduler
[machine.2]         2680 task-yield id=2 reason=Idle
[machine.2]         2685 task-resume id=4 reason=scheduler
[machine.2]         2685 task-yield id=4 reason=RtosPortYield
[machine.2]         2685 task-resume id=2 reason=scheduler
[machine.2]         2685 task-yield id=2 reason=Idle
[machine.2]         2690 task-resume id=4 reason=scheduler
[machine.2]         2690 task-yield id=4 reason=RtosPortYield
[machine.2]         2690 task-resume id=1 reason=scheduler
[machine.2]         2690 task-yield id=1 reason=RtosPortYield
[machine.2]         2690 user-u32 "can_recv" = 0
[machine.2]         2690 user-u32 "can_recv" = 0
[machine.2]         2690 user-u32 "can_recv" = 0
[machine.2]         2690 user-u32 "can_recv" = 0
[machine.2]         2690 user-u32 "can_send" = 0
[machine.2]         2690 task-resume id=2 reason=scheduler
[machine.2]         2690 task-yield id=2 reason=Idle
[machine.2]         2695 task-resume id=4 reason=scheduler
[machine.2]         2695 task-yield id=4 reason=RtosPortYield
[machine.2]         2695 task-resume id=2 reason=scheduler
[machine.2]         2695 task-yield id=2 reason=Idle
[machine.2]         2700 task-resume id=4 reason=scheduler
[machine.2]         2700 task-yield id=4 reason=RtosPortYield
[machine.2]         2700 task-resume id=3 reason=scheduler
[machine.2]         2700 task-yield id=3 reason=RtosPortYield
[machine.2]         2700 user-u32 "gateway_timeout" = 2700
[machine.2]         2700 task-resume id=6 reason=scheduler
[machine.2]         2700 task-yield id=6 reason=RtosPortYield
[machine.2]         2700 user-u32 "deadline_ok" = 0
[machine.2]         2700 task-resume id=1 reason=scheduler
[machine.2]         2700 task-yield id=1 reason=RtosPortYield
[machine.2]         2700 user-u32 "can_recv" = 0
[machine.2]         2700 user-u32 "can_recv" = 0
[machine.2]         2700 user-u32 "can_recv" = 0
[machine.2]         2700 user-u32 "can_recv" = 0
[machine.2]         2700 user-u32 "can_send" = 0
[machine.2]         2700 user-u32 "can_send" = 0
[machine.2]         2700 task-resume id=5 reason=scheduler
[machine.2]         2700 task-yield id=5 reason=RtosPortYield
[machine.2]         2700 user-u32 "logger_event" = 0
[machine.2]         2700 task-resume id=2 reason=scheduler
[machine.2]         2700 task-yield id=2 reason=Idle
[machine.2]         2705 task-resume id=4 reason=scheduler
[machine.2]         2705 task-yield id=4 reason=RtosPortYield
[machine.2]         2705 task-resume id=2 reason=scheduler
[machine.2]         2705 task-yield id=2 reason=Idle
[machine.2]         2710 task-resume id=4 reason=scheduler
[machine.2]         2710 task-yield id=4 reason=RtosPortYield
[machine.2]         2710 task-resume id=1 reason=scheduler
[machine.2]         2710 task-yield id=1 reason=RtosPortYield
[machine.2]         2710 user-u32 "can_recv" = 0
[machine.2]         2710 user-u32 "can_recv" = 0
[machine.2]         2710 user-u32 "can_recv" = 0
[machine.2]         2710 user-u32 "can_recv" = 0
[machine.2]         2710 user-u32 "can_recv" = 0
[machine.2]         2710 user-u32 "can_recv" = 0
[machine.2]         2710 user-u32 "can_recv" = 0
[machine.2]         2710 user-u32 "can_send" = 0
[machine.2]         2710 task-resume id=2 reason=scheduler
[machine.2]         2710 task-yield id=2 reason=Idle
[machine.2]         2715 task-resume id=4 reason=scheduler
[machine.2]         2715 task-yield id=4 reason=RtosPortYield
[machine.2]         2715 task-resume id=2 reason=scheduler
[machine.2]         2715 task-yield id=2 reason=Idle
[machine.2]         2720 task-resume id=4 reason=scheduler
[machine.2]         2720 task-yield id=4 reason=RtosPortYield
[machine.2]         2720 task-resume id=1 reason=scheduler
[machine.2]         2720 task-yield id=1 reason=RtosPortYield
[machine.2]         2720 user-u32 "can_recv" = 0
[machine.2]         2720 user-u32 "can_recv" = 0
[machine.2]         2720 user-u32 "can_recv" = 0
[machine.2]         2720 user-u32 "can_recv" = 0
[machine.2]         2720 user-u32 "can_send" = 0
[machine.2]         2720 task-resume id=2 reason=scheduler
[machine.2]         2720 task-yield id=2 reason=Idle
[machine.2]         2725 task-resume id=4 reason=scheduler
[machine.2]         2725 task-yield id=4 reason=RtosPortYield
[machine.2]         2725 task-resume id=2 reason=scheduler
[machine.2]         2725 task-yield id=2 reason=Idle
[machine.2]         2730 task-resume id=4 reason=scheduler
[machine.2]         2730 task-yield id=4 reason=RtosPortYield
[machine.2]         2730 task-resume id=1 reason=scheduler
[machine.2]         2730 task-yield id=1 reason=RtosPortYield
[machine.2]         2730 user-u32 "can_recv" = 0
[machine.2]         2730 user-u32 "can_recv" = 0
[machine.2]         2730 user-u32 "can_recv" = 0
[machine.2]         2730 user-u32 "can_recv" = 0
[machine.2]         2730 user-u32 "can_send" = 0
[machine.2]         2730 task-resume id=2 reason=scheduler
[machine.2]         2730 task-yield id=2 reason=Idle
[machine.2]         2735 task-resume id=4 reason=scheduler
[machine.2]         2735 task-yield id=4 reason=RtosPortYield
[machine.2]         2735 task-resume id=2 reason=scheduler
[machine.2]         2735 task-yield id=2 reason=Idle
[machine.2]         2740 task-resume id=4 reason=scheduler
[machine.2]         2740 task-yield id=4 reason=RtosPortYield
[machine.2]         2740 task-resume id=1 reason=scheduler
[machine.2]         2740 task-yield id=1 reason=RtosPortYield
[machine.2]         2740 user-u32 "can_recv" = 0
[machine.2]         2740 user-u32 "can_recv" = 0
[machine.2]         2740 user-u32 "can_recv" = 0
[machine.2]         2740 user-u32 "can_recv" = 0
[machine.2]         2740 user-u32 "can_send" = 0
[machine.2]         2740 task-resume id=2 reason=scheduler
[machine.2]         2740 task-yield id=2 reason=Idle
[machine.2]         2745 task-resume id=4 reason=scheduler
[machine.2]         2745 task-yield id=4 reason=RtosPortYield
[machine.2]         2745 task-resume id=2 reason=scheduler
[machine.2]         2745 task-yield id=2 reason=Idle
[machine.2]         2750 task-resume id=4 reason=scheduler
[machine.2]         2750 task-yield id=4 reason=RtosPortYield
[machine.2]         2750 task-resume id=3 reason=scheduler
[machine.2]         2750 task-yield id=3 reason=RtosPortYield
[machine.2]         2750 user-u32 "gateway_timeout" = 2750
[machine.2]         2750 task-resume id=6 reason=scheduler
[machine.2]         2750 task-yield id=6 reason=RtosPortYield
[machine.2]         2750 user-u32 "deadline_ok" = 0
[machine.2]         2750 task-resume id=1 reason=scheduler
[machine.2]         2750 task-yield id=1 reason=RtosPortYield
[machine.2]         2750 user-u32 "can_recv" = 0
[machine.2]         2750 user-u32 "can_recv" = 0
[machine.2]         2750 user-u32 "can_recv" = 0
[machine.2]         2750 user-u32 "can_recv" = 0
[machine.2]         2750 user-u32 "can_send" = 0
[machine.2]         2750 task-resume id=2 reason=scheduler
[machine.2]         2750 task-yield id=2 reason=Idle
[machine.2]         2755 task-resume id=4 reason=scheduler
[machine.2]         2755 task-yield id=4 reason=RtosPortYield
[machine.2]         2755 task-resume id=2 reason=scheduler
[machine.2]         2755 task-yield id=2 reason=Idle
[machine.2]         2760 task-resume id=4 reason=scheduler
[machine.2]         2760 task-yield id=4 reason=RtosPortYield
[machine.2]         2760 task-resume id=1 reason=scheduler
[machine.2]         2760 task-yield id=1 reason=RtosPortYield
[machine.2]         2760 user-u32 "can_recv" = 0
[machine.2]         2760 user-u32 "can_recv" = 0
[machine.2]         2760 user-u32 "can_recv" = 0
[machine.2]         2760 user-u32 "can_recv" = 0
[machine.2]         2760 user-u32 "can_recv" = 0
[machine.2]         2760 user-u32 "can_send" = 0
[machine.2]         2760 task-resume id=2 reason=scheduler
[machine.2]         2760 task-yield id=2 reason=Idle
[machine.2]         2765 task-resume id=4 reason=scheduler
[machine.2]         2765 task-yield id=4 reason=RtosPortYield
[machine.2]         2765 task-resume id=2 reason=scheduler
[machine.2]         2765 task-yield id=2 reason=Idle
[machine.2]         2770 task-resume id=4 reason=scheduler
[machine.2]         2770 task-yield id=4 reason=RtosPortYield
[machine.2]         2770 task-resume id=1 reason=scheduler
[machine.2]         2770 task-yield id=1 reason=RtosPortYield
[machine.2]         2770 user-u32 "can_recv" = 0
[machine.2]         2770 user-u32 "can_recv" = 0
[machine.2]         2770 user-u32 "can_recv" = 0
[machine.2]         2770 user-u32 "can_recv" = 0
[machine.2]         2770 user-u32 "can_send" = 0
[machine.2]         2770 task-resume id=2 reason=scheduler
[machine.2]         2770 task-yield id=2 reason=Idle
[machine.2]         2775 task-resume id=4 reason=scheduler
[machine.2]         2775 task-yield id=4 reason=RtosPortYield
[machine.2]         2775 task-resume id=2 reason=scheduler
[machine.2]         2775 task-yield id=2 reason=Idle
[machine.2]         2780 task-resume id=4 reason=scheduler
[machine.2]         2780 task-yield id=4 reason=RtosPortYield
[machine.2]         2780 task-resume id=1 reason=scheduler
[machine.2]         2780 task-yield id=1 reason=RtosPortYield
[machine.2]         2780 user-u32 "can_recv" = 0
[machine.2]         2780 user-u32 "can_recv" = 0
[machine.2]         2780 user-u32 "can_recv" = 0
[machine.2]         2780 user-u32 "can_recv" = 0
[machine.2]         2780 user-u32 "can_send" = 0
[machine.2]         2780 task-resume id=2 reason=scheduler
[machine.2]         2780 task-yield id=2 reason=Idle
[machine.2]         2785 task-resume id=4 reason=scheduler
[machine.2]         2785 task-yield id=4 reason=RtosPortYield
[machine.2]         2785 task-resume id=2 reason=scheduler
[machine.2]         2785 task-yield id=2 reason=Idle
[machine.2]         2790 task-resume id=4 reason=scheduler
[machine.2]         2790 task-yield id=4 reason=RtosPortYield
[machine.2]         2790 task-resume id=1 reason=scheduler
[machine.2]         2790 task-yield id=1 reason=RtosPortYield
[machine.2]         2790 user-u32 "can_recv" = 0
[machine.2]         2790 user-u32 "can_recv" = 0
[machine.2]         2790 user-u32 "can_recv" = 0
[machine.2]         2790 user-u32 "can_recv" = 0
[machine.2]         2790 user-u32 "can_send" = 0
[machine.2]         2790 task-resume id=2 reason=scheduler
[machine.2]         2790 task-yield id=2 reason=Idle
[machine.2]         2795 task-resume id=4 reason=scheduler
[machine.2]         2795 task-yield id=4 reason=RtosPortYield
[machine.2]         2795 task-resume id=2 reason=scheduler
[machine.2]         2795 task-yield id=2 reason=Idle
[machine.2]         2800 task-resume id=4 reason=scheduler
[machine.2]         2800 task-yield id=4 reason=RtosPortYield
[machine.2]         2800 user-u32 "sensor_poll_tick" = 2800
[machine.2]         2800 task-resume id=3 reason=scheduler
[machine.2]         2800 task-yield id=3 reason=RtosPortYield
[machine.2]         2800 user-u32 "gateway_timeout" = 2800
[machine.2]         2800 task-resume id=6 reason=scheduler
[machine.2]         2800 task-yield id=6 reason=RtosPortYield
[machine.2]         2800 user-u32 "deadline_ok" = 0
[machine.2]         2800 task-resume id=1 reason=scheduler
[machine.2]         2800 task-yield id=1 reason=RtosPortYield
[machine.2]         2800 user-u32 "can_recv" = 0
[machine.2]         2800 user-u32 "can_recv" = 0
[machine.2]         2800 user-u32 "can_recv" = 0
[machine.2]         2800 user-u32 "can_recv" = 0
[machine.2]         2800 user-u32 "can_send" = 0
[machine.2]         2800 user-u32 "can_send" = 0
[machine.2]         2800 task-resume id=5 reason=scheduler
[machine.2]         2800 task-yield id=5 reason=RtosPortYield
[machine.2]         2800 user-u32 "logger_event" = 0
[machine.2]         2800 task-resume id=2 reason=scheduler
[machine.2]         2800 task-yield id=2 reason=Idle
[machine.2]         2805 task-resume id=4 reason=scheduler
[machine.2]         2805 task-yield id=4 reason=RtosPortYield
[machine.2]         2805 task-resume id=2 reason=scheduler
[machine.2]         2805 task-yield id=2 reason=Idle
[machine.2]         2810 task-resume id=4 reason=scheduler
[machine.2]         2810 task-yield id=4 reason=RtosPortYield
[machine.2]         2810 task-resume id=1 reason=scheduler
[machine.2]         2810 task-yield id=1 reason=RtosPortYield
[machine.2]         2810 user-u32 "can_recv" = 0
[machine.2]         2810 user-u32 "can_recv" = 0
[machine.2]         2810 user-u32 "can_recv" = 0
[machine.2]         2810 user-u32 "can_recv" = 0
[machine.2]         2810 user-u32 "can_recv" = 0
[machine.2]         2810 user-u32 "can_recv" = 0
[machine.2]         2810 user-u32 "can_recv" = 0
[machine.2]         2810 user-u32 "can_send" = 0
[machine.2]         2810 task-resume id=2 reason=scheduler
[machine.2]         2810 task-yield id=2 reason=Idle
[machine.2]         2815 task-resume id=4 reason=scheduler
[machine.2]         2815 task-yield id=4 reason=RtosPortYield
[machine.2]         2815 task-resume id=2 reason=scheduler
[machine.2]         2815 task-yield id=2 reason=Idle
[machine.2]         2820 task-resume id=4 reason=scheduler
[machine.2]         2820 task-yield id=4 reason=RtosPortYield
[machine.2]         2820 task-resume id=1 reason=scheduler
[machine.2]         2820 task-yield id=1 reason=RtosPortYield
[machine.2]         2820 user-u32 "can_recv" = 0
[machine.2]         2820 user-u32 "can_recv" = 0
[machine.2]         2820 user-u32 "can_recv" = 0
[machine.2]         2820 user-u32 "can_recv" = 0
[machine.2]         2820 user-u32 "can_send" = 0
[machine.2]         2820 task-resume id=2 reason=scheduler
[machine.2]         2820 task-yield id=2 reason=Idle
[machine.2]         2825 task-resume id=4 reason=scheduler
[machine.2]         2825 task-yield id=4 reason=RtosPortYield
[machine.2]         2825 task-resume id=2 reason=scheduler
[machine.2]         2825 task-yield id=2 reason=Idle
[machine.2]         2830 task-resume id=4 reason=scheduler
[machine.2]         2830 task-yield id=4 reason=RtosPortYield
[machine.2]         2830 task-resume id=1 reason=scheduler
[machine.2]         2830 task-yield id=1 reason=RtosPortYield
[machine.2]         2830 user-u32 "can_recv" = 0
[machine.2]         2830 user-u32 "can_recv" = 0
[machine.2]         2830 user-u32 "can_recv" = 0
[machine.2]         2830 user-u32 "can_recv" = 0
[machine.2]         2830 user-u32 "can_send" = 0
[machine.2]         2830 task-resume id=2 reason=scheduler
[machine.2]         2830 task-yield id=2 reason=Idle
[machine.2]         2835 task-resume id=4 reason=scheduler
[machine.2]         2835 task-yield id=4 reason=RtosPortYield
[machine.2]         2835 task-resume id=2 reason=scheduler
[machine.2]         2835 task-yield id=2 reason=Idle
[machine.2]         2840 task-resume id=4 reason=scheduler
[machine.2]         2840 task-yield id=4 reason=RtosPortYield
[machine.2]         2840 task-resume id=1 reason=scheduler
[machine.2]         2840 task-yield id=1 reason=RtosPortYield
[machine.2]         2840 user-u32 "can_recv" = 0
[machine.2]         2840 user-u32 "can_recv" = 0
[machine.2]         2840 user-u32 "can_recv" = 0
[machine.2]         2840 user-u32 "can_recv" = 0
[machine.2]         2840 user-u32 "can_send" = 0
[machine.2]         2840 task-resume id=2 reason=scheduler
[machine.2]         2840 task-yield id=2 reason=Idle
[machine.2]         2845 task-resume id=4 reason=scheduler
[machine.2]         2845 task-yield id=4 reason=RtosPortYield
[machine.2]         2845 task-resume id=2 reason=scheduler
[machine.2]         2845 task-yield id=2 reason=Idle
[machine.2]         2850 task-resume id=4 reason=scheduler
[machine.2]         2850 task-yield id=4 reason=RtosPortYield
[machine.2]         2850 task-resume id=3 reason=scheduler
[machine.2]         2850 task-yield id=3 reason=RtosPortYield
[machine.2]         2850 user-u32 "gateway_timeout" = 2850
[machine.2]         2850 task-resume id=6 reason=scheduler
[machine.2]         2850 task-yield id=6 reason=RtosPortYield
[machine.2]         2850 user-u32 "deadline_ok" = 0
[machine.2]         2850 task-resume id=1 reason=scheduler
[machine.2]         2850 task-yield id=1 reason=RtosPortYield
[machine.2]         2850 user-u32 "can_recv" = 0
[machine.2]         2850 user-u32 "can_recv" = 0
[machine.2]         2850 user-u32 "can_recv" = 0
[machine.2]         2850 user-u32 "can_recv" = 0
[machine.2]         2850 user-u32 "can_send" = 0
[machine.2]         2850 task-resume id=2 reason=scheduler
[machine.2]         2850 task-yield id=2 reason=Idle
[machine.2]         2855 task-resume id=4 reason=scheduler
[machine.2]         2855 task-yield id=4 reason=RtosPortYield
[machine.2]         2855 task-resume id=2 reason=scheduler
[machine.2]         2855 task-yield id=2 reason=Idle
[machine.2]         2860 task-resume id=4 reason=scheduler
[machine.2]         2860 task-yield id=4 reason=RtosPortYield
[machine.2]         2860 task-resume id=1 reason=scheduler
[machine.2]         2860 task-yield id=1 reason=RtosPortYield
[machine.2]         2860 user-u32 "can_recv" = 0
[machine.2]         2860 user-u32 "can_recv" = 0
[machine.2]         2860 user-u32 "can_recv" = 0
[machine.2]         2860 user-u32 "can_recv" = 0
[machine.2]         2860 user-u32 "can_recv" = 0
[machine.2]         2860 user-u32 "can_send" = 0
[machine.2]         2860 task-resume id=2 reason=scheduler
[machine.2]         2860 task-yield id=2 reason=Idle
[machine.2]         2865 task-resume id=4 reason=scheduler
[machine.2]         2865 task-yield id=4 reason=RtosPortYield
[machine.2]         2865 task-resume id=2 reason=scheduler
[machine.2]         2865 task-yield id=2 reason=Idle
[machine.2]         2870 task-resume id=4 reason=scheduler
[machine.2]         2870 task-yield id=4 reason=RtosPortYield
[machine.2]         2870 task-resume id=1 reason=scheduler
[machine.2]         2870 task-yield id=1 reason=RtosPortYield
[machine.2]         2870 user-u32 "can_recv" = 0
[machine.2]         2870 user-u32 "can_recv" = 0
[machine.2]         2870 user-u32 "can_recv" = 0
[machine.2]         2870 user-u32 "can_recv" = 0
[machine.2]         2870 user-u32 "can_send" = 0
[machine.2]         2870 task-resume id=2 reason=scheduler
[machine.2]         2870 task-yield id=2 reason=Idle
[machine.2]         2875 task-resume id=4 reason=scheduler
[machine.2]         2875 task-yield id=4 reason=RtosPortYield
[machine.2]         2875 task-resume id=2 reason=scheduler
[machine.2]         2875 task-yield id=2 reason=Idle
[machine.2]         2880 task-resume id=4 reason=scheduler
[machine.2]         2880 task-yield id=4 reason=RtosPortYield
[machine.2]         2880 task-resume id=1 reason=scheduler
[machine.2]         2880 task-yield id=1 reason=RtosPortYield
[machine.2]         2880 user-u32 "can_recv" = 0
[machine.2]         2880 user-u32 "can_recv" = 0
[machine.2]         2880 user-u32 "can_recv" = 0
[machine.2]         2880 user-u32 "can_recv" = 0
[machine.2]         2880 user-u32 "can_send" = 0
[machine.2]         2880 task-resume id=2 reason=scheduler
[machine.2]         2880 task-yield id=2 reason=Idle
[machine.2]         2885 task-resume id=4 reason=scheduler
[machine.2]         2885 task-yield id=4 reason=RtosPortYield
[machine.2]         2885 task-resume id=2 reason=scheduler
[machine.2]         2885 task-yield id=2 reason=Idle
[machine.2]         2890 task-resume id=4 reason=scheduler
[machine.2]         2890 task-yield id=4 reason=RtosPortYield
[machine.2]         2890 task-resume id=1 reason=scheduler
[machine.2]         2890 task-yield id=1 reason=RtosPortYield
[machine.2]         2890 user-u32 "can_recv" = 0
[machine.2]         2890 user-u32 "can_recv" = 0
[machine.2]         2890 user-u32 "can_recv" = 0
[machine.2]         2890 user-u32 "can_recv" = 0
[machine.2]         2890 user-u32 "can_send" = 0
[machine.2]         2890 task-resume id=2 reason=scheduler
[machine.2]         2890 task-yield id=2 reason=Idle
[machine.2]         2895 task-resume id=4 reason=scheduler
[machine.2]         2895 task-yield id=4 reason=RtosPortYield
[machine.2]         2895 task-resume id=2 reason=scheduler
[machine.2]         2895 task-yield id=2 reason=Idle
[machine.2]         2900 task-resume id=4 reason=scheduler
[machine.2]         2900 task-yield id=4 reason=RtosPortYield
[machine.2]         2900 task-resume id=3 reason=scheduler
[machine.2]         2900 task-yield id=3 reason=RtosPortYield
[machine.2]         2900 user-u32 "gateway_timeout" = 2900
[machine.2]         2900 task-resume id=6 reason=scheduler
[machine.2]         2900 task-yield id=6 reason=RtosPortYield
[machine.2]         2900 user-u32 "deadline_ok" = 0
[machine.2]         2900 task-resume id=1 reason=scheduler
[machine.2]         2900 task-yield id=1 reason=RtosPortYield
[machine.2]         2900 user-u32 "can_recv" = 0
[machine.2]         2900 user-u32 "can_recv" = 0
[machine.2]         2900 user-u32 "can_recv" = 0
[machine.2]         2900 user-u32 "can_recv" = 0
[machine.2]         2900 user-u32 "can_send" = 0
[machine.2]         2900 user-u32 "can_send" = 0
[machine.2]         2900 task-resume id=5 reason=scheduler
[machine.2]         2900 task-yield id=5 reason=RtosPortYield
[machine.2]         2900 user-u32 "logger_event" = 0
[machine.2]         2900 task-resume id=2 reason=scheduler
[machine.2]         2900 task-yield id=2 reason=Idle
[machine.2]         2905 task-resume id=4 reason=scheduler
[machine.2]         2905 task-yield id=4 reason=RtosPortYield
[machine.2]         2905 task-resume id=2 reason=scheduler
[machine.2]         2905 task-yield id=2 reason=Idle
[machine.2]         2910 task-resume id=4 reason=scheduler
[machine.2]         2910 task-yield id=4 reason=RtosPortYield
[machine.2]         2910 task-resume id=1 reason=scheduler
[machine.2]         2910 task-yield id=1 reason=RtosPortYield
[machine.2]         2910 user-u32 "can_recv" = 0
[machine.2]         2910 user-u32 "can_recv" = 0
[machine.2]         2910 user-u32 "can_recv" = 0
[machine.2]         2910 user-u32 "can_recv" = 0
[machine.2]         2910 user-u32 "can_recv" = 0
[machine.2]         2910 user-u32 "can_recv" = 0
[machine.2]         2910 user-u32 "can_recv" = 0
[machine.2]         2910 user-u32 "can_send" = 0
[machine.2]         2910 task-resume id=2 reason=scheduler
[machine.2]         2910 task-yield id=2 reason=Idle
[machine.2]         2915 task-resume id=4 reason=scheduler
[machine.2]         2915 task-yield id=4 reason=RtosPortYield
[machine.2]         2915 task-resume id=2 reason=scheduler
[machine.2]         2915 task-yield id=2 reason=Idle
[machine.2]         2920 task-resume id=4 reason=scheduler
[machine.2]         2920 task-yield id=4 reason=RtosPortYield
[machine.2]         2920 task-resume id=1 reason=scheduler
[machine.2]         2920 task-yield id=1 reason=RtosPortYield
[machine.2]         2920 user-u32 "can_recv" = 0
[machine.2]         2920 user-u32 "can_recv" = 0
[machine.2]         2920 user-u32 "can_recv" = 0
[machine.2]         2920 user-u32 "can_recv" = 0
[machine.2]         2920 user-u32 "can_send" = 0
[machine.2]         2920 task-resume id=2 reason=scheduler
[machine.2]         2920 task-yield id=2 reason=Idle
[machine.2]         2925 task-resume id=4 reason=scheduler
[machine.2]         2925 task-yield id=4 reason=RtosPortYield
[machine.2]         2925 task-resume id=2 reason=scheduler
[machine.2]         2925 task-yield id=2 reason=Idle
[machine.2]         2930 task-resume id=4 reason=scheduler
[machine.2]         2930 task-yield id=4 reason=RtosPortYield
[machine.2]         2930 task-resume id=1 reason=scheduler
[machine.2]         2930 task-yield id=1 reason=RtosPortYield
[machine.2]         2930 user-u32 "can_recv" = 0
[machine.2]         2930 user-u32 "can_recv" = 0
[machine.2]         2930 user-u32 "can_recv" = 0
[machine.2]         2930 user-u32 "can_recv" = 0
[machine.2]         2930 user-u32 "can_send" = 0
[machine.2]         2930 task-resume id=2 reason=scheduler
[machine.2]         2930 task-yield id=2 reason=Idle
[machine.2]         2935 task-resume id=4 reason=scheduler
[machine.2]         2935 task-yield id=4 reason=RtosPortYield
[machine.2]         2935 task-resume id=2 reason=scheduler
[machine.2]         2935 task-yield id=2 reason=Idle
[machine.2]         2940 task-resume id=4 reason=scheduler
[machine.2]         2940 task-yield id=4 reason=RtosPortYield
[machine.2]         2940 task-resume id=1 reason=scheduler
[machine.2]         2940 task-yield id=1 reason=RtosPortYield
[machine.2]         2940 user-u32 "can_recv" = 0
[machine.2]         2940 user-u32 "can_recv" = 0
[machine.2]         2940 user-u32 "can_recv" = 0
[machine.2]         2940 user-u32 "can_recv" = 0
[machine.2]         2940 user-u32 "can_send" = 0
[machine.2]         2940 task-resume id=2 reason=scheduler
[machine.2]         2940 task-yield id=2 reason=Idle
[machine.2]         2945 task-resume id=4 reason=scheduler
[machine.2]         2945 task-yield id=4 reason=RtosPortYield
[machine.2]         2945 task-resume id=2 reason=scheduler
[machine.2]         2945 task-yield id=2 reason=Idle
[machine.2]         2950 task-resume id=4 reason=scheduler
[machine.2]         2950 task-yield id=4 reason=RtosPortYield
[machine.2]         2950 task-resume id=3 reason=scheduler
[machine.2]         2950 task-yield id=3 reason=RtosPortYield
[machine.2]         2950 user-u32 "gateway_timeout" = 2950
[machine.2]         2950 task-resume id=6 reason=scheduler
[machine.2]         2950 task-yield id=6 reason=RtosPortYield
[machine.2]         2950 user-u32 "deadline_ok" = 0
[machine.2]         2950 task-resume id=1 reason=scheduler
[machine.2]         2950 task-yield id=1 reason=RtosPortYield
[machine.2]         2950 user-u32 "can_recv" = 0
[machine.2]         2950 user-u32 "can_recv" = 0
[machine.2]         2950 user-u32 "can_recv" = 0
[machine.2]         2950 user-u32 "can_recv" = 0
[machine.2]         2950 user-u32 "can_send" = 0
[machine.2]         2950 task-resume id=2 reason=scheduler
[machine.2]         2950 task-yield id=2 reason=Idle
[machine.2]         2955 task-resume id=4 reason=scheduler
[machine.2]         2955 task-yield id=4 reason=RtosPortYield
[machine.2]         2955 task-resume id=2 reason=scheduler
[machine.2]         2955 task-yield id=2 reason=Idle
[machine.2]         2960 task-resume id=4 reason=scheduler
[machine.2]         2960 task-yield id=4 reason=RtosPortYield
[machine.2]         2960 task-resume id=1 reason=scheduler
[machine.2]         2960 task-yield id=1 reason=RtosPortYield
[machine.2]         2960 user-u32 "can_recv" = 0
[machine.2]         2960 user-u32 "can_recv" = 0
[machine.2]         2960 user-u32 "can_recv" = 0
[machine.2]         2960 user-u32 "can_recv" = 0
[machine.2]         2960 user-u32 "can_recv" = 0
[machine.2]         2960 user-u32 "can_send" = 0
[machine.2]         2960 task-resume id=2 reason=scheduler
[machine.2]         2960 task-yield id=2 reason=Idle
[machine.2]         2965 task-resume id=4 reason=scheduler
[machine.2]         2965 task-yield id=4 reason=RtosPortYield
[machine.2]         2965 task-resume id=2 reason=scheduler
[machine.2]         2965 task-yield id=2 reason=Idle
[machine.2]         2970 task-resume id=4 reason=scheduler
[machine.2]         2970 task-yield id=4 reason=RtosPortYield
[machine.2]         2970 task-resume id=1 reason=scheduler
[machine.2]         2970 task-yield id=1 reason=RtosPortYield
[machine.2]         2970 user-u32 "can_recv" = 0
[machine.2]         2970 user-u32 "can_recv" = 0
[machine.2]         2970 user-u32 "can_recv" = 0
[machine.2]         2970 user-u32 "can_recv" = 0
[machine.2]         2970 user-u32 "can_send" = 0
[machine.2]         2970 task-resume id=2 reason=scheduler
[machine.2]         2970 task-yield id=2 reason=Idle
[machine.2]         2975 task-resume id=4 reason=scheduler
[machine.2]         2975 task-yield id=4 reason=RtosPortYield
[machine.2]         2975 task-resume id=2 reason=scheduler
[machine.2]         2975 task-yield id=2 reason=Idle
[machine.2]         2980 task-resume id=4 reason=scheduler
[machine.2]         2980 task-yield id=4 reason=RtosPortYield
[machine.2]         2980 task-resume id=1 reason=scheduler
[machine.2]         2980 task-yield id=1 reason=RtosPortYield
[machine.2]         2980 user-u32 "can_recv" = 0
[machine.2]         2980 user-u32 "can_recv" = 0
[machine.2]         2980 user-u32 "can_recv" = 0
[machine.2]         2980 user-u32 "can_recv" = 0
[machine.2]         2980 user-u32 "can_send" = 0
[machine.2]         2980 task-resume id=2 reason=scheduler
[machine.2]         2980 task-yield id=2 reason=Idle
[machine.2]         2985 task-resume id=4 reason=scheduler
[machine.2]         2985 task-yield id=4 reason=RtosPortYield
[machine.2]         2985 task-resume id=2 reason=scheduler
[machine.2]         2985 task-yield id=2 reason=Idle
[machine.2]         2990 task-resume id=4 reason=scheduler
[machine.2]         2990 task-yield id=4 reason=RtosPortYield
[machine.2]         2990 task-resume id=1 reason=scheduler
[machine.2]         2990 task-yield id=1 reason=RtosPortYield
[machine.2]         2990 user-u32 "can_recv" = 0
[machine.2]         2990 user-u32 "can_recv" = 0
[machine.2]         2990 user-u32 "can_recv" = 0
[machine.2]         2990 user-u32 "can_recv" = 0
[machine.2]         2990 user-u32 "can_send" = 0
[machine.2]         2990 task-resume id=2 reason=scheduler
[machine.2]         2990 task-yield id=2 reason=Idle
[machine.2]         2995 task-resume id=4 reason=scheduler
[machine.2]         2995 task-yield id=4 reason=RtosPortYield
[machine.2]         2995 task-resume id=2 reason=scheduler
[machine.2]         2995 task-yield id=2 reason=Idle
[machine.2]         3000 task-resume id=4 reason=scheduler
[machine.2]         3000 task-yield id=4 reason=RtosPortYield
[machine.2]         3000 user-u32 "sensor_poll_tick" = 3000
[machine.2]         3000 task-resume id=3 reason=scheduler
[machine.2]         3000 task-yield id=3 reason=RtosPortYield
[machine.2]         3000 user-u32 "gateway_timeout" = 3000
[machine.2]         3000 task-resume id=6 reason=scheduler
[machine.2]         3000 task-yield id=6 reason=RtosPortYield
[machine.2]         3000 user-u32 "deadline_ok" = 0
[machine.2]         3000 task-resume id=1 reason=scheduler
[machine.2]         3000 task-yield id=1 reason=RtosPortYield
[machine.2]         3000 user-u32 "can_recv" = 0
[machine.2]         3000 user-u32 "can_recv" = 0
[machine.2]         3000 user-u32 "can_recv" = 0
[machine.2]         3000 user-u32 "can_recv" = 0
[machine.2]         3000 user-u32 "can_send" = 0
[machine.2]         3000 user-u32 "can_send" = 0
[machine.2]         3000 task-resume id=5 reason=scheduler
[machine.2]         3000 task-yield id=5 reason=RtosPortYield
[machine.2]         3000 user-u32 "logger_event" = 0
[machine.2]         3000 task-resume id=2 reason=scheduler
[machine.2]         3000 task-yield id=2 reason=Idle
[machine.3]          500 can-rx receiver=3 id=0x0001 len=5
[machine.3]          500 can-rx receiver=3 id=0x0001 len=5
[machine.3]          500 can-tx sender=3 id=0x0001 len=5
[machine.3]          500 can-tx sender=3 id=0x0001 len=5
[machine.3]          500 can-tx sender=3 id=0x0001 len=5
[machine.3]          500 can-rx receiver=3 id=0x0001 len=5
[machine.3]        10500 can-rx receiver=3 id=0x0010 len=2
[machine.3]        10500 can-rx receiver=3 id=0x0101 len=2
[machine.3]        10500 can-rx receiver=3 id=0x0102 len=2
[machine.3]        10500 can-rx receiver=3 id=0x0500 len=7
[machine.3]        20500 can-rx receiver=3 id=0x0101 len=2
[machine.3]        20500 can-rx receiver=3 id=0x0102 len=2
[machine.3]        20500 can-tx sender=3 id=0x0200 len=8
[machine.3]        20500 can-tx sender=3 id=0x0200 len=8
[machine.3]        20500 can-tx sender=3 id=0x0200 len=8
[machine.3]        20500 can-rx receiver=3 id=0x0500 len=7
[machine.3]        30500 can-rx receiver=3 id=0x0101 len=2
[machine.3]        30500 can-rx receiver=3 id=0x0102 len=2
[machine.3]        30500 can-tx sender=3 id=0x0200 len=8
[machine.3]        30500 can-tx sender=3 id=0x0200 len=8
[machine.3]        30500 can-tx sender=3 id=0x0200 len=8
[machine.3]        30500 can-rx receiver=3 id=0x0500 len=7
[machine.3]        40500 can-rx receiver=3 id=0x0101 len=2
[machine.3]        40500 can-rx receiver=3 id=0x0102 len=2
[machine.3]        40500 can-tx sender=3 id=0x0200 len=8
[machine.3]        40500 can-tx sender=3 id=0x0200 len=8
[machine.3]        40500 can-tx sender=3 id=0x0200 len=8
[machine.3]        40500 can-rx receiver=3 id=0x0500 len=7
[machine.3]        50500 can-rx receiver=3 id=0x0010 len=2
[machine.3]        50500 can-rx receiver=3 id=0x0101 len=2
[machine.3]        50500 can-rx receiver=3 id=0x0102 len=2
[machine.3]        50500 can-tx sender=3 id=0x0200 len=8
[machine.3]        50500 can-tx sender=3 id=0x0200 len=8
[machine.3]        50500 can-tx sender=3 id=0x0200 len=8
[machine.3]        50500 can-tx sender=3 id=0x0201 len=2
[machine.3]        50500 can-tx sender=3 id=0x0201 len=2
[machine.3]        50500 can-tx sender=3 id=0x0201 len=2
[machine.3]        50500 can-rx receiver=3 id=0x0500 len=7
[machine.3]        60500 can-rx receiver=3 id=0x0101 len=2
[machine.3]        60500 can-rx receiver=3 id=0x0102 len=2
[machine.3]        60500 can-tx sender=3 id=0x0200 len=8
[machine.3]        60500 can-tx sender=3 id=0x0200 len=8
[machine.3]        60500 can-tx sender=3 id=0x0200 len=8
[machine.3]        60500 can-rx receiver=3 id=0x0500 len=7
[machine.3]        70500 can-rx receiver=3 id=0x0101 len=2
[machine.3]        70500 can-rx receiver=3 id=0x0102 len=2
[machine.3]        70500 can-tx sender=3 id=0x0200 len=8
[machine.3]        70500 can-tx sender=3 id=0x0200 len=8
[machine.3]        70500 can-tx sender=3 id=0x0200 len=8
[machine.3]        70500 can-rx receiver=3 id=0x0500 len=7
[machine.3]        80500 can-rx receiver=3 id=0x0101 len=2
[machine.3]        80500 can-rx receiver=3 id=0x0102 len=2
[machine.3]        80500 can-tx sender=3 id=0x0200 len=8
[machine.3]        80500 can-tx sender=3 id=0x0200 len=8
[machine.3]        80500 can-tx sender=3 id=0x0200 len=8
[machine.3]        80500 can-rx receiver=3 id=0x0500 len=7
[machine.3]        90500 can-rx receiver=3 id=0x0101 len=2
[machine.3]        90500 can-rx receiver=3 id=0x0102 len=2
[machine.3]        90500 can-tx sender=3 id=0x0200 len=8
[machine.3]        90500 can-tx sender=3 id=0x0200 len=8
[machine.3]        90500 can-tx sender=3 id=0x0200 len=8
[machine.3]        90500 can-rx receiver=3 id=0x0500 len=7
[machine.3]       100500 can-rx receiver=3 id=0x0001 len=5
[machine.3]       100500 can-rx receiver=3 id=0x0001 len=5
[machine.3]       100500 can-tx sender=3 id=0x0001 len=5
[machine.3]       100500 can-tx sender=3 id=0x0001 len=5
[machine.3]       100500 can-tx sender=3 id=0x0001 len=5
[machine.3]       100500 can-rx receiver=3 id=0x0001 len=5
[machine.3]       100500 can-rx receiver=3 id=0x0010 len=2
[machine.3]       100500 can-rx receiver=3 id=0x0101 len=2
[machine.3]       100500 can-rx receiver=3 id=0x0102 len=2
[machine.3]       100500 can-tx sender=3 id=0x0200 len=8
[machine.3]       100500 can-tx sender=3 id=0x0200 len=8
[machine.3]       100500 can-tx sender=3 id=0x0200 len=8
[machine.3]       100500 can-tx sender=3 id=0x0201 len=2
[machine.3]       100500 can-tx sender=3 id=0x0201 len=2
[machine.3]       100500 can-tx sender=3 id=0x0201 len=2
[machine.3]       100500 can-rx receiver=3 id=0x0500 len=7
[machine.3]       110500 can-rx receiver=3 id=0x0101 len=2
[machine.3]       110500 can-rx receiver=3 id=0x0102 len=2
[machine.3]       110500 can-tx sender=3 id=0x0200 len=8
[machine.3]       110500 can-tx sender=3 id=0x0200 len=8
[machine.3]       110500 can-tx sender=3 id=0x0200 len=8
[machine.3]       110500 can-rx receiver=3 id=0x0500 len=7
[machine.3]       120500 can-rx receiver=3 id=0x0101 len=2
[machine.3]       120500 can-rx receiver=3 id=0x0102 len=2
[machine.3]       120500 can-tx sender=3 id=0x0200 len=8
[machine.3]       120500 can-tx sender=3 id=0x0200 len=8
[machine.3]       120500 can-tx sender=3 id=0x0200 len=8
[machine.3]       120500 can-rx receiver=3 id=0x0500 len=7
[machine.3]       130500 can-rx receiver=3 id=0x0101 len=2
[machine.3]       130500 can-rx receiver=3 id=0x0102 len=2
[machine.3]       130500 can-tx sender=3 id=0x0200 len=8
[machine.3]       130500 can-tx sender=3 id=0x0200 len=8
[machine.3]       130500 can-tx sender=3 id=0x0200 len=8
[machine.3]       130500 can-rx receiver=3 id=0x0500 len=7
[machine.3]       140500 can-rx receiver=3 id=0x0101 len=2
[machine.3]       140500 can-rx receiver=3 id=0x0102 len=2
[machine.3]       140500 can-tx sender=3 id=0x0200 len=8
[machine.3]       140500 can-tx sender=3 id=0x0200 len=8
[machine.3]       140500 can-tx sender=3 id=0x0200 len=8
[machine.3]       140500 can-rx receiver=3 id=0x0500 len=7
[machine.3]       150500 can-rx receiver=3 id=0x0010 len=2
[machine.3]       150500 can-rx receiver=3 id=0x0101 len=2
[machine.3]       150500 can-rx receiver=3 id=0x0102 len=2
[machine.3]       150500 can-tx sender=3 id=0x0200 len=8
[machine.3]       150500 can-tx sender=3 id=0x0200 len=8
[machine.3]       150500 can-tx sender=3 id=0x0200 len=8
[machine.3]       150500 can-tx sender=3 id=0x0201 len=2
[machine.3]       150500 can-tx sender=3 id=0x0201 len=2
[machine.3]       150500 can-tx sender=3 id=0x0201 len=2
[machine.3]       150500 can-rx receiver=3 id=0x0500 len=7
[machine.3]       160500 can-rx receiver=3 id=0x0101 len=2
[machine.3]       160500 can-rx receiver=3 id=0x0102 len=2
[machine.3]       160500 can-tx sender=3 id=0x0200 len=8
[machine.3]       160500 can-tx sender=3 id=0x0200 len=8
[machine.3]       160500 can-tx sender=3 id=0x0200 len=8
[machine.3]       160500 can-rx receiver=3 id=0x0500 len=7
[machine.3]       170500 can-rx receiver=3 id=0x0101 len=2
[machine.3]       170500 can-rx receiver=3 id=0x0102 len=2
[machine.3]       170500 can-tx sender=3 id=0x0200 len=8
[machine.3]       170500 can-tx sender=3 id=0x0200 len=8
[machine.3]       170500 can-tx sender=3 id=0x0200 len=8
[machine.3]       170500 can-rx receiver=3 id=0x0500 len=7
[machine.3]       180500 can-rx receiver=3 id=0x0101 len=2
[machine.3]       180500 can-rx receiver=3 id=0x0102 len=2
[machine.3]       180500 can-tx sender=3 id=0x0200 len=8
[machine.3]       180500 can-tx sender=3 id=0x0200 len=8
[machine.3]       180500 can-tx sender=3 id=0x0200 len=8
[machine.3]       180500 can-rx receiver=3 id=0x0500 len=7
[machine.3]       190500 can-rx receiver=3 id=0x0101 len=2
[machine.3]       190500 can-rx receiver=3 id=0x0102 len=2
[machine.3]       190500 can-tx sender=3 id=0x0200 len=8
[machine.3]       190500 can-tx sender=3 id=0x0200 len=8
[machine.3]       190500 can-tx sender=3 id=0x0200 len=8
[machine.3]       190500 can-rx receiver=3 id=0x0500 len=7
[machine.3]       200500 can-rx receiver=3 id=0x0001 len=5
[machine.3]       200500 can-rx receiver=3 id=0x0001 len=5
[machine.3]       200500 can-tx sender=3 id=0x0001 len=5
[machine.3]       200500 can-tx sender=3 id=0x0001 len=5
[machine.3]       200500 can-tx sender=3 id=0x0001 len=5
[machine.3]       200500 can-rx receiver=3 id=0x0001 len=5
[machine.3]       200500 can-rx receiver=3 id=0x0010 len=2
[machine.3]       200500 can-rx receiver=3 id=0x0101 len=2
[machine.3]       200500 can-rx receiver=3 id=0x0102 len=2
[machine.3]       200500 can-tx sender=3 id=0x0200 len=8
[machine.3]       200500 can-tx sender=3 id=0x0200 len=8
[machine.3]       200500 can-tx sender=3 id=0x0200 len=8
[machine.3]       200500 can-tx sender=3 id=0x0201 len=2
[machine.3]       200500 can-tx sender=3 id=0x0201 len=2
[machine.3]       200500 can-tx sender=3 id=0x0201 len=2
[machine.3]       200500 can-rx receiver=3 id=0x0500 len=7
[machine.3]       210500 can-rx receiver=3 id=0x0101 len=2
[machine.3]       210500 can-rx receiver=3 id=0x0102 len=2
[machine.3]       210500 can-tx sender=3 id=0x0200 len=8
[machine.3]       210500 can-tx sender=3 id=0x0200 len=8
[machine.3]       210500 can-tx sender=3 id=0x0200 len=8
[machine.3]       210500 can-rx receiver=3 id=0x0500 len=7
[machine.3]       220500 can-rx receiver=3 id=0x0101 len=2
[machine.3]       220500 can-rx receiver=3 id=0x0102 len=2
[machine.3]       220500 can-tx sender=3 id=0x0200 len=8
[machine.3]       220500 can-tx sender=3 id=0x0200 len=8
[machine.3]       220500 can-tx sender=3 id=0x0200 len=8
[machine.3]       220500 can-rx receiver=3 id=0x0500 len=7
[machine.3]       230500 can-rx receiver=3 id=0x0101 len=2
[machine.3]       230500 can-rx receiver=3 id=0x0102 len=2
[machine.3]       230500 can-tx sender=3 id=0x0200 len=8
[machine.3]       230500 can-tx sender=3 id=0x0200 len=8
[machine.3]       230500 can-tx sender=3 id=0x0200 len=8
[machine.3]       230500 can-rx receiver=3 id=0x0500 len=7
[machine.3]       240500 can-rx receiver=3 id=0x0101 len=2
[machine.3]       240500 can-rx receiver=3 id=0x0102 len=2
[machine.3]       240500 can-tx sender=3 id=0x0200 len=8
[machine.3]       240500 can-tx sender=3 id=0x0200 len=8
[machine.3]       240500 can-tx sender=3 id=0x0200 len=8
[machine.3]       240500 can-rx receiver=3 id=0x0500 len=7
[machine.3]       250500 can-rx receiver=3 id=0x0010 len=2
[machine.3]       250500 can-rx receiver=3 id=0x0101 len=2
[machine.3]       250500 can-rx receiver=3 id=0x0102 len=2
[machine.3]       250500 can-tx sender=3 id=0x0200 len=8
[machine.3]       250500 can-tx sender=3 id=0x0200 len=8
[machine.3]       250500 can-tx sender=3 id=0x0200 len=8
[machine.3]       250500 can-tx sender=3 id=0x0201 len=2
[machine.3]       250500 can-tx sender=3 id=0x0201 len=2
[machine.3]       250500 can-tx sender=3 id=0x0201 len=2
[machine.3]       250500 can-rx receiver=3 id=0x0500 len=7
[machine.3]       260500 can-rx receiver=3 id=0x0101 len=2
[machine.3]       260500 can-rx receiver=3 id=0x0102 len=2
[machine.3]       260500 can-tx sender=3 id=0x0200 len=8
[machine.3]       260500 can-tx sender=3 id=0x0200 len=8
[machine.3]       260500 can-tx sender=3 id=0x0200 len=8
[machine.3]       260500 can-rx receiver=3 id=0x0500 len=7
[machine.3]       270500 can-rx receiver=3 id=0x0101 len=2
[machine.3]       270500 can-rx receiver=3 id=0x0102 len=2
[machine.3]       270500 can-tx sender=3 id=0x0200 len=8
[machine.3]       270500 can-tx sender=3 id=0x0200 len=8
[machine.3]       270500 can-tx sender=3 id=0x0200 len=8
[machine.3]       270500 can-rx receiver=3 id=0x0500 len=7
[machine.3]       280500 can-rx receiver=3 id=0x0101 len=2
[machine.3]       280500 can-rx receiver=3 id=0x0102 len=2
[machine.3]       280500 can-tx sender=3 id=0x0200 len=8
[machine.3]       280500 can-tx sender=3 id=0x0200 len=8
[machine.3]       280500 can-tx sender=3 id=0x0200 len=8
[machine.3]       280500 can-rx receiver=3 id=0x0500 len=7
[machine.3]       290500 can-rx receiver=3 id=0x0101 len=2
[machine.3]       290500 can-rx receiver=3 id=0x0102 len=2
[machine.3]       290500 can-tx sender=3 id=0x0200 len=8
[machine.3]       290500 can-tx sender=3 id=0x0200 len=8
[machine.3]       290500 can-tx sender=3 id=0x0200 len=8
[machine.3]       290500 can-rx receiver=3 id=0x0500 len=7
[machine.3]       300500 can-rx receiver=3 id=0x0001 len=5
[machine.3]       300500 can-rx receiver=3 id=0x0001 len=5
[machine.3]       300500 can-tx sender=3 id=0x0001 len=5
[machine.3]       300500 can-tx sender=3 id=0x0001 len=5
[machine.3]       300500 can-tx sender=3 id=0x0001 len=5
[machine.3]       300500 can-rx receiver=3 id=0x0001 len=5
[machine.3]       300500 can-rx receiver=3 id=0x0010 len=2
[machine.3]       300500 can-rx receiver=3 id=0x0101 len=2
[machine.3]       300500 can-rx receiver=3 id=0x0102 len=2
[machine.3]       300500 can-tx sender=3 id=0x0200 len=8
[machine.3]       300500 can-tx sender=3 id=0x0200 len=8
[machine.3]       300500 can-tx sender=3 id=0x0200 len=8
[machine.3]       300500 can-tx sender=3 id=0x0201 len=2
[machine.3]       300500 can-tx sender=3 id=0x0201 len=2
[machine.3]       300500 can-tx sender=3 id=0x0201 len=2
[machine.3]       300500 can-rx receiver=3 id=0x0500 len=7
[machine.3]       310500 can-rx receiver=3 id=0x0101 len=2
[machine.3]       310500 can-rx receiver=3 id=0x0102 len=2
[machine.3]       310500 can-tx sender=3 id=0x0200 len=8
[machine.3]       310500 can-tx sender=3 id=0x0200 len=8
[machine.3]       310500 can-tx sender=3 id=0x0200 len=8
[machine.3]       310500 can-rx receiver=3 id=0x0500 len=7
[machine.3]       320500 can-rx receiver=3 id=0x0101 len=2
[machine.3]       320500 can-rx receiver=3 id=0x0102 len=2
[machine.3]       320500 can-tx sender=3 id=0x0200 len=8
[machine.3]       320500 can-tx sender=3 id=0x0200 len=8
[machine.3]       320500 can-tx sender=3 id=0x0200 len=8
[machine.3]       320500 can-rx receiver=3 id=0x0500 len=7
[machine.3]       330500 can-rx receiver=3 id=0x0101 len=2
[machine.3]       330500 can-rx receiver=3 id=0x0102 len=2
[machine.3]       330500 can-tx sender=3 id=0x0200 len=8
[machine.3]       330500 can-tx sender=3 id=0x0200 len=8
[machine.3]       330500 can-tx sender=3 id=0x0200 len=8
[machine.3]       330500 can-rx receiver=3 id=0x0500 len=7
[machine.3]       340500 can-rx receiver=3 id=0x0101 len=2
[machine.3]       340500 can-rx receiver=3 id=0x0102 len=2
[machine.3]       340500 can-tx sender=3 id=0x0200 len=8
[machine.3]       340500 can-tx sender=3 id=0x0200 len=8
[machine.3]       340500 can-tx sender=3 id=0x0200 len=8
[machine.3]       340500 can-rx receiver=3 id=0x0500 len=7
[machine.3]       350500 can-rx receiver=3 id=0x0010 len=2
[machine.3]       350500 can-rx receiver=3 id=0x0101 len=2
[machine.3]       350500 can-rx receiver=3 id=0x0102 len=2
[machine.3]       350500 can-tx sender=3 id=0x0200 len=8
[machine.3]       350500 can-tx sender=3 id=0x0200 len=8
[machine.3]       350500 can-tx sender=3 id=0x0200 len=8
[machine.3]       350500 can-tx sender=3 id=0x0201 len=2
[machine.3]       350500 can-tx sender=3 id=0x0201 len=2
[machine.3]       350500 can-tx sender=3 id=0x0201 len=2
[machine.3]       350500 can-rx receiver=3 id=0x0500 len=7
[machine.3]       360500 can-rx receiver=3 id=0x0101 len=2
[machine.3]       360500 can-rx receiver=3 id=0x0102 len=2
[machine.3]       360500 can-tx sender=3 id=0x0200 len=8
[machine.3]       360500 can-tx sender=3 id=0x0200 len=8
[machine.3]       360500 can-tx sender=3 id=0x0200 len=8
[machine.3]       360500 can-rx receiver=3 id=0x0500 len=7
[machine.3]       370500 can-rx receiver=3 id=0x0101 len=2
[machine.3]       370500 can-rx receiver=3 id=0x0102 len=2
[machine.3]       370500 can-tx sender=3 id=0x0200 len=8
[machine.3]       370500 can-tx sender=3 id=0x0200 len=8
[machine.3]       370500 can-tx sender=3 id=0x0200 len=8
[machine.3]       370500 can-rx receiver=3 id=0x0500 len=7
[machine.3]       380500 can-rx receiver=3 id=0x0101 len=2
[machine.3]       380500 can-rx receiver=3 id=0x0102 len=2
[machine.3]       380500 can-tx sender=3 id=0x0200 len=8
[machine.3]       380500 can-tx sender=3 id=0x0200 len=8
[machine.3]       380500 can-tx sender=3 id=0x0200 len=8
[machine.3]       380500 can-rx receiver=3 id=0x0500 len=7
[machine.3]       390500 can-rx receiver=3 id=0x0101 len=2
[machine.3]       390500 can-rx receiver=3 id=0x0102 len=2
[machine.3]       390500 can-tx sender=3 id=0x0200 len=8
[machine.3]       390500 can-tx sender=3 id=0x0200 len=8
[machine.3]       390500 can-tx sender=3 id=0x0200 len=8
[machine.3]       390500 can-rx receiver=3 id=0x0500 len=7
[machine.3]       400500 can-rx receiver=3 id=0x0001 len=5
[machine.3]       400500 can-rx receiver=3 id=0x0001 len=5
[machine.3]       400500 can-tx sender=3 id=0x0001 len=5
[machine.3]       400500 can-tx sender=3 id=0x0001 len=5
[machine.3]       400500 can-tx sender=3 id=0x0001 len=5
[machine.3]       400500 can-rx receiver=3 id=0x0001 len=5
[machine.3]       400500 can-rx receiver=3 id=0x0010 len=2
[machine.3]       400500 can-rx receiver=3 id=0x0101 len=2
[machine.3]       400500 can-rx receiver=3 id=0x0102 len=2
[machine.3]       400500 can-tx sender=3 id=0x0200 len=8
[machine.3]       400500 can-tx sender=3 id=0x0200 len=8
[machine.3]       400500 can-tx sender=3 id=0x0200 len=8
[machine.3]       400500 can-tx sender=3 id=0x0201 len=2
[machine.3]       400500 can-tx sender=3 id=0x0201 len=2
[machine.3]       400500 can-tx sender=3 id=0x0201 len=2
[machine.3]       400500 can-rx receiver=3 id=0x0500 len=7
[machine.3]       410500 can-rx receiver=3 id=0x0101 len=2
[machine.3]       410500 can-rx receiver=3 id=0x0102 len=2
[machine.3]       410500 can-tx sender=3 id=0x0200 len=8
[machine.3]       410500 can-tx sender=3 id=0x0200 len=8
[machine.3]       410500 can-tx sender=3 id=0x0200 len=8
[machine.3]       410500 can-rx receiver=3 id=0x0500 len=7
[machine.3]       420500 can-rx receiver=3 id=0x0101 len=2
[machine.3]       420500 can-rx receiver=3 id=0x0102 len=2
[machine.3]       420500 can-tx sender=3 id=0x0200 len=8
[machine.3]       420500 can-tx sender=3 id=0x0200 len=8
[machine.3]       420500 can-tx sender=3 id=0x0200 len=8
[machine.3]       420500 can-rx receiver=3 id=0x0500 len=7
[machine.3]       430500 can-rx receiver=3 id=0x0101 len=2
[machine.3]       430500 can-rx receiver=3 id=0x0102 len=2
[machine.3]       430500 can-tx sender=3 id=0x0200 len=8
[machine.3]       430500 can-tx sender=3 id=0x0200 len=8
[machine.3]       430500 can-tx sender=3 id=0x0200 len=8
[machine.3]       430500 can-rx receiver=3 id=0x0500 len=7
[machine.3]       440500 can-rx receiver=3 id=0x0101 len=2
[machine.3]       440500 can-rx receiver=3 id=0x0102 len=2
[machine.3]       440500 can-tx sender=3 id=0x0200 len=8
[machine.3]       440500 can-tx sender=3 id=0x0200 len=8
[machine.3]       440500 can-tx sender=3 id=0x0200 len=8
[machine.3]       440500 can-rx receiver=3 id=0x0500 len=7
[machine.3]       450500 can-rx receiver=3 id=0x0010 len=2
[machine.3]       450500 can-rx receiver=3 id=0x0101 len=2
[machine.3]       450500 can-rx receiver=3 id=0x0102 len=2
[machine.3]       450500 can-tx sender=3 id=0x0200 len=8
[machine.3]       450500 can-tx sender=3 id=0x0200 len=8
[machine.3]       450500 can-tx sender=3 id=0x0200 len=8
[machine.3]       450500 can-tx sender=3 id=0x0201 len=2
[machine.3]       450500 can-tx sender=3 id=0x0201 len=2
[machine.3]       450500 can-tx sender=3 id=0x0201 len=2
[machine.3]       450500 can-rx receiver=3 id=0x0500 len=7
[machine.3]       460500 can-rx receiver=3 id=0x0101 len=2
[machine.3]       460500 can-rx receiver=3 id=0x0102 len=2
[machine.3]       460500 can-tx sender=3 id=0x0200 len=8
[machine.3]       460500 can-tx sender=3 id=0x0200 len=8
[machine.3]       460500 can-tx sender=3 id=0x0200 len=8
[machine.3]       460500 can-rx receiver=3 id=0x0500 len=7
[machine.3]       470500 can-rx receiver=3 id=0x0101 len=2
[machine.3]       470500 can-rx receiver=3 id=0x0102 len=2
[machine.3]       470500 can-tx sender=3 id=0x0200 len=8
[machine.3]       470500 can-tx sender=3 id=0x0200 len=8
[machine.3]       470500 can-tx sender=3 id=0x0200 len=8
[machine.3]       470500 can-rx receiver=3 id=0x0500 len=7
[machine.3]       480500 can-rx receiver=3 id=0x0101 len=2
[machine.3]       480500 can-rx receiver=3 id=0x0102 len=2
[machine.3]       480500 can-tx sender=3 id=0x0200 len=8
[machine.3]       480500 can-tx sender=3 id=0x0200 len=8
[machine.3]       480500 can-tx sender=3 id=0x0200 len=8
[machine.3]       480500 can-rx receiver=3 id=0x0500 len=7
[machine.3]       490500 can-rx receiver=3 id=0x0101 len=2
[machine.3]       490500 can-rx receiver=3 id=0x0102 len=2
[machine.3]       490500 can-tx sender=3 id=0x0200 len=8
[machine.3]       490500 can-tx sender=3 id=0x0200 len=8
[machine.3]       490500 can-tx sender=3 id=0x0200 len=8
[machine.3]       490500 can-rx receiver=3 id=0x0500 len=7
[machine.3]       500500 can-rx receiver=3 id=0x0001 len=5
[machine.3]       500500 can-rx receiver=3 id=0x0001 len=5
[machine.3]       500500 can-tx sender=3 id=0x0001 len=5
[machine.3]       500500 can-tx sender=3 id=0x0001 len=5
[machine.3]       500500 can-tx sender=3 id=0x0001 len=5
[machine.3]       500500 can-rx receiver=3 id=0x0001 len=5
[machine.3]       500500 can-rx receiver=3 id=0x0010 len=2
[machine.3]       500500 can-rx receiver=3 id=0x0101 len=2
[machine.3]       500500 can-rx receiver=3 id=0x0102 len=2
[machine.3]       500500 can-tx sender=3 id=0x0200 len=8
[machine.3]       500500 can-tx sender=3 id=0x0200 len=8
[machine.3]       500500 can-tx sender=3 id=0x0200 len=8
[machine.3]       500500 can-tx sender=3 id=0x0201 len=2
[machine.3]       500500 can-tx sender=3 id=0x0201 len=2
[machine.3]       500500 can-tx sender=3 id=0x0201 len=2
[machine.3]       500500 can-rx receiver=3 id=0x0500 len=7
[machine.3]       510500 can-rx receiver=3 id=0x0101 len=2
[machine.3]       510500 can-rx receiver=3 id=0x0102 len=2
[machine.3]       510500 can-tx sender=3 id=0x0200 len=8
[machine.3]       510500 can-tx sender=3 id=0x0200 len=8
[machine.3]       510500 can-tx sender=3 id=0x0200 len=8
[machine.3]       510500 can-rx receiver=3 id=0x0500 len=7
[machine.3]       520500 can-rx receiver=3 id=0x0101 len=2
[machine.3]       520500 can-rx receiver=3 id=0x0102 len=2
[machine.3]       520500 can-tx sender=3 id=0x0200 len=8
[machine.3]       520500 can-tx sender=3 id=0x0200 len=8
[machine.3]       520500 can-tx sender=3 id=0x0200 len=8
[machine.3]       520500 can-rx receiver=3 id=0x0500 len=7
[machine.3]       530500 can-rx receiver=3 id=0x0101 len=2
[machine.3]       530500 can-rx receiver=3 id=0x0102 len=2
[machine.3]       530500 can-tx sender=3 id=0x0200 len=8
[machine.3]       530500 can-tx sender=3 id=0x0200 len=8
[machine.3]       530500 can-tx sender=3 id=0x0200 len=8
[machine.3]       530500 can-rx receiver=3 id=0x0500 len=7
[machine.3]       540500 can-rx receiver=3 id=0x0101 len=2
[machine.3]       540500 can-rx receiver=3 id=0x0102 len=2
[machine.3]       540500 can-tx sender=3 id=0x0200 len=8
[machine.3]       540500 can-tx sender=3 id=0x0200 len=8
[machine.3]       540500 can-tx sender=3 id=0x0200 len=8
[machine.3]       540500 can-rx receiver=3 id=0x0500 len=7
[machine.3]       550500 can-rx receiver=3 id=0x0010 len=2
[machine.3]       550500 can-rx receiver=3 id=0x0101 len=2
[machine.3]       550500 can-rx receiver=3 id=0x0102 len=2
[machine.3]       550500 can-tx sender=3 id=0x0200 len=8
[machine.3]       550500 can-tx sender=3 id=0x0200 len=8
[machine.3]       550500 can-tx sender=3 id=0x0200 len=8
[machine.3]       550500 can-tx sender=3 id=0x0201 len=2
[machine.3]       550500 can-tx sender=3 id=0x0201 len=2
[machine.3]       550500 can-tx sender=3 id=0x0201 len=2
[machine.3]       550500 can-rx receiver=3 id=0x0500 len=7
[machine.3]       560500 can-rx receiver=3 id=0x0101 len=2
[machine.3]       560500 can-rx receiver=3 id=0x0102 len=2
[machine.3]       560500 can-tx sender=3 id=0x0200 len=8
[machine.3]       560500 can-tx sender=3 id=0x0200 len=8
[machine.3]       560500 can-tx sender=3 id=0x0200 len=8
[machine.3]       560500 can-rx receiver=3 id=0x0500 len=7
[machine.3]       570500 can-rx receiver=3 id=0x0101 len=2
[machine.3]       570500 can-rx receiver=3 id=0x0102 len=2
[machine.3]       570500 can-tx sender=3 id=0x0200 len=8
[machine.3]       570500 can-tx sender=3 id=0x0200 len=8
[machine.3]       570500 can-tx sender=3 id=0x0200 len=8
[machine.3]       570500 can-rx receiver=3 id=0x0500 len=7
[machine.3]       580500 can-rx receiver=3 id=0x0101 len=2
[machine.3]       580500 can-rx receiver=3 id=0x0102 len=2
[machine.3]       580500 can-tx sender=3 id=0x0200 len=8
[machine.3]       580500 can-tx sender=3 id=0x0200 len=8
[machine.3]       580500 can-tx sender=3 id=0x0200 len=8
[machine.3]       580500 can-rx receiver=3 id=0x0500 len=7
[machine.3]       590500 can-rx receiver=3 id=0x0101 len=2
[machine.3]       590500 can-rx receiver=3 id=0x0102 len=2
[machine.3]       590500 can-tx sender=3 id=0x0200 len=8
[machine.3]       590500 can-tx sender=3 id=0x0200 len=8
[machine.3]       590500 can-tx sender=3 id=0x0200 len=8
[machine.3]       590500 can-rx receiver=3 id=0x0500 len=7
[machine.3]       600500 can-rx receiver=3 id=0x0001 len=5
[machine.3]       600500 can-rx receiver=3 id=0x0001 len=5
[machine.3]       600500 can-tx sender=3 id=0x0001 len=5
[machine.3]       600500 can-tx sender=3 id=0x0001 len=5
[machine.3]       600500 can-tx sender=3 id=0x0001 len=5
[machine.3]       600500 can-rx receiver=3 id=0x0001 len=5
[machine.3]       600500 can-rx receiver=3 id=0x0010 len=2
[machine.3]       600500 can-rx receiver=3 id=0x0101 len=2
[machine.3]       600500 can-rx receiver=3 id=0x0102 len=2
[machine.3]       600500 can-tx sender=3 id=0x0200 len=8
[machine.3]       600500 can-tx sender=3 id=0x0200 len=8
[machine.3]       600500 can-tx sender=3 id=0x0200 len=8
[machine.3]       600500 can-tx sender=3 id=0x0201 len=2
[machine.3]       600500 can-tx sender=3 id=0x0201 len=2
[machine.3]       600500 can-tx sender=3 id=0x0201 len=2
[machine.3]       600500 can-rx receiver=3 id=0x0500 len=7
[machine.3]       610500 can-rx receiver=3 id=0x0101 len=2
[machine.3]       610500 can-rx receiver=3 id=0x0102 len=2
[machine.3]       610500 can-tx sender=3 id=0x0200 len=8
[machine.3]       610500 can-tx sender=3 id=0x0200 len=8
[machine.3]       610500 can-tx sender=3 id=0x0200 len=8
[machine.3]       610500 can-rx receiver=3 id=0x0500 len=7
[machine.3]       620500 can-rx receiver=3 id=0x0101 len=2
[machine.3]       620500 can-rx receiver=3 id=0x0102 len=2
[machine.3]       620500 can-tx sender=3 id=0x0200 len=8
[machine.3]       620500 can-tx sender=3 id=0x0200 len=8
[machine.3]       620500 can-tx sender=3 id=0x0200 len=8
[machine.3]       620500 can-rx receiver=3 id=0x0500 len=7
[machine.3]       630500 can-rx receiver=3 id=0x0101 len=2
[machine.3]       630500 can-rx receiver=3 id=0x0102 len=2
[machine.3]       630500 can-tx sender=3 id=0x0200 len=8
[machine.3]       630500 can-tx sender=3 id=0x0200 len=8
[machine.3]       630500 can-tx sender=3 id=0x0200 len=8
[machine.3]       630500 can-rx receiver=3 id=0x0500 len=7
[machine.3]       640500 can-rx receiver=3 id=0x0101 len=2
[machine.3]       640500 can-rx receiver=3 id=0x0102 len=2
[machine.3]       640500 can-tx sender=3 id=0x0200 len=8
[machine.3]       640500 can-tx sender=3 id=0x0200 len=8
[machine.3]       640500 can-tx sender=3 id=0x0200 len=8
[machine.3]       640500 can-rx receiver=3 id=0x0500 len=7
[machine.3]       650500 can-rx receiver=3 id=0x0010 len=2
[machine.3]       650500 can-rx receiver=3 id=0x0101 len=2
[machine.3]       650500 can-rx receiver=3 id=0x0102 len=2
[machine.3]       650500 can-tx sender=3 id=0x0200 len=8
[machine.3]       650500 can-tx sender=3 id=0x0200 len=8
[machine.3]       650500 can-tx sender=3 id=0x0200 len=8
[machine.3]       650500 can-tx sender=3 id=0x0201 len=2
[machine.3]       650500 can-tx sender=3 id=0x0201 len=2
[machine.3]       650500 can-tx sender=3 id=0x0201 len=2
[machine.3]       650500 can-rx receiver=3 id=0x0500 len=7
[machine.3]       660500 can-rx receiver=3 id=0x0101 len=2
[machine.3]       660500 can-rx receiver=3 id=0x0102 len=2
[machine.3]       660500 can-tx sender=3 id=0x0200 len=8
[machine.3]       660500 can-tx sender=3 id=0x0200 len=8
[machine.3]       660500 can-tx sender=3 id=0x0200 len=8
[machine.3]       660500 can-rx receiver=3 id=0x0500 len=7
[machine.3]       670500 can-rx receiver=3 id=0x0101 len=2
[machine.3]       670500 can-rx receiver=3 id=0x0102 len=2
[machine.3]       670500 can-tx sender=3 id=0x0200 len=8
[machine.3]       670500 can-tx sender=3 id=0x0200 len=8
[machine.3]       670500 can-tx sender=3 id=0x0200 len=8
[machine.3]       670500 can-rx receiver=3 id=0x0500 len=7
[machine.3]       680500 can-rx receiver=3 id=0x0101 len=2
[machine.3]       680500 can-rx receiver=3 id=0x0102 len=2
[machine.3]       680500 can-tx sender=3 id=0x0200 len=8
[machine.3]       680500 can-tx sender=3 id=0x0200 len=8
[machine.3]       680500 can-tx sender=3 id=0x0200 len=8
[machine.3]       680500 can-rx receiver=3 id=0x0500 len=7
[machine.3]       690500 can-rx receiver=3 id=0x0101 len=2
[machine.3]       690500 can-rx receiver=3 id=0x0102 len=2
[machine.3]       690500 can-tx sender=3 id=0x0200 len=8
[machine.3]       690500 can-tx sender=3 id=0x0200 len=8
[machine.3]       690500 can-tx sender=3 id=0x0200 len=8
[machine.3]       690500 can-rx receiver=3 id=0x0500 len=7
[machine.3]       700500 can-rx receiver=3 id=0x0001 len=5
[machine.3]       700500 can-rx receiver=3 id=0x0001 len=5
[machine.3]       700500 can-tx sender=3 id=0x0001 len=5
[machine.3]       700500 can-tx sender=3 id=0x0001 len=5
[machine.3]       700500 can-tx sender=3 id=0x0001 len=5
[machine.3]       700500 can-rx receiver=3 id=0x0001 len=5
[machine.3]       700500 can-rx receiver=3 id=0x0010 len=2
[machine.3]       700500 can-rx receiver=3 id=0x0101 len=2
[machine.3]       700500 can-rx receiver=3 id=0x0102 len=2
[machine.3]       700500 can-tx sender=3 id=0x0200 len=8
[machine.3]       700500 can-tx sender=3 id=0x0200 len=8
[machine.3]       700500 can-tx sender=3 id=0x0200 len=8
[machine.3]       700500 can-tx sender=3 id=0x0201 len=2
[machine.3]       700500 can-tx sender=3 id=0x0201 len=2
[machine.3]       700500 can-tx sender=3 id=0x0201 len=2
[machine.3]       700500 can-rx receiver=3 id=0x0500 len=7
[machine.3]       710500 can-rx receiver=3 id=0x0101 len=2
[machine.3]       710500 can-rx receiver=3 id=0x0102 len=2
[machine.3]       710500 can-tx sender=3 id=0x0200 len=8
[machine.3]       710500 can-tx sender=3 id=0x0200 len=8
[machine.3]       710500 can-tx sender=3 id=0x0200 len=8
[machine.3]       710500 can-rx receiver=3 id=0x0500 len=7
[machine.3]       720500 can-rx receiver=3 id=0x0101 len=2
[machine.3]       720500 can-rx receiver=3 id=0x0102 len=2
[machine.3]       720500 can-tx sender=3 id=0x0200 len=8
[machine.3]       720500 can-tx sender=3 id=0x0200 len=8
[machine.3]       720500 can-tx sender=3 id=0x0200 len=8
[machine.3]       720500 can-rx receiver=3 id=0x0500 len=7
[machine.3]       730500 can-rx receiver=3 id=0x0101 len=2
[machine.3]       730500 can-rx receiver=3 id=0x0102 len=2
[machine.3]       730500 can-tx sender=3 id=0x0200 len=8
[machine.3]       730500 can-tx sender=3 id=0x0200 len=8
[machine.3]       730500 can-tx sender=3 id=0x0200 len=8
[machine.3]       730500 can-rx receiver=3 id=0x0500 len=7
[machine.3]       740500 can-rx receiver=3 id=0x0101 len=2
[machine.3]       740500 can-rx receiver=3 id=0x0102 len=2
[machine.3]       740500 can-tx sender=3 id=0x0200 len=8
[machine.3]       740500 can-tx sender=3 id=0x0200 len=8
[machine.3]       740500 can-tx sender=3 id=0x0200 len=8
[machine.3]       740500 can-rx receiver=3 id=0x0500 len=7
[machine.3]       750500 can-rx receiver=3 id=0x0010 len=2
[machine.3]       750500 can-rx receiver=3 id=0x0101 len=2
[machine.3]       750500 can-rx receiver=3 id=0x0102 len=2
[machine.3]       750500 can-tx sender=3 id=0x0200 len=8
[machine.3]       750500 can-tx sender=3 id=0x0200 len=8
[machine.3]       750500 can-tx sender=3 id=0x0200 len=8
[machine.3]       750500 can-tx sender=3 id=0x0201 len=2
[machine.3]       750500 can-tx sender=3 id=0x0201 len=2
[machine.3]       750500 can-tx sender=3 id=0x0201 len=2
[machine.3]       750500 can-rx receiver=3 id=0x0500 len=7
[machine.3]       760500 can-rx receiver=3 id=0x0101 len=2
[machine.3]       760500 can-rx receiver=3 id=0x0102 len=2
[machine.3]       760500 can-tx sender=3 id=0x0200 len=8
[machine.3]       760500 can-tx sender=3 id=0x0200 len=8
[machine.3]       760500 can-tx sender=3 id=0x0200 len=8
[machine.3]       760500 can-rx receiver=3 id=0x0500 len=7
[machine.3]       770500 can-rx receiver=3 id=0x0101 len=2
[machine.3]       770500 can-rx receiver=3 id=0x0102 len=2
[machine.3]       770500 can-tx sender=3 id=0x0200 len=8
[machine.3]       770500 can-tx sender=3 id=0x0200 len=8
[machine.3]       770500 can-tx sender=3 id=0x0200 len=8
[machine.3]       770500 can-rx receiver=3 id=0x0500 len=7
[machine.3]       780500 can-rx receiver=3 id=0x0101 len=2
[machine.3]       780500 can-rx receiver=3 id=0x0102 len=2
[machine.3]       780500 can-tx sender=3 id=0x0200 len=8
[machine.3]       780500 can-tx sender=3 id=0x0200 len=8
[machine.3]       780500 can-tx sender=3 id=0x0200 len=8
[machine.3]       780500 can-rx receiver=3 id=0x0500 len=7
[machine.3]       790500 can-rx receiver=3 id=0x0101 len=2
[machine.3]       790500 can-rx receiver=3 id=0x0102 len=2
[machine.3]       790500 can-tx sender=3 id=0x0200 len=8
[machine.3]       790500 can-tx sender=3 id=0x0200 len=8
[machine.3]       790500 can-tx sender=3 id=0x0200 len=8
[machine.3]       790500 can-rx receiver=3 id=0x0500 len=7
[machine.3]       800500 can-rx receiver=3 id=0x0001 len=5
[machine.3]       800500 can-rx receiver=3 id=0x0001 len=5
[machine.3]       800500 can-tx sender=3 id=0x0001 len=5
[machine.3]       800500 can-tx sender=3 id=0x0001 len=5
[machine.3]       800500 can-tx sender=3 id=0x0001 len=5
[machine.3]       800500 can-rx receiver=3 id=0x0001 len=5
[machine.3]       800500 can-rx receiver=3 id=0x0010 len=2
[machine.3]       800500 can-rx receiver=3 id=0x0101 len=2
[machine.3]       800500 can-rx receiver=3 id=0x0102 len=2
[machine.3]       800500 can-tx sender=3 id=0x0200 len=8
[machine.3]       800500 can-tx sender=3 id=0x0200 len=8
[machine.3]       800500 can-tx sender=3 id=0x0200 len=8
[machine.3]       800500 can-tx sender=3 id=0x0201 len=2
[machine.3]       800500 can-tx sender=3 id=0x0201 len=2
[machine.3]       800500 can-tx sender=3 id=0x0201 len=2
[machine.3]       800500 can-rx receiver=3 id=0x0500 len=7
[machine.3]       810500 can-rx receiver=3 id=0x0101 len=2
[machine.3]       810500 can-rx receiver=3 id=0x0102 len=2
[machine.3]       810500 can-tx sender=3 id=0x0200 len=8
[machine.3]       810500 can-tx sender=3 id=0x0200 len=8
[machine.3]       810500 can-tx sender=3 id=0x0200 len=8
[machine.3]       810500 can-rx receiver=3 id=0x0500 len=7
[machine.3]       820500 can-rx receiver=3 id=0x0101 len=2
[machine.3]       820500 can-rx receiver=3 id=0x0102 len=2
[machine.3]       820500 can-tx sender=3 id=0x0200 len=8
[machine.3]       820500 can-tx sender=3 id=0x0200 len=8
[machine.3]       820500 can-tx sender=3 id=0x0200 len=8
[machine.3]       820500 can-rx receiver=3 id=0x0500 len=7
[machine.3]       830500 can-rx receiver=3 id=0x0101 len=2
[machine.3]       830500 can-rx receiver=3 id=0x0102 len=2
[machine.3]       830500 can-tx sender=3 id=0x0200 len=8
[machine.3]       830500 can-tx sender=3 id=0x0200 len=8
[machine.3]       830500 can-tx sender=3 id=0x0200 len=8
[machine.3]       830500 can-rx receiver=3 id=0x0500 len=7
[machine.3]       840500 can-rx receiver=3 id=0x0101 len=2
[machine.3]       840500 can-rx receiver=3 id=0x0102 len=2
[machine.3]       840500 can-tx sender=3 id=0x0200 len=8
[machine.3]       840500 can-tx sender=3 id=0x0200 len=8
[machine.3]       840500 can-tx sender=3 id=0x0200 len=8
[machine.3]       840500 can-rx receiver=3 id=0x0500 len=7
[machine.3]       850500 can-rx receiver=3 id=0x0010 len=2
[machine.3]       850500 can-rx receiver=3 id=0x0101 len=2
[machine.3]       850500 can-rx receiver=3 id=0x0102 len=2
[machine.3]       850500 can-tx sender=3 id=0x0200 len=8
[machine.3]       850500 can-tx sender=3 id=0x0200 len=8
[machine.3]       850500 can-tx sender=3 id=0x0200 len=8
[machine.3]       850500 can-tx sender=3 id=0x0201 len=2
[machine.3]       850500 can-tx sender=3 id=0x0201 len=2
[machine.3]       850500 can-tx sender=3 id=0x0201 len=2
[machine.3]       850500 can-rx receiver=3 id=0x0500 len=7
[machine.3]       860500 can-rx receiver=3 id=0x0101 len=2
[machine.3]       860500 can-rx receiver=3 id=0x0102 len=2
[machine.3]       860500 can-tx sender=3 id=0x0200 len=8
[machine.3]       860500 can-tx sender=3 id=0x0200 len=8
[machine.3]       860500 can-tx sender=3 id=0x0200 len=8
[machine.3]       860500 can-rx receiver=3 id=0x0500 len=7
[machine.3]       870500 can-rx receiver=3 id=0x0101 len=2
[machine.3]       870500 can-rx receiver=3 id=0x0102 len=2
[machine.3]       870500 can-tx sender=3 id=0x0200 len=8
[machine.3]       870500 can-tx sender=3 id=0x0200 len=8
[machine.3]       870500 can-tx sender=3 id=0x0200 len=8
[machine.3]       870500 can-rx receiver=3 id=0x0500 len=7
[machine.3]       880500 can-rx receiver=3 id=0x0101 len=2
[machine.3]       880500 can-rx receiver=3 id=0x0102 len=2
[machine.3]       880500 can-tx sender=3 id=0x0200 len=8
[machine.3]       880500 can-tx sender=3 id=0x0200 len=8
[machine.3]       880500 can-tx sender=3 id=0x0200 len=8
[machine.3]       880500 can-rx receiver=3 id=0x0500 len=7
[machine.3]       890500 can-rx receiver=3 id=0x0101 len=2
[machine.3]       890500 can-rx receiver=3 id=0x0102 len=2
[machine.3]       890500 can-tx sender=3 id=0x0200 len=8
[machine.3]       890500 can-tx sender=3 id=0x0200 len=8
[machine.3]       890500 can-tx sender=3 id=0x0200 len=8
[machine.3]       890500 can-rx receiver=3 id=0x0500 len=7
[machine.3]       900500 can-rx receiver=3 id=0x0001 len=5
[machine.3]       900500 can-rx receiver=3 id=0x0001 len=5
[machine.3]       900500 can-tx sender=3 id=0x0001 len=5
[machine.3]       900500 can-tx sender=3 id=0x0001 len=5
[machine.3]       900500 can-tx sender=3 id=0x0001 len=5
[machine.3]       900500 can-rx receiver=3 id=0x0001 len=5
[machine.3]       900500 can-rx receiver=3 id=0x0010 len=2
[machine.3]       900500 can-rx receiver=3 id=0x0101 len=2
[machine.3]       900500 can-rx receiver=3 id=0x0102 len=2
[machine.3]       900500 can-tx sender=3 id=0x0200 len=8
[machine.3]       900500 can-tx sender=3 id=0x0200 len=8
[machine.3]       900500 can-tx sender=3 id=0x0200 len=8
[machine.3]       900500 can-tx sender=3 id=0x0201 len=2
[machine.3]       900500 can-tx sender=3 id=0x0201 len=2
[machine.3]       900500 can-tx sender=3 id=0x0201 len=2
[machine.3]       900500 can-rx receiver=3 id=0x0500 len=7
[machine.3]       910500 can-rx receiver=3 id=0x0101 len=2
[machine.3]       910500 can-rx receiver=3 id=0x0102 len=2
[machine.3]       910500 can-tx sender=3 id=0x0200 len=8
[machine.3]       910500 can-tx sender=3 id=0x0200 len=8
[machine.3]       910500 can-tx sender=3 id=0x0200 len=8
[machine.3]       910500 can-rx receiver=3 id=0x0500 len=7
[machine.3]       920500 can-rx receiver=3 id=0x0101 len=2
[machine.3]       920500 can-rx receiver=3 id=0x0102 len=2
[machine.3]       920500 can-tx sender=3 id=0x0200 len=8
[machine.3]       920500 can-tx sender=3 id=0x0200 len=8
[machine.3]       920500 can-tx sender=3 id=0x0200 len=8
[machine.3]       920500 can-rx receiver=3 id=0x0500 len=7
[machine.3]       930500 can-rx receiver=3 id=0x0101 len=2
[machine.3]       930500 can-rx receiver=3 id=0x0102 len=2
[machine.3]       930500 can-tx sender=3 id=0x0200 len=8
[machine.3]       930500 can-tx sender=3 id=0x0200 len=8
[machine.3]       930500 can-tx sender=3 id=0x0200 len=8
[machine.3]       930500 can-rx receiver=3 id=0x0500 len=7
[machine.3]       940500 can-rx receiver=3 id=0x0101 len=2
[machine.3]       940500 can-rx receiver=3 id=0x0102 len=2
[machine.3]       940500 can-tx sender=3 id=0x0200 len=8
[machine.3]       940500 can-tx sender=3 id=0x0200 len=8
[machine.3]       940500 can-tx sender=3 id=0x0200 len=8
[machine.3]       940500 can-rx receiver=3 id=0x0500 len=7
[machine.3]       950500 can-rx receiver=3 id=0x0010 len=2
[machine.3]       950500 can-rx receiver=3 id=0x0101 len=2
[machine.3]       950500 can-rx receiver=3 id=0x0102 len=2
[machine.3]       950500 can-tx sender=3 id=0x0200 len=8
[machine.3]       950500 can-tx sender=3 id=0x0200 len=8
[machine.3]       950500 can-tx sender=3 id=0x0200 len=8
[machine.3]       950500 can-tx sender=3 id=0x0201 len=2
[machine.3]       950500 can-tx sender=3 id=0x0201 len=2
[machine.3]       950500 can-tx sender=3 id=0x0201 len=2
[machine.3]       950500 can-rx receiver=3 id=0x0500 len=7
[machine.3]       960500 can-rx receiver=3 id=0x0101 len=2
[machine.3]       960500 can-rx receiver=3 id=0x0102 len=2
[machine.3]       960500 can-tx sender=3 id=0x0200 len=8
[machine.3]       960500 can-tx sender=3 id=0x0200 len=8
[machine.3]       960500 can-tx sender=3 id=0x0200 len=8
[machine.3]       960500 can-rx receiver=3 id=0x0500 len=7
[machine.3]       970500 can-rx receiver=3 id=0x0101 len=2
[machine.3]       970500 can-rx receiver=3 id=0x0102 len=2
[machine.3]       970500 can-tx sender=3 id=0x0200 len=8
[machine.3]       970500 can-tx sender=3 id=0x0200 len=8
[machine.3]       970500 can-tx sender=3 id=0x0200 len=8
[machine.3]       970500 can-rx receiver=3 id=0x0500 len=7
[machine.3]       980500 can-rx receiver=3 id=0x0101 len=2
[machine.3]       980500 can-rx receiver=3 id=0x0102 len=2
[machine.3]       980500 can-tx sender=3 id=0x0200 len=8
[machine.3]       980500 can-tx sender=3 id=0x0200 len=8
[machine.3]       980500 can-tx sender=3 id=0x0200 len=8
[machine.3]       980500 can-rx receiver=3 id=0x0500 len=7
[machine.3]       990500 can-rx receiver=3 id=0x0101 len=2
[machine.3]       990500 can-rx receiver=3 id=0x0102 len=2
[machine.3]       990500 can-tx sender=3 id=0x0200 len=8
[machine.3]       990500 can-tx sender=3 id=0x0200 len=8
[machine.3]       990500 can-tx sender=3 id=0x0200 len=8
[machine.3]       990500 can-rx receiver=3 id=0x0500 len=7
[machine.3]      1000500 can-rx receiver=3 id=0x0001 len=5
[machine.3]      1000500 can-rx receiver=3 id=0x0001 len=5
[machine.3]      1000500 can-tx sender=3 id=0x0001 len=5
[machine.3]      1000500 can-tx sender=3 id=0x0001 len=5
[machine.3]      1000500 can-tx sender=3 id=0x0001 len=5
[machine.3]      1000500 can-rx receiver=3 id=0x0001 len=5
[machine.3]      1000500 can-rx receiver=3 id=0x0010 len=2
[machine.3]      1000500 can-rx receiver=3 id=0x0101 len=2
[machine.3]      1000500 can-rx receiver=3 id=0x0102 len=2
[machine.3]      1000500 can-tx sender=3 id=0x0200 len=8
[machine.3]      1000500 can-tx sender=3 id=0x0200 len=8
[machine.3]      1000500 can-tx sender=3 id=0x0200 len=8
[machine.3]      1000500 can-tx sender=3 id=0x0201 len=2
[machine.3]      1000500 can-tx sender=3 id=0x0201 len=2
[machine.3]      1000500 can-tx sender=3 id=0x0201 len=2
[machine.3]      1000500 can-rx receiver=3 id=0x0500 len=7
[machine.3]      1010500 can-rx receiver=3 id=0x0101 len=2
[machine.3]      1010500 can-rx receiver=3 id=0x0102 len=2
[machine.3]      1010500 can-tx sender=3 id=0x0200 len=8
[machine.3]      1010500 can-tx sender=3 id=0x0200 len=8
[machine.3]      1010500 can-tx sender=3 id=0x0200 len=8
[machine.3]      1010500 can-rx receiver=3 id=0x0500 len=7
[machine.3]      1020500 can-rx receiver=3 id=0x0101 len=2
[machine.3]      1020500 can-rx receiver=3 id=0x0102 len=2
[machine.3]      1020500 can-tx sender=3 id=0x0200 len=8
[machine.3]      1020500 can-tx sender=3 id=0x0200 len=8
[machine.3]      1020500 can-tx sender=3 id=0x0200 len=8
[machine.3]      1020500 can-rx receiver=3 id=0x0500 len=7
[machine.3]      1030500 can-rx receiver=3 id=0x0101 len=2
[machine.3]      1030500 can-rx receiver=3 id=0x0102 len=2
[machine.3]      1030500 can-tx sender=3 id=0x0200 len=8
[machine.3]      1030500 can-tx sender=3 id=0x0200 len=8
[machine.3]      1030500 can-tx sender=3 id=0x0200 len=8
[machine.3]      1030500 can-rx receiver=3 id=0x0500 len=7
[machine.3]      1040500 can-rx receiver=3 id=0x0101 len=2
[machine.3]      1040500 can-rx receiver=3 id=0x0102 len=2
[machine.3]      1040500 can-tx sender=3 id=0x0200 len=8
[machine.3]      1040500 can-tx sender=3 id=0x0200 len=8
[machine.3]      1040500 can-tx sender=3 id=0x0200 len=8
[machine.3]      1040500 can-rx receiver=3 id=0x0500 len=7
[machine.3]      1050500 can-rx receiver=3 id=0x0010 len=2
[machine.3]      1050500 can-rx receiver=3 id=0x0101 len=2
[machine.3]      1050500 can-rx receiver=3 id=0x0102 len=2
[machine.3]      1050500 can-tx sender=3 id=0x0200 len=8
[machine.3]      1050500 can-tx sender=3 id=0x0200 len=8
[machine.3]      1050500 can-tx sender=3 id=0x0200 len=8
[machine.3]      1050500 can-tx sender=3 id=0x0201 len=2
[machine.3]      1050500 can-tx sender=3 id=0x0201 len=2
[machine.3]      1050500 can-tx sender=3 id=0x0201 len=2
[machine.3]      1050500 can-rx receiver=3 id=0x0500 len=7
[machine.3]      1060500 can-rx receiver=3 id=0x0101 len=2
[machine.3]      1060500 can-rx receiver=3 id=0x0102 len=2
[machine.3]      1060500 can-tx sender=3 id=0x0200 len=8
[machine.3]      1060500 can-tx sender=3 id=0x0200 len=8
[machine.3]      1060500 can-tx sender=3 id=0x0200 len=8
[machine.3]      1060500 can-rx receiver=3 id=0x0500 len=7
[machine.3]      1070500 can-rx receiver=3 id=0x0101 len=2
[machine.3]      1070500 can-rx receiver=3 id=0x0102 len=2
[machine.3]      1070500 can-tx sender=3 id=0x0200 len=8
[machine.3]      1070500 can-tx sender=3 id=0x0200 len=8
[machine.3]      1070500 can-tx sender=3 id=0x0200 len=8
[machine.3]      1070500 can-rx receiver=3 id=0x0500 len=7
[machine.3]      1080500 can-rx receiver=3 id=0x0101 len=2
[machine.3]      1080500 can-rx receiver=3 id=0x0102 len=2
[machine.3]      1080500 can-tx sender=3 id=0x0200 len=8
[machine.3]      1080500 can-tx sender=3 id=0x0200 len=8
[machine.3]      1080500 can-tx sender=3 id=0x0200 len=8
[machine.3]      1080500 can-rx receiver=3 id=0x0500 len=7
[machine.3]      1090500 can-rx receiver=3 id=0x0101 len=2
[machine.3]      1090500 can-rx receiver=3 id=0x0102 len=2
[machine.3]      1090500 can-tx sender=3 id=0x0200 len=8
[machine.3]      1090500 can-tx sender=3 id=0x0200 len=8
[machine.3]      1090500 can-tx sender=3 id=0x0200 len=8
[machine.3]      1090500 can-rx receiver=3 id=0x0500 len=7
[machine.3]      1100500 can-rx receiver=3 id=0x0001 len=5
[machine.3]      1100500 can-rx receiver=3 id=0x0001 len=5
[machine.3]      1100500 can-tx sender=3 id=0x0001 len=5
[machine.3]      1100500 can-tx sender=3 id=0x0001 len=5
[machine.3]      1100500 can-tx sender=3 id=0x0001 len=5
[machine.3]      1100500 can-rx receiver=3 id=0x0001 len=5
[machine.3]      1100500 can-rx receiver=3 id=0x0010 len=2
[machine.3]      1100500 can-rx receiver=3 id=0x0101 len=2
[machine.3]      1100500 can-rx receiver=3 id=0x0102 len=2
[machine.3]      1100500 can-tx sender=3 id=0x0200 len=8
[machine.3]      1100500 can-tx sender=3 id=0x0200 len=8
[machine.3]      1100500 can-tx sender=3 id=0x0200 len=8
[machine.3]      1100500 can-tx sender=3 id=0x0201 len=2
[machine.3]      1100500 can-tx sender=3 id=0x0201 len=2
[machine.3]      1100500 can-tx sender=3 id=0x0201 len=2
[machine.3]      1100500 can-rx receiver=3 id=0x0500 len=7
[machine.3]      1110500 can-rx receiver=3 id=0x0101 len=2
[machine.3]      1110500 can-rx receiver=3 id=0x0102 len=2
[machine.3]      1110500 can-tx sender=3 id=0x0200 len=8
[machine.3]      1110500 can-tx sender=3 id=0x0200 len=8
[machine.3]      1110500 can-tx sender=3 id=0x0200 len=8
[machine.3]      1110500 can-rx receiver=3 id=0x0500 len=7
[machine.3]      1120500 can-rx receiver=3 id=0x0101 len=2
[machine.3]      1120500 can-rx receiver=3 id=0x0102 len=2
[machine.3]      1120500 can-tx sender=3 id=0x0200 len=8
[machine.3]      1120500 can-tx sender=3 id=0x0200 len=8
[machine.3]      1120500 can-tx sender=3 id=0x0200 len=8
[machine.3]      1120500 can-rx receiver=3 id=0x0500 len=7
[machine.3]      1130500 can-rx receiver=3 id=0x0101 len=2
[machine.3]      1130500 can-rx receiver=3 id=0x0102 len=2
[machine.3]      1130500 can-tx sender=3 id=0x0200 len=8
[machine.3]      1130500 can-tx sender=3 id=0x0200 len=8
[machine.3]      1130500 can-tx sender=3 id=0x0200 len=8
[machine.3]      1130500 can-rx receiver=3 id=0x0500 len=7
[machine.3]      1140500 can-rx receiver=3 id=0x0101 len=2
[machine.3]      1140500 can-rx receiver=3 id=0x0102 len=2
[machine.3]      1140500 can-tx sender=3 id=0x0200 len=8
[machine.3]      1140500 can-tx sender=3 id=0x0200 len=8
[machine.3]      1140500 can-tx sender=3 id=0x0200 len=8
[machine.3]      1140500 can-rx receiver=3 id=0x0500 len=7
[machine.3]      1150500 can-rx receiver=3 id=0x0010 len=2
[machine.3]      1150500 can-rx receiver=3 id=0x0101 len=2
[machine.3]      1150500 can-rx receiver=3 id=0x0102 len=2
[machine.3]      1150500 can-tx sender=3 id=0x0200 len=8
[machine.3]      1150500 can-tx sender=3 id=0x0200 len=8
[machine.3]      1150500 can-tx sender=3 id=0x0200 len=8
[machine.3]      1150500 can-tx sender=3 id=0x0201 len=2
[machine.3]      1150500 can-tx sender=3 id=0x0201 len=2
[machine.3]      1150500 can-tx sender=3 id=0x0201 len=2
[machine.3]      1150500 can-rx receiver=3 id=0x0500 len=7
[machine.3]      1160500 can-rx receiver=3 id=0x0101 len=2
[machine.3]      1160500 can-rx receiver=3 id=0x0102 len=2
[machine.3]      1160500 can-tx sender=3 id=0x0200 len=8
[machine.3]      1160500 can-tx sender=3 id=0x0200 len=8
[machine.3]      1160500 can-tx sender=3 id=0x0200 len=8
[machine.3]      1160500 can-rx receiver=3 id=0x0500 len=7
[machine.3]      1170500 can-rx receiver=3 id=0x0101 len=2
[machine.3]      1170500 can-rx receiver=3 id=0x0102 len=2
[machine.3]      1170500 can-tx sender=3 id=0x0200 len=8
[machine.3]      1170500 can-tx sender=3 id=0x0200 len=8
[machine.3]      1170500 can-tx sender=3 id=0x0200 len=8
[machine.3]      1170500 can-rx receiver=3 id=0x0500 len=7
[machine.3]      1180500 can-rx receiver=3 id=0x0101 len=2
[machine.3]      1180500 can-rx receiver=3 id=0x0102 len=2
[machine.3]      1180500 can-tx sender=3 id=0x0200 len=8
[machine.3]      1180500 can-tx sender=3 id=0x0200 len=8
[machine.3]      1180500 can-tx sender=3 id=0x0200 len=8
[machine.3]      1180500 can-rx receiver=3 id=0x0500 len=7
[machine.3]      1190500 can-rx receiver=3 id=0x0101 len=2
[machine.3]      1190500 can-rx receiver=3 id=0x0102 len=2
[machine.3]      1190500 can-tx sender=3 id=0x0200 len=8
[machine.3]      1190500 can-tx sender=3 id=0x0200 len=8
[machine.3]      1190500 can-tx sender=3 id=0x0200 len=8
[machine.3]      1190500 can-rx receiver=3 id=0x0500 len=7
[machine.3]      1200500 can-rx receiver=3 id=0x0001 len=5
[machine.3]      1200500 can-rx receiver=3 id=0x0001 len=5
[machine.3]      1200500 can-tx sender=3 id=0x0001 len=5
[machine.3]      1200500 can-tx sender=3 id=0x0001 len=5
[machine.3]      1200500 can-tx sender=3 id=0x0001 len=5
[machine.3]      1200500 can-rx receiver=3 id=0x0001 len=5
[machine.3]      1200500 can-rx receiver=3 id=0x0010 len=2
[machine.3]      1200500 can-rx receiver=3 id=0x0101 len=2
[machine.3]      1200500 can-rx receiver=3 id=0x0102 len=2
[machine.3]      1200500 can-tx sender=3 id=0x0200 len=8
[machine.3]      1200500 can-tx sender=3 id=0x0200 len=8
[machine.3]      1200500 can-tx sender=3 id=0x0200 len=8
[machine.3]      1200500 can-tx sender=3 id=0x0201 len=2
[machine.3]      1200500 can-tx sender=3 id=0x0201 len=2
[machine.3]      1200500 can-tx sender=3 id=0x0201 len=2
[machine.3]      1200500 can-rx receiver=3 id=0x0500 len=7
[machine.3]      1210500 can-rx receiver=3 id=0x0101 len=2
[machine.3]      1210500 can-rx receiver=3 id=0x0102 len=2
[machine.3]      1210500 can-tx sender=3 id=0x0200 len=8
[machine.3]      1210500 can-tx sender=3 id=0x0200 len=8
[machine.3]      1210500 can-tx sender=3 id=0x0200 len=8
[machine.3]      1210500 can-rx receiver=3 id=0x0500 len=7
[machine.3]      1220500 can-rx receiver=3 id=0x0101 len=2
[machine.3]      1220500 can-rx receiver=3 id=0x0102 len=2
[machine.3]      1220500 can-tx sender=3 id=0x0200 len=8
[machine.3]      1220500 can-tx sender=3 id=0x0200 len=8
[machine.3]      1220500 can-tx sender=3 id=0x0200 len=8
[machine.3]      1220500 can-rx receiver=3 id=0x0500 len=7
[machine.3]      1230500 can-rx receiver=3 id=0x0101 len=2
[machine.3]      1230500 can-rx receiver=3 id=0x0102 len=2
[machine.3]      1230500 can-tx sender=3 id=0x0200 len=8
[machine.3]      1230500 can-tx sender=3 id=0x0200 len=8
[machine.3]      1230500 can-tx sender=3 id=0x0200 len=8
[machine.3]      1230500 can-rx receiver=3 id=0x0500 len=7
[machine.3]      1240500 can-rx receiver=3 id=0x0101 len=2
[machine.3]      1240500 can-rx receiver=3 id=0x0102 len=2
[machine.3]      1240500 can-tx sender=3 id=0x0200 len=8
[machine.3]      1240500 can-tx sender=3 id=0x0200 len=8
[machine.3]      1240500 can-tx sender=3 id=0x0200 len=8
[machine.3]      1240500 can-rx receiver=3 id=0x0500 len=7
[machine.3]      1250500 can-rx receiver=3 id=0x0010 len=2
[machine.3]      1250500 can-rx receiver=3 id=0x0101 len=2
[machine.3]      1250500 can-rx receiver=3 id=0x0102 len=2
[machine.3]      1250500 can-tx sender=3 id=0x0200 len=8
[machine.3]      1250500 can-tx sender=3 id=0x0200 len=8
[machine.3]      1250500 can-tx sender=3 id=0x0200 len=8
[machine.3]      1250500 can-tx sender=3 id=0x0201 len=2
[machine.3]      1250500 can-tx sender=3 id=0x0201 len=2
[machine.3]      1250500 can-tx sender=3 id=0x0201 len=2
[machine.3]      1250500 can-rx receiver=3 id=0x0500 len=7
[machine.3]      1260500 can-rx receiver=3 id=0x0101 len=2
[machine.3]      1260500 can-rx receiver=3 id=0x0102 len=2
[machine.3]      1260500 can-tx sender=3 id=0x0200 len=8
[machine.3]      1260500 can-tx sender=3 id=0x0200 len=8
[machine.3]      1260500 can-tx sender=3 id=0x0200 len=8
[machine.3]      1260500 can-rx receiver=3 id=0x0500 len=7
[machine.3]      1270500 can-rx receiver=3 id=0x0101 len=2
[machine.3]      1270500 can-rx receiver=3 id=0x0102 len=2
[machine.3]      1270500 can-tx sender=3 id=0x0200 len=8
[machine.3]      1270500 can-tx sender=3 id=0x0200 len=8
[machine.3]      1270500 can-tx sender=3 id=0x0200 len=8
[machine.3]      1270500 can-rx receiver=3 id=0x0500 len=7
[machine.3]      1280500 can-rx receiver=3 id=0x0101 len=2
[machine.3]      1280500 can-rx receiver=3 id=0x0102 len=2
[machine.3]      1280500 can-tx sender=3 id=0x0200 len=8
[machine.3]      1280500 can-tx sender=3 id=0x0200 len=8
[machine.3]      1280500 can-tx sender=3 id=0x0200 len=8
[machine.3]      1280500 can-rx receiver=3 id=0x0500 len=7
[machine.3]      1290500 can-rx receiver=3 id=0x0101 len=2
[machine.3]      1290500 can-rx receiver=3 id=0x0102 len=2
[machine.3]      1290500 can-tx sender=3 id=0x0200 len=8
[machine.3]      1290500 can-tx sender=3 id=0x0200 len=8
[machine.3]      1290500 can-tx sender=3 id=0x0200 len=8
[machine.3]      1290500 can-rx receiver=3 id=0x0500 len=7
[machine.3]      1300500 can-rx receiver=3 id=0x0001 len=5
[machine.3]      1300500 can-rx receiver=3 id=0x0001 len=5
[machine.3]      1300500 can-tx sender=3 id=0x0001 len=5
[machine.3]      1300500 can-tx sender=3 id=0x0001 len=5
[machine.3]      1300500 can-tx sender=3 id=0x0001 len=5
[machine.3]      1300500 can-rx receiver=3 id=0x0001 len=5
[machine.3]      1300500 can-rx receiver=3 id=0x0010 len=2
[machine.3]      1300500 can-rx receiver=3 id=0x0101 len=2
[machine.3]      1300500 can-rx receiver=3 id=0x0102 len=2
[machine.3]      1300500 can-tx sender=3 id=0x0200 len=8
[machine.3]      1300500 can-tx sender=3 id=0x0200 len=8
[machine.3]      1300500 can-tx sender=3 id=0x0200 len=8
[machine.3]      1300500 can-tx sender=3 id=0x0201 len=2
[machine.3]      1300500 can-tx sender=3 id=0x0201 len=2
[machine.3]      1300500 can-tx sender=3 id=0x0201 len=2
[machine.3]      1300500 can-rx receiver=3 id=0x0500 len=7
[machine.3]      1310500 can-rx receiver=3 id=0x0101 len=2
[machine.3]      1310500 can-rx receiver=3 id=0x0102 len=2
[machine.3]      1310500 can-tx sender=3 id=0x0200 len=8
[machine.3]      1310500 can-tx sender=3 id=0x0200 len=8
[machine.3]      1310500 can-tx sender=3 id=0x0200 len=8
[machine.3]      1310500 can-rx receiver=3 id=0x0500 len=7
[machine.3]      1320500 can-rx receiver=3 id=0x0101 len=2
[machine.3]      1320500 can-rx receiver=3 id=0x0102 len=2
[machine.3]      1320500 can-tx sender=3 id=0x0200 len=8
[machine.3]      1320500 can-tx sender=3 id=0x0200 len=8
[machine.3]      1320500 can-tx sender=3 id=0x0200 len=8
[machine.3]      1320500 can-rx receiver=3 id=0x0500 len=7
[machine.3]      1330500 can-rx receiver=3 id=0x0101 len=2
[machine.3]      1330500 can-rx receiver=3 id=0x0102 len=2
[machine.3]      1330500 can-tx sender=3 id=0x0200 len=8
[machine.3]      1330500 can-tx sender=3 id=0x0200 len=8
[machine.3]      1330500 can-tx sender=3 id=0x0200 len=8
[machine.3]      1330500 can-rx receiver=3 id=0x0500 len=7
[machine.3]      1340500 can-rx receiver=3 id=0x0101 len=2
[machine.3]      1340500 can-rx receiver=3 id=0x0102 len=2
[machine.3]      1340500 can-tx sender=3 id=0x0200 len=8
[machine.3]      1340500 can-tx sender=3 id=0x0200 len=8
[machine.3]      1340500 can-tx sender=3 id=0x0200 len=8
[machine.3]      1340500 can-rx receiver=3 id=0x0500 len=7
[machine.3]      1350500 can-rx receiver=3 id=0x0010 len=2
[machine.3]      1350500 can-rx receiver=3 id=0x0101 len=2
[machine.3]      1350500 can-rx receiver=3 id=0x0102 len=2
[machine.3]      1350500 can-tx sender=3 id=0x0200 len=8
[machine.3]      1350500 can-tx sender=3 id=0x0200 len=8
[machine.3]      1350500 can-tx sender=3 id=0x0200 len=8
[machine.3]      1350500 can-tx sender=3 id=0x0201 len=2
[machine.3]      1350500 can-tx sender=3 id=0x0201 len=2
[machine.3]      1350500 can-tx sender=3 id=0x0201 len=2
[machine.3]      1350500 can-rx receiver=3 id=0x0500 len=7
[machine.3]      1360500 can-rx receiver=3 id=0x0101 len=2
[machine.3]      1360500 can-rx receiver=3 id=0x0102 len=2
[machine.3]      1360500 can-tx sender=3 id=0x0200 len=8
[machine.3]      1360500 can-tx sender=3 id=0x0200 len=8
[machine.3]      1360500 can-tx sender=3 id=0x0200 len=8
[machine.3]      1360500 can-rx receiver=3 id=0x0500 len=7
[machine.3]      1370500 can-rx receiver=3 id=0x0101 len=2
[machine.3]      1370500 can-rx receiver=3 id=0x0102 len=2
[machine.3]      1370500 can-tx sender=3 id=0x0200 len=8
[machine.3]      1370500 can-tx sender=3 id=0x0200 len=8
[machine.3]      1370500 can-tx sender=3 id=0x0200 len=8
[machine.3]      1370500 can-rx receiver=3 id=0x0500 len=7
[machine.3]      1380500 can-rx receiver=3 id=0x0101 len=2
[machine.3]      1380500 can-rx receiver=3 id=0x0102 len=2
[machine.3]      1380500 can-tx sender=3 id=0x0200 len=8
[machine.3]      1380500 can-tx sender=3 id=0x0200 len=8
[machine.3]      1380500 can-tx sender=3 id=0x0200 len=8
[machine.3]      1380500 can-rx receiver=3 id=0x0500 len=7
[machine.3]      1390500 can-rx receiver=3 id=0x0101 len=2
[machine.3]      1390500 can-rx receiver=3 id=0x0102 len=2
[machine.3]      1390500 can-tx sender=3 id=0x0200 len=8
[machine.3]      1390500 can-tx sender=3 id=0x0200 len=8
[machine.3]      1390500 can-tx sender=3 id=0x0200 len=8
[machine.3]      1390500 can-rx receiver=3 id=0x0500 len=7
[machine.3]      1400500 can-rx receiver=3 id=0x0001 len=5
[machine.3]      1400500 can-rx receiver=3 id=0x0001 len=5
[machine.3]      1400500 can-tx sender=3 id=0x0001 len=5
[machine.3]      1400500 can-tx sender=3 id=0x0001 len=5
[machine.3]      1400500 can-tx sender=3 id=0x0001 len=5
[machine.3]      1400500 can-rx receiver=3 id=0x0001 len=5
[machine.3]      1400500 can-rx receiver=3 id=0x0010 len=2
[machine.3]      1400500 can-rx receiver=3 id=0x0101 len=2
[machine.3]      1400500 can-rx receiver=3 id=0x0102 len=2
[machine.3]      1400500 can-tx sender=3 id=0x0200 len=8
[machine.3]      1400500 can-tx sender=3 id=0x0200 len=8
[machine.3]      1400500 can-tx sender=3 id=0x0200 len=8
[machine.3]      1400500 can-tx sender=3 id=0x0201 len=2
[machine.3]      1400500 can-tx sender=3 id=0x0201 len=2
[machine.3]      1400500 can-tx sender=3 id=0x0201 len=2
[machine.3]      1400500 can-rx receiver=3 id=0x0500 len=7
[machine.3]      1410500 can-rx receiver=3 id=0x0101 len=2
[machine.3]      1410500 can-rx receiver=3 id=0x0102 len=2
[machine.3]      1410500 can-tx sender=3 id=0x0200 len=8
[machine.3]      1410500 can-tx sender=3 id=0x0200 len=8
[machine.3]      1410500 can-tx sender=3 id=0x0200 len=8
[machine.3]      1410500 can-rx receiver=3 id=0x0500 len=7
[machine.3]      1420500 can-rx receiver=3 id=0x0101 len=2
[machine.3]      1420500 can-rx receiver=3 id=0x0102 len=2
[machine.3]      1420500 can-tx sender=3 id=0x0200 len=8
[machine.3]      1420500 can-tx sender=3 id=0x0200 len=8
[machine.3]      1420500 can-tx sender=3 id=0x0200 len=8
[machine.3]      1420500 can-rx receiver=3 id=0x0500 len=7
[machine.3]      1430500 can-rx receiver=3 id=0x0101 len=2
[machine.3]      1430500 can-rx receiver=3 id=0x0102 len=2
[machine.3]      1430500 can-tx sender=3 id=0x0200 len=8
[machine.3]      1430500 can-tx sender=3 id=0x0200 len=8
[machine.3]      1430500 can-tx sender=3 id=0x0200 len=8
[machine.3]      1430500 can-rx receiver=3 id=0x0500 len=7
[machine.3]      1440500 can-rx receiver=3 id=0x0101 len=2
[machine.3]      1440500 can-rx receiver=3 id=0x0102 len=2
[machine.3]      1440500 can-tx sender=3 id=0x0200 len=8
[machine.3]      1440500 can-tx sender=3 id=0x0200 len=8
[machine.3]      1440500 can-tx sender=3 id=0x0200 len=8
[machine.3]      1440500 can-rx receiver=3 id=0x0500 len=7
[machine.3]      1450500 can-rx receiver=3 id=0x0010 len=2
[machine.3]      1450500 can-rx receiver=3 id=0x0101 len=2
[machine.3]      1450500 can-rx receiver=3 id=0x0102 len=2
[machine.3]      1450500 can-tx sender=3 id=0x0200 len=8
[machine.3]      1450500 can-tx sender=3 id=0x0200 len=8
[machine.3]      1450500 can-tx sender=3 id=0x0200 len=8
[machine.3]      1450500 can-tx sender=3 id=0x0201 len=2
[machine.3]      1450500 can-tx sender=3 id=0x0201 len=2
[machine.3]      1450500 can-tx sender=3 id=0x0201 len=2
[machine.3]      1450500 can-rx receiver=3 id=0x0500 len=7
[machine.3]      1460500 can-rx receiver=3 id=0x0101 len=2
[machine.3]      1460500 can-rx receiver=3 id=0x0102 len=2
[machine.3]      1460500 can-tx sender=3 id=0x0200 len=8
[machine.3]      1460500 can-tx sender=3 id=0x0200 len=8
[machine.3]      1460500 can-tx sender=3 id=0x0200 len=8
[machine.3]      1460500 can-rx receiver=3 id=0x0500 len=7
[machine.3]      1470500 can-rx receiver=3 id=0x0101 len=2
[machine.3]      1470500 can-rx receiver=3 id=0x0102 len=2
[machine.3]      1470500 can-tx sender=3 id=0x0200 len=8
[machine.3]      1470500 can-tx sender=3 id=0x0200 len=8
[machine.3]      1470500 can-tx sender=3 id=0x0200 len=8
[machine.3]      1470500 can-rx receiver=3 id=0x0500 len=7
[machine.3]      1480500 can-rx receiver=3 id=0x0101 len=2
[machine.3]      1480500 can-rx receiver=3 id=0x0102 len=2
[machine.3]      1480500 can-tx sender=3 id=0x0200 len=8
[machine.3]      1480500 can-tx sender=3 id=0x0200 len=8
[machine.3]      1480500 can-tx sender=3 id=0x0200 len=8
[machine.3]      1480500 can-rx receiver=3 id=0x0500 len=7
[machine.3]      1490500 can-rx receiver=3 id=0x0101 len=2
[machine.3]      1490500 can-rx receiver=3 id=0x0102 len=2
[machine.3]      1490500 can-tx sender=3 id=0x0200 len=8
[machine.3]      1490500 can-tx sender=3 id=0x0200 len=8
[machine.3]      1490500 can-tx sender=3 id=0x0200 len=8
[machine.3]      1490500 can-rx receiver=3 id=0x0500 len=7
[machine.3]      1500500 can-rx receiver=3 id=0x0001 len=5
[machine.3]      1500500 can-tx sender=3 id=0x0001 len=5
[machine.3]      1500500 can-tx sender=3 id=0x0001 len=5
[machine.3]      1500500 can-tx sender=3 id=0x0001 len=5
[machine.3]      1500500 can-rx receiver=3 id=0x0001 len=5
[machine.3]      1500500 can-rx receiver=3 id=0x0101 len=2
[machine.3]      1500500 can-rx receiver=3 id=0x0102 len=2
[machine.3]      1500500 can-tx sender=3 id=0x0200 len=8
[machine.3]      1500500 can-tx sender=3 id=0x0200 len=8
[machine.3]      1500500 can-tx sender=3 id=0x0200 len=8
[machine.3]      1500500 can-tx sender=3 id=0x0201 len=2
[machine.3]      1500500 can-tx sender=3 id=0x0201 len=2
[machine.3]      1500500 can-tx sender=3 id=0x0201 len=2
[machine.3]      1500500 can-rx receiver=3 id=0x0500 len=7
[machine.3]      1510500 can-rx receiver=3 id=0x0101 len=2
[machine.3]      1510500 can-rx receiver=3 id=0x0102 len=2
[machine.3]      1510500 can-tx sender=3 id=0x0200 len=8
[machine.3]      1510500 can-tx sender=3 id=0x0200 len=8
[machine.3]      1510500 can-tx sender=3 id=0x0200 len=8
[machine.3]      1510500 can-rx receiver=3 id=0x0500 len=7
[machine.3]      1520500 can-rx receiver=3 id=0x0101 len=2
[machine.3]      1520500 can-rx receiver=3 id=0x0102 len=2
[machine.3]      1520500 can-tx sender=3 id=0x0200 len=8
[machine.3]      1520500 can-tx sender=3 id=0x0200 len=8
[machine.3]      1520500 can-tx sender=3 id=0x0200 len=8
[machine.3]      1520500 can-rx receiver=3 id=0x0500 len=7
[machine.3]      1530500 can-rx receiver=3 id=0x0101 len=2
[machine.3]      1530500 can-rx receiver=3 id=0x0102 len=2
[machine.3]      1530500 can-tx sender=3 id=0x0200 len=8
[machine.3]      1530500 can-tx sender=3 id=0x0200 len=8
[machine.3]      1530500 can-tx sender=3 id=0x0200 len=8
[machine.3]      1530500 can-rx receiver=3 id=0x0500 len=7
[machine.3]      1540500 can-rx receiver=3 id=0x0101 len=2
[machine.3]      1540500 can-rx receiver=3 id=0x0102 len=2
[machine.3]      1540500 can-tx sender=3 id=0x0200 len=8
[machine.3]      1540500 can-tx sender=3 id=0x0200 len=8
[machine.3]      1540500 can-tx sender=3 id=0x0200 len=8
[machine.3]      1540500 can-rx receiver=3 id=0x0500 len=7
[machine.3]      1550500 can-rx receiver=3 id=0x0101 len=2
[machine.3]      1550500 can-rx receiver=3 id=0x0102 len=2
[machine.3]      1550500 can-tx sender=3 id=0x0200 len=8
[machine.3]      1550500 can-tx sender=3 id=0x0200 len=8
[machine.3]      1550500 can-tx sender=3 id=0x0200 len=8
[machine.3]      1550500 can-tx sender=3 id=0x0201 len=2
[machine.3]      1550500 can-tx sender=3 id=0x0201 len=2
[machine.3]      1550500 can-tx sender=3 id=0x0201 len=2
[machine.3]      1550500 can-rx receiver=3 id=0x0500 len=7
[machine.3]      1560500 can-rx receiver=3 id=0x0101 len=2
[machine.3]      1560500 can-rx receiver=3 id=0x0102 len=2
[machine.3]      1560500 can-tx sender=3 id=0x0200 len=8
[machine.3]      1560500 can-tx sender=3 id=0x0200 len=8
[machine.3]      1560500 can-tx sender=3 id=0x0200 len=8
[machine.3]      1560500 can-rx receiver=3 id=0x0500 len=7
[machine.3]      1570500 can-rx receiver=3 id=0x0101 len=2
[machine.3]      1570500 can-rx receiver=3 id=0x0102 len=2
[machine.3]      1570500 can-tx sender=3 id=0x0200 len=8
[machine.3]      1570500 can-tx sender=3 id=0x0200 len=8
[machine.3]      1570500 can-tx sender=3 id=0x0200 len=8
[machine.3]      1570500 can-rx receiver=3 id=0x0500 len=7
[machine.3]      1580500 can-rx receiver=3 id=0x0101 len=2
[machine.3]      1580500 can-rx receiver=3 id=0x0102 len=2
[machine.3]      1580500 can-tx sender=3 id=0x0200 len=8
[machine.3]      1580500 can-tx sender=3 id=0x0200 len=8
[machine.3]      1580500 can-tx sender=3 id=0x0200 len=8
[machine.3]      1580500 can-rx receiver=3 id=0x0500 len=7
[machine.3]      1590500 can-rx receiver=3 id=0x0101 len=2
[machine.3]      1590500 can-rx receiver=3 id=0x0102 len=2
[machine.3]      1590500 can-tx sender=3 id=0x0200 len=8
[machine.3]      1590500 can-tx sender=3 id=0x0200 len=8
[machine.3]      1590500 can-tx sender=3 id=0x0200 len=8
[machine.3]      1590500 can-rx receiver=3 id=0x0500 len=7
[machine.3]      1600500 can-rx receiver=3 id=0x0001 len=5
[machine.3]      1600500 can-tx sender=3 id=0x0001 len=5
[machine.3]      1600500 can-tx sender=3 id=0x0001 len=5
[machine.3]      1600500 can-tx sender=3 id=0x0001 len=5
[machine.3]      1600500 can-rx receiver=3 id=0x0001 len=5
[machine.3]      1600500 can-rx receiver=3 id=0x0101 len=2
[machine.3]      1600500 can-rx receiver=3 id=0x0102 len=2
[machine.3]      1600500 can-tx sender=3 id=0x0200 len=8
[machine.3]      1600500 can-tx sender=3 id=0x0200 len=8
[machine.3]      1600500 can-tx sender=3 id=0x0200 len=8
[machine.3]      1600500 can-tx sender=3 id=0x0201 len=2
[machine.3]      1600500 can-tx sender=3 id=0x0201 len=2
[machine.3]      1600500 can-tx sender=3 id=0x0201 len=2
[machine.3]      1600500 can-rx receiver=3 id=0x0500 len=7
[machine.3]      1610500 can-rx receiver=3 id=0x0101 len=2
[machine.3]      1610500 can-rx receiver=3 id=0x0102 len=2
[machine.3]      1610500 can-tx sender=3 id=0x0200 len=8
[machine.3]      1610500 can-tx sender=3 id=0x0200 len=8
[machine.3]      1610500 can-tx sender=3 id=0x0200 len=8
[machine.3]      1610500 can-rx receiver=3 id=0x0500 len=7
[machine.3]      1620500 can-rx receiver=3 id=0x0101 len=2
[machine.3]      1620500 can-rx receiver=3 id=0x0102 len=2
[machine.3]      1620500 can-tx sender=3 id=0x0200 len=8
[machine.3]      1620500 can-tx sender=3 id=0x0200 len=8
[machine.3]      1620500 can-tx sender=3 id=0x0200 len=8
[machine.3]      1620500 can-rx receiver=3 id=0x0500 len=7
[machine.3]      1630500 can-rx receiver=3 id=0x0101 len=2
[machine.3]      1630500 can-rx receiver=3 id=0x0102 len=2
[machine.3]      1630500 can-tx sender=3 id=0x0200 len=8
[machine.3]      1630500 can-tx sender=3 id=0x0200 len=8
[machine.3]      1630500 can-tx sender=3 id=0x0200 len=8
[machine.3]      1630500 can-rx receiver=3 id=0x0500 len=7
[machine.3]      1640500 can-rx receiver=3 id=0x0101 len=2
[machine.3]      1640500 can-rx receiver=3 id=0x0102 len=2
[machine.3]      1640500 can-tx sender=3 id=0x0200 len=8
[machine.3]      1640500 can-tx sender=3 id=0x0200 len=8
[machine.3]      1640500 can-tx sender=3 id=0x0200 len=8
[machine.3]      1640500 can-rx receiver=3 id=0x0500 len=7
[machine.3]      1650500 can-rx receiver=3 id=0x0101 len=2
[machine.3]      1650500 can-rx receiver=3 id=0x0102 len=2
[machine.3]      1650500 can-tx sender=3 id=0x0200 len=8
[machine.3]      1650500 can-tx sender=3 id=0x0200 len=8
[machine.3]      1650500 can-tx sender=3 id=0x0200 len=8
[machine.3]      1650500 can-tx sender=3 id=0x0201 len=2
[machine.3]      1650500 can-tx sender=3 id=0x0201 len=2
[machine.3]      1650500 can-tx sender=3 id=0x0201 len=2
[machine.3]      1650500 can-rx receiver=3 id=0x0500 len=7
[machine.3]      1660500 can-rx receiver=3 id=0x0101 len=2
[machine.3]      1660500 can-rx receiver=3 id=0x0102 len=2
[machine.3]      1660500 can-tx sender=3 id=0x0200 len=8
[machine.3]      1660500 can-tx sender=3 id=0x0200 len=8
[machine.3]      1660500 can-tx sender=3 id=0x0200 len=8
[machine.3]      1660500 can-rx receiver=3 id=0x0500 len=7
[machine.3]      1670500 can-rx receiver=3 id=0x0101 len=2
[machine.3]      1670500 can-rx receiver=3 id=0x0102 len=2
[machine.3]      1670500 can-tx sender=3 id=0x0200 len=8
[machine.3]      1670500 can-tx sender=3 id=0x0200 len=8
[machine.3]      1670500 can-tx sender=3 id=0x0200 len=8
[machine.3]      1670500 can-rx receiver=3 id=0x0500 len=7
[machine.3]      1680500 can-rx receiver=3 id=0x0101 len=2
[machine.3]      1680500 can-rx receiver=3 id=0x0102 len=2
[machine.3]      1680500 can-tx sender=3 id=0x0200 len=8
[machine.3]      1680500 can-tx sender=3 id=0x0200 len=8
[machine.3]      1680500 can-tx sender=3 id=0x0200 len=8
[machine.3]      1680500 can-rx receiver=3 id=0x0500 len=7
[machine.3]      1690500 can-rx receiver=3 id=0x0101 len=2
[machine.3]      1690500 can-rx receiver=3 id=0x0102 len=2
[machine.3]      1690500 can-tx sender=3 id=0x0200 len=8
[machine.3]      1690500 can-tx sender=3 id=0x0200 len=8
[machine.3]      1690500 can-tx sender=3 id=0x0200 len=8
[machine.3]      1690500 can-rx receiver=3 id=0x0500 len=7
[machine.3]      1700500 can-rx receiver=3 id=0x0001 len=5
[machine.3]      1700500 can-tx sender=3 id=0x0001 len=5
[machine.3]      1700500 can-tx sender=3 id=0x0001 len=5
[machine.3]      1700500 can-tx sender=3 id=0x0001 len=5
[machine.3]      1700500 can-rx receiver=3 id=0x0001 len=5
[machine.3]      1700500 can-rx receiver=3 id=0x0101 len=2
[machine.3]      1700500 can-rx receiver=3 id=0x0102 len=2
[machine.3]      1700500 can-tx sender=3 id=0x0200 len=8
[machine.3]      1700500 can-tx sender=3 id=0x0200 len=8
[machine.3]      1700500 can-tx sender=3 id=0x0200 len=8
[machine.3]      1700500 can-tx sender=3 id=0x0201 len=2
[machine.3]      1700500 can-tx sender=3 id=0x0201 len=2
[machine.3]      1700500 can-tx sender=3 id=0x0201 len=2
[machine.3]      1700500 can-rx receiver=3 id=0x0500 len=7
[machine.3]      1710500 can-rx receiver=3 id=0x0101 len=2
[machine.3]      1710500 can-rx receiver=3 id=0x0102 len=2
[machine.3]      1710500 can-tx sender=3 id=0x0200 len=8
[machine.3]      1710500 can-tx sender=3 id=0x0200 len=8
[machine.3]      1710500 can-tx sender=3 id=0x0200 len=8
[machine.3]      1710500 can-rx receiver=3 id=0x0500 len=7
[machine.3]      1720500 can-rx receiver=3 id=0x0101 len=2
[machine.3]      1720500 can-rx receiver=3 id=0x0102 len=2
[machine.3]      1720500 can-tx sender=3 id=0x0200 len=8
[machine.3]      1720500 can-tx sender=3 id=0x0200 len=8
[machine.3]      1720500 can-tx sender=3 id=0x0200 len=8
[machine.3]      1720500 can-rx receiver=3 id=0x0500 len=7
[machine.3]      1730500 can-rx receiver=3 id=0x0101 len=2
[machine.3]      1730500 can-rx receiver=3 id=0x0102 len=2
[machine.3]      1730500 can-tx sender=3 id=0x0200 len=8
[machine.3]      1730500 can-tx sender=3 id=0x0200 len=8
[machine.3]      1730500 can-tx sender=3 id=0x0200 len=8
[machine.3]      1730500 can-rx receiver=3 id=0x0500 len=7
[machine.3]      1740500 can-rx receiver=3 id=0x0101 len=2
[machine.3]      1740500 can-rx receiver=3 id=0x0102 len=2
[machine.3]      1740500 can-tx sender=3 id=0x0200 len=8
[machine.3]      1740500 can-tx sender=3 id=0x0200 len=8
[machine.3]      1740500 can-tx sender=3 id=0x0200 len=8
[machine.3]      1740500 can-rx receiver=3 id=0x0500 len=7
[machine.3]      1750500 can-rx receiver=3 id=0x0101 len=2
[machine.3]      1750500 can-rx receiver=3 id=0x0102 len=2
[machine.3]      1750500 can-tx sender=3 id=0x0200 len=8
[machine.3]      1750500 can-tx sender=3 id=0x0200 len=8
[machine.3]      1750500 can-tx sender=3 id=0x0200 len=8
[machine.3]      1750500 can-tx sender=3 id=0x0201 len=2
[machine.3]      1750500 can-tx sender=3 id=0x0201 len=2
[machine.3]      1750500 can-tx sender=3 id=0x0201 len=2
[machine.3]      1750500 can-rx receiver=3 id=0x0500 len=7
[machine.3]      1760500 can-rx receiver=3 id=0x0101 len=2
[machine.3]      1760500 can-rx receiver=3 id=0x0102 len=2
[machine.3]      1760500 can-tx sender=3 id=0x0200 len=8
[machine.3]      1760500 can-tx sender=3 id=0x0200 len=8
[machine.3]      1760500 can-tx sender=3 id=0x0200 len=8
[machine.3]      1760500 can-rx receiver=3 id=0x0500 len=7
[machine.3]      1770500 can-rx receiver=3 id=0x0101 len=2
[machine.3]      1770500 can-rx receiver=3 id=0x0102 len=2
[machine.3]      1770500 can-tx sender=3 id=0x0200 len=8
[machine.3]      1770500 can-tx sender=3 id=0x0200 len=8
[machine.3]      1770500 can-tx sender=3 id=0x0200 len=8
[machine.3]      1770500 can-rx receiver=3 id=0x0500 len=7
[machine.3]      1780500 can-rx receiver=3 id=0x0101 len=2
[machine.3]      1780500 can-rx receiver=3 id=0x0102 len=2
[machine.3]      1780500 can-tx sender=3 id=0x0200 len=8
[machine.3]      1780500 can-tx sender=3 id=0x0200 len=8
[machine.3]      1780500 can-tx sender=3 id=0x0200 len=8
[machine.3]      1780500 can-rx receiver=3 id=0x0500 len=7
[machine.3]      1790500 can-rx receiver=3 id=0x0101 len=2
[machine.3]      1790500 can-rx receiver=3 id=0x0102 len=2
[machine.3]      1790500 can-tx sender=3 id=0x0200 len=8
[machine.3]      1790500 can-tx sender=3 id=0x0200 len=8
[machine.3]      1790500 can-tx sender=3 id=0x0200 len=8
[machine.3]      1790500 can-rx receiver=3 id=0x0500 len=7
[machine.3]      1800500 can-rx receiver=3 id=0x0001 len=5
[machine.3]      1800500 can-tx sender=3 id=0x0001 len=5
[machine.3]      1800500 can-tx sender=3 id=0x0001 len=5
[machine.3]      1800500 can-tx sender=3 id=0x0001 len=5
[machine.3]      1800500 can-rx receiver=3 id=0x0001 len=5
[machine.3]      1800500 can-rx receiver=3 id=0x0101 len=2
[machine.3]      1800500 can-rx receiver=3 id=0x0102 len=2
[machine.3]      1800500 can-tx sender=3 id=0x0200 len=8
[machine.3]      1800500 can-tx sender=3 id=0x0200 len=8
[machine.3]      1800500 can-tx sender=3 id=0x0200 len=8
[machine.3]      1800500 can-tx sender=3 id=0x0201 len=2
[machine.3]      1800500 can-tx sender=3 id=0x0201 len=2
[machine.3]      1800500 can-tx sender=3 id=0x0201 len=2
[machine.3]      1800500 can-rx receiver=3 id=0x0500 len=7
[machine.3]      1810500 can-rx receiver=3 id=0x0101 len=2
[machine.3]      1810500 can-rx receiver=3 id=0x0102 len=2
[machine.3]      1810500 can-tx sender=3 id=0x0200 len=8
[machine.3]      1810500 can-tx sender=3 id=0x0200 len=8
[machine.3]      1810500 can-tx sender=3 id=0x0200 len=8
[machine.3]      1810500 can-rx receiver=3 id=0x0500 len=7
[machine.3]      1820500 can-rx receiver=3 id=0x0101 len=2
[machine.3]      1820500 can-rx receiver=3 id=0x0102 len=2
[machine.3]      1820500 can-tx sender=3 id=0x0200 len=8
[machine.3]      1820500 can-tx sender=3 id=0x0200 len=8
[machine.3]      1820500 can-tx sender=3 id=0x0200 len=8
[machine.3]      1820500 can-rx receiver=3 id=0x0500 len=7
[machine.3]      1830500 can-rx receiver=3 id=0x0101 len=2
[machine.3]      1830500 can-rx receiver=3 id=0x0102 len=2
[machine.3]      1830500 can-tx sender=3 id=0x0200 len=8
[machine.3]      1830500 can-tx sender=3 id=0x0200 len=8
[machine.3]      1830500 can-tx sender=3 id=0x0200 len=8
[machine.3]      1830500 can-rx receiver=3 id=0x0500 len=7
[machine.3]      1840500 can-rx receiver=3 id=0x0101 len=2
[machine.3]      1840500 can-rx receiver=3 id=0x0102 len=2
[machine.3]      1840500 can-tx sender=3 id=0x0200 len=8
[machine.3]      1840500 can-tx sender=3 id=0x0200 len=8
[machine.3]      1840500 can-tx sender=3 id=0x0200 len=8
[machine.3]      1840500 can-rx receiver=3 id=0x0500 len=7
[machine.3]      1850500 can-rx receiver=3 id=0x0101 len=2
[machine.3]      1850500 can-rx receiver=3 id=0x0102 len=2
[machine.3]      1850500 can-tx sender=3 id=0x0200 len=8
[machine.3]      1850500 can-tx sender=3 id=0x0200 len=8
[machine.3]      1850500 can-tx sender=3 id=0x0200 len=8
[machine.3]      1850500 can-tx sender=3 id=0x0201 len=2
[machine.3]      1850500 can-tx sender=3 id=0x0201 len=2
[machine.3]      1850500 can-tx sender=3 id=0x0201 len=2
[machine.3]      1850500 can-rx receiver=3 id=0x0500 len=7
[machine.3]      1860500 can-rx receiver=3 id=0x0101 len=2
[machine.3]      1860500 can-rx receiver=3 id=0x0102 len=2
[machine.3]      1860500 can-tx sender=3 id=0x0200 len=8
[machine.3]      1860500 can-tx sender=3 id=0x0200 len=8
[machine.3]      1860500 can-tx sender=3 id=0x0200 len=8
[machine.3]      1860500 can-rx receiver=3 id=0x0500 len=7
[machine.3]      1870500 can-rx receiver=3 id=0x0101 len=2
[machine.3]      1870500 can-rx receiver=3 id=0x0102 len=2
[machine.3]      1870500 can-tx sender=3 id=0x0200 len=8
[machine.3]      1870500 can-tx sender=3 id=0x0200 len=8
[machine.3]      1870500 can-tx sender=3 id=0x0200 len=8
[machine.3]      1870500 can-rx receiver=3 id=0x0500 len=7
[machine.3]      1880500 can-rx receiver=3 id=0x0101 len=2
[machine.3]      1880500 can-rx receiver=3 id=0x0102 len=2
[machine.3]      1880500 can-tx sender=3 id=0x0200 len=8
[machine.3]      1880500 can-tx sender=3 id=0x0200 len=8
[machine.3]      1880500 can-tx sender=3 id=0x0200 len=8
[machine.3]      1880500 can-rx receiver=3 id=0x0500 len=7
[machine.3]      1890500 can-rx receiver=3 id=0x0101 len=2
[machine.3]      1890500 can-rx receiver=3 id=0x0102 len=2
[machine.3]      1890500 can-tx sender=3 id=0x0200 len=8
[machine.3]      1890500 can-tx sender=3 id=0x0200 len=8
[machine.3]      1890500 can-tx sender=3 id=0x0200 len=8
[machine.3]      1890500 can-rx receiver=3 id=0x0500 len=7
[machine.3]      1900500 can-rx receiver=3 id=0x0001 len=5
[machine.3]      1900500 can-tx sender=3 id=0x0001 len=5
[machine.3]      1900500 can-tx sender=3 id=0x0001 len=5
[machine.3]      1900500 can-tx sender=3 id=0x0001 len=5
[machine.3]      1900500 can-rx receiver=3 id=0x0001 len=5
[machine.3]      1900500 can-rx receiver=3 id=0x0101 len=2
[machine.3]      1900500 can-rx receiver=3 id=0x0102 len=2
[machine.3]      1900500 can-tx sender=3 id=0x0200 len=8
[machine.3]      1900500 can-tx sender=3 id=0x0200 len=8
[machine.3]      1900500 can-tx sender=3 id=0x0200 len=8
[machine.3]      1900500 can-tx sender=3 id=0x0201 len=2
[machine.3]      1900500 can-tx sender=3 id=0x0201 len=2
[machine.3]      1900500 can-tx sender=3 id=0x0201 len=2
[machine.3]      1900500 can-rx receiver=3 id=0x0500 len=7
[machine.3]      1910500 can-rx receiver=3 id=0x0101 len=2
[machine.3]      1910500 can-rx receiver=3 id=0x0102 len=2
[machine.3]      1910500 can-tx sender=3 id=0x0200 len=8
[machine.3]      1910500 can-tx sender=3 id=0x0200 len=8
[machine.3]      1910500 can-tx sender=3 id=0x0200 len=8
[machine.3]      1910500 can-rx receiver=3 id=0x0500 len=7
[machine.3]      1920500 can-rx receiver=3 id=0x0101 len=2
[machine.3]      1920500 can-rx receiver=3 id=0x0102 len=2
[machine.3]      1920500 can-tx sender=3 id=0x0200 len=8
[machine.3]      1920500 can-tx sender=3 id=0x0200 len=8
[machine.3]      1920500 can-tx sender=3 id=0x0200 len=8
[machine.3]      1920500 can-rx receiver=3 id=0x0500 len=7
[machine.3]      1930500 can-rx receiver=3 id=0x0101 len=2
[machine.3]      1930500 can-rx receiver=3 id=0x0102 len=2
[machine.3]      1930500 can-tx sender=3 id=0x0200 len=8
[machine.3]      1930500 can-tx sender=3 id=0x0200 len=8
[machine.3]      1930500 can-tx sender=3 id=0x0200 len=8
[machine.3]      1930500 can-rx receiver=3 id=0x0500 len=7
[machine.3]      1940500 can-rx receiver=3 id=0x0101 len=2
[machine.3]      1940500 can-rx receiver=3 id=0x0102 len=2
[machine.3]      1940500 can-tx sender=3 id=0x0200 len=8
[machine.3]      1940500 can-tx sender=3 id=0x0200 len=8
[machine.3]      1940500 can-tx sender=3 id=0x0200 len=8
[machine.3]      1940500 can-rx receiver=3 id=0x0500 len=7
[machine.3]      1950500 can-rx receiver=3 id=0x0101 len=2
[machine.3]      1950500 can-rx receiver=3 id=0x0102 len=2
[machine.3]      1950500 can-tx sender=3 id=0x0200 len=8
[machine.3]      1950500 can-tx sender=3 id=0x0200 len=8
[machine.3]      1950500 can-tx sender=3 id=0x0200 len=8
[machine.3]      1950500 can-tx sender=3 id=0x0201 len=2
[machine.3]      1950500 can-tx sender=3 id=0x0201 len=2
[machine.3]      1950500 can-tx sender=3 id=0x0201 len=2
[machine.3]      1950500 can-rx receiver=3 id=0x0500 len=7
[machine.3]      1960500 can-rx receiver=3 id=0x0101 len=2
[machine.3]      1960500 can-rx receiver=3 id=0x0102 len=2
[machine.3]      1960500 can-tx sender=3 id=0x0200 len=8
[machine.3]      1960500 can-tx sender=3 id=0x0200 len=8
[machine.3]      1960500 can-tx sender=3 id=0x0200 len=8
[machine.3]      1960500 can-rx receiver=3 id=0x0500 len=7
[machine.3]      1970500 can-rx receiver=3 id=0x0101 len=2
[machine.3]      1970500 can-rx receiver=3 id=0x0102 len=2
[machine.3]      1970500 can-tx sender=3 id=0x0200 len=8
[machine.3]      1970500 can-tx sender=3 id=0x0200 len=8
[machine.3]      1970500 can-tx sender=3 id=0x0200 len=8
[machine.3]      1970500 can-rx receiver=3 id=0x0500 len=7
[machine.3]      1980500 can-rx receiver=3 id=0x0101 len=2
[machine.3]      1980500 can-rx receiver=3 id=0x0102 len=2
[machine.3]      1980500 can-tx sender=3 id=0x0200 len=8
[machine.3]      1980500 can-tx sender=3 id=0x0200 len=8
[machine.3]      1980500 can-tx sender=3 id=0x0200 len=8
[machine.3]      1980500 can-rx receiver=3 id=0x0500 len=7
[machine.3]      1990500 can-rx receiver=3 id=0x0101 len=2
[machine.3]      1990500 can-rx receiver=3 id=0x0102 len=2
[machine.3]      1990500 can-tx sender=3 id=0x0200 len=8
[machine.3]      1990500 can-tx sender=3 id=0x0200 len=8
[machine.3]      1990500 can-tx sender=3 id=0x0200 len=8
[machine.3]      1990500 can-rx receiver=3 id=0x0500 len=7
[machine.3]      2000500 can-rx receiver=3 id=0x0001 len=5
[machine.3]      2000500 can-tx sender=3 id=0x0001 len=5
[machine.3]      2000500 can-tx sender=3 id=0x0001 len=5
[machine.3]      2000500 can-tx sender=3 id=0x0001 len=5
[machine.3]      2000500 can-rx receiver=3 id=0x0001 len=5
[machine.3]      2000500 can-rx receiver=3 id=0x0101 len=2
[machine.3]      2000500 can-rx receiver=3 id=0x0102 len=2
[machine.3]      2000500 can-tx sender=3 id=0x0200 len=8
[machine.3]      2000500 can-tx sender=3 id=0x0200 len=8
[machine.3]      2000500 can-tx sender=3 id=0x0200 len=8
[machine.3]      2000500 can-tx sender=3 id=0x0201 len=2
[machine.3]      2000500 can-tx sender=3 id=0x0201 len=2
[machine.3]      2000500 can-tx sender=3 id=0x0201 len=2
[machine.3]      2000500 can-rx receiver=3 id=0x0500 len=7
[machine.3]      2010500 can-rx receiver=3 id=0x0101 len=2
[machine.3]      2010500 can-rx receiver=3 id=0x0102 len=2
[machine.3]      2010500 can-tx sender=3 id=0x0200 len=8
[machine.3]      2010500 can-tx sender=3 id=0x0200 len=8
[machine.3]      2010500 can-tx sender=3 id=0x0200 len=8
[machine.3]      2010500 can-rx receiver=3 id=0x0500 len=7
[machine.3]      2020500 can-rx receiver=3 id=0x0101 len=2
[machine.3]      2020500 can-rx receiver=3 id=0x0102 len=2
[machine.3]      2020500 can-tx sender=3 id=0x0200 len=8
[machine.3]      2020500 can-tx sender=3 id=0x0200 len=8
[machine.3]      2020500 can-tx sender=3 id=0x0200 len=8
[machine.3]      2020500 can-rx receiver=3 id=0x0500 len=7
[machine.3]      2030500 can-rx receiver=3 id=0x0101 len=2
[machine.3]      2030500 can-rx receiver=3 id=0x0102 len=2
[machine.3]      2030500 can-tx sender=3 id=0x0200 len=8
[machine.3]      2030500 can-tx sender=3 id=0x0200 len=8
[machine.3]      2030500 can-tx sender=3 id=0x0200 len=8
[machine.3]      2030500 can-rx receiver=3 id=0x0500 len=7
[machine.3]      2040500 can-rx receiver=3 id=0x0101 len=2
[machine.3]      2040500 can-rx receiver=3 id=0x0102 len=2
[machine.3]      2040500 can-tx sender=3 id=0x0200 len=8
[machine.3]      2040500 can-tx sender=3 id=0x0200 len=8
[machine.3]      2040500 can-tx sender=3 id=0x0200 len=8
[machine.3]      2040500 can-rx receiver=3 id=0x0500 len=7
[machine.3]      2050500 can-rx receiver=3 id=0x0101 len=2
[machine.3]      2050500 can-rx receiver=3 id=0x0102 len=2
[machine.3]      2050500 can-tx sender=3 id=0x0200 len=8
[machine.3]      2050500 can-tx sender=3 id=0x0200 len=8
[machine.3]      2050500 can-tx sender=3 id=0x0200 len=8
[machine.3]      2050500 can-tx sender=3 id=0x0201 len=2
[machine.3]      2050500 can-tx sender=3 id=0x0201 len=2
[machine.3]      2050500 can-tx sender=3 id=0x0201 len=2
[machine.3]      2050500 can-rx receiver=3 id=0x0500 len=7
[machine.3]      2060500 can-rx receiver=3 id=0x0101 len=2
[machine.3]      2060500 can-rx receiver=3 id=0x0102 len=2
[machine.3]      2060500 can-tx sender=3 id=0x0200 len=8
[machine.3]      2060500 can-tx sender=3 id=0x0200 len=8
[machine.3]      2060500 can-tx sender=3 id=0x0200 len=8
[machine.3]      2060500 can-rx receiver=3 id=0x0500 len=7
[machine.3]      2070500 can-rx receiver=3 id=0x0101 len=2
[machine.3]      2070500 can-rx receiver=3 id=0x0102 len=2
[machine.3]      2070500 can-tx sender=3 id=0x0200 len=8
[machine.3]      2070500 can-tx sender=3 id=0x0200 len=8
[machine.3]      2070500 can-tx sender=3 id=0x0200 len=8
[machine.3]      2070500 can-rx receiver=3 id=0x0500 len=7
[machine.3]      2080500 can-rx receiver=3 id=0x0101 len=2
[machine.3]      2080500 can-rx receiver=3 id=0x0102 len=2
[machine.3]      2080500 can-tx sender=3 id=0x0200 len=8
[machine.3]      2080500 can-tx sender=3 id=0x0200 len=8
[machine.3]      2080500 can-tx sender=3 id=0x0200 len=8
[machine.3]      2080500 can-rx receiver=3 id=0x0500 len=7
[machine.3]      2090500 can-rx receiver=3 id=0x0101 len=2
[machine.3]      2090500 can-rx receiver=3 id=0x0102 len=2
[machine.3]      2090500 can-tx sender=3 id=0x0200 len=8
[machine.3]      2090500 can-tx sender=3 id=0x0200 len=8
[machine.3]      2090500 can-tx sender=3 id=0x0200 len=8
[machine.3]      2090500 can-rx receiver=3 id=0x0500 len=7
[machine.3]      2100500 can-rx receiver=3 id=0x0001 len=5
[machine.3]      2100500 can-tx sender=3 id=0x0001 len=5
[machine.3]      2100500 can-tx sender=3 id=0x0001 len=5
[machine.3]      2100500 can-tx sender=3 id=0x0001 len=5
[machine.3]      2100500 can-rx receiver=3 id=0x0001 len=5
[machine.3]      2100500 can-rx receiver=3 id=0x0101 len=2
[machine.3]      2100500 can-rx receiver=3 id=0x0102 len=2
[machine.3]      2100500 can-tx sender=3 id=0x0200 len=8
[machine.3]      2100500 can-tx sender=3 id=0x0200 len=8
[machine.3]      2100500 can-tx sender=3 id=0x0200 len=8
[machine.3]      2100500 can-tx sender=3 id=0x0201 len=2
[machine.3]      2100500 can-tx sender=3 id=0x0201 len=2
[machine.3]      2100500 can-tx sender=3 id=0x0201 len=2
[machine.3]      2100500 can-rx receiver=3 id=0x0500 len=7
[machine.3]      2110500 can-rx receiver=3 id=0x0101 len=2
[machine.3]      2110500 can-rx receiver=3 id=0x0102 len=2
[machine.3]      2110500 can-tx sender=3 id=0x0200 len=8
[machine.3]      2110500 can-tx sender=3 id=0x0200 len=8
[machine.3]      2110500 can-tx sender=3 id=0x0200 len=8
[machine.3]      2110500 can-rx receiver=3 id=0x0500 len=7
[machine.3]      2120500 can-rx receiver=3 id=0x0101 len=2
[machine.3]      2120500 can-rx receiver=3 id=0x0102 len=2
[machine.3]      2120500 can-tx sender=3 id=0x0200 len=8
[machine.3]      2120500 can-tx sender=3 id=0x0200 len=8
[machine.3]      2120500 can-tx sender=3 id=0x0200 len=8
[machine.3]      2120500 can-rx receiver=3 id=0x0500 len=7
[machine.3]      2130500 can-rx receiver=3 id=0x0101 len=2
[machine.3]      2130500 can-rx receiver=3 id=0x0102 len=2
[machine.3]      2130500 can-tx sender=3 id=0x0200 len=8
[machine.3]      2130500 can-tx sender=3 id=0x0200 len=8
[machine.3]      2130500 can-tx sender=3 id=0x0200 len=8
[machine.3]      2130500 can-rx receiver=3 id=0x0500 len=7
[machine.3]      2140500 can-rx receiver=3 id=0x0101 len=2
[machine.3]      2140500 can-rx receiver=3 id=0x0102 len=2
[machine.3]      2140500 can-tx sender=3 id=0x0200 len=8
[machine.3]      2140500 can-tx sender=3 id=0x0200 len=8
[machine.3]      2140500 can-tx sender=3 id=0x0200 len=8
[machine.3]      2140500 can-rx receiver=3 id=0x0500 len=7
[machine.3]      2150500 can-rx receiver=3 id=0x0101 len=2
[machine.3]      2150500 can-rx receiver=3 id=0x0102 len=2
[machine.3]      2150500 can-tx sender=3 id=0x0200 len=8
[machine.3]      2150500 can-tx sender=3 id=0x0200 len=8
[machine.3]      2150500 can-tx sender=3 id=0x0200 len=8
[machine.3]      2150500 can-tx sender=3 id=0x0201 len=2
[machine.3]      2150500 can-tx sender=3 id=0x0201 len=2
[machine.3]      2150500 can-tx sender=3 id=0x0201 len=2
[machine.3]      2150500 can-rx receiver=3 id=0x0500 len=7
[machine.3]      2160500 can-rx receiver=3 id=0x0101 len=2
[machine.3]      2160500 can-rx receiver=3 id=0x0102 len=2
[machine.3]      2160500 can-tx sender=3 id=0x0200 len=8
[machine.3]      2160500 can-tx sender=3 id=0x0200 len=8
[machine.3]      2160500 can-tx sender=3 id=0x0200 len=8
[machine.3]      2160500 can-rx receiver=3 id=0x0500 len=7
[machine.3]      2170500 can-rx receiver=3 id=0x0101 len=2
[machine.3]      2170500 can-rx receiver=3 id=0x0102 len=2
[machine.3]      2170500 can-tx sender=3 id=0x0200 len=8
[machine.3]      2170500 can-tx sender=3 id=0x0200 len=8
[machine.3]      2170500 can-tx sender=3 id=0x0200 len=8
[machine.3]      2170500 can-rx receiver=3 id=0x0500 len=7
[machine.3]      2180500 can-rx receiver=3 id=0x0101 len=2
[machine.3]      2180500 can-rx receiver=3 id=0x0102 len=2
[machine.3]      2180500 can-tx sender=3 id=0x0200 len=8
[machine.3]      2180500 can-tx sender=3 id=0x0200 len=8
[machine.3]      2180500 can-tx sender=3 id=0x0200 len=8
[machine.3]      2180500 can-rx receiver=3 id=0x0500 len=7
[machine.3]      2190500 can-rx receiver=3 id=0x0101 len=2
[machine.3]      2190500 can-rx receiver=3 id=0x0102 len=2
[machine.3]      2190500 can-tx sender=3 id=0x0200 len=8
[machine.3]      2190500 can-tx sender=3 id=0x0200 len=8
[machine.3]      2190500 can-tx sender=3 id=0x0200 len=8
[machine.3]      2190500 can-rx receiver=3 id=0x0500 len=7
[machine.3]      2200500 can-rx receiver=3 id=0x0001 len=5
[machine.3]      2200500 can-tx sender=3 id=0x0001 len=5
[machine.3]      2200500 can-tx sender=3 id=0x0001 len=5
[machine.3]      2200500 can-tx sender=3 id=0x0001 len=5
[machine.3]      2200500 can-rx receiver=3 id=0x0001 len=5
[machine.3]      2200500 can-rx receiver=3 id=0x0101 len=2
[machine.3]      2200500 can-rx receiver=3 id=0x0102 len=2
[machine.3]      2200500 can-tx sender=3 id=0x0200 len=8
[machine.3]      2200500 can-tx sender=3 id=0x0200 len=8
[machine.3]      2200500 can-tx sender=3 id=0x0200 len=8
[machine.3]      2200500 can-tx sender=3 id=0x0201 len=2
[machine.3]      2200500 can-tx sender=3 id=0x0201 len=2
[machine.3]      2200500 can-tx sender=3 id=0x0201 len=2
[machine.3]      2200500 can-rx receiver=3 id=0x0500 len=7
[machine.3]      2210500 can-rx receiver=3 id=0x0101 len=2
[machine.3]      2210500 can-rx receiver=3 id=0x0102 len=2
[machine.3]      2210500 can-tx sender=3 id=0x0200 len=8
[machine.3]      2210500 can-tx sender=3 id=0x0200 len=8
[machine.3]      2210500 can-tx sender=3 id=0x0200 len=8
[machine.3]      2210500 can-rx receiver=3 id=0x0500 len=7
[machine.3]      2220500 can-rx receiver=3 id=0x0101 len=2
[machine.3]      2220500 can-rx receiver=3 id=0x0102 len=2
[machine.3]      2220500 can-tx sender=3 id=0x0200 len=8
[machine.3]      2220500 can-tx sender=3 id=0x0200 len=8
[machine.3]      2220500 can-tx sender=3 id=0x0200 len=8
[machine.3]      2220500 can-rx receiver=3 id=0x0500 len=7
[machine.3]      2230500 can-rx receiver=3 id=0x0101 len=2
[machine.3]      2230500 can-rx receiver=3 id=0x0102 len=2
[machine.3]      2230500 can-tx sender=3 id=0x0200 len=8
[machine.3]      2230500 can-tx sender=3 id=0x0200 len=8
[machine.3]      2230500 can-tx sender=3 id=0x0200 len=8
[machine.3]      2230500 can-rx receiver=3 id=0x0500 len=7
[machine.3]      2240500 can-rx receiver=3 id=0x0101 len=2
[machine.3]      2240500 can-rx receiver=3 id=0x0102 len=2
[machine.3]      2240500 can-tx sender=3 id=0x0200 len=8
[machine.3]      2240500 can-tx sender=3 id=0x0200 len=8
[machine.3]      2240500 can-tx sender=3 id=0x0200 len=8
[machine.3]      2240500 can-rx receiver=3 id=0x0500 len=7
[machine.3]      2250500 can-rx receiver=3 id=0x0101 len=2
[machine.3]      2250500 can-rx receiver=3 id=0x0102 len=2
[machine.3]      2250500 can-tx sender=3 id=0x0200 len=8
[machine.3]      2250500 can-tx sender=3 id=0x0200 len=8
[machine.3]      2250500 can-tx sender=3 id=0x0200 len=8
[machine.3]      2250500 can-tx sender=3 id=0x0201 len=2
[machine.3]      2250500 can-tx sender=3 id=0x0201 len=2
[machine.3]      2250500 can-tx sender=3 id=0x0201 len=2
[machine.3]      2250500 can-rx receiver=3 id=0x0500 len=7
[machine.3]      2260500 can-rx receiver=3 id=0x0101 len=2
[machine.3]      2260500 can-rx receiver=3 id=0x0102 len=2
[machine.3]      2260500 can-tx sender=3 id=0x0200 len=8
[machine.3]      2260500 can-tx sender=3 id=0x0200 len=8
[machine.3]      2260500 can-tx sender=3 id=0x0200 len=8
[machine.3]      2260500 can-rx receiver=3 id=0x0500 len=7
[machine.3]      2270500 can-rx receiver=3 id=0x0101 len=2
[machine.3]      2270500 can-rx receiver=3 id=0x0102 len=2
[machine.3]      2270500 can-tx sender=3 id=0x0200 len=8
[machine.3]      2270500 can-tx sender=3 id=0x0200 len=8
[machine.3]      2270500 can-tx sender=3 id=0x0200 len=8
[machine.3]      2270500 can-rx receiver=3 id=0x0500 len=7
[machine.3]      2280500 can-rx receiver=3 id=0x0101 len=2
[machine.3]      2280500 can-rx receiver=3 id=0x0102 len=2
[machine.3]      2280500 can-tx sender=3 id=0x0200 len=8
[machine.3]      2280500 can-tx sender=3 id=0x0200 len=8
[machine.3]      2280500 can-tx sender=3 id=0x0200 len=8
[machine.3]      2280500 can-rx receiver=3 id=0x0500 len=7
[machine.3]      2290500 can-rx receiver=3 id=0x0101 len=2
[machine.3]      2290500 can-rx receiver=3 id=0x0102 len=2
[machine.3]      2290500 can-tx sender=3 id=0x0200 len=8
[machine.3]      2290500 can-tx sender=3 id=0x0200 len=8
[machine.3]      2290500 can-tx sender=3 id=0x0200 len=8
[machine.3]      2290500 can-rx receiver=3 id=0x0500 len=7
[machine.3]      2300500 can-rx receiver=3 id=0x0001 len=5
[machine.3]      2300500 can-tx sender=3 id=0x0001 len=5
[machine.3]      2300500 can-tx sender=3 id=0x0001 len=5
[machine.3]      2300500 can-tx sender=3 id=0x0001 len=5
[machine.3]      2300500 can-rx receiver=3 id=0x0001 len=5
[machine.3]      2300500 can-rx receiver=3 id=0x0101 len=2
[machine.3]      2300500 can-rx receiver=3 id=0x0102 len=2
[machine.3]      2300500 can-tx sender=3 id=0x0200 len=8
[machine.3]      2300500 can-tx sender=3 id=0x0200 len=8
[machine.3]      2300500 can-tx sender=3 id=0x0200 len=8
[machine.3]      2300500 can-tx sender=3 id=0x0201 len=2
[machine.3]      2300500 can-tx sender=3 id=0x0201 len=2
[machine.3]      2300500 can-tx sender=3 id=0x0201 len=2
[machine.3]      2300500 can-rx receiver=3 id=0x0500 len=7
[machine.3]      2310500 can-rx receiver=3 id=0x0101 len=2
[machine.3]      2310500 can-rx receiver=3 id=0x0102 len=2
[machine.3]      2310500 can-tx sender=3 id=0x0200 len=8
[machine.3]      2310500 can-tx sender=3 id=0x0200 len=8
[machine.3]      2310500 can-tx sender=3 id=0x0200 len=8
[machine.3]      2310500 can-rx receiver=3 id=0x0500 len=7
[machine.3]      2320500 can-rx receiver=3 id=0x0101 len=2
[machine.3]      2320500 can-rx receiver=3 id=0x0102 len=2
[machine.3]      2320500 can-tx sender=3 id=0x0200 len=8
[machine.3]      2320500 can-tx sender=3 id=0x0200 len=8
[machine.3]      2320500 can-tx sender=3 id=0x0200 len=8
[machine.3]      2320500 can-rx receiver=3 id=0x0500 len=7
[machine.3]      2330500 can-rx receiver=3 id=0x0101 len=2
[machine.3]      2330500 can-rx receiver=3 id=0x0102 len=2
[machine.3]      2330500 can-tx sender=3 id=0x0200 len=8
[machine.3]      2330500 can-tx sender=3 id=0x0200 len=8
[machine.3]      2330500 can-tx sender=3 id=0x0200 len=8
[machine.3]      2330500 can-rx receiver=3 id=0x0500 len=7
[machine.3]      2340500 can-rx receiver=3 id=0x0101 len=2
[machine.3]      2340500 can-rx receiver=3 id=0x0102 len=2
[machine.3]      2340500 can-tx sender=3 id=0x0200 len=8
[machine.3]      2340500 can-tx sender=3 id=0x0200 len=8
[machine.3]      2340500 can-tx sender=3 id=0x0200 len=8
[machine.3]      2340500 can-rx receiver=3 id=0x0500 len=7
[machine.3]      2350500 can-rx receiver=3 id=0x0101 len=2
[machine.3]      2350500 can-rx receiver=3 id=0x0102 len=2
[machine.3]      2350500 can-tx sender=3 id=0x0200 len=8
[machine.3]      2350500 can-tx sender=3 id=0x0200 len=8
[machine.3]      2350500 can-tx sender=3 id=0x0200 len=8
[machine.3]      2350500 can-tx sender=3 id=0x0201 len=2
[machine.3]      2350500 can-tx sender=3 id=0x0201 len=2
[machine.3]      2350500 can-tx sender=3 id=0x0201 len=2
[machine.3]      2350500 can-rx receiver=3 id=0x0500 len=7
[machine.3]      2360500 can-rx receiver=3 id=0x0101 len=2
[machine.3]      2360500 can-rx receiver=3 id=0x0102 len=2
[machine.3]      2360500 can-tx sender=3 id=0x0200 len=8
[machine.3]      2360500 can-tx sender=3 id=0x0200 len=8
[machine.3]      2360500 can-tx sender=3 id=0x0200 len=8
[machine.3]      2360500 can-rx receiver=3 id=0x0500 len=7
[machine.3]      2370500 can-rx receiver=3 id=0x0101 len=2
[machine.3]      2370500 can-rx receiver=3 id=0x0102 len=2
[machine.3]      2370500 can-tx sender=3 id=0x0200 len=8
[machine.3]      2370500 can-tx sender=3 id=0x0200 len=8
[machine.3]      2370500 can-tx sender=3 id=0x0200 len=8
[machine.3]      2370500 can-rx receiver=3 id=0x0500 len=7
[machine.3]      2380500 can-rx receiver=3 id=0x0101 len=2
[machine.3]      2380500 can-rx receiver=3 id=0x0102 len=2
[machine.3]      2380500 can-tx sender=3 id=0x0200 len=8
[machine.3]      2380500 can-tx sender=3 id=0x0200 len=8
[machine.3]      2380500 can-tx sender=3 id=0x0200 len=8
[machine.3]      2380500 can-rx receiver=3 id=0x0500 len=7
[machine.3]      2390500 can-rx receiver=3 id=0x0101 len=2
[machine.3]      2390500 can-rx receiver=3 id=0x0102 len=2
[machine.3]      2390500 can-tx sender=3 id=0x0200 len=8
[machine.3]      2390500 can-tx sender=3 id=0x0200 len=8
[machine.3]      2390500 can-tx sender=3 id=0x0200 len=8
[machine.3]      2390500 can-rx receiver=3 id=0x0500 len=7
[machine.3]      2400500 can-rx receiver=3 id=0x0001 len=5
[machine.3]      2400500 can-tx sender=3 id=0x0001 len=5
[machine.3]      2400500 can-tx sender=3 id=0x0001 len=5
[machine.3]      2400500 can-tx sender=3 id=0x0001 len=5
[machine.3]      2400500 can-rx receiver=3 id=0x0001 len=5
[machine.3]      2400500 can-rx receiver=3 id=0x0101 len=2
[machine.3]      2400500 can-rx receiver=3 id=0x0102 len=2
[machine.3]      2400500 can-tx sender=3 id=0x0200 len=8
[machine.3]      2400500 can-tx sender=3 id=0x0200 len=8
[machine.3]      2400500 can-tx sender=3 id=0x0200 len=8
[machine.3]      2400500 can-tx sender=3 id=0x0201 len=2
[machine.3]      2400500 can-tx sender=3 id=0x0201 len=2
[machine.3]      2400500 can-tx sender=3 id=0x0201 len=2
[machine.3]      2400500 can-rx receiver=3 id=0x0500 len=7
[machine.3]      2410500 can-rx receiver=3 id=0x0101 len=2
[machine.3]      2410500 can-rx receiver=3 id=0x0102 len=2
[machine.3]      2410500 can-tx sender=3 id=0x0200 len=8
[machine.3]      2410500 can-tx sender=3 id=0x0200 len=8
[machine.3]      2410500 can-tx sender=3 id=0x0200 len=8
[machine.3]      2410500 can-rx receiver=3 id=0x0500 len=7
[machine.3]      2420500 can-rx receiver=3 id=0x0101 len=2
[machine.3]      2420500 can-rx receiver=3 id=0x0102 len=2
[machine.3]      2420500 can-tx sender=3 id=0x0200 len=8
[machine.3]      2420500 can-tx sender=3 id=0x0200 len=8
[machine.3]      2420500 can-tx sender=3 id=0x0200 len=8
[machine.3]      2420500 can-rx receiver=3 id=0x0500 len=7
[machine.3]      2430500 can-rx receiver=3 id=0x0101 len=2
[machine.3]      2430500 can-rx receiver=3 id=0x0102 len=2
[machine.3]      2430500 can-tx sender=3 id=0x0200 len=8
[machine.3]      2430500 can-tx sender=3 id=0x0200 len=8
[machine.3]      2430500 can-tx sender=3 id=0x0200 len=8
[machine.3]      2430500 can-rx receiver=3 id=0x0500 len=7
[machine.3]      2440500 can-rx receiver=3 id=0x0101 len=2
[machine.3]      2440500 can-rx receiver=3 id=0x0102 len=2
[machine.3]      2440500 can-tx sender=3 id=0x0200 len=8
[machine.3]      2440500 can-tx sender=3 id=0x0200 len=8
[machine.3]      2440500 can-tx sender=3 id=0x0200 len=8
[machine.3]      2440500 can-rx receiver=3 id=0x0500 len=7
[machine.3]      2450500 can-rx receiver=3 id=0x0101 len=2
[machine.3]      2450500 can-rx receiver=3 id=0x0102 len=2
[machine.3]      2450500 can-tx sender=3 id=0x0200 len=8
[machine.3]      2450500 can-tx sender=3 id=0x0200 len=8
[machine.3]      2450500 can-tx sender=3 id=0x0200 len=8
[machine.3]      2450500 can-tx sender=3 id=0x0201 len=2
[machine.3]      2450500 can-tx sender=3 id=0x0201 len=2
[machine.3]      2450500 can-tx sender=3 id=0x0201 len=2
[machine.3]      2450500 can-rx receiver=3 id=0x0500 len=7
[machine.3]      2460500 can-rx receiver=3 id=0x0101 len=2
[machine.3]      2460500 can-rx receiver=3 id=0x0102 len=2
[machine.3]      2460500 can-tx sender=3 id=0x0200 len=8
[machine.3]      2460500 can-tx sender=3 id=0x0200 len=8
[machine.3]      2460500 can-tx sender=3 id=0x0200 len=8
[machine.3]      2460500 can-rx receiver=3 id=0x0500 len=7
[machine.3]      2470500 can-rx receiver=3 id=0x0101 len=2
[machine.3]      2470500 can-rx receiver=3 id=0x0102 len=2
[machine.3]      2470500 can-tx sender=3 id=0x0200 len=8
[machine.3]      2470500 can-tx sender=3 id=0x0200 len=8
[machine.3]      2470500 can-tx sender=3 id=0x0200 len=8
[machine.3]      2470500 can-rx receiver=3 id=0x0500 len=7
[machine.3]      2480500 can-rx receiver=3 id=0x0101 len=2
[machine.3]      2480500 can-rx receiver=3 id=0x0102 len=2
[machine.3]      2480500 can-tx sender=3 id=0x0200 len=8
[machine.3]      2480500 can-tx sender=3 id=0x0200 len=8
[machine.3]      2480500 can-tx sender=3 id=0x0200 len=8
[machine.3]      2480500 can-rx receiver=3 id=0x0500 len=7
[machine.3]      2490500 can-rx receiver=3 id=0x0101 len=2
[machine.3]      2490500 can-rx receiver=3 id=0x0102 len=2
[machine.3]      2490500 can-tx sender=3 id=0x0200 len=8
[machine.3]      2490500 can-tx sender=3 id=0x0200 len=8
[machine.3]      2490500 can-tx sender=3 id=0x0200 len=8
[machine.3]      2490500 can-rx receiver=3 id=0x0500 len=7
[machine.3]      2500500 can-rx receiver=3 id=0x0001 len=5
[machine.3]      2500500 can-tx sender=3 id=0x0001 len=5
[machine.3]      2500500 can-tx sender=3 id=0x0001 len=5
[machine.3]      2500500 can-tx sender=3 id=0x0001 len=5
[machine.3]      2500500 can-rx receiver=3 id=0x0001 len=5
[machine.3]      2500500 can-rx receiver=3 id=0x0101 len=2
[machine.3]      2500500 can-rx receiver=3 id=0x0102 len=2
[machine.3]      2500500 can-tx sender=3 id=0x0200 len=8
[machine.3]      2500500 can-tx sender=3 id=0x0200 len=8
[machine.3]      2500500 can-tx sender=3 id=0x0200 len=8
[machine.3]      2500500 can-tx sender=3 id=0x0201 len=2
[machine.3]      2500500 can-tx sender=3 id=0x0201 len=2
[machine.3]      2500500 can-tx sender=3 id=0x0201 len=2
[machine.3]      2500500 can-rx receiver=3 id=0x0500 len=7
[machine.3]      2510500 can-rx receiver=3 id=0x0101 len=2
[machine.3]      2510500 can-rx receiver=3 id=0x0102 len=2
[machine.3]      2510500 can-tx sender=3 id=0x0200 len=8
[machine.3]      2510500 can-tx sender=3 id=0x0200 len=8
[machine.3]      2510500 can-tx sender=3 id=0x0200 len=8
[machine.3]      2510500 can-rx receiver=3 id=0x0500 len=7
[machine.3]      2520500 can-rx receiver=3 id=0x0101 len=2
[machine.3]      2520500 can-rx receiver=3 id=0x0102 len=2
[machine.3]      2520500 can-tx sender=3 id=0x0200 len=8
[machine.3]      2520500 can-tx sender=3 id=0x0200 len=8
[machine.3]      2520500 can-tx sender=3 id=0x0200 len=8
[machine.3]      2520500 can-rx receiver=3 id=0x0500 len=7
[machine.3]      2530500 can-rx receiver=3 id=0x0101 len=2
[machine.3]      2530500 can-rx receiver=3 id=0x0102 len=2
[machine.3]      2530500 can-tx sender=3 id=0x0200 len=8
[machine.3]      2530500 can-tx sender=3 id=0x0200 len=8
[machine.3]      2530500 can-tx sender=3 id=0x0200 len=8
[machine.3]      2530500 can-rx receiver=3 id=0x0500 len=7
[machine.3]      2540500 can-rx receiver=3 id=0x0101 len=2
[machine.3]      2540500 can-rx receiver=3 id=0x0102 len=2
[machine.3]      2540500 can-tx sender=3 id=0x0200 len=8
[machine.3]      2540500 can-tx sender=3 id=0x0200 len=8
[machine.3]      2540500 can-tx sender=3 id=0x0200 len=8
[machine.3]      2540500 can-rx receiver=3 id=0x0500 len=7
[machine.3]      2550500 can-rx receiver=3 id=0x0101 len=2
[machine.3]      2550500 can-rx receiver=3 id=0x0102 len=2
[machine.3]      2550500 can-tx sender=3 id=0x0200 len=8
[machine.3]      2550500 can-tx sender=3 id=0x0200 len=8
[machine.3]      2550500 can-tx sender=3 id=0x0200 len=8
[machine.3]      2550500 can-tx sender=3 id=0x0201 len=2
[machine.3]      2550500 can-tx sender=3 id=0x0201 len=2
[machine.3]      2550500 can-tx sender=3 id=0x0201 len=2
[machine.3]      2550500 can-rx receiver=3 id=0x0500 len=7
[machine.3]      2560500 can-rx receiver=3 id=0x0101 len=2
[machine.3]      2560500 can-rx receiver=3 id=0x0102 len=2
[machine.3]      2560500 can-tx sender=3 id=0x0200 len=8
[machine.3]      2560500 can-tx sender=3 id=0x0200 len=8
[machine.3]      2560500 can-tx sender=3 id=0x0200 len=8
[machine.3]      2560500 can-rx receiver=3 id=0x0500 len=7
[machine.3]      2570500 can-rx receiver=3 id=0x0101 len=2
[machine.3]      2570500 can-rx receiver=3 id=0x0102 len=2
[machine.3]      2570500 can-tx sender=3 id=0x0200 len=8
[machine.3]      2570500 can-tx sender=3 id=0x0200 len=8
[machine.3]      2570500 can-tx sender=3 id=0x0200 len=8
[machine.3]      2570500 can-rx receiver=3 id=0x0500 len=7
[machine.3]      2580500 can-rx receiver=3 id=0x0101 len=2
[machine.3]      2580500 can-rx receiver=3 id=0x0102 len=2
[machine.3]      2580500 can-tx sender=3 id=0x0200 len=8
[machine.3]      2580500 can-tx sender=3 id=0x0200 len=8
[machine.3]      2580500 can-tx sender=3 id=0x0200 len=8
[machine.3]      2580500 can-rx receiver=3 id=0x0500 len=7
[machine.3]      2590500 can-rx receiver=3 id=0x0101 len=2
[machine.3]      2590500 can-rx receiver=3 id=0x0102 len=2
[machine.3]      2590500 can-tx sender=3 id=0x0200 len=8
[machine.3]      2590500 can-tx sender=3 id=0x0200 len=8
[machine.3]      2590500 can-tx sender=3 id=0x0200 len=8
[machine.3]      2590500 can-rx receiver=3 id=0x0500 len=7
[machine.3]      2600500 can-rx receiver=3 id=0x0001 len=5
[machine.3]      2600500 can-tx sender=3 id=0x0001 len=5
[machine.3]      2600500 can-tx sender=3 id=0x0001 len=5
[machine.3]      2600500 can-tx sender=3 id=0x0001 len=5
[machine.3]      2600500 can-rx receiver=3 id=0x0001 len=5
[machine.3]      2600500 can-rx receiver=3 id=0x0101 len=2
[machine.3]      2600500 can-rx receiver=3 id=0x0102 len=2
[machine.3]      2600500 can-tx sender=3 id=0x0200 len=8
[machine.3]      2600500 can-tx sender=3 id=0x0200 len=8
[machine.3]      2600500 can-tx sender=3 id=0x0200 len=8
[machine.3]      2600500 can-tx sender=3 id=0x0201 len=2
[machine.3]      2600500 can-tx sender=3 id=0x0201 len=2
[machine.3]      2600500 can-tx sender=3 id=0x0201 len=2
[machine.3]      2600500 can-rx receiver=3 id=0x0500 len=7
[machine.3]      2610500 can-rx receiver=3 id=0x0101 len=2
[machine.3]      2610500 can-rx receiver=3 id=0x0102 len=2
[machine.3]      2610500 can-tx sender=3 id=0x0200 len=8
[machine.3]      2610500 can-tx sender=3 id=0x0200 len=8
[machine.3]      2610500 can-tx sender=3 id=0x0200 len=8
[machine.3]      2610500 can-rx receiver=3 id=0x0500 len=7
[machine.3]      2620500 can-rx receiver=3 id=0x0101 len=2
[machine.3]      2620500 can-rx receiver=3 id=0x0102 len=2
[machine.3]      2620500 can-tx sender=3 id=0x0200 len=8
[machine.3]      2620500 can-tx sender=3 id=0x0200 len=8
[machine.3]      2620500 can-tx sender=3 id=0x0200 len=8
[machine.3]      2620500 can-rx receiver=3 id=0x0500 len=7
[machine.3]      2630500 can-rx receiver=3 id=0x0101 len=2
[machine.3]      2630500 can-rx receiver=3 id=0x0102 len=2
[machine.3]      2630500 can-tx sender=3 id=0x0200 len=8
[machine.3]      2630500 can-tx sender=3 id=0x0200 len=8
[machine.3]      2630500 can-tx sender=3 id=0x0200 len=8
[machine.3]      2630500 can-rx receiver=3 id=0x0500 len=7
[machine.3]      2640500 can-rx receiver=3 id=0x0101 len=2
[machine.3]      2640500 can-rx receiver=3 id=0x0102 len=2
[machine.3]      2640500 can-tx sender=3 id=0x0200 len=8
[machine.3]      2640500 can-tx sender=3 id=0x0200 len=8
[machine.3]      2640500 can-tx sender=3 id=0x0200 len=8
[machine.3]      2640500 can-rx receiver=3 id=0x0500 len=7
[machine.3]      2650500 can-rx receiver=3 id=0x0101 len=2
[machine.3]      2650500 can-rx receiver=3 id=0x0102 len=2
[machine.3]      2650500 can-tx sender=3 id=0x0200 len=8
[machine.3]      2650500 can-tx sender=3 id=0x0200 len=8
[machine.3]      2650500 can-tx sender=3 id=0x0200 len=8
[machine.3]      2650500 can-tx sender=3 id=0x0201 len=2
[machine.3]      2650500 can-tx sender=3 id=0x0201 len=2
[machine.3]      2650500 can-tx sender=3 id=0x0201 len=2
[machine.3]      2650500 can-rx receiver=3 id=0x0500 len=7
[machine.3]      2660500 can-rx receiver=3 id=0x0101 len=2
[machine.3]      2660500 can-rx receiver=3 id=0x0102 len=2
[machine.3]      2660500 can-tx sender=3 id=0x0200 len=8
[machine.3]      2660500 can-tx sender=3 id=0x0200 len=8
[machine.3]      2660500 can-tx sender=3 id=0x0200 len=8
[machine.3]      2660500 can-rx receiver=3 id=0x0500 len=7
[machine.3]      2670500 can-rx receiver=3 id=0x0101 len=2
[machine.3]      2670500 can-rx receiver=3 id=0x0102 len=2
[machine.3]      2670500 can-tx sender=3 id=0x0200 len=8
[machine.3]      2670500 can-tx sender=3 id=0x0200 len=8
[machine.3]      2670500 can-tx sender=3 id=0x0200 len=8
[machine.3]      2670500 can-rx receiver=3 id=0x0500 len=7
[machine.3]      2680500 can-rx receiver=3 id=0x0101 len=2
[machine.3]      2680500 can-rx receiver=3 id=0x0102 len=2
[machine.3]      2680500 can-tx sender=3 id=0x0200 len=8
[machine.3]      2680500 can-tx sender=3 id=0x0200 len=8
[machine.3]      2680500 can-tx sender=3 id=0x0200 len=8
[machine.3]      2680500 can-rx receiver=3 id=0x0500 len=7
[machine.3]      2690500 can-rx receiver=3 id=0x0101 len=2
[machine.3]      2690500 can-rx receiver=3 id=0x0102 len=2
[machine.3]      2690500 can-tx sender=3 id=0x0200 len=8
[machine.3]      2690500 can-tx sender=3 id=0x0200 len=8
[machine.3]      2690500 can-tx sender=3 id=0x0200 len=8
[machine.3]      2690500 can-rx receiver=3 id=0x0500 len=7
[machine.3]      2700500 can-rx receiver=3 id=0x0001 len=5
[machine.3]      2700500 can-tx sender=3 id=0x0001 len=5
[machine.3]      2700500 can-tx sender=3 id=0x0001 len=5
[machine.3]      2700500 can-tx sender=3 id=0x0001 len=5
[machine.3]      2700500 can-rx receiver=3 id=0x0001 len=5
[machine.3]      2700500 can-rx receiver=3 id=0x0101 len=2
[machine.3]      2700500 can-rx receiver=3 id=0x0102 len=2
[machine.3]      2700500 can-tx sender=3 id=0x0200 len=8
[machine.3]      2700500 can-tx sender=3 id=0x0200 len=8
[machine.3]      2700500 can-tx sender=3 id=0x0200 len=8
[machine.3]      2700500 can-tx sender=3 id=0x0201 len=2
[machine.3]      2700500 can-tx sender=3 id=0x0201 len=2
[machine.3]      2700500 can-tx sender=3 id=0x0201 len=2
[machine.3]      2700500 can-rx receiver=3 id=0x0500 len=7
[machine.3]      2710500 can-rx receiver=3 id=0x0101 len=2
[machine.3]      2710500 can-rx receiver=3 id=0x0102 len=2
[machine.3]      2710500 can-tx sender=3 id=0x0200 len=8
[machine.3]      2710500 can-tx sender=3 id=0x0200 len=8
[machine.3]      2710500 can-tx sender=3 id=0x0200 len=8
[machine.3]      2710500 can-rx receiver=3 id=0x0500 len=7
[machine.3]      2720500 can-rx receiver=3 id=0x0101 len=2
[machine.3]      2720500 can-rx receiver=3 id=0x0102 len=2
[machine.3]      2720500 can-tx sender=3 id=0x0200 len=8
[machine.3]      2720500 can-tx sender=3 id=0x0200 len=8
[machine.3]      2720500 can-tx sender=3 id=0x0200 len=8
[machine.3]      2720500 can-rx receiver=3 id=0x0500 len=7
[machine.3]      2730500 can-rx receiver=3 id=0x0101 len=2
[machine.3]      2730500 can-rx receiver=3 id=0x0102 len=2
[machine.3]      2730500 can-tx sender=3 id=0x0200 len=8
[machine.3]      2730500 can-tx sender=3 id=0x0200 len=8
[machine.3]      2730500 can-tx sender=3 id=0x0200 len=8
[machine.3]      2730500 can-rx receiver=3 id=0x0500 len=7
[machine.3]      2740500 can-rx receiver=3 id=0x0101 len=2
[machine.3]      2740500 can-rx receiver=3 id=0x0102 len=2
[machine.3]      2740500 can-tx sender=3 id=0x0200 len=8
[machine.3]      2740500 can-tx sender=3 id=0x0200 len=8
[machine.3]      2740500 can-tx sender=3 id=0x0200 len=8
[machine.3]      2740500 can-rx receiver=3 id=0x0500 len=7
[machine.3]      2750500 can-rx receiver=3 id=0x0101 len=2
[machine.3]      2750500 can-rx receiver=3 id=0x0102 len=2
[machine.3]      2750500 can-tx sender=3 id=0x0200 len=8
[machine.3]      2750500 can-tx sender=3 id=0x0200 len=8
[machine.3]      2750500 can-tx sender=3 id=0x0200 len=8
[machine.3]      2750500 can-tx sender=3 id=0x0201 len=2
[machine.3]      2750500 can-tx sender=3 id=0x0201 len=2
[machine.3]      2750500 can-tx sender=3 id=0x0201 len=2
[machine.3]      2750500 can-rx receiver=3 id=0x0500 len=7
[machine.3]      2760500 can-rx receiver=3 id=0x0101 len=2
[machine.3]      2760500 can-rx receiver=3 id=0x0102 len=2
[machine.3]      2760500 can-tx sender=3 id=0x0200 len=8
[machine.3]      2760500 can-tx sender=3 id=0x0200 len=8
[machine.3]      2760500 can-tx sender=3 id=0x0200 len=8
[machine.3]      2760500 can-rx receiver=3 id=0x0500 len=7
[machine.3]      2770500 can-rx receiver=3 id=0x0101 len=2
[machine.3]      2770500 can-rx receiver=3 id=0x0102 len=2
[machine.3]      2770500 can-tx sender=3 id=0x0200 len=8
[machine.3]      2770500 can-tx sender=3 id=0x0200 len=8
[machine.3]      2770500 can-tx sender=3 id=0x0200 len=8
[machine.3]      2770500 can-rx receiver=3 id=0x0500 len=7
[machine.3]      2780500 can-rx receiver=3 id=0x0101 len=2
[machine.3]      2780500 can-rx receiver=3 id=0x0102 len=2
[machine.3]      2780500 can-tx sender=3 id=0x0200 len=8
[machine.3]      2780500 can-tx sender=3 id=0x0200 len=8
[machine.3]      2780500 can-tx sender=3 id=0x0200 len=8
[machine.3]      2780500 can-rx receiver=3 id=0x0500 len=7
[machine.3]      2790500 can-rx receiver=3 id=0x0101 len=2
[machine.3]      2790500 can-rx receiver=3 id=0x0102 len=2
[machine.3]      2790500 can-tx sender=3 id=0x0200 len=8
[machine.3]      2790500 can-tx sender=3 id=0x0200 len=8
[machine.3]      2790500 can-tx sender=3 id=0x0200 len=8
[machine.3]      2790500 can-rx receiver=3 id=0x0500 len=7
[machine.3]      2800500 can-rx receiver=3 id=0x0001 len=5
[machine.3]      2800500 can-tx sender=3 id=0x0001 len=5
[machine.3]      2800500 can-tx sender=3 id=0x0001 len=5
[machine.3]      2800500 can-tx sender=3 id=0x0001 len=5
[machine.3]      2800500 can-rx receiver=3 id=0x0001 len=5
[machine.3]      2800500 can-rx receiver=3 id=0x0101 len=2
[machine.3]      2800500 can-rx receiver=3 id=0x0102 len=2
[machine.3]      2800500 can-tx sender=3 id=0x0200 len=8
[machine.3]      2800500 can-tx sender=3 id=0x0200 len=8
[machine.3]      2800500 can-tx sender=3 id=0x0200 len=8
[machine.3]      2800500 can-tx sender=3 id=0x0201 len=2
[machine.3]      2800500 can-tx sender=3 id=0x0201 len=2
[machine.3]      2800500 can-tx sender=3 id=0x0201 len=2
[machine.3]      2800500 can-rx receiver=3 id=0x0500 len=7
[machine.3]      2810500 can-rx receiver=3 id=0x0101 len=2
[machine.3]      2810500 can-rx receiver=3 id=0x0102 len=2
[machine.3]      2810500 can-tx sender=3 id=0x0200 len=8
[machine.3]      2810500 can-tx sender=3 id=0x0200 len=8
[machine.3]      2810500 can-tx sender=3 id=0x0200 len=8
[machine.3]      2810500 can-rx receiver=3 id=0x0500 len=7
[machine.3]      2820500 can-rx receiver=3 id=0x0101 len=2
[machine.3]      2820500 can-rx receiver=3 id=0x0102 len=2
[machine.3]      2820500 can-tx sender=3 id=0x0200 len=8
[machine.3]      2820500 can-tx sender=3 id=0x0200 len=8
[machine.3]      2820500 can-tx sender=3 id=0x0200 len=8
[machine.3]      2820500 can-rx receiver=3 id=0x0500 len=7
[machine.3]      2830500 can-rx receiver=3 id=0x0101 len=2
[machine.3]      2830500 can-rx receiver=3 id=0x0102 len=2
[machine.3]      2830500 can-tx sender=3 id=0x0200 len=8
[machine.3]      2830500 can-tx sender=3 id=0x0200 len=8
[machine.3]      2830500 can-tx sender=3 id=0x0200 len=8
[machine.3]      2830500 can-rx receiver=3 id=0x0500 len=7
[machine.3]      2840500 can-rx receiver=3 id=0x0101 len=2
[machine.3]      2840500 can-rx receiver=3 id=0x0102 len=2
[machine.3]      2840500 can-tx sender=3 id=0x0200 len=8
[machine.3]      2840500 can-tx sender=3 id=0x0200 len=8
[machine.3]      2840500 can-tx sender=3 id=0x0200 len=8
[machine.3]      2840500 can-rx receiver=3 id=0x0500 len=7
[machine.3]      2850500 can-rx receiver=3 id=0x0101 len=2
[machine.3]      2850500 can-rx receiver=3 id=0x0102 len=2
[machine.3]      2850500 can-tx sender=3 id=0x0200 len=8
[machine.3]      2850500 can-tx sender=3 id=0x0200 len=8
[machine.3]      2850500 can-tx sender=3 id=0x0200 len=8
[machine.3]      2850500 can-tx sender=3 id=0x0201 len=2
[machine.3]      2850500 can-tx sender=3 id=0x0201 len=2
[machine.3]      2850500 can-tx sender=3 id=0x0201 len=2
[machine.3]      2850500 can-rx receiver=3 id=0x0500 len=7
[machine.3]      2860500 can-rx receiver=3 id=0x0101 len=2
[machine.3]      2860500 can-rx receiver=3 id=0x0102 len=2
[machine.3]      2860500 can-tx sender=3 id=0x0200 len=8
[machine.3]      2860500 can-tx sender=3 id=0x0200 len=8
[machine.3]      2860500 can-tx sender=3 id=0x0200 len=8
[machine.3]      2860500 can-rx receiver=3 id=0x0500 len=7
[machine.3]      2870500 can-rx receiver=3 id=0x0101 len=2
[machine.3]      2870500 can-rx receiver=3 id=0x0102 len=2
[machine.3]      2870500 can-tx sender=3 id=0x0200 len=8
[machine.3]      2870500 can-tx sender=3 id=0x0200 len=8
[machine.3]      2870500 can-tx sender=3 id=0x0200 len=8
[machine.3]      2870500 can-rx receiver=3 id=0x0500 len=7
[machine.3]      2880500 can-rx receiver=3 id=0x0101 len=2
[machine.3]      2880500 can-rx receiver=3 id=0x0102 len=2
[machine.3]      2880500 can-tx sender=3 id=0x0200 len=8
[machine.3]      2880500 can-tx sender=3 id=0x0200 len=8
[machine.3]      2880500 can-tx sender=3 id=0x0200 len=8
[machine.3]      2880500 can-rx receiver=3 id=0x0500 len=7
[machine.3]      2890500 can-rx receiver=3 id=0x0101 len=2
[machine.3]      2890500 can-rx receiver=3 id=0x0102 len=2
[machine.3]      2890500 can-tx sender=3 id=0x0200 len=8
[machine.3]      2890500 can-tx sender=3 id=0x0200 len=8
[machine.3]      2890500 can-tx sender=3 id=0x0200 len=8
[machine.3]      2890500 can-rx receiver=3 id=0x0500 len=7
[machine.3]      2900500 can-rx receiver=3 id=0x0001 len=5
[machine.3]      2900500 can-tx sender=3 id=0x0001 len=5
[machine.3]      2900500 can-tx sender=3 id=0x0001 len=5
[machine.3]      2900500 can-tx sender=3 id=0x0001 len=5
[machine.3]      2900500 can-rx receiver=3 id=0x0001 len=5
[machine.3]      2900500 can-rx receiver=3 id=0x0101 len=2
[machine.3]      2900500 can-rx receiver=3 id=0x0102 len=2
[machine.3]      2900500 can-tx sender=3 id=0x0200 len=8
[machine.3]      2900500 can-tx sender=3 id=0x0200 len=8
[machine.3]      2900500 can-tx sender=3 id=0x0200 len=8
[machine.3]      2900500 can-tx sender=3 id=0x0201 len=2
[machine.3]      2900500 can-tx sender=3 id=0x0201 len=2
[machine.3]      2900500 can-tx sender=3 id=0x0201 len=2
[machine.3]      2900500 can-rx receiver=3 id=0x0500 len=7
[machine.3]      2910500 can-rx receiver=3 id=0x0101 len=2
[machine.3]      2910500 can-rx receiver=3 id=0x0102 len=2
[machine.3]      2910500 can-tx sender=3 id=0x0200 len=8
[machine.3]      2910500 can-tx sender=3 id=0x0200 len=8
[machine.3]      2910500 can-tx sender=3 id=0x0200 len=8
[machine.3]      2910500 can-rx receiver=3 id=0x0500 len=7
[machine.3]      2920500 can-rx receiver=3 id=0x0101 len=2
[machine.3]      2920500 can-rx receiver=3 id=0x0102 len=2
[machine.3]      2920500 can-tx sender=3 id=0x0200 len=8
[machine.3]      2920500 can-tx sender=3 id=0x0200 len=8
[machine.3]      2920500 can-tx sender=3 id=0x0200 len=8
[machine.3]      2920500 can-rx receiver=3 id=0x0500 len=7
[machine.3]      2930500 can-rx receiver=3 id=0x0101 len=2
[machine.3]      2930500 can-rx receiver=3 id=0x0102 len=2
[machine.3]      2930500 can-tx sender=3 id=0x0200 len=8
[machine.3]      2930500 can-tx sender=3 id=0x0200 len=8
[machine.3]      2930500 can-tx sender=3 id=0x0200 len=8
[machine.3]      2930500 can-rx receiver=3 id=0x0500 len=7
[machine.3]      2940500 can-rx receiver=3 id=0x0101 len=2
[machine.3]      2940500 can-rx receiver=3 id=0x0102 len=2
[machine.3]      2940500 can-tx sender=3 id=0x0200 len=8
[machine.3]      2940500 can-tx sender=3 id=0x0200 len=8
[machine.3]      2940500 can-tx sender=3 id=0x0200 len=8
[machine.3]      2940500 can-rx receiver=3 id=0x0500 len=7
[machine.3]      2950500 can-rx receiver=3 id=0x0101 len=2
[machine.3]      2950500 can-rx receiver=3 id=0x0102 len=2
[machine.3]      2950500 can-tx sender=3 id=0x0200 len=8
[machine.3]      2950500 can-tx sender=3 id=0x0200 len=8
[machine.3]      2950500 can-tx sender=3 id=0x0200 len=8
[machine.3]      2950500 can-tx sender=3 id=0x0201 len=2
[machine.3]      2950500 can-tx sender=3 id=0x0201 len=2
[machine.3]      2950500 can-tx sender=3 id=0x0201 len=2
[machine.3]      2950500 can-rx receiver=3 id=0x0500 len=7
[machine.3]      2960500 can-rx receiver=3 id=0x0101 len=2
[machine.3]      2960500 can-rx receiver=3 id=0x0102 len=2
[machine.3]      2960500 can-tx sender=3 id=0x0200 len=8
[machine.3]      2960500 can-tx sender=3 id=0x0200 len=8
[machine.3]      2960500 can-tx sender=3 id=0x0200 len=8
[machine.3]      2960500 can-rx receiver=3 id=0x0500 len=7
[machine.3]      2970500 can-rx receiver=3 id=0x0101 len=2
[machine.3]      2970500 can-rx receiver=3 id=0x0102 len=2
[machine.3]      2970500 can-tx sender=3 id=0x0200 len=8
[machine.3]      2970500 can-tx sender=3 id=0x0200 len=8
[machine.3]      2970500 can-tx sender=3 id=0x0200 len=8
[machine.3]      2970500 can-rx receiver=3 id=0x0500 len=7
[machine.3]      2980500 can-rx receiver=3 id=0x0101 len=2
[machine.3]      2980500 can-rx receiver=3 id=0x0102 len=2
[machine.3]      2980500 can-tx sender=3 id=0x0200 len=8
[machine.3]      2980500 can-tx sender=3 id=0x0200 len=8
[machine.3]      2980500 can-tx sender=3 id=0x0200 len=8
[machine.3]      2980500 can-rx receiver=3 id=0x0500 len=7
[machine.3]      2990500 can-rx receiver=3 id=0x0101 len=2
[machine.3]      2990500 can-rx receiver=3 id=0x0102 len=2
[machine.3]      2990500 can-tx sender=3 id=0x0200 len=8
[machine.3]      2990500 can-tx sender=3 id=0x0200 len=8
[machine.3]      2990500 can-tx sender=3 id=0x0200 len=8
[machine.3]      2990500 can-rx receiver=3 id=0x0500 len=7
[machine.3]            0 task-created id=1 name="bms"
[machine.3]            0 user-u32 "microcar_boot_bms" = 1
[machine.3]            0 user-u32 "microcar_tasks_created" = 1
[machine.3]            0 task-created id=2 name="IDLE"
[machine.3]            0 task-created id=3 name="Tmr Svc"
[machine.3]            0 task-resume id=3 reason=scheduler
[machine.3]            0 task-yield id=3 reason=RtosPortYield
[machine.3]            0 task-resume id=1 reason=scheduler
[machine.3]            0 task-created id=4 name="calibration"
[machine.3]            0 task-yield id=1 reason=RtosPortYield
[machine.3]            0 user-u32 "can_send" = 0
[machine.3]            0 user-u32 "calib_created" = 1
[machine.3]            0 task-resume id=4 reason=scheduler
[machine.3]            0 task-yield id=4 reason=RtosPortYield
[machine.3]            0 user-u32 "calib_start" = 1
[machine.3]            0 task-resume id=2 reason=scheduler
[machine.3]            0 task-yield id=2 reason=Idle
[machine.3]           10 task-resume id=1 reason=scheduler
[machine.3]           10 task-yield id=1 reason=RtosPortYield
[machine.3]           10 user-u32 "can_recv" = 0
[machine.3]           10 user-u32 "can_recv" = 0
[machine.3]           10 user-u32 "can_recv" = 0
[machine.3]           10 user-u32 "can_recv" = 0
[machine.3]           10 task-resume id=2 reason=scheduler
[machine.3]           10 task-yield id=2 reason=Idle
[machine.3]           20 task-resume id=1 reason=scheduler
[machine.3]           20 task-yield id=1 reason=RtosPortYield
[machine.3]           20 user-u32 "can_recv" = 0
[machine.3]           20 user-u32 "can_recv" = 0
[machine.3]           20 user-u32 "can_recv" = 0
[machine.3]           20 user-u32 "can_recv" = 0
[machine.3]           20 user-u32 "can_send" = 0
[machine.3]           20 user-u32 "can_recv" = 0
[machine.3]           20 task-resume id=2 reason=scheduler
[machine.3]           20 task-yield id=2 reason=Idle
[machine.3]           30 task-resume id=1 reason=scheduler
[machine.3]           30 task-yield id=1 reason=RtosPortYield
[machine.3]           30 user-u32 "can_recv" = 0
[machine.3]           30 user-u32 "can_recv" = 0
[machine.3]           30 user-u32 "can_recv" = 0
[machine.3]           30 user-u32 "can_send" = 0
[machine.3]           30 user-u32 "can_recv" = 0
[machine.3]           30 task-resume id=2 reason=scheduler
[machine.3]           30 task-yield id=2 reason=Idle
[machine.3]           40 task-resume id=1 reason=scheduler
[machine.3]           40 task-yield id=1 reason=RtosPortYield
[machine.3]           40 user-u32 "can_recv" = 0
[machine.3]           40 user-u32 "can_recv" = 0
[machine.3]           40 user-u32 "can_recv" = 0
[machine.3]           40 user-u32 "can_send" = 0
[machine.3]           40 user-u32 "can_recv" = 0
[machine.3]           40 task-resume id=2 reason=scheduler
[machine.3]           40 task-yield id=2 reason=Idle
[machine.3]           50 task-resume id=4 reason=scheduler
[machine.3]           50 task-yield id=4 reason=RtosPortYield
[machine.3]           50 user-u32 "calib_step" = 1
[machine.3]           50 task-resume id=1 reason=scheduler
[machine.3]           50 task-yield id=1 reason=RtosPortYield
[machine.3]           50 user-u32 "can_recv" = 0
[machine.3]           50 user-u32 "can_recv" = 0
[machine.3]           50 user-u32 "can_recv" = 0
[machine.3]           50 user-u32 "can_send" = 0
[machine.3]           50 user-u32 "can_recv" = 0
[machine.3]           50 user-u32 "can_send" = 0
[machine.3]           50 task-resume id=2 reason=scheduler
[machine.3]           50 task-yield id=2 reason=Idle
[machine.3]           60 task-resume id=1 reason=scheduler
[machine.3]           60 task-yield id=1 reason=RtosPortYield
[machine.3]           60 user-u32 "can_recv" = 0
[machine.3]           60 user-u32 "can_recv" = 0
[machine.3]           60 user-u32 "can_recv" = 0
[machine.3]           60 user-u32 "can_recv" = 0
[machine.3]           60 user-u32 "can_send" = 0
[machine.3]           60 user-u32 "can_recv" = 0
[machine.3]           60 task-resume id=2 reason=scheduler
[machine.3]           60 task-yield id=2 reason=Idle
[machine.3]           70 task-resume id=1 reason=scheduler
[machine.3]           70 task-yield id=1 reason=RtosPortYield
[machine.3]           70 user-u32 "can_recv" = 0
[machine.3]           70 user-u32 "can_recv" = 0
[machine.3]           70 user-u32 "can_recv" = 0
[machine.3]           70 user-u32 "can_send" = 0
[machine.3]           70 user-u32 "can_recv" = 0
[machine.3]           70 task-resume id=2 reason=scheduler
[machine.3]           70 task-yield id=2 reason=Idle
[machine.3]           80 task-resume id=1 reason=scheduler
[machine.3]           80 task-yield id=1 reason=RtosPortYield
[machine.3]           80 user-u32 "can_recv" = 0
[machine.3]           80 user-u32 "can_recv" = 0
[machine.3]           80 user-u32 "can_recv" = 0
[machine.3]           80 user-u32 "can_send" = 0
[machine.3]           80 user-u32 "can_recv" = 0
[machine.3]           80 task-resume id=2 reason=scheduler
[machine.3]           80 task-yield id=2 reason=Idle
[machine.3]           90 task-resume id=1 reason=scheduler
[machine.3]           90 task-yield id=1 reason=RtosPortYield
[machine.3]           90 user-u32 "can_recv" = 0
[machine.3]           90 user-u32 "can_recv" = 0
[machine.3]           90 user-u32 "can_recv" = 0
[machine.3]           90 user-u32 "can_send" = 0
[machine.3]           90 user-u32 "can_recv" = 0
[machine.3]           90 task-resume id=2 reason=scheduler
[machine.3]           90 task-yield id=2 reason=Idle
[machine.3]          100 task-resume id=4 reason=scheduler
[machine.3]          100 task-yield id=4 reason=RtosPortYield
[machine.3]          100 user-u32 "calib_step" = 2
[machine.3]          100 task-resume id=1 reason=scheduler
[machine.3]          100 task-yield id=1 reason=RtosPortYield
[machine.3]          100 user-u32 "can_recv" = 0
[machine.3]          100 user-u32 "can_recv" = 0
[machine.3]          100 user-u32 "can_recv" = 0
[machine.3]          100 user-u32 "can_send" = 0
[machine.3]          100 user-u32 "can_recv" = 0
[machine.3]          100 user-u32 "can_send" = 0
[machine.3]          100 user-u32 "can_send" = 0
[machine.3]          100 task-resume id=2 reason=scheduler
[machine.3]          100 task-yield id=2 reason=Idle
[machine.3]          110 task-resume id=1 reason=scheduler
[machine.3]          110 task-yield id=1 reason=RtosPortYield
[machine.3]          110 user-u32 "can_recv" = 0
[machine.3]          110 user-u32 "can_recv" = 0
[machine.3]          110 user-u32 "can_recv" = 0
[machine.3]          110 user-u32 "can_recv" = 0
[machine.3]          110 user-u32 "can_recv" = 0
[machine.3]          110 user-u32 "can_recv" = 0
[machine.3]          110 user-u32 "can_recv" = 0
[machine.3]          110 user-u32 "can_send" = 0
[machine.3]          110 user-u32 "can_recv" = 0
[machine.3]          110 task-resume id=2 reason=scheduler
[machine.3]          110 task-yield id=2 reason=Idle
[machine.3]          120 task-resume id=1 reason=scheduler
[machine.3]          120 task-yield id=1 reason=RtosPortYield
[machine.3]          120 user-u32 "can_recv" = 0
[machine.3]          120 user-u32 "can_recv" = 0
[machine.3]          120 user-u32 "can_recv" = 0
[machine.3]          120 user-u32 "can_send" = 0
[machine.3]          120 user-u32 "can_recv" = 0
[machine.3]          120 task-resume id=2 reason=scheduler
[machine.3]          120 task-yield id=2 reason=Idle
[machine.3]          130 task-resume id=1 reason=scheduler
[machine.3]          130 task-yield id=1 reason=RtosPortYield
[machine.3]          130 user-u32 "can_recv" = 0
[machine.3]          130 user-u32 "can_recv" = 0
[machine.3]          130 user-u32 "can_recv" = 0
[machine.3]          130 user-u32 "can_send" = 0
[machine.3]          130 user-u32 "can_recv" = 0
[machine.3]          130 task-resume id=2 reason=scheduler
[machine.3]          130 task-yield id=2 reason=Idle
[machine.3]          140 task-resume id=1 reason=scheduler
[machine.3]          140 task-yield id=1 reason=RtosPortYield
[machine.3]          140 user-u32 "can_recv" = 0
[machine.3]          140 user-u32 "can_recv" = 0
[machine.3]          140 user-u32 "can_recv" = 0
[machine.3]          140 user-u32 "can_send" = 0
[machine.3]          140 user-u32 "can_recv" = 0
[machine.3]          140 task-resume id=2 reason=scheduler
[machine.3]          140 task-yield id=2 reason=Idle
[machine.3]          150 task-resume id=4 reason=scheduler
[machine.3]          150 task-yield id=4 reason=RtosPortYield
[machine.3]          150 user-u32 "calib_step" = 3
[machine.3]          150 user-u32 "calib_done" = 150
[machine.3]          150 task-resume id=1 reason=scheduler
[machine.3]          150 task-yield id=1 reason=RtosPortYield
[machine.3]          150 user-u32 "can_recv" = 0
[machine.3]          150 user-u32 "can_recv" = 0
[machine.3]          150 user-u32 "can_recv" = 0
[machine.3]          150 user-u32 "can_send" = 0
[machine.3]          150 user-u32 "can_recv" = 0
[machine.3]          150 user-u32 "can_send" = 0
[machine.3]          150 task-resume id=2 reason=scheduler
[machine.3]          150 task-yield id=2 reason=Idle
[machine.3]          160 task-resume id=1 reason=scheduler
[machine.3]          160 task-yield id=1 reason=RtosPortYield
[machine.3]          160 user-u32 "can_recv" = 0
[machine.3]          160 user-u32 "can_recv" = 0
[machine.3]          160 user-u32 "can_recv" = 0
[machine.3]          160 user-u32 "can_recv" = 0
[machine.3]          160 user-u32 "can_send" = 0
[machine.3]          160 user-u32 "can_recv" = 0
[machine.3]          160 task-resume id=2 reason=scheduler
[machine.3]          160 task-yield id=2 reason=Idle
[machine.3]          170 task-resume id=1 reason=scheduler
[machine.3]          170 task-yield id=1 reason=RtosPortYield
[machine.3]          170 user-u32 "can_recv" = 0
[machine.3]          170 user-u32 "can_recv" = 0
[machine.3]          170 user-u32 "can_recv" = 0
[machine.3]          170 user-u32 "can_send" = 0
[machine.3]          170 user-u32 "can_recv" = 0
[machine.3]          170 task-resume id=2 reason=scheduler
[machine.3]          170 task-yield id=2 reason=Idle
[machine.3]          180 task-resume id=1 reason=scheduler
[machine.3]          180 task-yield id=1 reason=RtosPortYield
[machine.3]          180 user-u32 "can_recv" = 0
[machine.3]          180 user-u32 "can_recv" = 0
[machine.3]          180 user-u32 "can_recv" = 0
[machine.3]          180 user-u32 "can_send" = 0
[machine.3]          180 user-u32 "can_recv" = 0
[machine.3]          180 task-resume id=2 reason=scheduler
[machine.3]          180 task-yield id=2 reason=Idle
[machine.3]          190 task-resume id=1 reason=scheduler
[machine.3]          190 task-yield id=1 reason=RtosPortYield
[machine.3]          190 user-u32 "can_recv" = 0
[machine.3]          190 user-u32 "can_recv" = 0
[machine.3]          190 user-u32 "can_recv" = 0
[machine.3]          190 user-u32 "can_send" = 0
[machine.3]          190 user-u32 "can_recv" = 0
[machine.3]          190 task-resume id=2 reason=scheduler
[machine.3]          190 task-yield id=2 reason=Idle
[machine.3]          200 task-resume id=1 reason=scheduler
[machine.3]          200 task-yield id=1 reason=RtosPortYield
[machine.3]          200 user-u32 "can_recv" = 0
[machine.3]          200 user-u32 "can_recv" = 0
[machine.3]          200 user-u32 "can_recv" = 0
[machine.3]          200 user-u32 "can_send" = 0
[machine.3]          200 user-u32 "can_recv" = 0
[machine.3]          200 user-u32 "can_send" = 0
[machine.3]          200 user-u32 "can_send" = 0
[machine.3]          200 task-resume id=2 reason=scheduler
[machine.3]          200 task-yield id=2 reason=Idle
[machine.3]          210 task-resume id=1 reason=scheduler
[machine.3]          210 task-yield id=1 reason=RtosPortYield
[machine.3]          210 user-u32 "can_recv" = 0
[machine.3]          210 user-u32 "can_recv" = 0
[machine.3]          210 user-u32 "can_recv" = 0
[machine.3]          210 user-u32 "can_recv" = 0
[machine.3]          210 user-u32 "can_recv" = 0
[machine.3]          210 user-u32 "can_recv" = 0
[machine.3]          210 user-u32 "can_recv" = 0
[machine.3]          210 user-u32 "can_send" = 0
[machine.3]          210 user-u32 "can_recv" = 0
[machine.3]          210 task-resume id=2 reason=scheduler
[machine.3]          210 task-yield id=2 reason=Idle
[machine.3]          220 task-resume id=1 reason=scheduler
[machine.3]          220 task-yield id=1 reason=RtosPortYield
[machine.3]          220 user-u32 "can_recv" = 0
[machine.3]          220 user-u32 "can_recv" = 0
[machine.3]          220 user-u32 "can_recv" = 0
[machine.3]          220 user-u32 "can_send" = 0
[machine.3]          220 user-u32 "can_recv" = 0
[machine.3]          220 task-resume id=2 reason=scheduler
[machine.3]          220 task-yield id=2 reason=Idle
[machine.3]          230 task-resume id=1 reason=scheduler
[machine.3]          230 task-yield id=1 reason=RtosPortYield
[machine.3]          230 user-u32 "can_recv" = 0
[machine.3]          230 user-u32 "can_recv" = 0
[machine.3]          230 user-u32 "can_recv" = 0
[machine.3]          230 user-u32 "can_send" = 0
[machine.3]          230 user-u32 "can_recv" = 0
[machine.3]          230 task-resume id=2 reason=scheduler
[machine.3]          230 task-yield id=2 reason=Idle
[machine.3]          240 task-resume id=1 reason=scheduler
[machine.3]          240 task-yield id=1 reason=RtosPortYield
[machine.3]          240 user-u32 "can_recv" = 0
[machine.3]          240 user-u32 "can_recv" = 0
[machine.3]          240 user-u32 "can_recv" = 0
[machine.3]          240 user-u32 "can_send" = 0
[machine.3]          240 user-u32 "can_recv" = 0
[machine.3]          240 task-resume id=2 reason=scheduler
[machine.3]          240 task-yield id=2 reason=Idle
[machine.3]          250 task-resume id=1 reason=scheduler
[machine.3]          250 task-yield id=1 reason=RtosPortYield
[machine.3]          250 user-u32 "can_recv" = 0
[machine.3]          250 user-u32 "can_recv" = 0
[machine.3]          250 user-u32 "can_recv" = 0
[machine.3]          250 user-u32 "can_send" = 0
[machine.3]          250 user-u32 "can_recv" = 0
[machine.3]          250 user-u32 "can_send" = 0
[machine.3]          250 task-resume id=2 reason=scheduler
[machine.3]          250 task-yield id=2 reason=Idle
[machine.3]          260 task-resume id=1 reason=scheduler
[machine.3]          260 task-yield id=1 reason=RtosPortYield
[machine.3]          260 user-u32 "can_recv" = 0
[machine.3]          260 user-u32 "can_recv" = 0
[machine.3]          260 user-u32 "can_recv" = 0
[machine.3]          260 user-u32 "can_recv" = 0
[machine.3]          260 user-u32 "can_send" = 0
[machine.3]          260 user-u32 "can_recv" = 0
[machine.3]          260 task-resume id=2 reason=scheduler
[machine.3]          260 task-yield id=2 reason=Idle
[machine.3]          270 task-resume id=1 reason=scheduler
[machine.3]          270 task-yield id=1 reason=RtosPortYield
[machine.3]          270 user-u32 "can_recv" = 0
[machine.3]          270 user-u32 "can_recv" = 0
[machine.3]          270 user-u32 "can_recv" = 0
[machine.3]          270 user-u32 "can_send" = 0
[machine.3]          270 user-u32 "can_recv" = 0
[machine.3]          270 task-resume id=2 reason=scheduler
[machine.3]          270 task-yield id=2 reason=Idle
[machine.3]          280 task-resume id=1 reason=scheduler
[machine.3]          280 task-yield id=1 reason=RtosPortYield
[machine.3]          280 user-u32 "can_recv" = 0
[machine.3]          280 user-u32 "can_recv" = 0
[machine.3]          280 user-u32 "can_recv" = 0
[machine.3]          280 user-u32 "can_send" = 0
[machine.3]          280 user-u32 "can_recv" = 0
[machine.3]          280 task-resume id=2 reason=scheduler
[machine.3]          280 task-yield id=2 reason=Idle
[machine.3]          290 task-resume id=1 reason=scheduler
[machine.3]          290 task-yield id=1 reason=RtosPortYield
[machine.3]          290 user-u32 "can_recv" = 0
[machine.3]          290 user-u32 "can_recv" = 0
[machine.3]          290 user-u32 "can_recv" = 0
[machine.3]          290 user-u32 "can_send" = 0
[machine.3]          290 user-u32 "can_recv" = 0
[machine.3]          290 task-resume id=2 reason=scheduler
[machine.3]          290 task-yield id=2 reason=Idle
[machine.3]          300 task-resume id=1 reason=scheduler
[machine.3]          300 task-yield id=1 reason=RtosPortYield
[machine.3]          300 user-u32 "can_recv" = 0
[machine.3]          300 user-u32 "can_recv" = 0
[machine.3]          300 user-u32 "can_recv" = 0
[machine.3]          300 user-u32 "can_send" = 0
[machine.3]          300 user-u32 "can_recv" = 0
[machine.3]          300 user-u32 "can_send" = 0
[machine.3]          300 user-u32 "can_send" = 0
[machine.3]          300 task-resume id=2 reason=scheduler
[machine.3]          300 task-yield id=2 reason=Idle
[machine.3]          310 task-resume id=1 reason=scheduler
[machine.3]          310 task-yield id=1 reason=RtosPortYield
[machine.3]          310 user-u32 "can_recv" = 0
[machine.3]          310 user-u32 "can_recv" = 0
[machine.3]          310 user-u32 "can_recv" = 0
[machine.3]          310 user-u32 "can_recv" = 0
[machine.3]          310 user-u32 "can_recv" = 0
[machine.3]          310 user-u32 "can_recv" = 0
[machine.3]          310 user-u32 "can_recv" = 0
[machine.3]          310 user-u32 "can_send" = 0
[machine.3]          310 user-u32 "can_recv" = 0
[machine.3]          310 task-resume id=2 reason=scheduler
[machine.3]          310 task-yield id=2 reason=Idle
[machine.3]          320 task-resume id=1 reason=scheduler
[machine.3]          320 task-yield id=1 reason=RtosPortYield
[machine.3]          320 user-u32 "can_recv" = 0
[machine.3]          320 user-u32 "can_recv" = 0
[machine.3]          320 user-u32 "can_recv" = 0
[machine.3]          320 user-u32 "can_send" = 0
[machine.3]          320 user-u32 "can_recv" = 0
[machine.3]          320 task-resume id=2 reason=scheduler
[machine.3]          320 task-yield id=2 reason=Idle
[machine.3]          330 task-resume id=1 reason=scheduler
[machine.3]          330 task-yield id=1 reason=RtosPortYield
[machine.3]          330 user-u32 "can_recv" = 0
[machine.3]          330 user-u32 "can_recv" = 0
[machine.3]          330 user-u32 "can_recv" = 0
[machine.3]          330 user-u32 "can_send" = 0
[machine.3]          330 user-u32 "can_recv" = 0
[machine.3]          330 task-resume id=2 reason=scheduler
[machine.3]          330 task-yield id=2 reason=Idle
[machine.3]          340 task-resume id=1 reason=scheduler
[machine.3]          340 task-yield id=1 reason=RtosPortYield
[machine.3]          340 user-u32 "can_recv" = 0
[machine.3]          340 user-u32 "can_recv" = 0
[machine.3]          340 user-u32 "can_recv" = 0
[machine.3]          340 user-u32 "can_send" = 0
[machine.3]          340 user-u32 "can_recv" = 0
[machine.3]          340 task-resume id=2 reason=scheduler
[machine.3]          340 task-yield id=2 reason=Idle
[machine.3]          350 task-resume id=1 reason=scheduler
[machine.3]          350 task-yield id=1 reason=RtosPortYield
[machine.3]          350 user-u32 "can_recv" = 0
[machine.3]          350 user-u32 "can_recv" = 0
[machine.3]          350 user-u32 "can_recv" = 0
[machine.3]          350 user-u32 "can_send" = 0
[machine.3]          350 user-u32 "can_recv" = 0
[machine.3]          350 user-u32 "can_send" = 0
[machine.3]          350 task-resume id=2 reason=scheduler
[machine.3]          350 task-yield id=2 reason=Idle
[machine.3]          360 task-resume id=1 reason=scheduler
[machine.3]          360 task-yield id=1 reason=RtosPortYield
[machine.3]          360 user-u32 "can_recv" = 0
[machine.3]          360 user-u32 "can_recv" = 0
[machine.3]          360 user-u32 "can_recv" = 0
[machine.3]          360 user-u32 "can_recv" = 0
[machine.3]          360 user-u32 "can_send" = 0
[machine.3]          360 user-u32 "can_recv" = 0
[machine.3]          360 task-resume id=2 reason=scheduler
[machine.3]          360 task-yield id=2 reason=Idle
[machine.3]          370 task-resume id=1 reason=scheduler
[machine.3]          370 task-yield id=1 reason=RtosPortYield
[machine.3]          370 user-u32 "can_recv" = 0
[machine.3]          370 user-u32 "can_recv" = 0
[machine.3]          370 user-u32 "can_recv" = 0
[machine.3]          370 user-u32 "can_send" = 0
[machine.3]          370 user-u32 "can_recv" = 0
[machine.3]          370 task-resume id=2 reason=scheduler
[machine.3]          370 task-yield id=2 reason=Idle
[machine.3]          380 task-resume id=1 reason=scheduler
[machine.3]          380 task-yield id=1 reason=RtosPortYield
[machine.3]          380 user-u32 "can_recv" = 0
[machine.3]          380 user-u32 "can_recv" = 0
[machine.3]          380 user-u32 "can_recv" = 0
[machine.3]          380 user-u32 "can_send" = 0
[machine.3]          380 user-u32 "can_recv" = 0
[machine.3]          380 task-resume id=2 reason=scheduler
[machine.3]          380 task-yield id=2 reason=Idle
[machine.3]          390 task-resume id=1 reason=scheduler
[machine.3]          390 task-yield id=1 reason=RtosPortYield
[machine.3]          390 user-u32 "can_recv" = 0
[machine.3]          390 user-u32 "can_recv" = 0
[machine.3]          390 user-u32 "can_recv" = 0
[machine.3]          390 user-u32 "can_send" = 0
[machine.3]          390 user-u32 "can_recv" = 0
[machine.3]          390 task-resume id=2 reason=scheduler
[machine.3]          390 task-yield id=2 reason=Idle
[machine.3]          400 task-resume id=1 reason=scheduler
[machine.3]          400 task-yield id=1 reason=RtosPortYield
[machine.3]          400 user-u32 "can_recv" = 0
[machine.3]          400 user-u32 "can_recv" = 0
[machine.3]          400 user-u32 "can_recv" = 0
[machine.3]          400 user-u32 "can_send" = 0
[machine.3]          400 user-u32 "can_recv" = 0
[machine.3]          400 user-u32 "can_send" = 0
[machine.3]          400 user-u32 "can_send" = 0
[machine.3]          400 task-resume id=2 reason=scheduler
[machine.3]          400 task-yield id=2 reason=Idle
[machine.3]          410 task-resume id=1 reason=scheduler
[machine.3]          410 task-yield id=1 reason=RtosPortYield
[machine.3]          410 user-u32 "can_recv" = 0
[machine.3]          410 user-u32 "can_recv" = 0
[machine.3]          410 user-u32 "can_recv" = 0
[machine.3]          410 user-u32 "can_recv" = 0
[machine.3]          410 user-u32 "can_recv" = 0
[machine.3]          410 user-u32 "can_recv" = 0
[machine.3]          410 user-u32 "can_recv" = 0
[machine.3]          410 user-u32 "can_send" = 0
[machine.3]          410 user-u32 "can_recv" = 0
[machine.3]          410 task-resume id=2 reason=scheduler
[machine.3]          410 task-yield id=2 reason=Idle
[machine.3]          420 task-resume id=1 reason=scheduler
[machine.3]          420 task-yield id=1 reason=RtosPortYield
[machine.3]          420 user-u32 "can_recv" = 0
[machine.3]          420 user-u32 "can_recv" = 0
[machine.3]          420 user-u32 "can_recv" = 0
[machine.3]          420 user-u32 "can_send" = 0
[machine.3]          420 user-u32 "can_recv" = 0
[machine.3]          420 task-resume id=2 reason=scheduler
[machine.3]          420 task-yield id=2 reason=Idle
[machine.3]          430 task-resume id=1 reason=scheduler
[machine.3]          430 task-yield id=1 reason=RtosPortYield
[machine.3]          430 user-u32 "can_recv" = 0
[machine.3]          430 user-u32 "can_recv" = 0
[machine.3]          430 user-u32 "can_recv" = 0
[machine.3]          430 user-u32 "can_send" = 0
[machine.3]          430 user-u32 "can_recv" = 0
[machine.3]          430 task-resume id=2 reason=scheduler
[machine.3]          430 task-yield id=2 reason=Idle
[machine.3]          440 task-resume id=1 reason=scheduler
[machine.3]          440 task-yield id=1 reason=RtosPortYield
[machine.3]          440 user-u32 "can_recv" = 0
[machine.3]          440 user-u32 "can_recv" = 0
[machine.3]          440 user-u32 "can_recv" = 0
[machine.3]          440 user-u32 "can_send" = 0
[machine.3]          440 user-u32 "can_recv" = 0
[machine.3]          440 task-resume id=2 reason=scheduler
[machine.3]          440 task-yield id=2 reason=Idle
[machine.3]          450 task-resume id=1 reason=scheduler
[machine.3]          450 task-yield id=1 reason=RtosPortYield
[machine.3]          450 user-u32 "can_recv" = 0
[machine.3]          450 user-u32 "can_recv" = 0
[machine.3]          450 user-u32 "can_recv" = 0
[machine.3]          450 user-u32 "can_send" = 0
[machine.3]          450 user-u32 "can_recv" = 0
[machine.3]          450 user-u32 "can_send" = 0
[machine.3]          450 task-resume id=2 reason=scheduler
[machine.3]          450 task-yield id=2 reason=Idle
[machine.3]          460 task-resume id=1 reason=scheduler
[machine.3]          460 task-yield id=1 reason=RtosPortYield
[machine.3]          460 user-u32 "can_recv" = 0
[machine.3]          460 user-u32 "can_recv" = 0
[machine.3]          460 user-u32 "can_recv" = 0
[machine.3]          460 user-u32 "can_recv" = 0
[machine.3]          460 user-u32 "can_send" = 0
[machine.3]          460 user-u32 "can_recv" = 0
[machine.3]          460 task-resume id=2 reason=scheduler
[machine.3]          460 task-yield id=2 reason=Idle
[machine.3]          470 task-resume id=1 reason=scheduler
[machine.3]          470 task-yield id=1 reason=RtosPortYield
[machine.3]          470 user-u32 "can_recv" = 0
[machine.3]          470 user-u32 "can_recv" = 0
[machine.3]          470 user-u32 "can_recv" = 0
[machine.3]          470 user-u32 "can_send" = 0
[machine.3]          470 user-u32 "can_recv" = 0
[machine.3]          470 task-resume id=2 reason=scheduler
[machine.3]          470 task-yield id=2 reason=Idle
[machine.3]          480 task-resume id=1 reason=scheduler
[machine.3]          480 task-yield id=1 reason=RtosPortYield
[machine.3]          480 user-u32 "can_recv" = 0
[machine.3]          480 user-u32 "can_recv" = 0
[machine.3]          480 user-u32 "can_recv" = 0
[machine.3]          480 user-u32 "can_send" = 0
[machine.3]          480 user-u32 "can_recv" = 0
[machine.3]          480 task-resume id=2 reason=scheduler
[machine.3]          480 task-yield id=2 reason=Idle
[machine.3]          490 task-resume id=1 reason=scheduler
[machine.3]          490 task-yield id=1 reason=RtosPortYield
[machine.3]          490 user-u32 "can_recv" = 0
[machine.3]          490 user-u32 "can_recv" = 0
[machine.3]          490 user-u32 "can_recv" = 0
[machine.3]          490 user-u32 "can_send" = 0
[machine.3]          490 user-u32 "can_recv" = 0
[machine.3]          490 task-resume id=2 reason=scheduler
[machine.3]          490 task-yield id=2 reason=Idle
[machine.3]          500 task-resume id=1 reason=scheduler
[machine.3]          500 task-yield id=1 reason=RtosPortYield
[machine.3]          500 user-u32 "can_recv" = 0
[machine.3]          500 user-u32 "can_recv" = 0
[machine.3]          500 user-u32 "can_recv" = 0
[machine.3]          500 user-u32 "can_send" = 0
[machine.3]          500 user-u32 "can_recv" = 0
[machine.3]          500 user-u32 "can_send" = 0
[machine.3]          500 user-u32 "can_send" = 0
[machine.3]          500 task-resume id=2 reason=scheduler
[machine.3]          500 task-yield id=2 reason=Idle
[machine.3]          510 task-resume id=1 reason=scheduler
[machine.3]          510 task-yield id=1 reason=RtosPortYield
[machine.3]          510 user-u32 "can_recv" = 0
[machine.3]          510 user-u32 "can_recv" = 0
[machine.3]          510 user-u32 "can_recv" = 0
[machine.3]          510 user-u32 "can_recv" = 0
[machine.3]          510 user-u32 "can_recv" = 0
[machine.3]          510 user-u32 "can_recv" = 0
[machine.3]          510 user-u32 "can_recv" = 0
[machine.3]          510 user-u32 "can_send" = 0
[machine.3]          510 user-u32 "can_recv" = 0
[machine.3]          510 task-resume id=2 reason=scheduler
[machine.3]          510 task-yield id=2 reason=Idle
[machine.3]          520 task-resume id=1 reason=scheduler
[machine.3]          520 task-yield id=1 reason=RtosPortYield
[machine.3]          520 user-u32 "can_recv" = 0
[machine.3]          520 user-u32 "can_recv" = 0
[machine.3]          520 user-u32 "can_recv" = 0
[machine.3]          520 user-u32 "can_send" = 0
[machine.3]          520 user-u32 "can_recv" = 0
[machine.3]          520 task-resume id=2 reason=scheduler
[machine.3]          520 task-yield id=2 reason=Idle
[machine.3]          530 task-resume id=1 reason=scheduler
[machine.3]          530 task-yield id=1 reason=RtosPortYield
[machine.3]          530 user-u32 "can_recv" = 0
[machine.3]          530 user-u32 "can_recv" = 0
[machine.3]          530 user-u32 "can_recv" = 0
[machine.3]          530 user-u32 "can_send" = 0
[machine.3]          530 user-u32 "can_recv" = 0
[machine.3]          530 task-resume id=2 reason=scheduler
[machine.3]          530 task-yield id=2 reason=Idle
[machine.3]          540 task-resume id=1 reason=scheduler
[machine.3]          540 task-yield id=1 reason=RtosPortYield
[machine.3]          540 user-u32 "can_recv" = 0
[machine.3]          540 user-u32 "can_recv" = 0
[machine.3]          540 user-u32 "can_recv" = 0
[machine.3]          540 user-u32 "can_send" = 0
[machine.3]          540 user-u32 "can_recv" = 0
[machine.3]          540 task-resume id=2 reason=scheduler
[machine.3]          540 task-yield id=2 reason=Idle
[machine.3]          550 task-resume id=1 reason=scheduler
[machine.3]          550 task-yield id=1 reason=RtosPortYield
[machine.3]          550 user-u32 "can_recv" = 0
[machine.3]          550 user-u32 "can_recv" = 0
[machine.3]          550 user-u32 "can_recv" = 0
[machine.3]          550 user-u32 "can_send" = 0
[machine.3]          550 user-u32 "can_recv" = 0
[machine.3]          550 user-u32 "can_send" = 0
[machine.3]          550 task-resume id=2 reason=scheduler
[machine.3]          550 task-yield id=2 reason=Idle
[machine.3]          560 task-resume id=1 reason=scheduler
[machine.3]          560 task-yield id=1 reason=RtosPortYield
[machine.3]          560 user-u32 "can_recv" = 0
[machine.3]          560 user-u32 "can_recv" = 0
[machine.3]          560 user-u32 "can_recv" = 0
[machine.3]          560 user-u32 "can_recv" = 0
[machine.3]          560 user-u32 "can_send" = 0
[machine.3]          560 user-u32 "can_recv" = 0
[machine.3]          560 task-resume id=2 reason=scheduler
[machine.3]          560 task-yield id=2 reason=Idle
[machine.3]          570 task-resume id=1 reason=scheduler
[machine.3]          570 task-yield id=1 reason=RtosPortYield
[machine.3]          570 user-u32 "can_recv" = 0
[machine.3]          570 user-u32 "can_recv" = 0
[machine.3]          570 user-u32 "can_recv" = 0
[machine.3]          570 user-u32 "can_send" = 0
[machine.3]          570 user-u32 "can_recv" = 0
[machine.3]          570 task-resume id=2 reason=scheduler
[machine.3]          570 task-yield id=2 reason=Idle
[machine.3]          580 task-resume id=1 reason=scheduler
[machine.3]          580 task-yield id=1 reason=RtosPortYield
[machine.3]          580 user-u32 "can_recv" = 0
[machine.3]          580 user-u32 "can_recv" = 0
[machine.3]          580 user-u32 "can_recv" = 0
[machine.3]          580 user-u32 "can_send" = 0
[machine.3]          580 user-u32 "can_recv" = 0
[machine.3]          580 task-resume id=2 reason=scheduler
[machine.3]          580 task-yield id=2 reason=Idle
[machine.3]          590 task-resume id=1 reason=scheduler
[machine.3]          590 task-yield id=1 reason=RtosPortYield
[machine.3]          590 user-u32 "can_recv" = 0
[machine.3]          590 user-u32 "can_recv" = 0
[machine.3]          590 user-u32 "can_recv" = 0
[machine.3]          590 user-u32 "can_send" = 0
[machine.3]          590 user-u32 "can_recv" = 0
[machine.3]          590 task-resume id=2 reason=scheduler
[machine.3]          590 task-yield id=2 reason=Idle
[machine.3]          600 task-resume id=1 reason=scheduler
[machine.3]          600 task-yield id=1 reason=RtosPortYield
[machine.3]          600 user-u32 "can_recv" = 0
[machine.3]          600 user-u32 "can_recv" = 0
[machine.3]          600 user-u32 "can_recv" = 0
[machine.3]          600 user-u32 "can_send" = 0
[machine.3]          600 user-u32 "can_recv" = 0
[machine.3]          600 user-u32 "can_send" = 0
[machine.3]          600 user-u32 "can_send" = 0
[machine.3]          600 task-resume id=2 reason=scheduler
[machine.3]          600 task-yield id=2 reason=Idle
[machine.3]          610 task-resume id=1 reason=scheduler
[machine.3]          610 task-yield id=1 reason=RtosPortYield
[machine.3]          610 user-u32 "can_recv" = 0
[machine.3]          610 user-u32 "can_recv" = 0
[machine.3]          610 user-u32 "can_recv" = 0
[machine.3]          610 user-u32 "can_recv" = 0
[machine.3]          610 user-u32 "can_recv" = 0
[machine.3]          610 user-u32 "can_recv" = 0
[machine.3]          610 user-u32 "can_recv" = 0
[machine.3]          610 user-u32 "can_send" = 0
[machine.3]          610 user-u32 "can_recv" = 0
[machine.3]          610 task-resume id=2 reason=scheduler
[machine.3]          610 task-yield id=2 reason=Idle
[machine.3]          620 task-resume id=1 reason=scheduler
[machine.3]          620 task-yield id=1 reason=RtosPortYield
[machine.3]          620 user-u32 "can_recv" = 0
[machine.3]          620 user-u32 "can_recv" = 0
[machine.3]          620 user-u32 "can_recv" = 0
[machine.3]          620 user-u32 "can_send" = 0
[machine.3]          620 user-u32 "can_recv" = 0
[machine.3]          620 task-resume id=2 reason=scheduler
[machine.3]          620 task-yield id=2 reason=Idle
[machine.3]          630 task-resume id=1 reason=scheduler
[machine.3]          630 task-yield id=1 reason=RtosPortYield
[machine.3]          630 user-u32 "can_recv" = 0
[machine.3]          630 user-u32 "can_recv" = 0
[machine.3]          630 user-u32 "can_recv" = 0
[machine.3]          630 user-u32 "can_send" = 0
[machine.3]          630 user-u32 "can_recv" = 0
[machine.3]          630 task-resume id=2 reason=scheduler
[machine.3]          630 task-yield id=2 reason=Idle
[machine.3]          640 task-resume id=1 reason=scheduler
[machine.3]          640 task-yield id=1 reason=RtosPortYield
[machine.3]          640 user-u32 "can_recv" = 0
[machine.3]          640 user-u32 "can_recv" = 0
[machine.3]          640 user-u32 "can_recv" = 0
[machine.3]          640 user-u32 "can_send" = 0
[machine.3]          640 user-u32 "can_recv" = 0
[machine.3]          640 task-resume id=2 reason=scheduler
[machine.3]          640 task-yield id=2 reason=Idle
[machine.3]          650 task-resume id=1 reason=scheduler
[machine.3]          650 task-yield id=1 reason=RtosPortYield
[machine.3]          650 user-u32 "can_recv" = 0
[machine.3]          650 user-u32 "can_recv" = 0
[machine.3]          650 user-u32 "can_recv" = 0
[machine.3]          650 user-u32 "can_send" = 0
[machine.3]          650 user-u32 "can_recv" = 0
[machine.3]          650 user-u32 "can_send" = 0
[machine.3]          650 task-resume id=2 reason=scheduler
[machine.3]          650 task-yield id=2 reason=Idle
[machine.3]          660 task-resume id=1 reason=scheduler
[machine.3]          660 task-yield id=1 reason=RtosPortYield
[machine.3]          660 user-u32 "can_recv" = 0
[machine.3]          660 user-u32 "can_recv" = 0
[machine.3]          660 user-u32 "can_recv" = 0
[machine.3]          660 user-u32 "can_recv" = 0
[machine.3]          660 user-u32 "can_send" = 0
[machine.3]          660 user-u32 "can_recv" = 0
[machine.3]          660 task-resume id=2 reason=scheduler
[machine.3]          660 task-yield id=2 reason=Idle
[machine.3]          670 task-resume id=1 reason=scheduler
[machine.3]          670 task-yield id=1 reason=RtosPortYield
[machine.3]          670 user-u32 "can_recv" = 0
[machine.3]          670 user-u32 "can_recv" = 0
[machine.3]          670 user-u32 "can_recv" = 0
[machine.3]          670 user-u32 "can_send" = 0
[machine.3]          670 user-u32 "can_recv" = 0
[machine.3]          670 task-resume id=2 reason=scheduler
[machine.3]          670 task-yield id=2 reason=Idle
[machine.3]          680 task-resume id=1 reason=scheduler
[machine.3]          680 task-yield id=1 reason=RtosPortYield
[machine.3]          680 user-u32 "can_recv" = 0
[machine.3]          680 user-u32 "can_recv" = 0
[machine.3]          680 user-u32 "can_recv" = 0
[machine.3]          680 user-u32 "can_send" = 0
[machine.3]          680 user-u32 "can_recv" = 0
[machine.3]          680 task-resume id=2 reason=scheduler
[machine.3]          680 task-yield id=2 reason=Idle
[machine.3]          690 task-resume id=1 reason=scheduler
[machine.3]          690 task-yield id=1 reason=RtosPortYield
[machine.3]          690 user-u32 "can_recv" = 0
[machine.3]          690 user-u32 "can_recv" = 0
[machine.3]          690 user-u32 "can_recv" = 0
[machine.3]          690 user-u32 "can_send" = 0
[machine.3]          690 user-u32 "can_recv" = 0
[machine.3]          690 task-resume id=2 reason=scheduler
[machine.3]          690 task-yield id=2 reason=Idle
[machine.3]          700 task-resume id=1 reason=scheduler
[machine.3]          700 task-yield id=1 reason=RtosPortYield
[machine.3]          700 user-u32 "can_recv" = 0
[machine.3]          700 user-u32 "can_recv" = 0
[machine.3]          700 user-u32 "can_recv" = 0
[machine.3]          700 user-u32 "can_send" = 0
[machine.3]          700 user-u32 "can_recv" = 0
[machine.3]          700 user-u32 "can_send" = 0
[machine.3]          700 user-u32 "can_send" = 0
[machine.3]          700 task-resume id=2 reason=scheduler
[machine.3]          700 task-yield id=2 reason=Idle
[machine.3]          710 task-resume id=1 reason=scheduler
[machine.3]          710 task-yield id=1 reason=RtosPortYield
[machine.3]          710 user-u32 "can_recv" = 0
[machine.3]          710 user-u32 "can_recv" = 0
[machine.3]          710 user-u32 "can_recv" = 0
[machine.3]          710 user-u32 "can_recv" = 0
[machine.3]          710 user-u32 "can_recv" = 0
[machine.3]          710 user-u32 "can_recv" = 0
[machine.3]          710 user-u32 "can_recv" = 0
[machine.3]          710 user-u32 "can_send" = 0
[machine.3]          710 user-u32 "can_recv" = 0
[machine.3]          710 task-resume id=2 reason=scheduler
[machine.3]          710 task-yield id=2 reason=Idle
[machine.3]          720 task-resume id=1 reason=scheduler
[machine.3]          720 task-yield id=1 reason=RtosPortYield
[machine.3]          720 user-u32 "can_recv" = 0
[machine.3]          720 user-u32 "can_recv" = 0
[machine.3]          720 user-u32 "can_recv" = 0
[machine.3]          720 user-u32 "can_send" = 0
[machine.3]          720 user-u32 "can_recv" = 0
[machine.3]          720 task-resume id=2 reason=scheduler
[machine.3]          720 task-yield id=2 reason=Idle
[machine.3]          730 task-resume id=1 reason=scheduler
[machine.3]          730 task-yield id=1 reason=RtosPortYield
[machine.3]          730 user-u32 "can_recv" = 0
[machine.3]          730 user-u32 "can_recv" = 0
[machine.3]          730 user-u32 "can_recv" = 0
[machine.3]          730 user-u32 "can_send" = 0
[machine.3]          730 user-u32 "can_recv" = 0
[machine.3]          730 task-resume id=2 reason=scheduler
[machine.3]          730 task-yield id=2 reason=Idle
[machine.3]          740 task-resume id=1 reason=scheduler
[machine.3]          740 task-yield id=1 reason=RtosPortYield
[machine.3]          740 user-u32 "can_recv" = 0
[machine.3]          740 user-u32 "can_recv" = 0
[machine.3]          740 user-u32 "can_recv" = 0
[machine.3]          740 user-u32 "can_send" = 0
[machine.3]          740 user-u32 "can_recv" = 0
[machine.3]          740 task-resume id=2 reason=scheduler
[machine.3]          740 task-yield id=2 reason=Idle
[machine.3]          750 task-resume id=1 reason=scheduler
[machine.3]          750 task-yield id=1 reason=RtosPortYield
[machine.3]          750 user-u32 "can_recv" = 0
[machine.3]          750 user-u32 "can_recv" = 0
[machine.3]          750 user-u32 "can_recv" = 0
[machine.3]          750 user-u32 "can_send" = 0
[machine.3]          750 user-u32 "can_recv" = 0
[machine.3]          750 user-u32 "can_send" = 0
[machine.3]          750 task-resume id=2 reason=scheduler
[machine.3]          750 task-yield id=2 reason=Idle
[machine.3]          760 task-resume id=1 reason=scheduler
[machine.3]          760 task-yield id=1 reason=RtosPortYield
[machine.3]          760 user-u32 "can_recv" = 0
[machine.3]          760 user-u32 "can_recv" = 0
[machine.3]          760 user-u32 "can_recv" = 0
[machine.3]          760 user-u32 "can_recv" = 0
[machine.3]          760 user-u32 "can_send" = 0
[machine.3]          760 user-u32 "can_recv" = 0
[machine.3]          760 task-resume id=2 reason=scheduler
[machine.3]          760 task-yield id=2 reason=Idle
[machine.3]          770 task-resume id=1 reason=scheduler
[machine.3]          770 task-yield id=1 reason=RtosPortYield
[machine.3]          770 user-u32 "can_recv" = 0
[machine.3]          770 user-u32 "can_recv" = 0
[machine.3]          770 user-u32 "can_recv" = 0
[machine.3]          770 user-u32 "can_send" = 0
[machine.3]          770 user-u32 "can_recv" = 0
[machine.3]          770 task-resume id=2 reason=scheduler
[machine.3]          770 task-yield id=2 reason=Idle
[machine.3]          780 task-resume id=1 reason=scheduler
[machine.3]          780 task-yield id=1 reason=RtosPortYield
[machine.3]          780 user-u32 "can_recv" = 0
[machine.3]          780 user-u32 "can_recv" = 0
[machine.3]          780 user-u32 "can_recv" = 0
[machine.3]          780 user-u32 "can_send" = 0
[machine.3]          780 user-u32 "can_recv" = 0
[machine.3]          780 task-resume id=2 reason=scheduler
[machine.3]          780 task-yield id=2 reason=Idle
[machine.3]          790 task-resume id=1 reason=scheduler
[machine.3]          790 task-yield id=1 reason=RtosPortYield
[machine.3]          790 user-u32 "can_recv" = 0
[machine.3]          790 user-u32 "can_recv" = 0
[machine.3]          790 user-u32 "can_recv" = 0
[machine.3]          790 user-u32 "can_send" = 0
[machine.3]          790 user-u32 "can_recv" = 0
[machine.3]          790 task-resume id=2 reason=scheduler
[machine.3]          790 task-yield id=2 reason=Idle
[machine.3]          800 task-resume id=1 reason=scheduler
[machine.3]          800 task-yield id=1 reason=RtosPortYield
[machine.3]          800 user-u32 "can_recv" = 0
[machine.3]          800 user-u32 "can_recv" = 0
[machine.3]          800 user-u32 "can_recv" = 0
[machine.3]          800 user-u32 "can_send" = 0
[machine.3]          800 user-u32 "can_recv" = 0
[machine.3]          800 user-u32 "can_send" = 0
[machine.3]          800 user-u32 "can_send" = 0
[machine.3]          800 task-resume id=2 reason=scheduler
[machine.3]          800 task-yield id=2 reason=Idle
[machine.3]          810 task-resume id=1 reason=scheduler
[machine.3]          810 task-yield id=1 reason=RtosPortYield
[machine.3]          810 user-u32 "can_recv" = 0
[machine.3]          810 user-u32 "can_recv" = 0
[machine.3]          810 user-u32 "can_recv" = 0
[machine.3]          810 user-u32 "can_recv" = 0
[machine.3]          810 user-u32 "can_recv" = 0
[machine.3]          810 user-u32 "can_recv" = 0
[machine.3]          810 user-u32 "can_recv" = 0
[machine.3]          810 user-u32 "can_send" = 0
[machine.3]          810 user-u32 "can_recv" = 0
[machine.3]          810 task-resume id=2 reason=scheduler
[machine.3]          810 task-yield id=2 reason=Idle
[machine.3]          820 task-resume id=1 reason=scheduler
[machine.3]          820 task-yield id=1 reason=RtosPortYield
[machine.3]          820 user-u32 "can_recv" = 0
[machine.3]          820 user-u32 "can_recv" = 0
[machine.3]          820 user-u32 "can_recv" = 0
[machine.3]          820 user-u32 "can_send" = 0
[machine.3]          820 user-u32 "can_recv" = 0
[machine.3]          820 task-resume id=2 reason=scheduler
[machine.3]          820 task-yield id=2 reason=Idle
[machine.3]          830 task-resume id=1 reason=scheduler
[machine.3]          830 task-yield id=1 reason=RtosPortYield
[machine.3]          830 user-u32 "can_recv" = 0
[machine.3]          830 user-u32 "can_recv" = 0
[machine.3]          830 user-u32 "can_recv" = 0
[machine.3]          830 user-u32 "can_send" = 0
[machine.3]          830 user-u32 "can_recv" = 0
[machine.3]          830 task-resume id=2 reason=scheduler
[machine.3]          830 task-yield id=2 reason=Idle
[machine.3]          840 task-resume id=1 reason=scheduler
[machine.3]          840 task-yield id=1 reason=RtosPortYield
[machine.3]          840 user-u32 "can_recv" = 0
[machine.3]          840 user-u32 "can_recv" = 0
[machine.3]          840 user-u32 "can_recv" = 0
[machine.3]          840 user-u32 "can_send" = 0
[machine.3]          840 user-u32 "can_recv" = 0
[machine.3]          840 task-resume id=2 reason=scheduler
[machine.3]          840 task-yield id=2 reason=Idle
[machine.3]          850 task-resume id=1 reason=scheduler
[machine.3]          850 task-yield id=1 reason=RtosPortYield
[machine.3]          850 user-u32 "can_recv" = 0
[machine.3]          850 user-u32 "can_recv" = 0
[machine.3]          850 user-u32 "can_recv" = 0
[machine.3]          850 user-u32 "can_send" = 0
[machine.3]          850 user-u32 "can_recv" = 0
[machine.3]          850 user-u32 "can_send" = 0
[machine.3]          850 task-resume id=2 reason=scheduler
[machine.3]          850 task-yield id=2 reason=Idle
[machine.3]          860 task-resume id=1 reason=scheduler
[machine.3]          860 task-yield id=1 reason=RtosPortYield
[machine.3]          860 user-u32 "can_recv" = 0
[machine.3]          860 user-u32 "can_recv" = 0
[machine.3]          860 user-u32 "can_recv" = 0
[machine.3]          860 user-u32 "can_recv" = 0
[machine.3]          860 user-u32 "can_send" = 0
[machine.3]          860 user-u32 "can_recv" = 0
[machine.3]          860 task-resume id=2 reason=scheduler
[machine.3]          860 task-yield id=2 reason=Idle
[machine.3]          870 task-resume id=1 reason=scheduler
[machine.3]          870 task-yield id=1 reason=RtosPortYield
[machine.3]          870 user-u32 "can_recv" = 0
[machine.3]          870 user-u32 "can_recv" = 0
[machine.3]          870 user-u32 "can_recv" = 0
[machine.3]          870 user-u32 "can_send" = 0
[machine.3]          870 user-u32 "can_recv" = 0
[machine.3]          870 task-resume id=2 reason=scheduler
[machine.3]          870 task-yield id=2 reason=Idle
[machine.3]          880 task-resume id=1 reason=scheduler
[machine.3]          880 task-yield id=1 reason=RtosPortYield
[machine.3]          880 user-u32 "can_recv" = 0
[machine.3]          880 user-u32 "can_recv" = 0
[machine.3]          880 user-u32 "can_recv" = 0
[machine.3]          880 user-u32 "can_send" = 0
[machine.3]          880 user-u32 "can_recv" = 0
[machine.3]          880 task-resume id=2 reason=scheduler
[machine.3]          880 task-yield id=2 reason=Idle
[machine.3]          890 task-resume id=1 reason=scheduler
[machine.3]          890 task-yield id=1 reason=RtosPortYield
[machine.3]          890 user-u32 "can_recv" = 0
[machine.3]          890 user-u32 "can_recv" = 0
[machine.3]          890 user-u32 "can_recv" = 0
[machine.3]          890 user-u32 "can_send" = 0
[machine.3]          890 user-u32 "can_recv" = 0
[machine.3]          890 task-resume id=2 reason=scheduler
[machine.3]          890 task-yield id=2 reason=Idle
[machine.3]          900 task-resume id=1 reason=scheduler
[machine.3]          900 task-yield id=1 reason=RtosPortYield
[machine.3]          900 user-u32 "can_recv" = 0
[machine.3]          900 user-u32 "can_recv" = 0
[machine.3]          900 user-u32 "can_recv" = 0
[machine.3]          900 user-u32 "can_send" = 0
[machine.3]          900 user-u32 "can_recv" = 0
[machine.3]          900 user-u32 "can_send" = 0
[machine.3]          900 user-u32 "can_send" = 0
[machine.3]          900 task-resume id=2 reason=scheduler
[machine.3]          900 task-yield id=2 reason=Idle
[machine.3]          910 task-resume id=1 reason=scheduler
[machine.3]          910 task-yield id=1 reason=RtosPortYield
[machine.3]          910 user-u32 "can_recv" = 0
[machine.3]          910 user-u32 "can_recv" = 0
[machine.3]          910 user-u32 "can_recv" = 0
[machine.3]          910 user-u32 "can_recv" = 0
[machine.3]          910 user-u32 "can_recv" = 0
[machine.3]          910 user-u32 "can_recv" = 0
[machine.3]          910 user-u32 "can_recv" = 0
[machine.3]          910 user-u32 "can_send" = 0
[machine.3]          910 user-u32 "can_recv" = 0
[machine.3]          910 task-resume id=2 reason=scheduler
[machine.3]          910 task-yield id=2 reason=Idle
[machine.3]          920 task-resume id=1 reason=scheduler
[machine.3]          920 task-yield id=1 reason=RtosPortYield
[machine.3]          920 user-u32 "can_recv" = 0
[machine.3]          920 user-u32 "can_recv" = 0
[machine.3]          920 user-u32 "can_recv" = 0
[machine.3]          920 user-u32 "can_send" = 0
[machine.3]          920 user-u32 "can_recv" = 0
[machine.3]          920 task-resume id=2 reason=scheduler
[machine.3]          920 task-yield id=2 reason=Idle
[machine.3]          930 task-resume id=1 reason=scheduler
[machine.3]          930 task-yield id=1 reason=RtosPortYield
[machine.3]          930 user-u32 "can_recv" = 0
[machine.3]          930 user-u32 "can_recv" = 0
[machine.3]          930 user-u32 "can_recv" = 0
[machine.3]          930 user-u32 "can_send" = 0
[machine.3]          930 user-u32 "can_recv" = 0
[machine.3]          930 task-resume id=2 reason=scheduler
[machine.3]          930 task-yield id=2 reason=Idle
[machine.3]          940 task-resume id=1 reason=scheduler
[machine.3]          940 task-yield id=1 reason=RtosPortYield
[machine.3]          940 user-u32 "can_recv" = 0
[machine.3]          940 user-u32 "can_recv" = 0
[machine.3]          940 user-u32 "can_recv" = 0
[machine.3]          940 user-u32 "can_send" = 0
[machine.3]          940 user-u32 "can_recv" = 0
[machine.3]          940 task-resume id=2 reason=scheduler
[machine.3]          940 task-yield id=2 reason=Idle
[machine.3]          950 task-resume id=1 reason=scheduler
[machine.3]          950 task-yield id=1 reason=RtosPortYield
[machine.3]          950 user-u32 "can_recv" = 0
[machine.3]          950 user-u32 "can_recv" = 0
[machine.3]          950 user-u32 "can_recv" = 0
[machine.3]          950 user-u32 "can_send" = 0
[machine.3]          950 user-u32 "can_recv" = 0
[machine.3]          950 user-u32 "can_send" = 0
[machine.3]          950 task-resume id=2 reason=scheduler
[machine.3]          950 task-yield id=2 reason=Idle
[machine.3]          960 task-resume id=1 reason=scheduler
[machine.3]          960 task-yield id=1 reason=RtosPortYield
[machine.3]          960 user-u32 "can_recv" = 0
[machine.3]          960 user-u32 "can_recv" = 0
[machine.3]          960 user-u32 "can_recv" = 0
[machine.3]          960 user-u32 "can_recv" = 0
[machine.3]          960 user-u32 "can_send" = 0
[machine.3]          960 user-u32 "can_recv" = 0
[machine.3]          960 task-resume id=2 reason=scheduler
[machine.3]          960 task-yield id=2 reason=Idle
[machine.3]          970 task-resume id=1 reason=scheduler
[machine.3]          970 task-yield id=1 reason=RtosPortYield
[machine.3]          970 user-u32 "can_recv" = 0
[machine.3]          970 user-u32 "can_recv" = 0
[machine.3]          970 user-u32 "can_recv" = 0
[machine.3]          970 user-u32 "can_send" = 0
[machine.3]          970 user-u32 "can_recv" = 0
[machine.3]          970 task-resume id=2 reason=scheduler
[machine.3]          970 task-yield id=2 reason=Idle
[machine.3]          980 task-resume id=1 reason=scheduler
[machine.3]          980 task-yield id=1 reason=RtosPortYield
[machine.3]          980 user-u32 "can_recv" = 0
[machine.3]          980 user-u32 "can_recv" = 0
[machine.3]          980 user-u32 "can_recv" = 0
[machine.3]          980 user-u32 "can_send" = 0
[machine.3]          980 user-u32 "can_recv" = 0
[machine.3]          980 task-resume id=2 reason=scheduler
[machine.3]          980 task-yield id=2 reason=Idle
[machine.3]          990 task-resume id=1 reason=scheduler
[machine.3]          990 task-yield id=1 reason=RtosPortYield
[machine.3]          990 user-u32 "can_recv" = 0
[machine.3]          990 user-u32 "can_recv" = 0
[machine.3]          990 user-u32 "can_recv" = 0
[machine.3]          990 user-u32 "can_send" = 0
[machine.3]          990 user-u32 "can_recv" = 0
[machine.3]          990 task-resume id=2 reason=scheduler
[machine.3]          990 task-yield id=2 reason=Idle
[machine.3]         1000 task-resume id=1 reason=scheduler
[machine.3]         1000 task-yield id=1 reason=RtosPortYield
[machine.3]         1000 user-u32 "can_recv" = 0
[machine.3]         1000 user-u32 "can_recv" = 0
[machine.3]         1000 user-u32 "can_recv" = 0
[machine.3]         1000 user-u32 "can_send" = 0
[machine.3]         1000 user-u32 "can_recv" = 0
[machine.3]         1000 user-u32 "can_send" = 0
[machine.3]         1000 user-u32 "can_send" = 0
[machine.3]         1000 task-resume id=2 reason=scheduler
[machine.3]         1000 task-yield id=2 reason=Idle
[machine.3]         1010 task-resume id=1 reason=scheduler
[machine.3]         1010 task-yield id=1 reason=RtosPortYield
[machine.3]         1010 user-u32 "can_recv" = 0
[machine.3]         1010 user-u32 "can_recv" = 0
[machine.3]         1010 user-u32 "can_recv" = 0
[machine.3]         1010 user-u32 "can_recv" = 0
[machine.3]         1010 user-u32 "can_recv" = 0
[machine.3]         1010 user-u32 "can_recv" = 0
[machine.3]         1010 user-u32 "can_recv" = 0
[machine.3]         1010 user-u32 "can_send" = 0
[machine.3]         1010 user-u32 "can_recv" = 0
[machine.3]         1010 task-resume id=2 reason=scheduler
[machine.3]         1010 task-yield id=2 reason=Idle
[machine.3]         1020 task-resume id=1 reason=scheduler
[machine.3]         1020 task-yield id=1 reason=RtosPortYield
[machine.3]         1020 user-u32 "can_recv" = 0
[machine.3]         1020 user-u32 "can_recv" = 0
[machine.3]         1020 user-u32 "can_recv" = 0
[machine.3]         1020 user-u32 "can_send" = 0
[machine.3]         1020 user-u32 "can_recv" = 0
[machine.3]         1020 task-resume id=2 reason=scheduler
[machine.3]         1020 task-yield id=2 reason=Idle
[machine.3]         1030 task-resume id=1 reason=scheduler
[machine.3]         1030 task-yield id=1 reason=RtosPortYield
[machine.3]         1030 user-u32 "can_recv" = 0
[machine.3]         1030 user-u32 "can_recv" = 0
[machine.3]         1030 user-u32 "can_recv" = 0
[machine.3]         1030 user-u32 "can_send" = 0
[machine.3]         1030 user-u32 "can_recv" = 0
[machine.3]         1030 task-resume id=2 reason=scheduler
[machine.3]         1030 task-yield id=2 reason=Idle
[machine.3]         1040 task-resume id=1 reason=scheduler
[machine.3]         1040 task-yield id=1 reason=RtosPortYield
[machine.3]         1040 user-u32 "can_recv" = 0
[machine.3]         1040 user-u32 "can_recv" = 0
[machine.3]         1040 user-u32 "can_recv" = 0
[machine.3]         1040 user-u32 "can_send" = 0
[machine.3]         1040 user-u32 "can_recv" = 0
[machine.3]         1040 task-resume id=2 reason=scheduler
[machine.3]         1040 task-yield id=2 reason=Idle
[machine.3]         1050 task-resume id=1 reason=scheduler
[machine.3]         1050 task-yield id=1 reason=RtosPortYield
[machine.3]         1050 user-u32 "can_recv" = 0
[machine.3]         1050 user-u32 "can_recv" = 0
[machine.3]         1050 user-u32 "can_recv" = 0
[machine.3]         1050 user-u32 "can_send" = 0
[machine.3]         1050 user-u32 "can_recv" = 0
[machine.3]         1050 user-u32 "can_send" = 0
[machine.3]         1050 task-resume id=2 reason=scheduler
[machine.3]         1050 task-yield id=2 reason=Idle
[machine.3]         1060 task-resume id=1 reason=scheduler
[machine.3]         1060 task-yield id=1 reason=RtosPortYield
[machine.3]         1060 user-u32 "can_recv" = 0
[machine.3]         1060 user-u32 "can_recv" = 0
[machine.3]         1060 user-u32 "can_recv" = 0
[machine.3]         1060 user-u32 "can_recv" = 0
[machine.3]         1060 user-u32 "can_send" = 0
[machine.3]         1060 user-u32 "can_recv" = 0
[machine.3]         1060 task-resume id=2 reason=scheduler
[machine.3]         1060 task-yield id=2 reason=Idle
[machine.3]         1070 task-resume id=1 reason=scheduler
[machine.3]         1070 task-yield id=1 reason=RtosPortYield
[machine.3]         1070 user-u32 "can_recv" = 0
[machine.3]         1070 user-u32 "can_recv" = 0
[machine.3]         1070 user-u32 "can_recv" = 0
[machine.3]         1070 user-u32 "can_send" = 0
[machine.3]         1070 user-u32 "can_recv" = 0
[machine.3]         1070 task-resume id=2 reason=scheduler
[machine.3]         1070 task-yield id=2 reason=Idle
[machine.3]         1080 task-resume id=1 reason=scheduler
[machine.3]         1080 task-yield id=1 reason=RtosPortYield
[machine.3]         1080 user-u32 "can_recv" = 0
[machine.3]         1080 user-u32 "can_recv" = 0
[machine.3]         1080 user-u32 "can_recv" = 0
[machine.3]         1080 user-u32 "can_send" = 0
[machine.3]         1080 user-u32 "can_recv" = 0
[machine.3]         1080 task-resume id=2 reason=scheduler
[machine.3]         1080 task-yield id=2 reason=Idle
[machine.3]         1090 task-resume id=1 reason=scheduler
[machine.3]         1090 task-yield id=1 reason=RtosPortYield
[machine.3]         1090 user-u32 "can_recv" = 0
[machine.3]         1090 user-u32 "can_recv" = 0
[machine.3]         1090 user-u32 "can_recv" = 0
[machine.3]         1090 user-u32 "can_send" = 0
[machine.3]         1090 user-u32 "can_recv" = 0
[machine.3]         1090 task-resume id=2 reason=scheduler
[machine.3]         1090 task-yield id=2 reason=Idle
[machine.3]         1100 task-resume id=1 reason=scheduler
[machine.3]         1100 task-yield id=1 reason=RtosPortYield
[machine.3]         1100 user-u32 "can_recv" = 0
[machine.3]         1100 user-u32 "can_recv" = 0
[machine.3]         1100 user-u32 "can_recv" = 0
[machine.3]         1100 user-u32 "can_send" = 0
[machine.3]         1100 user-u32 "can_recv" = 0
[machine.3]         1100 user-u32 "can_send" = 0
[machine.3]         1100 user-u32 "can_send" = 0
[machine.3]         1100 task-resume id=2 reason=scheduler
[machine.3]         1100 task-yield id=2 reason=Idle
[machine.3]         1110 task-resume id=1 reason=scheduler
[machine.3]         1110 task-yield id=1 reason=RtosPortYield
[machine.3]         1110 user-u32 "can_recv" = 0
[machine.3]         1110 user-u32 "can_recv" = 0
[machine.3]         1110 user-u32 "can_recv" = 0
[machine.3]         1110 user-u32 "can_recv" = 0
[machine.3]         1110 user-u32 "can_recv" = 0
[machine.3]         1110 user-u32 "can_recv" = 0
[machine.3]         1110 user-u32 "can_recv" = 0
[machine.3]         1110 user-u32 "can_send" = 0
[machine.3]         1110 user-u32 "can_recv" = 0
[machine.3]         1110 task-resume id=2 reason=scheduler
[machine.3]         1110 task-yield id=2 reason=Idle
[machine.3]         1120 task-resume id=1 reason=scheduler
[machine.3]         1120 task-yield id=1 reason=RtosPortYield
[machine.3]         1120 user-u32 "can_recv" = 0
[machine.3]         1120 user-u32 "can_recv" = 0
[machine.3]         1120 user-u32 "can_recv" = 0
[machine.3]         1120 user-u32 "can_send" = 0
[machine.3]         1120 user-u32 "can_recv" = 0
[machine.3]         1120 task-resume id=2 reason=scheduler
[machine.3]         1120 task-yield id=2 reason=Idle
[machine.3]         1130 task-resume id=1 reason=scheduler
[machine.3]         1130 task-yield id=1 reason=RtosPortYield
[machine.3]         1130 user-u32 "can_recv" = 0
[machine.3]         1130 user-u32 "can_recv" = 0
[machine.3]         1130 user-u32 "can_recv" = 0
[machine.3]         1130 user-u32 "can_send" = 0
[machine.3]         1130 user-u32 "can_recv" = 0
[machine.3]         1130 task-resume id=2 reason=scheduler
[machine.3]         1130 task-yield id=2 reason=Idle
[machine.3]         1140 task-resume id=1 reason=scheduler
[machine.3]         1140 task-yield id=1 reason=RtosPortYield
[machine.3]         1140 user-u32 "can_recv" = 0
[machine.3]         1140 user-u32 "can_recv" = 0
[machine.3]         1140 user-u32 "can_recv" = 0
[machine.3]         1140 user-u32 "can_send" = 0
[machine.3]         1140 user-u32 "can_recv" = 0
[machine.3]         1140 task-resume id=2 reason=scheduler
[machine.3]         1140 task-yield id=2 reason=Idle
[machine.3]         1150 task-resume id=1 reason=scheduler
[machine.3]         1150 task-yield id=1 reason=RtosPortYield
[machine.3]         1150 user-u32 "can_recv" = 0
[machine.3]         1150 user-u32 "can_recv" = 0
[machine.3]         1150 user-u32 "can_recv" = 0
[machine.3]         1150 user-u32 "can_send" = 0
[machine.3]         1150 user-u32 "can_recv" = 0
[machine.3]         1150 user-u32 "can_send" = 0
[machine.3]         1150 task-resume id=2 reason=scheduler
[machine.3]         1150 task-yield id=2 reason=Idle
[machine.3]         1160 task-resume id=1 reason=scheduler
[machine.3]         1160 task-yield id=1 reason=RtosPortYield
[machine.3]         1160 user-u32 "can_recv" = 0
[machine.3]         1160 user-u32 "can_recv" = 0
[machine.3]         1160 user-u32 "can_recv" = 0
[machine.3]         1160 user-u32 "can_recv" = 0
[machine.3]         1160 user-u32 "can_send" = 0
[machine.3]         1160 user-u32 "can_recv" = 0
[machine.3]         1160 task-resume id=2 reason=scheduler
[machine.3]         1160 task-yield id=2 reason=Idle
[machine.3]         1170 task-resume id=1 reason=scheduler
[machine.3]         1170 task-yield id=1 reason=RtosPortYield
[machine.3]         1170 user-u32 "can_recv" = 0
[machine.3]         1170 user-u32 "can_recv" = 0
[machine.3]         1170 user-u32 "can_recv" = 0
[machine.3]         1170 user-u32 "can_send" = 0
[machine.3]         1170 user-u32 "can_recv" = 0
[machine.3]         1170 task-resume id=2 reason=scheduler
[machine.3]         1170 task-yield id=2 reason=Idle
[machine.3]         1180 task-resume id=1 reason=scheduler
[machine.3]         1180 task-yield id=1 reason=RtosPortYield
[machine.3]         1180 user-u32 "can_recv" = 0
[machine.3]         1180 user-u32 "can_recv" = 0
[machine.3]         1180 user-u32 "can_recv" = 0
[machine.3]         1180 user-u32 "can_send" = 0
[machine.3]         1180 user-u32 "can_recv" = 0
[machine.3]         1180 task-resume id=2 reason=scheduler
[machine.3]         1180 task-yield id=2 reason=Idle
[machine.3]         1190 task-resume id=1 reason=scheduler
[machine.3]         1190 task-yield id=1 reason=RtosPortYield
[machine.3]         1190 user-u32 "can_recv" = 0
[machine.3]         1190 user-u32 "can_recv" = 0
[machine.3]         1190 user-u32 "can_recv" = 0
[machine.3]         1190 user-u32 "can_send" = 0
[machine.3]         1190 user-u32 "can_recv" = 0
[machine.3]         1190 task-resume id=2 reason=scheduler
[machine.3]         1190 task-yield id=2 reason=Idle
[machine.3]         1200 task-resume id=1 reason=scheduler
[machine.3]         1200 task-yield id=1 reason=RtosPortYield
[machine.3]         1200 user-u32 "can_recv" = 0
[machine.3]         1200 user-u32 "can_recv" = 0
[machine.3]         1200 user-u32 "can_recv" = 0
[machine.3]         1200 user-u32 "can_send" = 0
[machine.3]         1200 user-u32 "can_recv" = 0
[machine.3]         1200 user-u32 "can_send" = 0
[machine.3]         1200 user-u32 "can_send" = 0
[machine.3]         1200 task-resume id=2 reason=scheduler
[machine.3]         1200 task-yield id=2 reason=Idle
[machine.3]         1210 task-resume id=1 reason=scheduler
[machine.3]         1210 task-yield id=1 reason=RtosPortYield
[machine.3]         1210 user-u32 "can_recv" = 0
[machine.3]         1210 user-u32 "can_recv" = 0
[machine.3]         1210 user-u32 "can_recv" = 0
[machine.3]         1210 user-u32 "can_recv" = 0
[machine.3]         1210 user-u32 "can_recv" = 0
[machine.3]         1210 user-u32 "can_recv" = 0
[machine.3]         1210 user-u32 "can_recv" = 0
[machine.3]         1210 user-u32 "can_send" = 0
[machine.3]         1210 user-u32 "can_recv" = 0
[machine.3]         1210 task-resume id=2 reason=scheduler
[machine.3]         1210 task-yield id=2 reason=Idle
[machine.3]         1220 task-resume id=1 reason=scheduler
[machine.3]         1220 task-yield id=1 reason=RtosPortYield
[machine.3]         1220 user-u32 "can_recv" = 0
[machine.3]         1220 user-u32 "can_recv" = 0
[machine.3]         1220 user-u32 "can_recv" = 0
[machine.3]         1220 user-u32 "can_send" = 0
[machine.3]         1220 user-u32 "can_recv" = 0
[machine.3]         1220 task-resume id=2 reason=scheduler
[machine.3]         1220 task-yield id=2 reason=Idle
[machine.3]         1230 task-resume id=1 reason=scheduler
[machine.3]         1230 task-yield id=1 reason=RtosPortYield
[machine.3]         1230 user-u32 "can_recv" = 0
[machine.3]         1230 user-u32 "can_recv" = 0
[machine.3]         1230 user-u32 "can_recv" = 0
[machine.3]         1230 user-u32 "can_send" = 0
[machine.3]         1230 user-u32 "can_recv" = 0
[machine.3]         1230 task-resume id=2 reason=scheduler
[machine.3]         1230 task-yield id=2 reason=Idle
[machine.3]         1240 task-resume id=1 reason=scheduler
[machine.3]         1240 task-yield id=1 reason=RtosPortYield
[machine.3]         1240 user-u32 "can_recv" = 0
[machine.3]         1240 user-u32 "can_recv" = 0
[machine.3]         1240 user-u32 "can_recv" = 0
[machine.3]         1240 user-u32 "can_send" = 0
[machine.3]         1240 user-u32 "can_recv" = 0
[machine.3]         1240 task-resume id=2 reason=scheduler
[machine.3]         1240 task-yield id=2 reason=Idle
[machine.3]         1250 task-resume id=1 reason=scheduler
[machine.3]         1250 task-yield id=1 reason=RtosPortYield
[machine.3]         1250 user-u32 "can_recv" = 0
[machine.3]         1250 user-u32 "can_recv" = 0
[machine.3]         1250 user-u32 "can_recv" = 0
[machine.3]         1250 user-u32 "can_send" = 0
[machine.3]         1250 user-u32 "can_recv" = 0
[machine.3]         1250 user-u32 "can_send" = 0
[machine.3]         1250 task-resume id=2 reason=scheduler
[machine.3]         1250 task-yield id=2 reason=Idle
[machine.3]         1260 task-resume id=1 reason=scheduler
[machine.3]         1260 task-yield id=1 reason=RtosPortYield
[machine.3]         1260 user-u32 "can_recv" = 0
[machine.3]         1260 user-u32 "can_recv" = 0
[machine.3]         1260 user-u32 "can_recv" = 0
[machine.3]         1260 user-u32 "can_recv" = 0
[machine.3]         1260 user-u32 "can_send" = 0
[machine.3]         1260 user-u32 "can_recv" = 0
[machine.3]         1260 task-resume id=2 reason=scheduler
[machine.3]         1260 task-yield id=2 reason=Idle
[machine.3]         1270 task-resume id=1 reason=scheduler
[machine.3]         1270 task-yield id=1 reason=RtosPortYield
[machine.3]         1270 user-u32 "can_recv" = 0
[machine.3]         1270 user-u32 "can_recv" = 0
[machine.3]         1270 user-u32 "can_recv" = 0
[machine.3]         1270 user-u32 "can_send" = 0
[machine.3]         1270 user-u32 "can_recv" = 0
[machine.3]         1270 task-resume id=2 reason=scheduler
[machine.3]         1270 task-yield id=2 reason=Idle
[machine.3]         1280 task-resume id=1 reason=scheduler
[machine.3]         1280 task-yield id=1 reason=RtosPortYield
[machine.3]         1280 user-u32 "can_recv" = 0
[machine.3]         1280 user-u32 "can_recv" = 0
[machine.3]         1280 user-u32 "can_recv" = 0
[machine.3]         1280 user-u32 "can_send" = 0
[machine.3]         1280 user-u32 "can_recv" = 0
[machine.3]         1280 task-resume id=2 reason=scheduler
[machine.3]         1280 task-yield id=2 reason=Idle
[machine.3]         1290 task-resume id=1 reason=scheduler
[machine.3]         1290 task-yield id=1 reason=RtosPortYield
[machine.3]         1290 user-u32 "can_recv" = 0
[machine.3]         1290 user-u32 "can_recv" = 0
[machine.3]         1290 user-u32 "can_recv" = 0
[machine.3]         1290 user-u32 "can_send" = 0
[machine.3]         1290 user-u32 "can_recv" = 0
[machine.3]         1290 task-resume id=2 reason=scheduler
[machine.3]         1290 task-yield id=2 reason=Idle
[machine.3]         1300 task-resume id=1 reason=scheduler
[machine.3]         1300 task-yield id=1 reason=RtosPortYield
[machine.3]         1300 user-u32 "can_recv" = 0
[machine.3]         1300 user-u32 "can_recv" = 0
[machine.3]         1300 user-u32 "can_recv" = 0
[machine.3]         1300 user-u32 "can_send" = 0
[machine.3]         1300 user-u32 "can_recv" = 0
[machine.3]         1300 user-u32 "can_send" = 0
[machine.3]         1300 user-u32 "can_send" = 0
[machine.3]         1300 task-resume id=2 reason=scheduler
[machine.3]         1300 task-yield id=2 reason=Idle
[machine.3]         1310 task-resume id=1 reason=scheduler
[machine.3]         1310 task-yield id=1 reason=RtosPortYield
[machine.3]         1310 user-u32 "can_recv" = 0
[machine.3]         1310 user-u32 "can_recv" = 0
[machine.3]         1310 user-u32 "can_recv" = 0
[machine.3]         1310 user-u32 "can_recv" = 0
[machine.3]         1310 user-u32 "can_recv" = 0
[machine.3]         1310 user-u32 "can_recv" = 0
[machine.3]         1310 user-u32 "can_recv" = 0
[machine.3]         1310 user-u32 "can_send" = 0
[machine.3]         1310 user-u32 "can_recv" = 0
[machine.3]         1310 task-resume id=2 reason=scheduler
[machine.3]         1310 task-yield id=2 reason=Idle
[machine.3]         1320 task-resume id=1 reason=scheduler
[machine.3]         1320 task-yield id=1 reason=RtosPortYield
[machine.3]         1320 user-u32 "can_recv" = 0
[machine.3]         1320 user-u32 "can_recv" = 0
[machine.3]         1320 user-u32 "can_recv" = 0
[machine.3]         1320 user-u32 "can_send" = 0
[machine.3]         1320 user-u32 "can_recv" = 0
[machine.3]         1320 task-resume id=2 reason=scheduler
[machine.3]         1320 task-yield id=2 reason=Idle
[machine.3]         1330 task-resume id=1 reason=scheduler
[machine.3]         1330 task-yield id=1 reason=RtosPortYield
[machine.3]         1330 user-u32 "can_recv" = 0
[machine.3]         1330 user-u32 "can_recv" = 0
[machine.3]         1330 user-u32 "can_recv" = 0
[machine.3]         1330 user-u32 "can_send" = 0
[machine.3]         1330 user-u32 "can_recv" = 0
[machine.3]         1330 task-resume id=2 reason=scheduler
[machine.3]         1330 task-yield id=2 reason=Idle
[machine.3]         1340 task-resume id=1 reason=scheduler
[machine.3]         1340 task-yield id=1 reason=RtosPortYield
[machine.3]         1340 user-u32 "can_recv" = 0
[machine.3]         1340 user-u32 "can_recv" = 0
[machine.3]         1340 user-u32 "can_recv" = 0
[machine.3]         1340 user-u32 "can_send" = 0
[machine.3]         1340 user-u32 "can_recv" = 0
[machine.3]         1340 task-resume id=2 reason=scheduler
[machine.3]         1340 task-yield id=2 reason=Idle
[machine.3]         1350 task-resume id=1 reason=scheduler
[machine.3]         1350 task-yield id=1 reason=RtosPortYield
[machine.3]         1350 user-u32 "can_recv" = 0
[machine.3]         1350 user-u32 "can_recv" = 0
[machine.3]         1350 user-u32 "can_recv" = 0
[machine.3]         1350 user-u32 "can_send" = 0
[machine.3]         1350 user-u32 "can_recv" = 0
[machine.3]         1350 user-u32 "can_send" = 0
[machine.3]         1350 task-resume id=2 reason=scheduler
[machine.3]         1350 task-yield id=2 reason=Idle
[machine.3]         1360 task-resume id=1 reason=scheduler
[machine.3]         1360 task-yield id=1 reason=RtosPortYield
[machine.3]         1360 user-u32 "can_recv" = 0
[machine.3]         1360 user-u32 "can_recv" = 0
[machine.3]         1360 user-u32 "can_recv" = 0
[machine.3]         1360 user-u32 "can_recv" = 0
[machine.3]         1360 user-u32 "can_send" = 0
[machine.3]         1360 user-u32 "can_recv" = 0
[machine.3]         1360 task-resume id=2 reason=scheduler
[machine.3]         1360 task-yield id=2 reason=Idle
[machine.3]         1370 task-resume id=1 reason=scheduler
[machine.3]         1370 task-yield id=1 reason=RtosPortYield
[machine.3]         1370 user-u32 "can_recv" = 0
[machine.3]         1370 user-u32 "can_recv" = 0
[machine.3]         1370 user-u32 "can_recv" = 0
[machine.3]         1370 user-u32 "can_send" = 0
[machine.3]         1370 user-u32 "can_recv" = 0
[machine.3]         1370 task-resume id=2 reason=scheduler
[machine.3]         1370 task-yield id=2 reason=Idle
[machine.3]         1380 task-resume id=1 reason=scheduler
[machine.3]         1380 task-yield id=1 reason=RtosPortYield
[machine.3]         1380 user-u32 "can_recv" = 0
[machine.3]         1380 user-u32 "can_recv" = 0
[machine.3]         1380 user-u32 "can_recv" = 0
[machine.3]         1380 user-u32 "can_send" = 0
[machine.3]         1380 user-u32 "can_recv" = 0
[machine.3]         1380 task-resume id=2 reason=scheduler
[machine.3]         1380 task-yield id=2 reason=Idle
[machine.3]         1390 task-resume id=1 reason=scheduler
[machine.3]         1390 task-yield id=1 reason=RtosPortYield
[machine.3]         1390 user-u32 "can_recv" = 0
[machine.3]         1390 user-u32 "can_recv" = 0
[machine.3]         1390 user-u32 "can_recv" = 0
[machine.3]         1390 user-u32 "can_send" = 0
[machine.3]         1390 user-u32 "can_recv" = 0
[machine.3]         1390 task-resume id=2 reason=scheduler
[machine.3]         1390 task-yield id=2 reason=Idle
[machine.3]         1400 task-resume id=1 reason=scheduler
[machine.3]         1400 task-yield id=1 reason=RtosPortYield
[machine.3]         1400 user-u32 "can_recv" = 0
[machine.3]         1400 user-u32 "can_recv" = 0
[machine.3]         1400 user-u32 "can_recv" = 0
[machine.3]         1400 user-u32 "can_send" = 0
[machine.3]         1400 user-u32 "can_recv" = 0
[machine.3]         1400 user-u32 "can_send" = 0
[machine.3]         1400 user-u32 "can_send" = 0
[machine.3]         1400 task-resume id=2 reason=scheduler
[machine.3]         1400 task-yield id=2 reason=Idle
[machine.3]         1410 task-resume id=1 reason=scheduler
[machine.3]         1410 task-yield id=1 reason=RtosPortYield
[machine.3]         1410 user-u32 "can_recv" = 0
[machine.3]         1410 user-u32 "can_recv" = 0
[machine.3]         1410 user-u32 "can_recv" = 0
[machine.3]         1410 user-u32 "can_recv" = 0
[machine.3]         1410 user-u32 "can_recv" = 0
[machine.3]         1410 user-u32 "can_recv" = 0
[machine.3]         1410 user-u32 "can_recv" = 0
[machine.3]         1410 user-u32 "can_send" = 0
[machine.3]         1410 user-u32 "can_recv" = 0
[machine.3]         1410 task-resume id=2 reason=scheduler
[machine.3]         1410 task-yield id=2 reason=Idle
[machine.3]         1420 task-resume id=1 reason=scheduler
[machine.3]         1420 task-yield id=1 reason=RtosPortYield
[machine.3]         1420 user-u32 "can_recv" = 0
[machine.3]         1420 user-u32 "can_recv" = 0
[machine.3]         1420 user-u32 "can_recv" = 0
[machine.3]         1420 user-u32 "can_send" = 0
[machine.3]         1420 user-u32 "can_recv" = 0
[machine.3]         1420 task-resume id=2 reason=scheduler
[machine.3]         1420 task-yield id=2 reason=Idle
[machine.3]         1430 task-resume id=1 reason=scheduler
[machine.3]         1430 task-yield id=1 reason=RtosPortYield
[machine.3]         1430 user-u32 "can_recv" = 0
[machine.3]         1430 user-u32 "can_recv" = 0
[machine.3]         1430 user-u32 "can_recv" = 0
[machine.3]         1430 user-u32 "can_send" = 0
[machine.3]         1430 user-u32 "can_recv" = 0
[machine.3]         1430 task-resume id=2 reason=scheduler
[machine.3]         1430 task-yield id=2 reason=Idle
[machine.3]         1440 task-resume id=1 reason=scheduler
[machine.3]         1440 task-yield id=1 reason=RtosPortYield
[machine.3]         1440 user-u32 "can_recv" = 0
[machine.3]         1440 user-u32 "can_recv" = 0
[machine.3]         1440 user-u32 "can_recv" = 0
[machine.3]         1440 user-u32 "can_send" = 0
[machine.3]         1440 user-u32 "can_recv" = 0
[machine.3]         1440 task-resume id=2 reason=scheduler
[machine.3]         1440 task-yield id=2 reason=Idle
[machine.3]         1450 task-resume id=1 reason=scheduler
[machine.3]         1450 task-yield id=1 reason=RtosPortYield
[machine.3]         1450 user-u32 "can_recv" = 0
[machine.3]         1450 user-u32 "can_recv" = 0
[machine.3]         1450 user-u32 "can_recv" = 0
[machine.3]         1450 user-u32 "can_send" = 0
[machine.3]         1450 user-u32 "can_recv" = 0
[machine.3]         1450 user-u32 "can_send" = 0
[machine.3]         1450 task-resume id=2 reason=scheduler
[machine.3]         1450 task-yield id=2 reason=Idle
[machine.3]         1460 task-resume id=1 reason=scheduler
[machine.3]         1460 task-yield id=1 reason=RtosPortYield
[machine.3]         1460 user-u32 "can_recv" = 0
[machine.3]         1460 user-u32 "can_recv" = 0
[machine.3]         1460 user-u32 "can_recv" = 0
[machine.3]         1460 user-u32 "can_recv" = 0
[machine.3]         1460 user-u32 "can_send" = 0
[machine.3]         1460 user-u32 "can_recv" = 0
[machine.3]         1460 task-resume id=2 reason=scheduler
[machine.3]         1460 task-yield id=2 reason=Idle
[machine.3]         1470 task-resume id=1 reason=scheduler
[machine.3]         1470 task-yield id=1 reason=RtosPortYield
[machine.3]         1470 user-u32 "can_recv" = 0
[machine.3]         1470 user-u32 "can_recv" = 0
[machine.3]         1470 user-u32 "can_recv" = 0
[machine.3]         1470 user-u32 "can_send" = 0
[machine.3]         1470 user-u32 "can_recv" = 0
[machine.3]         1470 task-resume id=2 reason=scheduler
[machine.3]         1470 task-yield id=2 reason=Idle
[machine.3]         1480 task-resume id=1 reason=scheduler
[machine.3]         1480 task-yield id=1 reason=RtosPortYield
[machine.3]         1480 user-u32 "can_recv" = 0
[machine.3]         1480 user-u32 "can_recv" = 0
[machine.3]         1480 user-u32 "can_recv" = 0
[machine.3]         1480 user-u32 "can_send" = 0
[machine.3]         1480 user-u32 "can_recv" = 0
[machine.3]         1480 task-resume id=2 reason=scheduler
[machine.3]         1480 task-yield id=2 reason=Idle
[machine.3]         1490 task-resume id=1 reason=scheduler
[machine.3]         1490 task-yield id=1 reason=RtosPortYield
[machine.3]         1490 user-u32 "can_recv" = 0
[machine.3]         1490 user-u32 "can_recv" = 0
[machine.3]         1490 user-u32 "can_recv" = 0
[machine.3]         1490 user-u32 "can_send" = 0
[machine.3]         1490 user-u32 "can_recv" = 0
[machine.3]         1490 task-resume id=2 reason=scheduler
[machine.3]         1490 task-yield id=2 reason=Idle
[machine.3]         1500 task-resume id=1 reason=scheduler
[machine.3]         1500 task-yield id=1 reason=RtosPortYield
[machine.3]         1500 user-u32 "can_recv" = 0
[machine.3]         1500 user-u32 "can_recv" = 0
[machine.3]         1500 user-u32 "can_recv" = 0
[machine.3]         1500 user-u32 "can_send" = 0
[machine.3]         1500 user-u32 "can_recv" = 0
[machine.3]         1500 user-u32 "can_send" = 0
[machine.3]         1500 user-u32 "can_send" = 0
[machine.3]         1500 task-resume id=2 reason=scheduler
[machine.3]         1500 task-yield id=2 reason=Idle
[machine.3]         1510 task-resume id=1 reason=scheduler
[machine.3]         1510 task-yield id=1 reason=RtosPortYield
[machine.3]         1510 user-u32 "can_recv" = 0
[machine.3]         1510 user-u32 "can_recv" = 0
[machine.3]         1510 user-u32 "can_recv" = 0
[machine.3]         1510 user-u32 "can_recv" = 0
[machine.3]         1510 user-u32 "can_recv" = 0
[machine.3]         1510 user-u32 "can_send" = 0
[machine.3]         1510 user-u32 "can_recv" = 0
[machine.3]         1510 task-resume id=2 reason=scheduler
[machine.3]         1510 task-yield id=2 reason=Idle
[machine.3]         1520 task-resume id=1 reason=scheduler
[machine.3]         1520 task-yield id=1 reason=RtosPortYield
[machine.3]         1520 user-u32 "can_recv" = 0
[machine.3]         1520 user-u32 "can_recv" = 0
[machine.3]         1520 user-u32 "can_recv" = 0
[machine.3]         1520 user-u32 "can_send" = 0
[machine.3]         1520 user-u32 "can_recv" = 0
[machine.3]         1520 task-resume id=2 reason=scheduler
[machine.3]         1520 task-yield id=2 reason=Idle
[machine.3]         1530 task-resume id=1 reason=scheduler
[machine.3]         1530 task-yield id=1 reason=RtosPortYield
[machine.3]         1530 user-u32 "can_recv" = 0
[machine.3]         1530 user-u32 "can_recv" = 0
[machine.3]         1530 user-u32 "can_recv" = 0
[machine.3]         1530 user-u32 "can_send" = 0
[machine.3]         1530 user-u32 "can_recv" = 0
[machine.3]         1530 task-resume id=2 reason=scheduler
[machine.3]         1530 task-yield id=2 reason=Idle
[machine.3]         1540 task-resume id=1 reason=scheduler
[machine.3]         1540 task-yield id=1 reason=RtosPortYield
[machine.3]         1540 user-u32 "can_recv" = 0
[machine.3]         1540 user-u32 "can_recv" = 0
[machine.3]         1540 user-u32 "can_recv" = 0
[machine.3]         1540 user-u32 "can_send" = 0
[machine.3]         1540 user-u32 "can_recv" = 0
[machine.3]         1540 task-resume id=2 reason=scheduler
[machine.3]         1540 task-yield id=2 reason=Idle
[machine.3]         1550 task-resume id=1 reason=scheduler
[machine.3]         1550 task-yield id=1 reason=RtosPortYield
[machine.3]         1550 user-u32 "can_recv" = 0
[machine.3]         1550 user-u32 "can_recv" = 0
[machine.3]         1550 user-u32 "can_recv" = 0
[machine.3]         1550 user-u32 "can_send" = 0
[machine.3]         1550 user-u32 "can_recv" = 0
[machine.3]         1550 user-u32 "can_send" = 0
[machine.3]         1550 task-resume id=2 reason=scheduler
[machine.3]         1550 task-yield id=2 reason=Idle
[machine.3]         1560 task-resume id=1 reason=scheduler
[machine.3]         1560 task-yield id=1 reason=RtosPortYield
[machine.3]         1560 user-u32 "can_recv" = 0
[machine.3]         1560 user-u32 "can_recv" = 0
[machine.3]         1560 user-u32 "can_recv" = 0
[machine.3]         1560 user-u32 "can_send" = 0
[machine.3]         1560 user-u32 "can_recv" = 0
[machine.3]         1560 task-resume id=2 reason=scheduler
[machine.3]         1560 task-yield id=2 reason=Idle
[machine.3]         1570 task-resume id=1 reason=scheduler
[machine.3]         1570 task-yield id=1 reason=RtosPortYield
[machine.3]         1570 user-u32 "can_recv" = 0
[machine.3]         1570 user-u32 "can_recv" = 0
[machine.3]         1570 user-u32 "can_recv" = 0
[machine.3]         1570 user-u32 "can_send" = 0
[machine.3]         1570 user-u32 "can_recv" = 0
[machine.3]         1570 task-resume id=2 reason=scheduler
[machine.3]         1570 task-yield id=2 reason=Idle
[machine.3]         1580 task-resume id=1 reason=scheduler
[machine.3]         1580 task-yield id=1 reason=RtosPortYield
[machine.3]         1580 user-u32 "can_recv" = 0
[machine.3]         1580 user-u32 "can_recv" = 0
[machine.3]         1580 user-u32 "can_recv" = 0
[machine.3]         1580 user-u32 "can_send" = 0
[machine.3]         1580 user-u32 "can_recv" = 0
[machine.3]         1580 task-resume id=2 reason=scheduler
[machine.3]         1580 task-yield id=2 reason=Idle
[machine.3]         1590 task-resume id=1 reason=scheduler
[machine.3]         1590 task-yield id=1 reason=RtosPortYield
[machine.3]         1590 user-u32 "can_recv" = 0
[machine.3]         1590 user-u32 "can_recv" = 0
[machine.3]         1590 user-u32 "can_recv" = 0
[machine.3]         1590 user-u32 "can_send" = 0
[machine.3]         1590 user-u32 "can_recv" = 0
[machine.3]         1590 task-resume id=2 reason=scheduler
[machine.3]         1590 task-yield id=2 reason=Idle
[machine.3]         1600 task-resume id=1 reason=scheduler
[machine.3]         1600 task-yield id=1 reason=RtosPortYield
[machine.3]         1600 user-u32 "can_recv" = 0
[machine.3]         1600 user-u32 "can_recv" = 0
[machine.3]         1600 user-u32 "can_recv" = 0
[machine.3]         1600 user-u32 "can_send" = 0
[machine.3]         1600 user-u32 "can_recv" = 0
[machine.3]         1600 user-u32 "can_send" = 0
[machine.3]         1600 user-u32 "can_send" = 0
[machine.3]         1600 task-resume id=2 reason=scheduler
[machine.3]         1600 task-yield id=2 reason=Idle
[machine.3]         1610 task-resume id=1 reason=scheduler
[machine.3]         1610 task-yield id=1 reason=RtosPortYield
[machine.3]         1610 user-u32 "can_recv" = 0
[machine.3]         1610 user-u32 "can_recv" = 0
[machine.3]         1610 user-u32 "can_recv" = 0
[machine.3]         1610 user-u32 "can_recv" = 0
[machine.3]         1610 user-u32 "can_recv" = 0
[machine.3]         1610 user-u32 "can_send" = 0
[machine.3]         1610 user-u32 "can_recv" = 0
[machine.3]         1610 task-resume id=2 reason=scheduler
[machine.3]         1610 task-yield id=2 reason=Idle
[machine.3]         1620 task-resume id=1 reason=scheduler
[machine.3]         1620 task-yield id=1 reason=RtosPortYield
[machine.3]         1620 user-u32 "can_recv" = 0
[machine.3]         1620 user-u32 "can_recv" = 0
[machine.3]         1620 user-u32 "can_recv" = 0
[machine.3]         1620 user-u32 "can_send" = 0
[machine.3]         1620 user-u32 "can_recv" = 0
[machine.3]         1620 task-resume id=2 reason=scheduler
[machine.3]         1620 task-yield id=2 reason=Idle
[machine.3]         1630 task-resume id=1 reason=scheduler
[machine.3]         1630 task-yield id=1 reason=RtosPortYield
[machine.3]         1630 user-u32 "can_recv" = 0
[machine.3]         1630 user-u32 "can_recv" = 0
[machine.3]         1630 user-u32 "can_recv" = 0
[machine.3]         1630 user-u32 "can_send" = 0
[machine.3]         1630 user-u32 "can_recv" = 0
[machine.3]         1630 task-resume id=2 reason=scheduler
[machine.3]         1630 task-yield id=2 reason=Idle
[machine.3]         1640 task-resume id=1 reason=scheduler
[machine.3]         1640 task-yield id=1 reason=RtosPortYield
[machine.3]         1640 user-u32 "can_recv" = 0
[machine.3]         1640 user-u32 "can_recv" = 0
[machine.3]         1640 user-u32 "can_recv" = 0
[machine.3]         1640 user-u32 "can_send" = 0
[machine.3]         1640 user-u32 "can_recv" = 0
[machine.3]         1640 task-resume id=2 reason=scheduler
[machine.3]         1640 task-yield id=2 reason=Idle
[machine.3]         1650 task-resume id=1 reason=scheduler
[machine.3]         1650 task-yield id=1 reason=RtosPortYield
[machine.3]         1650 user-u32 "can_recv" = 0
[machine.3]         1650 user-u32 "can_recv" = 0
[machine.3]         1650 user-u32 "can_recv" = 0
[machine.3]         1650 user-u32 "can_send" = 0
[machine.3]         1650 user-u32 "can_recv" = 0
[machine.3]         1650 user-u32 "can_send" = 0
[machine.3]         1650 task-resume id=2 reason=scheduler
[machine.3]         1650 task-yield id=2 reason=Idle
[machine.3]         1660 task-resume id=1 reason=scheduler
[machine.3]         1660 task-yield id=1 reason=RtosPortYield
[machine.3]         1660 user-u32 "can_recv" = 0
[machine.3]         1660 user-u32 "can_recv" = 0
[machine.3]         1660 user-u32 "can_recv" = 0
[machine.3]         1660 user-u32 "can_send" = 0
[machine.3]         1660 user-u32 "can_recv" = 0
[machine.3]         1660 task-resume id=2 reason=scheduler
[machine.3]         1660 task-yield id=2 reason=Idle
[machine.3]         1670 task-resume id=1 reason=scheduler
[machine.3]         1670 task-yield id=1 reason=RtosPortYield
[machine.3]         1670 user-u32 "can_recv" = 0
[machine.3]         1670 user-u32 "can_recv" = 0
[machine.3]         1670 user-u32 "can_recv" = 0
[machine.3]         1670 user-u32 "can_send" = 0
[machine.3]         1670 user-u32 "can_recv" = 0
[machine.3]         1670 task-resume id=2 reason=scheduler
[machine.3]         1670 task-yield id=2 reason=Idle
[machine.3]         1680 task-resume id=1 reason=scheduler
[machine.3]         1680 task-yield id=1 reason=RtosPortYield
[machine.3]         1680 user-u32 "can_recv" = 0
[machine.3]         1680 user-u32 "can_recv" = 0
[machine.3]         1680 user-u32 "can_recv" = 0
[machine.3]         1680 user-u32 "can_send" = 0
[machine.3]         1680 user-u32 "can_recv" = 0
[machine.3]         1680 task-resume id=2 reason=scheduler
[machine.3]         1680 task-yield id=2 reason=Idle
[machine.3]         1690 task-resume id=1 reason=scheduler
[machine.3]         1690 task-yield id=1 reason=RtosPortYield
[machine.3]         1690 user-u32 "can_recv" = 0
[machine.3]         1690 user-u32 "can_recv" = 0
[machine.3]         1690 user-u32 "can_recv" = 0
[machine.3]         1690 user-u32 "can_send" = 0
[machine.3]         1690 user-u32 "can_recv" = 0
[machine.3]         1690 task-resume id=2 reason=scheduler
[machine.3]         1690 task-yield id=2 reason=Idle
[machine.3]         1700 task-resume id=1 reason=scheduler
[machine.3]         1700 task-yield id=1 reason=RtosPortYield
[machine.3]         1700 user-u32 "can_recv" = 0
[machine.3]         1700 user-u32 "can_recv" = 0
[machine.3]         1700 user-u32 "can_recv" = 0
[machine.3]         1700 user-u32 "can_send" = 0
[machine.3]         1700 user-u32 "can_recv" = 0
[machine.3]         1700 user-u32 "can_send" = 0
[machine.3]         1700 user-u32 "can_send" = 0
[machine.3]         1700 task-resume id=2 reason=scheduler
[machine.3]         1700 task-yield id=2 reason=Idle
[machine.3]         1710 task-resume id=1 reason=scheduler
[machine.3]         1710 task-yield id=1 reason=RtosPortYield
[machine.3]         1710 user-u32 "can_recv" = 0
[machine.3]         1710 user-u32 "can_recv" = 0
[machine.3]         1710 user-u32 "can_recv" = 0
[machine.3]         1710 user-u32 "can_recv" = 0
[machine.3]         1710 user-u32 "can_recv" = 0
[machine.3]         1710 user-u32 "can_send" = 0
[machine.3]         1710 user-u32 "can_recv" = 0
[machine.3]         1710 task-resume id=2 reason=scheduler
[machine.3]         1710 task-yield id=2 reason=Idle
[machine.3]         1720 task-resume id=1 reason=scheduler
[machine.3]         1720 task-yield id=1 reason=RtosPortYield
[machine.3]         1720 user-u32 "can_recv" = 0
[machine.3]         1720 user-u32 "can_recv" = 0
[machine.3]         1720 user-u32 "can_recv" = 0
[machine.3]         1720 user-u32 "can_send" = 0
[machine.3]         1720 user-u32 "can_recv" = 0
[machine.3]         1720 task-resume id=2 reason=scheduler
[machine.3]         1720 task-yield id=2 reason=Idle
[machine.3]         1730 task-resume id=1 reason=scheduler
[machine.3]         1730 task-yield id=1 reason=RtosPortYield
[machine.3]         1730 user-u32 "can_recv" = 0
[machine.3]         1730 user-u32 "can_recv" = 0
[machine.3]         1730 user-u32 "can_recv" = 0
[machine.3]         1730 user-u32 "can_send" = 0
[machine.3]         1730 user-u32 "can_recv" = 0
[machine.3]         1730 task-resume id=2 reason=scheduler
[machine.3]         1730 task-yield id=2 reason=Idle
[machine.3]         1740 task-resume id=1 reason=scheduler
[machine.3]         1740 task-yield id=1 reason=RtosPortYield
[machine.3]         1740 user-u32 "can_recv" = 0
[machine.3]         1740 user-u32 "can_recv" = 0
[machine.3]         1740 user-u32 "can_recv" = 0
[machine.3]         1740 user-u32 "can_send" = 0
[machine.3]         1740 user-u32 "can_recv" = 0
[machine.3]         1740 task-resume id=2 reason=scheduler
[machine.3]         1740 task-yield id=2 reason=Idle
[machine.3]         1750 task-resume id=1 reason=scheduler
[machine.3]         1750 task-yield id=1 reason=RtosPortYield
[machine.3]         1750 user-u32 "can_recv" = 0
[machine.3]         1750 user-u32 "can_recv" = 0
[machine.3]         1750 user-u32 "can_recv" = 0
[machine.3]         1750 user-u32 "can_send" = 0
[machine.3]         1750 user-u32 "can_recv" = 0
[machine.3]         1750 user-u32 "can_send" = 0
[machine.3]         1750 task-resume id=2 reason=scheduler
[machine.3]         1750 task-yield id=2 reason=Idle
[machine.3]         1760 task-resume id=1 reason=scheduler
[machine.3]         1760 task-yield id=1 reason=RtosPortYield
[machine.3]         1760 user-u32 "can_recv" = 0
[machine.3]         1760 user-u32 "can_recv" = 0
[machine.3]         1760 user-u32 "can_recv" = 0
[machine.3]         1760 user-u32 "can_send" = 0
[machine.3]         1760 user-u32 "can_recv" = 0
[machine.3]         1760 task-resume id=2 reason=scheduler
[machine.3]         1760 task-yield id=2 reason=Idle
[machine.3]         1770 task-resume id=1 reason=scheduler
[machine.3]         1770 task-yield id=1 reason=RtosPortYield
[machine.3]         1770 user-u32 "can_recv" = 0
[machine.3]         1770 user-u32 "can_recv" = 0
[machine.3]         1770 user-u32 "can_recv" = 0
[machine.3]         1770 user-u32 "can_send" = 0
[machine.3]         1770 user-u32 "can_recv" = 0
[machine.3]         1770 task-resume id=2 reason=scheduler
[machine.3]         1770 task-yield id=2 reason=Idle
[machine.3]         1780 task-resume id=1 reason=scheduler
[machine.3]         1780 task-yield id=1 reason=RtosPortYield
[machine.3]         1780 user-u32 "can_recv" = 0
[machine.3]         1780 user-u32 "can_recv" = 0
[machine.3]         1780 user-u32 "can_recv" = 0
[machine.3]         1780 user-u32 "can_send" = 0
[machine.3]         1780 user-u32 "can_recv" = 0
[machine.3]         1780 task-resume id=2 reason=scheduler
[machine.3]         1780 task-yield id=2 reason=Idle
[machine.3]         1790 task-resume id=1 reason=scheduler
[machine.3]         1790 task-yield id=1 reason=RtosPortYield
[machine.3]         1790 user-u32 "can_recv" = 0
[machine.3]         1790 user-u32 "can_recv" = 0
[machine.3]         1790 user-u32 "can_recv" = 0
[machine.3]         1790 user-u32 "can_send" = 0
[machine.3]         1790 user-u32 "can_recv" = 0
[machine.3]         1790 task-resume id=2 reason=scheduler
[machine.3]         1790 task-yield id=2 reason=Idle
[machine.3]         1800 task-resume id=1 reason=scheduler
[machine.3]         1800 task-yield id=1 reason=RtosPortYield
[machine.3]         1800 user-u32 "can_recv" = 0
[machine.3]         1800 user-u32 "can_recv" = 0
[machine.3]         1800 user-u32 "can_recv" = 0
[machine.3]         1800 user-u32 "can_send" = 0
[machine.3]         1800 user-u32 "can_recv" = 0
[machine.3]         1800 user-u32 "can_send" = 0
[machine.3]         1800 user-u32 "can_send" = 0
[machine.3]         1800 task-resume id=2 reason=scheduler
[machine.3]         1800 task-yield id=2 reason=Idle
[machine.3]         1810 task-resume id=1 reason=scheduler
[machine.3]         1810 task-yield id=1 reason=RtosPortYield
[machine.3]         1810 user-u32 "can_recv" = 0
[machine.3]         1810 user-u32 "can_recv" = 0
[machine.3]         1810 user-u32 "can_recv" = 0
[machine.3]         1810 user-u32 "can_recv" = 0
[machine.3]         1810 user-u32 "can_recv" = 0
[machine.3]         1810 user-u32 "can_send" = 0
[machine.3]         1810 user-u32 "can_recv" = 0
[machine.3]         1810 task-resume id=2 reason=scheduler
[machine.3]         1810 task-yield id=2 reason=Idle
[machine.3]         1820 task-resume id=1 reason=scheduler
[machine.3]         1820 task-yield id=1 reason=RtosPortYield
[machine.3]         1820 user-u32 "can_recv" = 0
[machine.3]         1820 user-u32 "can_recv" = 0
[machine.3]         1820 user-u32 "can_recv" = 0
[machine.3]         1820 user-u32 "can_send" = 0
[machine.3]         1820 user-u32 "can_recv" = 0
[machine.3]         1820 task-resume id=2 reason=scheduler
[machine.3]         1820 task-yield id=2 reason=Idle
[machine.3]         1830 task-resume id=1 reason=scheduler
[machine.3]         1830 task-yield id=1 reason=RtosPortYield
[machine.3]         1830 user-u32 "can_recv" = 0
[machine.3]         1830 user-u32 "can_recv" = 0
[machine.3]         1830 user-u32 "can_recv" = 0
[machine.3]         1830 user-u32 "can_send" = 0
[machine.3]         1830 user-u32 "can_recv" = 0
[machine.3]         1830 task-resume id=2 reason=scheduler
[machine.3]         1830 task-yield id=2 reason=Idle
[machine.3]         1840 task-resume id=1 reason=scheduler
[machine.3]         1840 task-yield id=1 reason=RtosPortYield
[machine.3]         1840 user-u32 "can_recv" = 0
[machine.3]         1840 user-u32 "can_recv" = 0
[machine.3]         1840 user-u32 "can_recv" = 0
[machine.3]         1840 user-u32 "can_send" = 0
[machine.3]         1840 user-u32 "can_recv" = 0
[machine.3]         1840 task-resume id=2 reason=scheduler
[machine.3]         1840 task-yield id=2 reason=Idle
[machine.3]         1850 task-resume id=1 reason=scheduler
[machine.3]         1850 task-yield id=1 reason=RtosPortYield
[machine.3]         1850 user-u32 "can_recv" = 0
[machine.3]         1850 user-u32 "can_recv" = 0
[machine.3]         1850 user-u32 "can_recv" = 0
[machine.3]         1850 user-u32 "can_send" = 0
[machine.3]         1850 user-u32 "can_recv" = 0
[machine.3]         1850 user-u32 "can_send" = 0
[machine.3]         1850 task-resume id=2 reason=scheduler
[machine.3]         1850 task-yield id=2 reason=Idle
[machine.3]         1860 task-resume id=1 reason=scheduler
[machine.3]         1860 task-yield id=1 reason=RtosPortYield
[machine.3]         1860 user-u32 "can_recv" = 0
[machine.3]         1860 user-u32 "can_recv" = 0
[machine.3]         1860 user-u32 "can_recv" = 0
[machine.3]         1860 user-u32 "can_send" = 0
[machine.3]         1860 user-u32 "can_recv" = 0
[machine.3]         1860 task-resume id=2 reason=scheduler
[machine.3]         1860 task-yield id=2 reason=Idle
[machine.3]         1870 task-resume id=1 reason=scheduler
[machine.3]         1870 task-yield id=1 reason=RtosPortYield
[machine.3]         1870 user-u32 "can_recv" = 0
[machine.3]         1870 user-u32 "can_recv" = 0
[machine.3]         1870 user-u32 "can_recv" = 0
[machine.3]         1870 user-u32 "can_send" = 0
[machine.3]         1870 user-u32 "can_recv" = 0
[machine.3]         1870 task-resume id=2 reason=scheduler
[machine.3]         1870 task-yield id=2 reason=Idle
[machine.3]         1880 task-resume id=1 reason=scheduler
[machine.3]         1880 task-yield id=1 reason=RtosPortYield
[machine.3]         1880 user-u32 "can_recv" = 0
[machine.3]         1880 user-u32 "can_recv" = 0
[machine.3]         1880 user-u32 "can_recv" = 0
[machine.3]         1880 user-u32 "can_send" = 0
[machine.3]         1880 user-u32 "can_recv" = 0
[machine.3]         1880 task-resume id=2 reason=scheduler
[machine.3]         1880 task-yield id=2 reason=Idle
[machine.3]         1890 task-resume id=1 reason=scheduler
[machine.3]         1890 task-yield id=1 reason=RtosPortYield
[machine.3]         1890 user-u32 "can_recv" = 0
[machine.3]         1890 user-u32 "can_recv" = 0
[machine.3]         1890 user-u32 "can_recv" = 0
[machine.3]         1890 user-u32 "can_send" = 0
[machine.3]         1890 user-u32 "can_recv" = 0
[machine.3]         1890 task-resume id=2 reason=scheduler
[machine.3]         1890 task-yield id=2 reason=Idle
[machine.3]         1900 task-resume id=1 reason=scheduler
[machine.3]         1900 task-yield id=1 reason=RtosPortYield
[machine.3]         1900 user-u32 "can_recv" = 0
[machine.3]         1900 user-u32 "can_recv" = 0
[machine.3]         1900 user-u32 "can_recv" = 0
[machine.3]         1900 user-u32 "can_send" = 0
[machine.3]         1900 user-u32 "can_recv" = 0
[machine.3]         1900 user-u32 "can_send" = 0
[machine.3]         1900 user-u32 "can_send" = 0
[machine.3]         1900 task-resume id=2 reason=scheduler
[machine.3]         1900 task-yield id=2 reason=Idle
[machine.3]         1910 task-resume id=1 reason=scheduler
[machine.3]         1910 task-yield id=1 reason=RtosPortYield
[machine.3]         1910 user-u32 "can_recv" = 0
[machine.3]         1910 user-u32 "can_recv" = 0
[machine.3]         1910 user-u32 "can_recv" = 0
[machine.3]         1910 user-u32 "can_recv" = 0
[machine.3]         1910 user-u32 "can_recv" = 0
[machine.3]         1910 user-u32 "can_send" = 0
[machine.3]         1910 user-u32 "can_recv" = 0
[machine.3]         1910 task-resume id=2 reason=scheduler
[machine.3]         1910 task-yield id=2 reason=Idle
[machine.3]         1920 task-resume id=1 reason=scheduler
[machine.3]         1920 task-yield id=1 reason=RtosPortYield
[machine.3]         1920 user-u32 "can_recv" = 0
[machine.3]         1920 user-u32 "can_recv" = 0
[machine.3]         1920 user-u32 "can_recv" = 0
[machine.3]         1920 user-u32 "can_send" = 0
[machine.3]         1920 user-u32 "can_recv" = 0
[machine.3]         1920 task-resume id=2 reason=scheduler
[machine.3]         1920 task-yield id=2 reason=Idle
[machine.3]         1930 task-resume id=1 reason=scheduler
[machine.3]         1930 task-yield id=1 reason=RtosPortYield
[machine.3]         1930 user-u32 "can_recv" = 0
[machine.3]         1930 user-u32 "can_recv" = 0
[machine.3]         1930 user-u32 "can_recv" = 0
[machine.3]         1930 user-u32 "can_send" = 0
[machine.3]         1930 user-u32 "can_recv" = 0
[machine.3]         1930 task-resume id=2 reason=scheduler
[machine.3]         1930 task-yield id=2 reason=Idle
[machine.3]         1940 task-resume id=1 reason=scheduler
[machine.3]         1940 task-yield id=1 reason=RtosPortYield
[machine.3]         1940 user-u32 "can_recv" = 0
[machine.3]         1940 user-u32 "can_recv" = 0
[machine.3]         1940 user-u32 "can_recv" = 0
[machine.3]         1940 user-u32 "can_send" = 0
[machine.3]         1940 user-u32 "can_recv" = 0
[machine.3]         1940 task-resume id=2 reason=scheduler
[machine.3]         1940 task-yield id=2 reason=Idle
[machine.3]         1950 task-resume id=1 reason=scheduler
[machine.3]         1950 task-yield id=1 reason=RtosPortYield
[machine.3]         1950 user-u32 "can_recv" = 0
[machine.3]         1950 user-u32 "can_recv" = 0
[machine.3]         1950 user-u32 "can_recv" = 0
[machine.3]         1950 user-u32 "can_send" = 0
[machine.3]         1950 user-u32 "can_recv" = 0
[machine.3]         1950 user-u32 "can_send" = 0
[machine.3]         1950 task-resume id=2 reason=scheduler
[machine.3]         1950 task-yield id=2 reason=Idle
[machine.3]         1960 task-resume id=1 reason=scheduler
[machine.3]         1960 task-yield id=1 reason=RtosPortYield
[machine.3]         1960 user-u32 "can_recv" = 0
[machine.3]         1960 user-u32 "can_recv" = 0
[machine.3]         1960 user-u32 "can_recv" = 0
[machine.3]         1960 user-u32 "can_send" = 0
[machine.3]         1960 user-u32 "can_recv" = 0
[machine.3]         1960 task-resume id=2 reason=scheduler
[machine.3]         1960 task-yield id=2 reason=Idle
[machine.3]         1970 task-resume id=1 reason=scheduler
[machine.3]         1970 task-yield id=1 reason=RtosPortYield
[machine.3]         1970 user-u32 "can_recv" = 0
[machine.3]         1970 user-u32 "can_recv" = 0
[machine.3]         1970 user-u32 "can_recv" = 0
[machine.3]         1970 user-u32 "can_send" = 0
[machine.3]         1970 user-u32 "can_recv" = 0
[machine.3]         1970 task-resume id=2 reason=scheduler
[machine.3]         1970 task-yield id=2 reason=Idle
[machine.3]         1980 task-resume id=1 reason=scheduler
[machine.3]         1980 task-yield id=1 reason=RtosPortYield
[machine.3]         1980 user-u32 "can_recv" = 0
[machine.3]         1980 user-u32 "can_recv" = 0
[machine.3]         1980 user-u32 "can_recv" = 0
[machine.3]         1980 user-u32 "can_send" = 0
[machine.3]         1980 user-u32 "can_recv" = 0
[machine.3]         1980 task-resume id=2 reason=scheduler
[machine.3]         1980 task-yield id=2 reason=Idle
[machine.3]         1990 task-resume id=1 reason=scheduler
[machine.3]         1990 task-yield id=1 reason=RtosPortYield
[machine.3]         1990 user-u32 "can_recv" = 0
[machine.3]         1990 user-u32 "can_recv" = 0
[machine.3]         1990 user-u32 "can_recv" = 0
[machine.3]         1990 user-u32 "can_send" = 0
[machine.3]         1990 user-u32 "can_recv" = 0
[machine.3]         1990 task-resume id=2 reason=scheduler
[machine.3]         1990 task-yield id=2 reason=Idle
[machine.3]         2000 task-resume id=1 reason=scheduler
[machine.3]         2000 task-created id=5 name="calibration"
[machine.3]         2000 task-yield id=1 reason=RtosPortYield
[machine.3]         2000 user-u32 "calib_created" = 0
[machine.3]         2000 user-u32 "calib_restart" = 2000
[machine.3]         2000 user-u32 "can_recv" = 0
[machine.3]         2000 user-u32 "can_recv" = 0
[machine.3]         2000 user-u32 "can_recv" = 0
[machine.3]         2000 user-u32 "can_send" = 0
[machine.3]         2000 user-u32 "can_recv" = 0
[machine.3]         2000 user-u32 "can_send" = 0
[machine.3]         2000 user-u32 "can_send" = 0
[machine.3]         2000 task-resume id=5 reason=scheduler
[machine.3]         2000 task-yield id=5 reason=RtosPortYield
[machine.3]         2000 user-u32 "calib_start" = 1
[machine.3]         2000 task-resume id=2 reason=scheduler
[machine.3]         2000 task-yield id=2 reason=Idle
[machine.3]         2010 task-resume id=1 reason=scheduler
[machine.3]         2010 task-yield id=1 reason=RtosPortYield
[machine.3]         2010 user-u32 "can_recv" = 0
[machine.3]         2010 user-u32 "can_recv" = 0
[machine.3]         2010 user-u32 "can_recv" = 0
[machine.3]         2010 user-u32 "can_recv" = 0
[machine.3]         2010 user-u32 "can_recv" = 0
[machine.3]         2010 user-u32 "can_send" = 0
[machine.3]         2010 user-u32 "can_recv" = 0
[machine.3]         2010 task-resume id=2 reason=scheduler
[machine.3]         2010 task-yield id=2 reason=Idle
[machine.3]         2020 task-resume id=1 reason=scheduler
[machine.3]         2020 task-yield id=1 reason=RtosPortYield
[machine.3]         2020 user-u32 "can_recv" = 0
[machine.3]         2020 user-u32 "can_recv" = 0
[machine.3]         2020 user-u32 "can_recv" = 0
[machine.3]         2020 user-u32 "can_send" = 0
[machine.3]         2020 user-u32 "can_recv" = 0
[machine.3]         2020 task-resume id=2 reason=scheduler
[machine.3]         2020 task-yield id=2 reason=Idle
[machine.3]         2030 task-resume id=1 reason=scheduler
[machine.3]         2030 task-yield id=1 reason=RtosPortYield
[machine.3]         2030 user-u32 "can_recv" = 0
[machine.3]         2030 user-u32 "can_recv" = 0
[machine.3]         2030 user-u32 "can_recv" = 0
[machine.3]         2030 user-u32 "can_send" = 0
[machine.3]         2030 user-u32 "can_recv" = 0
[machine.3]         2030 task-resume id=2 reason=scheduler
[machine.3]         2030 task-yield id=2 reason=Idle
[machine.3]         2040 task-resume id=1 reason=scheduler
[machine.3]         2040 task-yield id=1 reason=RtosPortYield
[machine.3]         2040 user-u32 "can_recv" = 0
[machine.3]         2040 user-u32 "can_recv" = 0
[machine.3]         2040 user-u32 "can_recv" = 0
[machine.3]         2040 user-u32 "can_send" = 0
[machine.3]         2040 user-u32 "can_recv" = 0
[machine.3]         2040 task-resume id=2 reason=scheduler
[machine.3]         2040 task-yield id=2 reason=Idle
[machine.3]         2050 task-resume id=5 reason=scheduler
[machine.3]         2050 task-yield id=5 reason=RtosPortYield
[machine.3]         2050 user-u32 "calib_step" = 1
[machine.3]         2050 task-resume id=1 reason=scheduler
[machine.3]         2050 task-yield id=1 reason=RtosPortYield
[machine.3]         2050 user-u32 "can_recv" = 0
[machine.3]         2050 user-u32 "can_recv" = 0
[machine.3]         2050 user-u32 "can_recv" = 0
[machine.3]         2050 user-u32 "can_send" = 0
[machine.3]         2050 user-u32 "can_recv" = 0
[machine.3]         2050 user-u32 "can_send" = 0
[machine.3]         2050 task-resume id=2 reason=scheduler
[machine.3]         2050 task-yield id=2 reason=Idle
[machine.3]         2060 task-resume id=1 reason=scheduler
[machine.3]         2060 task-yield id=1 reason=RtosPortYield
[machine.3]         2060 user-u32 "can_recv" = 0
[machine.3]         2060 user-u32 "can_recv" = 0
[machine.3]         2060 user-u32 "can_recv" = 0
[machine.3]         2060 user-u32 "can_send" = 0
[machine.3]         2060 user-u32 "can_recv" = 0
[machine.3]         2060 task-resume id=2 reason=scheduler
[machine.3]         2060 task-yield id=2 reason=Idle
[machine.3]         2070 task-resume id=1 reason=scheduler
[machine.3]         2070 task-yield id=1 reason=RtosPortYield
[machine.3]         2070 user-u32 "can_recv" = 0
[machine.3]         2070 user-u32 "can_recv" = 0
[machine.3]         2070 user-u32 "can_recv" = 0
[machine.3]         2070 user-u32 "can_send" = 0
[machine.3]         2070 user-u32 "can_recv" = 0
[machine.3]         2070 task-resume id=2 reason=scheduler
[machine.3]         2070 task-yield id=2 reason=Idle
[machine.3]         2080 task-resume id=1 reason=scheduler
[machine.3]         2080 task-yield id=1 reason=RtosPortYield
[machine.3]         2080 user-u32 "can_recv" = 0
[machine.3]         2080 user-u32 "can_recv" = 0
[machine.3]         2080 user-u32 "can_recv" = 0
[machine.3]         2080 user-u32 "can_send" = 0
[machine.3]         2080 user-u32 "can_recv" = 0
[machine.3]         2080 task-resume id=2 reason=scheduler
[machine.3]         2080 task-yield id=2 reason=Idle
[machine.3]         2090 task-resume id=1 reason=scheduler
[machine.3]         2090 task-yield id=1 reason=RtosPortYield
[machine.3]         2090 user-u32 "can_recv" = 0
[machine.3]         2090 user-u32 "can_recv" = 0
[machine.3]         2090 user-u32 "can_recv" = 0
[machine.3]         2090 user-u32 "can_send" = 0
[machine.3]         2090 user-u32 "can_recv" = 0
[machine.3]         2090 task-resume id=2 reason=scheduler
[machine.3]         2090 task-yield id=2 reason=Idle
[machine.3]         2100 task-resume id=5 reason=scheduler
[machine.3]         2100 task-yield id=5 reason=RtosPortYield
[machine.3]         2100 user-u32 "calib_step" = 2
[machine.3]         2100 task-resume id=1 reason=scheduler
[machine.3]         2100 task-yield id=1 reason=RtosPortYield
[machine.3]         2100 user-u32 "can_recv" = 0
[machine.3]         2100 user-u32 "can_recv" = 0
[machine.3]         2100 user-u32 "can_recv" = 0
[machine.3]         2100 user-u32 "can_send" = 0
[machine.3]         2100 user-u32 "can_recv" = 0
[machine.3]         2100 user-u32 "can_send" = 0
[machine.3]         2100 user-u32 "can_send" = 0
[machine.3]         2100 task-resume id=2 reason=scheduler
[machine.3]         2100 task-yield id=2 reason=Idle
[machine.3]         2110 task-resume id=1 reason=scheduler
[machine.3]         2110 task-yield id=1 reason=RtosPortYield
[machine.3]         2110 user-u32 "can_recv" = 0
[machine.3]         2110 user-u32 "can_recv" = 0
[machine.3]         2110 user-u32 "can_recv" = 0
[machine.3]         2110 user-u32 "can_recv" = 0
[machine.3]         2110 user-u32 "can_recv" = 0
[machine.3]         2110 user-u32 "can_send" = 0
[machine.3]         2110 user-u32 "can_recv" = 0
[machine.3]         2110 task-resume id=2 reason=scheduler
[machine.3]         2110 task-yield id=2 reason=Idle
[machine.3]         2120 task-resume id=1 reason=scheduler
[machine.3]         2120 task-yield id=1 reason=RtosPortYield
[machine.3]         2120 user-u32 "can_recv" = 0
[machine.3]         2120 user-u32 "can_recv" = 0
[machine.3]         2120 user-u32 "can_recv" = 0
[machine.3]         2120 user-u32 "can_send" = 0
[machine.3]         2120 user-u32 "can_recv" = 0
[machine.3]         2120 task-resume id=2 reason=scheduler
[machine.3]         2120 task-yield id=2 reason=Idle
[machine.3]         2130 task-resume id=1 reason=scheduler
[machine.3]         2130 task-yield id=1 reason=RtosPortYield
[machine.3]         2130 user-u32 "can_recv" = 0
[machine.3]         2130 user-u32 "can_recv" = 0
[machine.3]         2130 user-u32 "can_recv" = 0
[machine.3]         2130 user-u32 "can_send" = 0
[machine.3]         2130 user-u32 "can_recv" = 0
[machine.3]         2130 task-resume id=2 reason=scheduler
[machine.3]         2130 task-yield id=2 reason=Idle
[machine.3]         2140 task-resume id=1 reason=scheduler
[machine.3]         2140 task-yield id=1 reason=RtosPortYield
[machine.3]         2140 user-u32 "can_recv" = 0
[machine.3]         2140 user-u32 "can_recv" = 0
[machine.3]         2140 user-u32 "can_recv" = 0
[machine.3]         2140 user-u32 "can_send" = 0
[machine.3]         2140 user-u32 "can_recv" = 0
[machine.3]         2140 task-resume id=2 reason=scheduler
[machine.3]         2140 task-yield id=2 reason=Idle
[machine.3]         2150 task-resume id=5 reason=scheduler
[machine.3]         2150 task-yield id=5 reason=RtosPortYield
[machine.3]         2150 user-u32 "calib_step" = 3
[machine.3]         2150 user-u32 "calib_done" = 150
[machine.3]         2150 task-resume id=1 reason=scheduler
[machine.3]         2150 task-created id=6 name="calibration"
[machine.3]         2150 task-yield id=1 reason=RtosPortYield
[machine.3]         2150 user-u32 "calib_created" = 0
[machine.3]         2150 user-u32 "calib_restart" = 2150
[machine.3]         2150 user-u32 "can_recv" = 0
[machine.3]         2150 user-u32 "can_recv" = 0
[machine.3]         2150 user-u32 "can_recv" = 0
[machine.3]         2150 user-u32 "can_send" = 0
[machine.3]         2150 user-u32 "can_recv" = 0
[machine.3]         2150 user-u32 "can_send" = 0
[machine.3]         2150 task-resume id=6 reason=scheduler
[machine.3]         2150 task-yield id=6 reason=RtosPortYield
[machine.3]         2150 user-u32 "calib_start" = 1
[machine.3]         2150 task-resume id=2 reason=scheduler
[machine.3]         2150 task-yield id=2 reason=Idle
[machine.3]         2160 task-resume id=1 reason=scheduler
[machine.3]         2160 task-yield id=1 reason=RtosPortYield
[machine.3]         2160 user-u32 "can_recv" = 0
[machine.3]         2160 user-u32 "can_recv" = 0
[machine.3]         2160 user-u32 "can_recv" = 0
[machine.3]         2160 user-u32 "can_send" = 0
[machine.3]         2160 user-u32 "can_recv" = 0
[machine.3]         2160 task-resume id=2 reason=scheduler
[machine.3]         2160 task-yield id=2 reason=Idle
[machine.3]         2170 task-resume id=1 reason=scheduler
[machine.3]         2170 task-yield id=1 reason=RtosPortYield
[machine.3]         2170 user-u32 "can_recv" = 0
[machine.3]         2170 user-u32 "can_recv" = 0
[machine.3]         2170 user-u32 "can_recv" = 0
[machine.3]         2170 user-u32 "can_send" = 0
[machine.3]         2170 user-u32 "can_recv" = 0
[machine.3]         2170 task-resume id=2 reason=scheduler
[machine.3]         2170 task-yield id=2 reason=Idle
[machine.3]         2180 task-resume id=1 reason=scheduler
[machine.3]         2180 task-yield id=1 reason=RtosPortYield
[machine.3]         2180 user-u32 "can_recv" = 0
[machine.3]         2180 user-u32 "can_recv" = 0
[machine.3]         2180 user-u32 "can_recv" = 0
[machine.3]         2180 user-u32 "can_send" = 0
[machine.3]         2180 user-u32 "can_recv" = 0
[machine.3]         2180 task-resume id=2 reason=scheduler
[machine.3]         2180 task-yield id=2 reason=Idle
[machine.3]         2190 task-resume id=1 reason=scheduler
[machine.3]         2190 task-yield id=1 reason=RtosPortYield
[machine.3]         2190 user-u32 "can_recv" = 0
[machine.3]         2190 user-u32 "can_recv" = 0
[machine.3]         2190 user-u32 "can_recv" = 0
[machine.3]         2190 user-u32 "can_send" = 0
[machine.3]         2190 user-u32 "can_recv" = 0
[machine.3]         2190 task-resume id=2 reason=scheduler
[machine.3]         2190 task-yield id=2 reason=Idle
[machine.3]         2200 task-resume id=6 reason=scheduler
[machine.3]         2200 task-yield id=6 reason=RtosPortYield
[machine.3]         2200 user-u32 "calib_step" = 1
[machine.3]         2200 task-resume id=1 reason=scheduler
[machine.3]         2200 task-yield id=1 reason=RtosPortYield
[machine.3]         2200 user-u32 "can_recv" = 0
[machine.3]         2200 user-u32 "can_recv" = 0
[machine.3]         2200 user-u32 "can_recv" = 0
[machine.3]         2200 user-u32 "can_send" = 0
[machine.3]         2200 user-u32 "can_recv" = 0
[machine.3]         2200 user-u32 "can_send" = 0
[machine.3]         2200 user-u32 "can_send" = 0
[machine.3]         2200 task-resume id=2 reason=scheduler
[machine.3]         2200 task-yield id=2 reason=Idle
[machine.3]         2210 task-resume id=1 reason=scheduler
[machine.3]         2210 task-yield id=1 reason=RtosPortYield
[machine.3]         2210 user-u32 "can_recv" = 0
[machine.3]         2210 user-u32 "can_recv" = 0
[machine.3]         2210 user-u32 "can_recv" = 0
[machine.3]         2210 user-u32 "can_recv" = 0
[machine.3]         2210 user-u32 "can_recv" = 0
[machine.3]         2210 user-u32 "can_send" = 0
[machine.3]         2210 user-u32 "can_recv" = 0
[machine.3]         2210 task-resume id=2 reason=scheduler
[machine.3]         2210 task-yield id=2 reason=Idle
[machine.3]         2220 task-resume id=1 reason=scheduler
[machine.3]         2220 task-yield id=1 reason=RtosPortYield
[machine.3]         2220 user-u32 "can_recv" = 0
[machine.3]         2220 user-u32 "can_recv" = 0
[machine.3]         2220 user-u32 "can_recv" = 0
[machine.3]         2220 user-u32 "can_send" = 0
[machine.3]         2220 user-u32 "can_recv" = 0
[machine.3]         2220 task-resume id=2 reason=scheduler
[machine.3]         2220 task-yield id=2 reason=Idle
[machine.3]         2230 task-resume id=1 reason=scheduler
[machine.3]         2230 task-yield id=1 reason=RtosPortYield
[machine.3]         2230 user-u32 "can_recv" = 0
[machine.3]         2230 user-u32 "can_recv" = 0
[machine.3]         2230 user-u32 "can_recv" = 0
[machine.3]         2230 user-u32 "can_send" = 0
[machine.3]         2230 user-u32 "can_recv" = 0
[machine.3]         2230 task-resume id=2 reason=scheduler
[machine.3]         2230 task-yield id=2 reason=Idle
[machine.3]         2240 task-resume id=1 reason=scheduler
[machine.3]         2240 task-yield id=1 reason=RtosPortYield
[machine.3]         2240 user-u32 "can_recv" = 0
[machine.3]         2240 user-u32 "can_recv" = 0
[machine.3]         2240 user-u32 "can_recv" = 0
[machine.3]         2240 user-u32 "can_send" = 0
[machine.3]         2240 user-u32 "can_recv" = 0
[machine.3]         2240 task-resume id=2 reason=scheduler
[machine.3]         2240 task-yield id=2 reason=Idle
[machine.3]         2250 task-resume id=6 reason=scheduler
[machine.3]         2250 task-yield id=6 reason=RtosPortYield
[machine.3]         2250 user-u32 "calib_step" = 2
[machine.3]         2250 task-resume id=1 reason=scheduler
[machine.3]         2250 task-yield id=1 reason=RtosPortYield
[machine.3]         2250 user-u32 "can_recv" = 0
[machine.3]         2250 user-u32 "can_recv" = 0
[machine.3]         2250 user-u32 "can_recv" = 0
[machine.3]         2250 user-u32 "can_send" = 0
[machine.3]         2250 user-u32 "can_recv" = 0
[machine.3]         2250 user-u32 "can_send" = 0
[machine.3]         2250 task-resume id=2 reason=scheduler
[machine.3]         2250 task-yield id=2 reason=Idle
[machine.3]         2260 task-resume id=1 reason=scheduler
[machine.3]         2260 task-yield id=1 reason=RtosPortYield
[machine.3]         2260 user-u32 "can_recv" = 0
[machine.3]         2260 user-u32 "can_recv" = 0
[machine.3]         2260 user-u32 "can_recv" = 0
[machine.3]         2260 user-u32 "can_send" = 0
[machine.3]         2260 user-u32 "can_recv" = 0
[machine.3]         2260 task-resume id=2 reason=scheduler
[machine.3]         2260 task-yield id=2 reason=Idle
[machine.3]         2270 task-resume id=1 reason=scheduler
[machine.3]         2270 task-yield id=1 reason=RtosPortYield
[machine.3]         2270 user-u32 "can_recv" = 0
[machine.3]         2270 user-u32 "can_recv" = 0
[machine.3]         2270 user-u32 "can_recv" = 0
[machine.3]         2270 user-u32 "can_send" = 0
[machine.3]         2270 user-u32 "can_recv" = 0
[machine.3]         2270 task-resume id=2 reason=scheduler
[machine.3]         2270 task-yield id=2 reason=Idle
[machine.3]         2280 task-resume id=1 reason=scheduler
[machine.3]         2280 task-yield id=1 reason=RtosPortYield
[machine.3]         2280 user-u32 "can_recv" = 0
[machine.3]         2280 user-u32 "can_recv" = 0
[machine.3]         2280 user-u32 "can_recv" = 0
[machine.3]         2280 user-u32 "can_send" = 0
[machine.3]         2280 user-u32 "can_recv" = 0
[machine.3]         2280 task-resume id=2 reason=scheduler
[machine.3]         2280 task-yield id=2 reason=Idle
[machine.3]         2290 task-resume id=1 reason=scheduler
[machine.3]         2290 task-yield id=1 reason=RtosPortYield
[machine.3]         2290 user-u32 "can_recv" = 0
[machine.3]         2290 user-u32 "can_recv" = 0
[machine.3]         2290 user-u32 "can_recv" = 0
[machine.3]         2290 user-u32 "can_send" = 0
[machine.3]         2290 user-u32 "can_recv" = 0
[machine.3]         2290 task-resume id=2 reason=scheduler
[machine.3]         2290 task-yield id=2 reason=Idle
[machine.3]         2300 task-resume id=6 reason=scheduler
[machine.3]         2300 task-yield id=6 reason=RtosPortYield
[machine.3]         2300 user-u32 "calib_step" = 3
[machine.3]         2300 user-u32 "calib_done" = 150
[machine.3]         2300 task-resume id=1 reason=scheduler
[machine.3]         2300 task-created id=7 name="calibration"
[machine.3]         2300 task-yield id=1 reason=RtosPortYield
[machine.3]         2300 user-u32 "calib_created" = 0
[machine.3]         2300 user-u32 "calib_restart" = 2300
[machine.3]         2300 user-u32 "can_recv" = 0
[machine.3]         2300 user-u32 "can_recv" = 0
[machine.3]         2300 user-u32 "can_recv" = 0
[machine.3]         2300 user-u32 "can_send" = 0
[machine.3]         2300 user-u32 "can_recv" = 0
[machine.3]         2300 user-u32 "can_send" = 0
[machine.3]         2300 user-u32 "can_send" = 0
[machine.3]         2300 task-resume id=7 reason=scheduler
[machine.3]         2300 task-yield id=7 reason=RtosPortYield
[machine.3]         2300 user-u32 "calib_start" = 1
[machine.3]         2300 task-resume id=2 reason=scheduler
[machine.3]         2300 task-yield id=2 reason=Idle
[machine.3]         2310 task-resume id=1 reason=scheduler
[machine.3]         2310 task-yield id=1 reason=RtosPortYield
[machine.3]         2310 user-u32 "can_recv" = 0
[machine.3]         2310 user-u32 "can_recv" = 0
[machine.3]         2310 user-u32 "can_recv" = 0
[machine.3]         2310 user-u32 "can_recv" = 0
[machine.3]         2310 user-u32 "can_recv" = 0
[machine.3]         2310 user-u32 "can_send" = 0
[machine.3]         2310 user-u32 "can_recv" = 0
[machine.3]         2310 task-resume id=2 reason=scheduler
[machine.3]         2310 task-yield id=2 reason=Idle
[machine.3]         2320 task-resume id=1 reason=scheduler
[machine.3]         2320 task-yield id=1 reason=RtosPortYield
[machine.3]         2320 user-u32 "can_recv" = 0
[machine.3]         2320 user-u32 "can_recv" = 0
[machine.3]         2320 user-u32 "can_recv" = 0
[machine.3]         2320 user-u32 "can_send" = 0
[machine.3]         2320 user-u32 "can_recv" = 0
[machine.3]         2320 task-resume id=2 reason=scheduler
[machine.3]         2320 task-yield id=2 reason=Idle
[machine.3]         2330 task-resume id=1 reason=scheduler
[machine.3]         2330 task-yield id=1 reason=RtosPortYield
[machine.3]         2330 user-u32 "can_recv" = 0
[machine.3]         2330 user-u32 "can_recv" = 0
[machine.3]         2330 user-u32 "can_recv" = 0
[machine.3]         2330 user-u32 "can_send" = 0
[machine.3]         2330 user-u32 "can_recv" = 0
[machine.3]         2330 task-resume id=2 reason=scheduler
[machine.3]         2330 task-yield id=2 reason=Idle
[machine.3]         2340 task-resume id=1 reason=scheduler
[machine.3]         2340 task-yield id=1 reason=RtosPortYield
[machine.3]         2340 user-u32 "can_recv" = 0
[machine.3]         2340 user-u32 "can_recv" = 0
[machine.3]         2340 user-u32 "can_recv" = 0
[machine.3]         2340 user-u32 "can_send" = 0
[machine.3]         2340 user-u32 "can_recv" = 0
[machine.3]         2340 task-resume id=2 reason=scheduler
[machine.3]         2340 task-yield id=2 reason=Idle
[machine.3]         2350 task-resume id=7 reason=scheduler
[machine.3]         2350 task-yield id=7 reason=RtosPortYield
[machine.3]         2350 user-u32 "calib_step" = 1
[machine.3]         2350 task-resume id=1 reason=scheduler
[machine.3]         2350 task-yield id=1 reason=RtosPortYield
[machine.3]         2350 user-u32 "can_recv" = 0
[machine.3]         2350 user-u32 "can_recv" = 0
[machine.3]         2350 user-u32 "can_recv" = 0
[machine.3]         2350 user-u32 "can_send" = 0
[machine.3]         2350 user-u32 "can_recv" = 0
[machine.3]         2350 user-u32 "can_send" = 0
[machine.3]         2350 task-resume id=2 reason=scheduler
[machine.3]         2350 task-yield id=2 reason=Idle
[machine.3]         2360 task-resume id=1 reason=scheduler
[machine.3]         2360 task-yield id=1 reason=RtosPortYield
[machine.3]         2360 user-u32 "can_recv" = 0
[machine.3]         2360 user-u32 "can_recv" = 0
[machine.3]         2360 user-u32 "can_recv" = 0
[machine.3]         2360 user-u32 "can_send" = 0
[machine.3]         2360 user-u32 "can_recv" = 0
[machine.3]         2360 task-resume id=2 reason=scheduler
[machine.3]         2360 task-yield id=2 reason=Idle
[machine.3]         2370 task-resume id=1 reason=scheduler
[machine.3]         2370 task-yield id=1 reason=RtosPortYield
[machine.3]         2370 user-u32 "can_recv" = 0
[machine.3]         2370 user-u32 "can_recv" = 0
[machine.3]         2370 user-u32 "can_recv" = 0
[machine.3]         2370 user-u32 "can_send" = 0
[machine.3]         2370 user-u32 "can_recv" = 0
[machine.3]         2370 task-resume id=2 reason=scheduler
[machine.3]         2370 task-yield id=2 reason=Idle
[machine.3]         2380 task-resume id=1 reason=scheduler
[machine.3]         2380 task-yield id=1 reason=RtosPortYield
[machine.3]         2380 user-u32 "can_recv" = 0
[machine.3]         2380 user-u32 "can_recv" = 0
[machine.3]         2380 user-u32 "can_recv" = 0
[machine.3]         2380 user-u32 "can_send" = 0
[machine.3]         2380 user-u32 "can_recv" = 0
[machine.3]         2380 task-resume id=2 reason=scheduler
[machine.3]         2380 task-yield id=2 reason=Idle
[machine.3]         2390 task-resume id=1 reason=scheduler
[machine.3]         2390 task-yield id=1 reason=RtosPortYield
[machine.3]         2390 user-u32 "can_recv" = 0
[machine.3]         2390 user-u32 "can_recv" = 0
[machine.3]         2390 user-u32 "can_recv" = 0
[machine.3]         2390 user-u32 "can_send" = 0
[machine.3]         2390 user-u32 "can_recv" = 0
[machine.3]         2390 task-resume id=2 reason=scheduler
[machine.3]         2390 task-yield id=2 reason=Idle
[machine.3]         2400 task-resume id=7 reason=scheduler
[machine.3]         2400 task-yield id=7 reason=RtosPortYield
[machine.3]         2400 user-u32 "calib_step" = 2
[machine.3]         2400 task-resume id=1 reason=scheduler
[machine.3]         2400 task-yield id=1 reason=RtosPortYield
[machine.3]         2400 user-u32 "can_recv" = 0
[machine.3]         2400 user-u32 "can_recv" = 0
[machine.3]         2400 user-u32 "can_recv" = 0
[machine.3]         2400 user-u32 "can_send" = 0
[machine.3]         2400 user-u32 "can_recv" = 0
[machine.3]         2400 user-u32 "can_send" = 0
[machine.3]         2400 user-u32 "can_send" = 0
[machine.3]         2400 task-resume id=2 reason=scheduler
[machine.3]         2400 task-yield id=2 reason=Idle
[machine.3]         2410 task-resume id=1 reason=scheduler
[machine.3]         2410 task-yield id=1 reason=RtosPortYield
[machine.3]         2410 user-u32 "can_recv" = 0
[machine.3]         2410 user-u32 "can_recv" = 0
[machine.3]         2410 user-u32 "can_recv" = 0
[machine.3]         2410 user-u32 "can_recv" = 0
[machine.3]         2410 user-u32 "can_recv" = 0
[machine.3]         2410 user-u32 "can_send" = 0
[machine.3]         2410 user-u32 "can_recv" = 0
[machine.3]         2410 task-resume id=2 reason=scheduler
[machine.3]         2410 task-yield id=2 reason=Idle
[machine.3]         2420 task-resume id=1 reason=scheduler
[machine.3]         2420 task-yield id=1 reason=RtosPortYield
[machine.3]         2420 user-u32 "can_recv" = 0
[machine.3]         2420 user-u32 "can_recv" = 0
[machine.3]         2420 user-u32 "can_recv" = 0
[machine.3]         2420 user-u32 "can_send" = 0
[machine.3]         2420 user-u32 "can_recv" = 0
[machine.3]         2420 task-resume id=2 reason=scheduler
[machine.3]         2420 task-yield id=2 reason=Idle
[machine.3]         2430 task-resume id=1 reason=scheduler
[machine.3]         2430 task-yield id=1 reason=RtosPortYield
[machine.3]         2430 user-u32 "can_recv" = 0
[machine.3]         2430 user-u32 "can_recv" = 0
[machine.3]         2430 user-u32 "can_recv" = 0
[machine.3]         2430 user-u32 "can_send" = 0
[machine.3]         2430 user-u32 "can_recv" = 0
[machine.3]         2430 task-resume id=2 reason=scheduler
[machine.3]         2430 task-yield id=2 reason=Idle
[machine.3]         2440 task-resume id=1 reason=scheduler
[machine.3]         2440 task-yield id=1 reason=RtosPortYield
[machine.3]         2440 user-u32 "can_recv" = 0
[machine.3]         2440 user-u32 "can_recv" = 0
[machine.3]         2440 user-u32 "can_recv" = 0
[machine.3]         2440 user-u32 "can_send" = 0
[machine.3]         2440 user-u32 "can_recv" = 0
[machine.3]         2440 task-resume id=2 reason=scheduler
[machine.3]         2440 task-yield id=2 reason=Idle
[machine.3]         2450 task-resume id=7 reason=scheduler
[machine.3]         2450 task-yield id=7 reason=RtosPortYield
[machine.3]         2450 user-u32 "calib_step" = 3
[machine.3]         2450 user-u32 "calib_done" = 150
[machine.3]         2450 task-resume id=1 reason=scheduler
[machine.3]         2450 task-created id=8 name="calibration"
[machine.3]         2450 task-yield id=1 reason=RtosPortYield
[machine.3]         2450 user-u32 "calib_created" = 0
[machine.3]         2450 user-u32 "calib_restart" = 2450
[machine.3]         2450 user-u32 "can_recv" = 0
[machine.3]         2450 user-u32 "can_recv" = 0
[machine.3]         2450 user-u32 "can_recv" = 0
[machine.3]         2450 user-u32 "can_send" = 0
[machine.3]         2450 user-u32 "can_recv" = 0
[machine.3]         2450 user-u32 "can_send" = 0
[machine.3]         2450 task-resume id=8 reason=scheduler
[machine.3]         2450 task-yield id=8 reason=RtosPortYield
[machine.3]         2450 user-u32 "calib_start" = 1
[machine.3]         2450 task-resume id=2 reason=scheduler
[machine.3]         2450 task-yield id=2 reason=Idle
[machine.3]         2460 task-resume id=1 reason=scheduler
[machine.3]         2460 task-yield id=1 reason=RtosPortYield
[machine.3]         2460 user-u32 "can_recv" = 0
[machine.3]         2460 user-u32 "can_recv" = 0
[machine.3]         2460 user-u32 "can_recv" = 0
[machine.3]         2460 user-u32 "can_send" = 0
[machine.3]         2460 user-u32 "can_recv" = 0
[machine.3]         2460 task-resume id=2 reason=scheduler
[machine.3]         2460 task-yield id=2 reason=Idle
[machine.3]         2470 task-resume id=1 reason=scheduler
[machine.3]         2470 task-yield id=1 reason=RtosPortYield
[machine.3]         2470 user-u32 "can_recv" = 0
[machine.3]         2470 user-u32 "can_recv" = 0
[machine.3]         2470 user-u32 "can_recv" = 0
[machine.3]         2470 user-u32 "can_send" = 0
[machine.3]         2470 user-u32 "can_recv" = 0
[machine.3]         2470 task-resume id=2 reason=scheduler
[machine.3]         2470 task-yield id=2 reason=Idle
[machine.3]         2480 task-resume id=1 reason=scheduler
[machine.3]         2480 task-yield id=1 reason=RtosPortYield
[machine.3]         2480 user-u32 "can_recv" = 0
[machine.3]         2480 user-u32 "can_recv" = 0
[machine.3]         2480 user-u32 "can_recv" = 0
[machine.3]         2480 user-u32 "can_send" = 0
[machine.3]         2480 user-u32 "can_recv" = 0
[machine.3]         2480 task-resume id=2 reason=scheduler
[machine.3]         2480 task-yield id=2 reason=Idle
[machine.3]         2490 task-resume id=1 reason=scheduler
[machine.3]         2490 task-yield id=1 reason=RtosPortYield
[machine.3]         2490 user-u32 "can_recv" = 0
[machine.3]         2490 user-u32 "can_recv" = 0
[machine.3]         2490 user-u32 "can_recv" = 0
[machine.3]         2490 user-u32 "can_send" = 0
[machine.3]         2490 user-u32 "can_recv" = 0
[machine.3]         2490 task-resume id=2 reason=scheduler
[machine.3]         2490 task-yield id=2 reason=Idle
[machine.3]         2500 task-resume id=8 reason=scheduler
[machine.3]         2500 task-yield id=8 reason=RtosPortYield
[machine.3]         2500 user-u32 "calib_step" = 1
[machine.3]         2500 task-resume id=1 reason=scheduler
[machine.3]         2500 task-yield id=1 reason=RtosPortYield
[machine.3]         2500 user-u32 "can_recv" = 0
[machine.3]         2500 user-u32 "can_recv" = 0
[machine.3]         2500 user-u32 "can_recv" = 0
[machine.3]         2500 user-u32 "can_send" = 0
[machine.3]         2500 user-u32 "can_recv" = 0
[machine.3]         2500 user-u32 "can_send" = 0
[machine.3]         2500 user-u32 "can_send" = 0
[machine.3]         2500 task-resume id=2 reason=scheduler
[machine.3]         2500 task-yield id=2 reason=Idle
[machine.3]         2510 task-resume id=1 reason=scheduler
[machine.3]         2510 task-yield id=1 reason=RtosPortYield
[machine.3]         2510 user-u32 "can_recv" = 0
[machine.3]         2510 user-u32 "can_recv" = 0
[machine.3]         2510 user-u32 "can_recv" = 0
[machine.3]         2510 user-u32 "can_recv" = 0
[machine.3]         2510 user-u32 "can_recv" = 0
[machine.3]         2510 user-u32 "can_send" = 0
[machine.3]         2510 user-u32 "can_recv" = 0
[machine.3]         2510 task-resume id=2 reason=scheduler
[machine.3]         2510 task-yield id=2 reason=Idle
[machine.3]         2520 task-resume id=1 reason=scheduler
[machine.3]         2520 task-yield id=1 reason=RtosPortYield
[machine.3]         2520 user-u32 "can_recv" = 0
[machine.3]         2520 user-u32 "can_recv" = 0
[machine.3]         2520 user-u32 "can_recv" = 0
[machine.3]         2520 user-u32 "can_send" = 0
[machine.3]         2520 user-u32 "can_recv" = 0
[machine.3]         2520 task-resume id=2 reason=scheduler
[machine.3]         2520 task-yield id=2 reason=Idle
[machine.3]         2530 task-resume id=1 reason=scheduler
[machine.3]         2530 task-yield id=1 reason=RtosPortYield
[machine.3]         2530 user-u32 "can_recv" = 0
[machine.3]         2530 user-u32 "can_recv" = 0
[machine.3]         2530 user-u32 "can_recv" = 0
[machine.3]         2530 user-u32 "can_send" = 0
[machine.3]         2530 user-u32 "can_recv" = 0
[machine.3]         2530 task-resume id=2 reason=scheduler
[machine.3]         2530 task-yield id=2 reason=Idle
[machine.3]         2540 task-resume id=1 reason=scheduler
[machine.3]         2540 task-yield id=1 reason=RtosPortYield
[machine.3]         2540 user-u32 "can_recv" = 0
[machine.3]         2540 user-u32 "can_recv" = 0
[machine.3]         2540 user-u32 "can_recv" = 0
[machine.3]         2540 user-u32 "can_send" = 0
[machine.3]         2540 user-u32 "can_recv" = 0
[machine.3]         2540 task-resume id=2 reason=scheduler
[machine.3]         2540 task-yield id=2 reason=Idle
[machine.3]         2550 task-resume id=8 reason=scheduler
[machine.3]         2550 task-yield id=8 reason=RtosPortYield
[machine.3]         2550 user-u32 "calib_step" = 2
[machine.3]         2550 task-resume id=1 reason=scheduler
[machine.3]         2550 task-yield id=1 reason=RtosPortYield
[machine.3]         2550 user-u32 "can_recv" = 0
[machine.3]         2550 user-u32 "can_recv" = 0
[machine.3]         2550 user-u32 "can_recv" = 0
[machine.3]         2550 user-u32 "can_send" = 0
[machine.3]         2550 user-u32 "can_recv" = 0
[machine.3]         2550 user-u32 "can_send" = 0
[machine.3]         2550 task-resume id=2 reason=scheduler
[machine.3]         2550 task-yield id=2 reason=Idle
[machine.3]         2560 task-resume id=1 reason=scheduler
[machine.3]         2560 task-yield id=1 reason=RtosPortYield
[machine.3]         2560 user-u32 "can_recv" = 0
[machine.3]         2560 user-u32 "can_recv" = 0
[machine.3]         2560 user-u32 "can_recv" = 0
[machine.3]         2560 user-u32 "can_send" = 0
[machine.3]         2560 user-u32 "can_recv" = 0
[machine.3]         2560 task-resume id=2 reason=scheduler
[machine.3]         2560 task-yield id=2 reason=Idle
[machine.3]         2570 task-resume id=1 reason=scheduler
[machine.3]         2570 task-yield id=1 reason=RtosPortYield
[machine.3]         2570 user-u32 "can_recv" = 0
[machine.3]         2570 user-u32 "can_recv" = 0
[machine.3]         2570 user-u32 "can_recv" = 0
[machine.3]         2570 user-u32 "can_send" = 0
[machine.3]         2570 user-u32 "can_recv" = 0
[machine.3]         2570 task-resume id=2 reason=scheduler
[machine.3]         2570 task-yield id=2 reason=Idle
[machine.3]         2580 task-resume id=1 reason=scheduler
[machine.3]         2580 task-yield id=1 reason=RtosPortYield
[machine.3]         2580 user-u32 "can_recv" = 0
[machine.3]         2580 user-u32 "can_recv" = 0
[machine.3]         2580 user-u32 "can_recv" = 0
[machine.3]         2580 user-u32 "can_send" = 0
[machine.3]         2580 user-u32 "can_recv" = 0
[machine.3]         2580 task-resume id=2 reason=scheduler
[machine.3]         2580 task-yield id=2 reason=Idle
[machine.3]         2590 task-resume id=1 reason=scheduler
[machine.3]         2590 task-yield id=1 reason=RtosPortYield
[machine.3]         2590 user-u32 "can_recv" = 0
[machine.3]         2590 user-u32 "can_recv" = 0
[machine.3]         2590 user-u32 "can_recv" = 0
[machine.3]         2590 user-u32 "can_send" = 0
[machine.3]         2590 user-u32 "can_recv" = 0
[machine.3]         2590 task-resume id=2 reason=scheduler
[machine.3]         2590 task-yield id=2 reason=Idle
[machine.3]         2600 task-resume id=8 reason=scheduler
[machine.3]         2600 task-yield id=8 reason=RtosPortYield
[machine.3]         2600 user-u32 "calib_step" = 3
[machine.3]         2600 user-u32 "calib_done" = 150
[machine.3]         2600 task-resume id=1 reason=scheduler
[machine.3]         2600 task-yield id=1 reason=RtosPortYield
[machine.3]         2600 user-u32 "can_recv" = 0
[machine.3]         2600 user-u32 "can_recv" = 0
[machine.3]         2600 user-u32 "can_recv" = 0
[machine.3]         2600 user-u32 "can_send" = 0
[machine.3]         2600 user-u32 "can_recv" = 0
[machine.3]         2600 user-u32 "can_send" = 0
[machine.3]         2600 user-u32 "can_send" = 0
[machine.3]         2600 task-resume id=2 reason=scheduler
[machine.3]         2600 task-yield id=2 reason=Idle
[machine.3]         2610 task-resume id=1 reason=scheduler
[machine.3]         2610 task-yield id=1 reason=RtosPortYield
[machine.3]         2610 user-u32 "can_recv" = 0
[machine.3]         2610 user-u32 "can_recv" = 0
[machine.3]         2610 user-u32 "can_recv" = 0
[machine.3]         2610 user-u32 "can_recv" = 0
[machine.3]         2610 user-u32 "can_recv" = 0
[machine.3]         2610 user-u32 "can_send" = 0
[machine.3]         2610 user-u32 "can_recv" = 0
[machine.3]         2610 task-resume id=2 reason=scheduler
[machine.3]         2610 task-yield id=2 reason=Idle
[machine.3]         2620 task-resume id=1 reason=scheduler
[machine.3]         2620 task-yield id=1 reason=RtosPortYield
[machine.3]         2620 user-u32 "can_recv" = 0
[machine.3]         2620 user-u32 "can_recv" = 0
[machine.3]         2620 user-u32 "can_recv" = 0
[machine.3]         2620 user-u32 "can_send" = 0
[machine.3]         2620 user-u32 "can_recv" = 0
[machine.3]         2620 task-resume id=2 reason=scheduler
[machine.3]         2620 task-yield id=2 reason=Idle
[machine.3]         2630 task-resume id=1 reason=scheduler
[machine.3]         2630 task-yield id=1 reason=RtosPortYield
[machine.3]         2630 user-u32 "can_recv" = 0
[machine.3]         2630 user-u32 "can_recv" = 0
[machine.3]         2630 user-u32 "can_recv" = 0
[machine.3]         2630 user-u32 "can_send" = 0
[machine.3]         2630 user-u32 "can_recv" = 0
[machine.3]         2630 task-resume id=2 reason=scheduler
[machine.3]         2630 task-yield id=2 reason=Idle
[machine.3]         2640 task-resume id=1 reason=scheduler
[machine.3]         2640 task-yield id=1 reason=RtosPortYield
[machine.3]         2640 user-u32 "can_recv" = 0
[machine.3]         2640 user-u32 "can_recv" = 0
[machine.3]         2640 user-u32 "can_recv" = 0
[machine.3]         2640 user-u32 "can_send" = 0
[machine.3]         2640 user-u32 "can_recv" = 0
[machine.3]         2640 task-resume id=2 reason=scheduler
[machine.3]         2640 task-yield id=2 reason=Idle
[machine.3]         2650 task-resume id=1 reason=scheduler
[machine.3]         2650 task-yield id=1 reason=RtosPortYield
[machine.3]         2650 user-u32 "can_recv" = 0
[machine.3]         2650 user-u32 "can_recv" = 0
[machine.3]         2650 user-u32 "can_recv" = 0
[machine.3]         2650 user-u32 "can_send" = 0
[machine.3]         2650 user-u32 "can_recv" = 0
[machine.3]         2650 user-u32 "can_send" = 0
[machine.3]         2650 task-resume id=2 reason=scheduler
[machine.3]         2650 task-yield id=2 reason=Idle
[machine.3]         2660 task-resume id=1 reason=scheduler
[machine.3]         2660 task-yield id=1 reason=RtosPortYield
[machine.3]         2660 user-u32 "can_recv" = 0
[machine.3]         2660 user-u32 "can_recv" = 0
[machine.3]         2660 user-u32 "can_recv" = 0
[machine.3]         2660 user-u32 "can_send" = 0
[machine.3]         2660 user-u32 "can_recv" = 0
[machine.3]         2660 task-resume id=2 reason=scheduler
[machine.3]         2660 task-yield id=2 reason=Idle
[machine.3]         2670 task-resume id=1 reason=scheduler
[machine.3]         2670 task-yield id=1 reason=RtosPortYield
[machine.3]         2670 user-u32 "can_recv" = 0
[machine.3]         2670 user-u32 "can_recv" = 0
[machine.3]         2670 user-u32 "can_recv" = 0
[machine.3]         2670 user-u32 "can_send" = 0
[machine.3]         2670 user-u32 "can_recv" = 0
[machine.3]         2670 task-resume id=2 reason=scheduler
[machine.3]         2670 task-yield id=2 reason=Idle
[machine.3]         2680 task-resume id=1 reason=scheduler
[machine.3]         2680 task-yield id=1 reason=RtosPortYield
[machine.3]         2680 user-u32 "can_recv" = 0
[machine.3]         2680 user-u32 "can_recv" = 0
[machine.3]         2680 user-u32 "can_recv" = 0
[machine.3]         2680 user-u32 "can_send" = 0
[machine.3]         2680 user-u32 "can_recv" = 0
[machine.3]         2680 task-resume id=2 reason=scheduler
[machine.3]         2680 task-yield id=2 reason=Idle
[machine.3]         2690 task-resume id=1 reason=scheduler
[machine.3]         2690 task-yield id=1 reason=RtosPortYield
[machine.3]         2690 user-u32 "can_recv" = 0
[machine.3]         2690 user-u32 "can_recv" = 0
[machine.3]         2690 user-u32 "can_recv" = 0
[machine.3]         2690 user-u32 "can_send" = 0
[machine.3]         2690 user-u32 "can_recv" = 0
[machine.3]         2690 task-resume id=2 reason=scheduler
[machine.3]         2690 task-yield id=2 reason=Idle
[machine.3]         2700 task-resume id=1 reason=scheduler
[machine.3]         2700 task-yield id=1 reason=RtosPortYield
[machine.3]         2700 user-u32 "can_recv" = 0
[machine.3]         2700 user-u32 "can_recv" = 0
[machine.3]         2700 user-u32 "can_recv" = 0
[machine.3]         2700 user-u32 "can_send" = 0
[machine.3]         2700 user-u32 "can_recv" = 0
[machine.3]         2700 user-u32 "can_send" = 0
[machine.3]         2700 user-u32 "can_send" = 0
[machine.3]         2700 task-resume id=2 reason=scheduler
[machine.3]         2700 task-yield id=2 reason=Idle
[machine.3]         2710 task-resume id=1 reason=scheduler
[machine.3]         2710 task-yield id=1 reason=RtosPortYield
[machine.3]         2710 user-u32 "can_recv" = 0
[machine.3]         2710 user-u32 "can_recv" = 0
[machine.3]         2710 user-u32 "can_recv" = 0
[machine.3]         2710 user-u32 "can_recv" = 0
[machine.3]         2710 user-u32 "can_recv" = 0
[machine.3]         2710 user-u32 "can_send" = 0
[machine.3]         2710 user-u32 "can_recv" = 0
[machine.3]         2710 task-resume id=2 reason=scheduler
[machine.3]         2710 task-yield id=2 reason=Idle
[machine.3]         2720 task-resume id=1 reason=scheduler
[machine.3]         2720 task-yield id=1 reason=RtosPortYield
[machine.3]         2720 user-u32 "can_recv" = 0
[machine.3]         2720 user-u32 "can_recv" = 0
[machine.3]         2720 user-u32 "can_recv" = 0
[machine.3]         2720 user-u32 "can_send" = 0
[machine.3]         2720 user-u32 "can_recv" = 0
[machine.3]         2720 task-resume id=2 reason=scheduler
[machine.3]         2720 task-yield id=2 reason=Idle
[machine.3]         2730 task-resume id=1 reason=scheduler
[machine.3]         2730 task-yield id=1 reason=RtosPortYield
[machine.3]         2730 user-u32 "can_recv" = 0
[machine.3]         2730 user-u32 "can_recv" = 0
[machine.3]         2730 user-u32 "can_recv" = 0
[machine.3]         2730 user-u32 "can_send" = 0
[machine.3]         2730 user-u32 "can_recv" = 0
[machine.3]         2730 task-resume id=2 reason=scheduler
[machine.3]         2730 task-yield id=2 reason=Idle
[machine.3]         2740 task-resume id=1 reason=scheduler
[machine.3]         2740 task-yield id=1 reason=RtosPortYield
[machine.3]         2740 user-u32 "can_recv" = 0
[machine.3]         2740 user-u32 "can_recv" = 0
[machine.3]         2740 user-u32 "can_recv" = 0
[machine.3]         2740 user-u32 "can_send" = 0
[machine.3]         2740 user-u32 "can_recv" = 0
[machine.3]         2740 task-resume id=2 reason=scheduler
[machine.3]         2740 task-yield id=2 reason=Idle
[machine.3]         2750 task-resume id=1 reason=scheduler
[machine.3]         2750 task-yield id=1 reason=RtosPortYield
[machine.3]         2750 user-u32 "can_recv" = 0
[machine.3]         2750 user-u32 "can_recv" = 0
[machine.3]         2750 user-u32 "can_recv" = 0
[machine.3]         2750 user-u32 "can_send" = 0
[machine.3]         2750 user-u32 "can_recv" = 0
[machine.3]         2750 user-u32 "can_send" = 0
[machine.3]         2750 task-resume id=2 reason=scheduler
[machine.3]         2750 task-yield id=2 reason=Idle
[machine.3]         2760 task-resume id=1 reason=scheduler
[machine.3]         2760 task-yield id=1 reason=RtosPortYield
[machine.3]         2760 user-u32 "can_recv" = 0
[machine.3]         2760 user-u32 "can_recv" = 0
[machine.3]         2760 user-u32 "can_recv" = 0
[machine.3]         2760 user-u32 "can_send" = 0
[machine.3]         2760 user-u32 "can_recv" = 0
[machine.3]         2760 task-resume id=2 reason=scheduler
[machine.3]         2760 task-yield id=2 reason=Idle
[machine.3]         2770 task-resume id=1 reason=scheduler
[machine.3]         2770 task-yield id=1 reason=RtosPortYield
[machine.3]         2770 user-u32 "can_recv" = 0
[machine.3]         2770 user-u32 "can_recv" = 0
[machine.3]         2770 user-u32 "can_recv" = 0
[machine.3]         2770 user-u32 "can_send" = 0
[machine.3]         2770 user-u32 "can_recv" = 0
[machine.3]         2770 task-resume id=2 reason=scheduler
[machine.3]         2770 task-yield id=2 reason=Idle
[machine.3]         2780 task-resume id=1 reason=scheduler
[machine.3]         2780 task-yield id=1 reason=RtosPortYield
[machine.3]         2780 user-u32 "can_recv" = 0
[machine.3]         2780 user-u32 "can_recv" = 0
[machine.3]         2780 user-u32 "can_recv" = 0
[machine.3]         2780 user-u32 "can_send" = 0
[machine.3]         2780 user-u32 "can_recv" = 0
[machine.3]         2780 task-resume id=2 reason=scheduler
[machine.3]         2780 task-yield id=2 reason=Idle
[machine.3]         2790 task-resume id=1 reason=scheduler
[machine.3]         2790 task-yield id=1 reason=RtosPortYield
[machine.3]         2790 user-u32 "can_recv" = 0
[machine.3]         2790 user-u32 "can_recv" = 0
[machine.3]         2790 user-u32 "can_recv" = 0
[machine.3]         2790 user-u32 "can_send" = 0
[machine.3]         2790 user-u32 "can_recv" = 0
[machine.3]         2790 task-resume id=2 reason=scheduler
[machine.3]         2790 task-yield id=2 reason=Idle
[machine.3]         2800 task-resume id=1 reason=scheduler
[machine.3]         2800 task-yield id=1 reason=RtosPortYield
[machine.3]         2800 user-u32 "can_recv" = 0
[machine.3]         2800 user-u32 "can_recv" = 0
[machine.3]         2800 user-u32 "can_recv" = 0
[machine.3]         2800 user-u32 "can_send" = 0
[machine.3]         2800 user-u32 "can_recv" = 0
[machine.3]         2800 user-u32 "can_send" = 0
[machine.3]         2800 user-u32 "can_send" = 0
[machine.3]         2800 task-resume id=2 reason=scheduler
[machine.3]         2800 task-yield id=2 reason=Idle
[machine.3]         2810 task-resume id=1 reason=scheduler
[machine.3]         2810 task-yield id=1 reason=RtosPortYield
[machine.3]         2810 user-u32 "can_recv" = 0
[machine.3]         2810 user-u32 "can_recv" = 0
[machine.3]         2810 user-u32 "can_recv" = 0
[machine.3]         2810 user-u32 "can_recv" = 0
[machine.3]         2810 user-u32 "can_recv" = 0
[machine.3]         2810 user-u32 "can_send" = 0
[machine.3]         2810 user-u32 "can_recv" = 0
[machine.3]         2810 task-resume id=2 reason=scheduler
[machine.3]         2810 task-yield id=2 reason=Idle
[machine.3]         2820 task-resume id=1 reason=scheduler
[machine.3]         2820 task-yield id=1 reason=RtosPortYield
[machine.3]         2820 user-u32 "can_recv" = 0
[machine.3]         2820 user-u32 "can_recv" = 0
[machine.3]         2820 user-u32 "can_recv" = 0
[machine.3]         2820 user-u32 "can_send" = 0
[machine.3]         2820 user-u32 "can_recv" = 0
[machine.3]         2820 task-resume id=2 reason=scheduler
[machine.3]         2820 task-yield id=2 reason=Idle
[machine.3]         2830 task-resume id=1 reason=scheduler
[machine.3]         2830 task-yield id=1 reason=RtosPortYield
[machine.3]         2830 user-u32 "can_recv" = 0
[machine.3]         2830 user-u32 "can_recv" = 0
[machine.3]         2830 user-u32 "can_recv" = 0
[machine.3]         2830 user-u32 "can_send" = 0
[machine.3]         2830 user-u32 "can_recv" = 0
[machine.3]         2830 task-resume id=2 reason=scheduler
[machine.3]         2830 task-yield id=2 reason=Idle
[machine.3]         2840 task-resume id=1 reason=scheduler
[machine.3]         2840 task-yield id=1 reason=RtosPortYield
[machine.3]         2840 user-u32 "can_recv" = 0
[machine.3]         2840 user-u32 "can_recv" = 0
[machine.3]         2840 user-u32 "can_recv" = 0
[machine.3]         2840 user-u32 "can_send" = 0
[machine.3]         2840 user-u32 "can_recv" = 0
[machine.3]         2840 task-resume id=2 reason=scheduler
[machine.3]         2840 task-yield id=2 reason=Idle
[machine.3]         2850 task-resume id=1 reason=scheduler
[machine.3]         2850 task-yield id=1 reason=RtosPortYield
[machine.3]         2850 user-u32 "can_recv" = 0
[machine.3]         2850 user-u32 "can_recv" = 0
[machine.3]         2850 user-u32 "can_recv" = 0
[machine.3]         2850 user-u32 "can_send" = 0
[machine.3]         2850 user-u32 "can_recv" = 0
[machine.3]         2850 user-u32 "can_send" = 0
[machine.3]         2850 task-resume id=2 reason=scheduler
[machine.3]         2850 task-yield id=2 reason=Idle
[machine.3]         2860 task-resume id=1 reason=scheduler
[machine.3]         2860 task-yield id=1 reason=RtosPortYield
[machine.3]         2860 user-u32 "can_recv" = 0
[machine.3]         2860 user-u32 "can_recv" = 0
[machine.3]         2860 user-u32 "can_recv" = 0
[machine.3]         2860 user-u32 "can_send" = 0
[machine.3]         2860 user-u32 "can_recv" = 0
[machine.3]         2860 task-resume id=2 reason=scheduler
[machine.3]         2860 task-yield id=2 reason=Idle
[machine.3]         2870 task-resume id=1 reason=scheduler
[machine.3]         2870 task-yield id=1 reason=RtosPortYield
[machine.3]         2870 user-u32 "can_recv" = 0
[machine.3]         2870 user-u32 "can_recv" = 0
[machine.3]         2870 user-u32 "can_recv" = 0
[machine.3]         2870 user-u32 "can_send" = 0
[machine.3]         2870 user-u32 "can_recv" = 0
[machine.3]         2870 task-resume id=2 reason=scheduler
[machine.3]         2870 task-yield id=2 reason=Idle
[machine.3]         2880 task-resume id=1 reason=scheduler
[machine.3]         2880 task-yield id=1 reason=RtosPortYield
[machine.3]         2880 user-u32 "can_recv" = 0
[machine.3]         2880 user-u32 "can_recv" = 0
[machine.3]         2880 user-u32 "can_recv" = 0
[machine.3]         2880 user-u32 "can_send" = 0
[machine.3]         2880 user-u32 "can_recv" = 0
[machine.3]         2880 task-resume id=2 reason=scheduler
[machine.3]         2880 task-yield id=2 reason=Idle
[machine.3]         2890 task-resume id=1 reason=scheduler
[machine.3]         2890 task-yield id=1 reason=RtosPortYield
[machine.3]         2890 user-u32 "can_recv" = 0
[machine.3]         2890 user-u32 "can_recv" = 0
[machine.3]         2890 user-u32 "can_recv" = 0
[machine.3]         2890 user-u32 "can_send" = 0
[machine.3]         2890 user-u32 "can_recv" = 0
[machine.3]         2890 task-resume id=2 reason=scheduler
[machine.3]         2890 task-yield id=2 reason=Idle
[machine.3]         2900 task-resume id=1 reason=scheduler
[machine.3]         2900 task-yield id=1 reason=RtosPortYield
[machine.3]         2900 user-u32 "can_recv" = 0
[machine.3]         2900 user-u32 "can_recv" = 0
[machine.3]         2900 user-u32 "can_recv" = 0
[machine.3]         2900 user-u32 "can_send" = 0
[machine.3]         2900 user-u32 "can_recv" = 0
[machine.3]         2900 user-u32 "can_send" = 0
[machine.3]         2900 user-u32 "can_send" = 0
[machine.3]         2900 task-resume id=2 reason=scheduler
[machine.3]         2900 task-yield id=2 reason=Idle
[machine.3]         2910 task-resume id=1 reason=scheduler
[machine.3]         2910 task-yield id=1 reason=RtosPortYield
[machine.3]         2910 user-u32 "can_recv" = 0
[machine.3]         2910 user-u32 "can_recv" = 0
[machine.3]         2910 user-u32 "can_recv" = 0
[machine.3]         2910 user-u32 "can_recv" = 0
[machine.3]         2910 user-u32 "can_recv" = 0
[machine.3]         2910 user-u32 "can_send" = 0
[machine.3]         2910 user-u32 "can_recv" = 0
[machine.3]         2910 task-resume id=2 reason=scheduler
[machine.3]         2910 task-yield id=2 reason=Idle
[machine.3]         2920 task-resume id=1 reason=scheduler
[machine.3]         2920 task-yield id=1 reason=RtosPortYield
[machine.3]         2920 user-u32 "can_recv" = 0
[machine.3]         2920 user-u32 "can_recv" = 0
[machine.3]         2920 user-u32 "can_recv" = 0
[machine.3]         2920 user-u32 "can_send" = 0
[machine.3]         2920 user-u32 "can_recv" = 0
[machine.3]         2920 task-resume id=2 reason=scheduler
[machine.3]         2920 task-yield id=2 reason=Idle
[machine.3]         2930 task-resume id=1 reason=scheduler
[machine.3]         2930 task-yield id=1 reason=RtosPortYield
[machine.3]         2930 user-u32 "can_recv" = 0
[machine.3]         2930 user-u32 "can_recv" = 0
[machine.3]         2930 user-u32 "can_recv" = 0
[machine.3]         2930 user-u32 "can_send" = 0
[machine.3]         2930 user-u32 "can_recv" = 0
[machine.3]         2930 task-resume id=2 reason=scheduler
[machine.3]         2930 task-yield id=2 reason=Idle
[machine.3]         2940 task-resume id=1 reason=scheduler
[machine.3]         2940 task-yield id=1 reason=RtosPortYield
[machine.3]         2940 user-u32 "can_recv" = 0
[machine.3]         2940 user-u32 "can_recv" = 0
[machine.3]         2940 user-u32 "can_recv" = 0
[machine.3]         2940 user-u32 "can_send" = 0
[machine.3]         2940 user-u32 "can_recv" = 0
[machine.3]         2940 task-resume id=2 reason=scheduler
[machine.3]         2940 task-yield id=2 reason=Idle
[machine.3]         2950 task-resume id=1 reason=scheduler
[machine.3]         2950 task-yield id=1 reason=RtosPortYield
[machine.3]         2950 user-u32 "can_recv" = 0
[machine.3]         2950 user-u32 "can_recv" = 0
[machine.3]         2950 user-u32 "can_recv" = 0
[machine.3]         2950 user-u32 "can_send" = 0
[machine.3]         2950 user-u32 "can_recv" = 0
[machine.3]         2950 user-u32 "can_send" = 0
[machine.3]         2950 task-resume id=2 reason=scheduler
[machine.3]         2950 task-yield id=2 reason=Idle
[machine.3]         2960 task-resume id=1 reason=scheduler
[machine.3]         2960 task-yield id=1 reason=RtosPortYield
[machine.3]         2960 user-u32 "can_recv" = 0
[machine.3]         2960 user-u32 "can_recv" = 0
[machine.3]         2960 user-u32 "can_recv" = 0
[machine.3]         2960 user-u32 "can_send" = 0
[machine.3]         2960 user-u32 "can_recv" = 0
[machine.3]         2960 task-resume id=2 reason=scheduler
[machine.3]         2960 task-yield id=2 reason=Idle
[machine.3]         2970 task-resume id=1 reason=scheduler
[machine.3]         2970 task-yield id=1 reason=RtosPortYield
[machine.3]         2970 user-u32 "can_recv" = 0
[machine.3]         2970 user-u32 "can_recv" = 0
[machine.3]         2970 user-u32 "can_recv" = 0
[machine.3]         2970 user-u32 "can_send" = 0
[machine.3]         2970 user-u32 "can_recv" = 0
[machine.3]         2970 task-resume id=2 reason=scheduler
[machine.3]         2970 task-yield id=2 reason=Idle
[machine.3]         2980 task-resume id=1 reason=scheduler
[machine.3]         2980 task-yield id=1 reason=RtosPortYield
[machine.3]         2980 user-u32 "can_recv" = 0
[machine.3]         2980 user-u32 "can_recv" = 0
[machine.3]         2980 user-u32 "can_recv" = 0
[machine.3]         2980 user-u32 "can_send" = 0
[machine.3]         2980 user-u32 "can_recv" = 0
[machine.3]         2980 task-resume id=2 reason=scheduler
[machine.3]         2980 task-yield id=2 reason=Idle
[machine.3]         2990 task-resume id=1 reason=scheduler
[machine.3]         2990 task-yield id=1 reason=RtosPortYield
[machine.3]         2990 user-u32 "can_recv" = 0
[machine.3]         2990 user-u32 "can_recv" = 0
[machine.3]         2990 user-u32 "can_recv" = 0
[machine.3]         2990 user-u32 "can_send" = 0
[machine.3]         2990 user-u32 "can_recv" = 0
[machine.3]         2990 task-resume id=2 reason=scheduler
[machine.3]         2990 task-yield id=2 reason=Idle
[machine.3]         3000 task-resume id=1 reason=scheduler
[machine.3]         3000 task-yield id=1 reason=RtosPortYield
[machine.3]         3000 user-u32 "can_recv" = 0
[machine.3]         3000 user-u32 "can_recv" = 0
[machine.3]         3000 user-u32 "can_recv" = 0
[machine.3]         3000 user-u32 "can_send" = 0
[machine.3]         3000 user-u32 "can_recv" = 0
[machine.3]         3000 user-u32 "can_send" = 0
[machine.3]         3000 user-u32 "can_send" = 0
[machine.3]         3000 task-resume id=2 reason=scheduler
[machine.3]         3000 task-yield id=2 reason=Idle
[machine.4]          500 can-rx receiver=4 id=0x0001 len=5
[machine.4]          500 can-rx receiver=4 id=0x0001 len=5
[machine.4]          500 can-rx receiver=4 id=0x0001 len=5
[machine.4]          500 can-tx sender=4 id=0x0001 len=5
[machine.4]          500 can-tx sender=4 id=0x0001 len=5
[machine.4]          500 can-tx sender=4 id=0x0001 len=5
[machine.4]        10500 can-rx receiver=4 id=0x0010 len=2
[machine.4]        10500 can-rx receiver=4 id=0x0101 len=2
[machine.4]        10500 can-rx receiver=4 id=0x0102 len=2
[machine.4]        10500 can-rx receiver=4 id=0x0500 len=7
[machine.4]        20500 can-rx receiver=4 id=0x0101 len=2
[machine.4]        20500 can-rx receiver=4 id=0x0102 len=2
[machine.4]        20500 can-rx receiver=4 id=0x0200 len=8
[machine.4]        20500 can-rx receiver=4 id=0x0500 len=7
[machine.4]        30500 can-rx receiver=4 id=0x0101 len=2
[machine.4]        30500 can-rx receiver=4 id=0x0102 len=2
[machine.4]        30500 can-rx receiver=4 id=0x0200 len=8
[machine.4]        30500 can-rx receiver=4 id=0x0500 len=7
[machine.4]        40500 can-rx receiver=4 id=0x0101 len=2
[machine.4]        40500 can-rx receiver=4 id=0x0102 len=2
[machine.4]        40500 can-rx receiver=4 id=0x0200 len=8
[machine.4]        40500 can-rx receiver=4 id=0x0500 len=7
[machine.4]        50500 can-rx receiver=4 id=0x0010 len=2
[machine.4]        50500 can-rx receiver=4 id=0x0101 len=2
[machine.4]        50500 can-rx receiver=4 id=0x0102 len=2
[machine.4]        50500 can-rx receiver=4 id=0x0200 len=8
[machine.4]        50500 can-rx receiver=4 id=0x0201 len=2
[machine.4]        50500 can-rx receiver=4 id=0x0500 len=7
[machine.4]        60500 can-rx receiver=4 id=0x0101 len=2
[machine.4]        60500 can-rx receiver=4 id=0x0102 len=2
[machine.4]        60500 can-rx receiver=4 id=0x0200 len=8
[machine.4]        60500 can-rx receiver=4 id=0x0500 len=7
[machine.4]        70500 can-rx receiver=4 id=0x0101 len=2
[machine.4]        70500 can-rx receiver=4 id=0x0102 len=2
[machine.4]        70500 can-rx receiver=4 id=0x0200 len=8
[machine.4]        70500 can-rx receiver=4 id=0x0500 len=7
[machine.4]        80500 can-rx receiver=4 id=0x0101 len=2
[machine.4]        80500 can-rx receiver=4 id=0x0102 len=2
[machine.4]        80500 can-rx receiver=4 id=0x0200 len=8
[machine.4]        80500 can-rx receiver=4 id=0x0500 len=7
[machine.4]        90500 can-rx receiver=4 id=0x0101 len=2
[machine.4]        90500 can-rx receiver=4 id=0x0102 len=2
[machine.4]        90500 can-rx receiver=4 id=0x0200 len=8
[machine.4]        90500 can-rx receiver=4 id=0x0500 len=7
[machine.4]       100500 can-rx receiver=4 id=0x0001 len=5
[machine.4]       100500 can-rx receiver=4 id=0x0001 len=5
[machine.4]       100500 can-rx receiver=4 id=0x0001 len=5
[machine.4]       100500 can-tx sender=4 id=0x0001 len=5
[machine.4]       100500 can-tx sender=4 id=0x0001 len=5
[machine.4]       100500 can-tx sender=4 id=0x0001 len=5
[machine.4]       100500 can-rx receiver=4 id=0x0010 len=2
[machine.4]       100500 can-rx receiver=4 id=0x0101 len=2
[machine.4]       100500 can-rx receiver=4 id=0x0102 len=2
[machine.4]       100500 can-rx receiver=4 id=0x0200 len=8
[machine.4]       100500 can-rx receiver=4 id=0x0201 len=2
[machine.4]       100500 can-rx receiver=4 id=0x0500 len=7
[machine.4]       110500 can-rx receiver=4 id=0x0101 len=2
[machine.4]       110500 can-rx receiver=4 id=0x0102 len=2
[machine.4]       110500 can-rx receiver=4 id=0x0200 len=8
[machine.4]       110500 can-rx receiver=4 id=0x0500 len=7
[machine.4]       120500 can-rx receiver=4 id=0x0101 len=2
[machine.4]       120500 can-rx receiver=4 id=0x0102 len=2
[machine.4]       120500 can-rx receiver=4 id=0x0200 len=8
[machine.4]       120500 can-rx receiver=4 id=0x0500 len=7
[machine.4]       130500 can-rx receiver=4 id=0x0101 len=2
[machine.4]       130500 can-rx receiver=4 id=0x0102 len=2
[machine.4]       130500 can-rx receiver=4 id=0x0200 len=8
[machine.4]       130500 can-rx receiver=4 id=0x0500 len=7
[machine.4]       140500 can-rx receiver=4 id=0x0101 len=2
[machine.4]       140500 can-rx receiver=4 id=0x0102 len=2
[machine.4]       140500 can-rx receiver=4 id=0x0200 len=8
[machine.4]       140500 can-rx receiver=4 id=0x0500 len=7
[machine.4]       150500 can-rx receiver=4 id=0x0010 len=2
[machine.4]       150500 can-rx receiver=4 id=0x0101 len=2
[machine.4]       150500 can-rx receiver=4 id=0x0102 len=2
[machine.4]       150500 can-rx receiver=4 id=0x0200 len=8
[machine.4]       150500 can-rx receiver=4 id=0x0201 len=2
[machine.4]       150500 can-rx receiver=4 id=0x0500 len=7
[machine.4]       160500 can-rx receiver=4 id=0x0101 len=2
[machine.4]       160500 can-rx receiver=4 id=0x0102 len=2
[machine.4]       160500 can-rx receiver=4 id=0x0200 len=8
[machine.4]       160500 can-rx receiver=4 id=0x0500 len=7
[machine.4]       170500 can-rx receiver=4 id=0x0101 len=2
[machine.4]       170500 can-rx receiver=4 id=0x0102 len=2
[machine.4]       170500 can-rx receiver=4 id=0x0200 len=8
[machine.4]       170500 can-rx receiver=4 id=0x0500 len=7
[machine.4]       180500 can-rx receiver=4 id=0x0101 len=2
[machine.4]       180500 can-rx receiver=4 id=0x0102 len=2
[machine.4]       180500 can-rx receiver=4 id=0x0200 len=8
[machine.4]       180500 can-rx receiver=4 id=0x0500 len=7
[machine.4]       190500 can-rx receiver=4 id=0x0101 len=2
[machine.4]       190500 can-rx receiver=4 id=0x0102 len=2
[machine.4]       190500 can-rx receiver=4 id=0x0200 len=8
[machine.4]       190500 can-rx receiver=4 id=0x0500 len=7
[machine.4]       200500 can-rx receiver=4 id=0x0001 len=5
[machine.4]       200500 can-rx receiver=4 id=0x0001 len=5
[machine.4]       200500 can-rx receiver=4 id=0x0001 len=5
[machine.4]       200500 can-tx sender=4 id=0x0001 len=5
[machine.4]       200500 can-tx sender=4 id=0x0001 len=5
[machine.4]       200500 can-tx sender=4 id=0x0001 len=5
[machine.4]       200500 can-rx receiver=4 id=0x0010 len=2
[machine.4]       200500 can-rx receiver=4 id=0x0101 len=2
[machine.4]       200500 can-rx receiver=4 id=0x0102 len=2
[machine.4]       200500 can-rx receiver=4 id=0x0200 len=8
[machine.4]       200500 can-rx receiver=4 id=0x0201 len=2
[machine.4]       200500 can-rx receiver=4 id=0x0500 len=7
[machine.4]       210500 can-rx receiver=4 id=0x0101 len=2
[machine.4]       210500 can-rx receiver=4 id=0x0102 len=2
[machine.4]       210500 can-rx receiver=4 id=0x0200 len=8
[machine.4]       210500 can-rx receiver=4 id=0x0500 len=7
[machine.4]       220500 can-rx receiver=4 id=0x0101 len=2
[machine.4]       220500 can-rx receiver=4 id=0x0102 len=2
[machine.4]       220500 can-rx receiver=4 id=0x0200 len=8
[machine.4]       220500 can-rx receiver=4 id=0x0500 len=7
[machine.4]       230500 can-rx receiver=4 id=0x0101 len=2
[machine.4]       230500 can-rx receiver=4 id=0x0102 len=2
[machine.4]       230500 can-rx receiver=4 id=0x0200 len=8
[machine.4]       230500 can-rx receiver=4 id=0x0500 len=7
[machine.4]       240500 can-rx receiver=4 id=0x0101 len=2
[machine.4]       240500 can-rx receiver=4 id=0x0102 len=2
[machine.4]       240500 can-rx receiver=4 id=0x0200 len=8
[machine.4]       240500 can-rx receiver=4 id=0x0500 len=7
[machine.4]       250500 can-rx receiver=4 id=0x0010 len=2
[machine.4]       250500 can-rx receiver=4 id=0x0101 len=2
[machine.4]       250500 can-rx receiver=4 id=0x0102 len=2
[machine.4]       250500 can-rx receiver=4 id=0x0200 len=8
[machine.4]       250500 can-rx receiver=4 id=0x0201 len=2
[machine.4]       250500 can-rx receiver=4 id=0x0500 len=7
[machine.4]       260500 can-rx receiver=4 id=0x0101 len=2
[machine.4]       260500 can-rx receiver=4 id=0x0102 len=2
[machine.4]       260500 can-rx receiver=4 id=0x0200 len=8
[machine.4]       260500 can-rx receiver=4 id=0x0500 len=7
[machine.4]       270500 can-rx receiver=4 id=0x0101 len=2
[machine.4]       270500 can-rx receiver=4 id=0x0102 len=2
[machine.4]       270500 can-rx receiver=4 id=0x0200 len=8
[machine.4]       270500 can-rx receiver=4 id=0x0500 len=7
[machine.4]       280500 can-rx receiver=4 id=0x0101 len=2
[machine.4]       280500 can-rx receiver=4 id=0x0102 len=2
[machine.4]       280500 can-rx receiver=4 id=0x0200 len=8
[machine.4]       280500 can-rx receiver=4 id=0x0500 len=7
[machine.4]       290500 can-rx receiver=4 id=0x0101 len=2
[machine.4]       290500 can-rx receiver=4 id=0x0102 len=2
[machine.4]       290500 can-rx receiver=4 id=0x0200 len=8
[machine.4]       290500 can-rx receiver=4 id=0x0500 len=7
[machine.4]       300500 can-rx receiver=4 id=0x0001 len=5
[machine.4]       300500 can-rx receiver=4 id=0x0001 len=5
[machine.4]       300500 can-rx receiver=4 id=0x0001 len=5
[machine.4]       300500 can-tx sender=4 id=0x0001 len=5
[machine.4]       300500 can-tx sender=4 id=0x0001 len=5
[machine.4]       300500 can-tx sender=4 id=0x0001 len=5
[machine.4]       300500 can-rx receiver=4 id=0x0010 len=2
[machine.4]       300500 can-rx receiver=4 id=0x0101 len=2
[machine.4]       300500 can-rx receiver=4 id=0x0102 len=2
[machine.4]       300500 can-rx receiver=4 id=0x0200 len=8
[machine.4]       300500 can-rx receiver=4 id=0x0201 len=2
[machine.4]       300500 can-rx receiver=4 id=0x0500 len=7
[machine.4]       310500 can-rx receiver=4 id=0x0101 len=2
[machine.4]       310500 can-rx receiver=4 id=0x0102 len=2
[machine.4]       310500 can-rx receiver=4 id=0x0200 len=8
[machine.4]       310500 can-rx receiver=4 id=0x0500 len=7
[machine.4]       320500 can-rx receiver=4 id=0x0101 len=2
[machine.4]       320500 can-rx receiver=4 id=0x0102 len=2
[machine.4]       320500 can-rx receiver=4 id=0x0200 len=8
[machine.4]       320500 can-rx receiver=4 id=0x0500 len=7
[machine.4]       330500 can-rx receiver=4 id=0x0101 len=2
[machine.4]       330500 can-rx receiver=4 id=0x0102 len=2
[machine.4]       330500 can-rx receiver=4 id=0x0200 len=8
[machine.4]       330500 can-rx receiver=4 id=0x0500 len=7
[machine.4]       340500 can-rx receiver=4 id=0x0101 len=2
[machine.4]       340500 can-rx receiver=4 id=0x0102 len=2
[machine.4]       340500 can-rx receiver=4 id=0x0200 len=8
[machine.4]       340500 can-rx receiver=4 id=0x0500 len=7
[machine.4]       350500 can-rx receiver=4 id=0x0010 len=2
[machine.4]       350500 can-rx receiver=4 id=0x0101 len=2
[machine.4]       350500 can-rx receiver=4 id=0x0102 len=2
[machine.4]       350500 can-rx receiver=4 id=0x0200 len=8
[machine.4]       350500 can-rx receiver=4 id=0x0201 len=2
[machine.4]       350500 can-rx receiver=4 id=0x0500 len=7
[machine.4]       360500 can-rx receiver=4 id=0x0101 len=2
[machine.4]       360500 can-rx receiver=4 id=0x0102 len=2
[machine.4]       360500 can-rx receiver=4 id=0x0200 len=8
[machine.4]       360500 can-rx receiver=4 id=0x0500 len=7
[machine.4]       370500 can-rx receiver=4 id=0x0101 len=2
[machine.4]       370500 can-rx receiver=4 id=0x0102 len=2
[machine.4]       370500 can-rx receiver=4 id=0x0200 len=8
[machine.4]       370500 can-rx receiver=4 id=0x0500 len=7
[machine.4]       380500 can-rx receiver=4 id=0x0101 len=2
[machine.4]       380500 can-rx receiver=4 id=0x0102 len=2
[machine.4]       380500 can-rx receiver=4 id=0x0200 len=8
[machine.4]       380500 can-rx receiver=4 id=0x0500 len=7
[machine.4]       390500 can-rx receiver=4 id=0x0101 len=2
[machine.4]       390500 can-rx receiver=4 id=0x0102 len=2
[machine.4]       390500 can-rx receiver=4 id=0x0200 len=8
[machine.4]       390500 can-rx receiver=4 id=0x0500 len=7
[machine.4]       400500 can-rx receiver=4 id=0x0001 len=5
[machine.4]       400500 can-rx receiver=4 id=0x0001 len=5
[machine.4]       400500 can-rx receiver=4 id=0x0001 len=5
[machine.4]       400500 can-tx sender=4 id=0x0001 len=5
[machine.4]       400500 can-tx sender=4 id=0x0001 len=5
[machine.4]       400500 can-tx sender=4 id=0x0001 len=5
[machine.4]       400500 can-rx receiver=4 id=0x0010 len=2
[machine.4]       400500 can-rx receiver=4 id=0x0101 len=2
[machine.4]       400500 can-rx receiver=4 id=0x0102 len=2
[machine.4]       400500 can-rx receiver=4 id=0x0200 len=8
[machine.4]       400500 can-rx receiver=4 id=0x0201 len=2
[machine.4]       400500 can-rx receiver=4 id=0x0500 len=7
[machine.4]       410500 can-rx receiver=4 id=0x0101 len=2
[machine.4]       410500 can-rx receiver=4 id=0x0102 len=2
[machine.4]       410500 can-rx receiver=4 id=0x0200 len=8
[machine.4]       410500 can-rx receiver=4 id=0x0500 len=7
[machine.4]       420500 can-rx receiver=4 id=0x0101 len=2
[machine.4]       420500 can-rx receiver=4 id=0x0102 len=2
[machine.4]       420500 can-rx receiver=4 id=0x0200 len=8
[machine.4]       420500 can-rx receiver=4 id=0x0500 len=7
[machine.4]       430500 can-rx receiver=4 id=0x0101 len=2
[machine.4]       430500 can-rx receiver=4 id=0x0102 len=2
[machine.4]       430500 can-rx receiver=4 id=0x0200 len=8
[machine.4]       430500 can-rx receiver=4 id=0x0500 len=7
[machine.4]       440500 can-rx receiver=4 id=0x0101 len=2
[machine.4]       440500 can-rx receiver=4 id=0x0102 len=2
[machine.4]       440500 can-rx receiver=4 id=0x0200 len=8
[machine.4]       440500 can-rx receiver=4 id=0x0500 len=7
[machine.4]       450500 can-rx receiver=4 id=0x0010 len=2
[machine.4]       450500 can-rx receiver=4 id=0x0101 len=2
[machine.4]       450500 can-rx receiver=4 id=0x0102 len=2
[machine.4]       450500 can-rx receiver=4 id=0x0200 len=8
[machine.4]       450500 can-rx receiver=4 id=0x0201 len=2
[machine.4]       450500 can-rx receiver=4 id=0x0500 len=7
[machine.4]       460500 can-rx receiver=4 id=0x0101 len=2
[machine.4]       460500 can-rx receiver=4 id=0x0102 len=2
[machine.4]       460500 can-rx receiver=4 id=0x0200 len=8
[machine.4]       460500 can-rx receiver=4 id=0x0500 len=7
[machine.4]       470500 can-rx receiver=4 id=0x0101 len=2
[machine.4]       470500 can-rx receiver=4 id=0x0102 len=2
[machine.4]       470500 can-rx receiver=4 id=0x0200 len=8
[machine.4]       470500 can-rx receiver=4 id=0x0500 len=7
[machine.4]       480500 can-rx receiver=4 id=0x0101 len=2
[machine.4]       480500 can-rx receiver=4 id=0x0102 len=2
[machine.4]       480500 can-rx receiver=4 id=0x0200 len=8
[machine.4]       480500 can-rx receiver=4 id=0x0500 len=7
[machine.4]       490500 can-rx receiver=4 id=0x0101 len=2
[machine.4]       490500 can-rx receiver=4 id=0x0102 len=2
[machine.4]       490500 can-rx receiver=4 id=0x0200 len=8
[machine.4]       490500 can-rx receiver=4 id=0x0500 len=7
[machine.4]       500500 can-rx receiver=4 id=0x0001 len=5
[machine.4]       500500 can-rx receiver=4 id=0x0001 len=5
[machine.4]       500500 can-rx receiver=4 id=0x0001 len=5
[machine.4]       500500 can-tx sender=4 id=0x0001 len=5
[machine.4]       500500 can-tx sender=4 id=0x0001 len=5
[machine.4]       500500 can-tx sender=4 id=0x0001 len=5
[machine.4]       500500 can-rx receiver=4 id=0x0010 len=2
[machine.4]       500500 can-rx receiver=4 id=0x0101 len=2
[machine.4]       500500 can-rx receiver=4 id=0x0102 len=2
[machine.4]       500500 can-rx receiver=4 id=0x0200 len=8
[machine.4]       500500 can-rx receiver=4 id=0x0201 len=2
[machine.4]       500500 can-rx receiver=4 id=0x0500 len=7
[machine.4]       510500 can-rx receiver=4 id=0x0101 len=2
[machine.4]       510500 can-rx receiver=4 id=0x0102 len=2
[machine.4]       510500 can-rx receiver=4 id=0x0200 len=8
[machine.4]       510500 can-rx receiver=4 id=0x0500 len=7
[machine.4]       520500 can-rx receiver=4 id=0x0101 len=2
[machine.4]       520500 can-rx receiver=4 id=0x0102 len=2
[machine.4]       520500 can-rx receiver=4 id=0x0200 len=8
[machine.4]       520500 can-rx receiver=4 id=0x0500 len=7
[machine.4]       530500 can-rx receiver=4 id=0x0101 len=2
[machine.4]       530500 can-rx receiver=4 id=0x0102 len=2
[machine.4]       530500 can-rx receiver=4 id=0x0200 len=8
[machine.4]       530500 can-rx receiver=4 id=0x0500 len=7
[machine.4]       540500 can-rx receiver=4 id=0x0101 len=2
[machine.4]       540500 can-rx receiver=4 id=0x0102 len=2
[machine.4]       540500 can-rx receiver=4 id=0x0200 len=8
[machine.4]       540500 can-rx receiver=4 id=0x0500 len=7
[machine.4]       550500 can-rx receiver=4 id=0x0010 len=2
[machine.4]       550500 can-rx receiver=4 id=0x0101 len=2
[machine.4]       550500 can-rx receiver=4 id=0x0102 len=2
[machine.4]       550500 can-rx receiver=4 id=0x0200 len=8
[machine.4]       550500 can-rx receiver=4 id=0x0201 len=2
[machine.4]       550500 can-rx receiver=4 id=0x0500 len=7
[machine.4]       560500 can-rx receiver=4 id=0x0101 len=2
[machine.4]       560500 can-rx receiver=4 id=0x0102 len=2
[machine.4]       560500 can-rx receiver=4 id=0x0200 len=8
[machine.4]       560500 can-rx receiver=4 id=0x0500 len=7
[machine.4]       570500 can-rx receiver=4 id=0x0101 len=2
[machine.4]       570500 can-rx receiver=4 id=0x0102 len=2
[machine.4]       570500 can-rx receiver=4 id=0x0200 len=8
[machine.4]       570500 can-rx receiver=4 id=0x0500 len=7
[machine.4]       580500 can-rx receiver=4 id=0x0101 len=2
[machine.4]       580500 can-rx receiver=4 id=0x0102 len=2
[machine.4]       580500 can-rx receiver=4 id=0x0200 len=8
[machine.4]       580500 can-rx receiver=4 id=0x0500 len=7
[machine.4]       590500 can-rx receiver=4 id=0x0101 len=2
[machine.4]       590500 can-rx receiver=4 id=0x0102 len=2
[machine.4]       590500 can-rx receiver=4 id=0x0200 len=8
[machine.4]       590500 can-rx receiver=4 id=0x0500 len=7
[machine.4]       600500 can-rx receiver=4 id=0x0001 len=5
[machine.4]       600500 can-rx receiver=4 id=0x0001 len=5
[machine.4]       600500 can-rx receiver=4 id=0x0001 len=5
[machine.4]       600500 can-tx sender=4 id=0x0001 len=5
[machine.4]       600500 can-tx sender=4 id=0x0001 len=5
[machine.4]       600500 can-tx sender=4 id=0x0001 len=5
[machine.4]       600500 can-rx receiver=4 id=0x0010 len=2
[machine.4]       600500 can-rx receiver=4 id=0x0101 len=2
[machine.4]       600500 can-rx receiver=4 id=0x0102 len=2
[machine.4]       600500 can-rx receiver=4 id=0x0200 len=8
[machine.4]       600500 can-rx receiver=4 id=0x0201 len=2
[machine.4]       600500 can-rx receiver=4 id=0x0500 len=7
[machine.4]       610500 can-rx receiver=4 id=0x0101 len=2
[machine.4]       610500 can-rx receiver=4 id=0x0102 len=2
[machine.4]       610500 can-rx receiver=4 id=0x0200 len=8
[machine.4]       610500 can-rx receiver=4 id=0x0500 len=7
[machine.4]       620500 can-rx receiver=4 id=0x0101 len=2
[machine.4]       620500 can-rx receiver=4 id=0x0102 len=2
[machine.4]       620500 can-rx receiver=4 id=0x0200 len=8
[machine.4]       620500 can-rx receiver=4 id=0x0500 len=7
[machine.4]       630500 can-rx receiver=4 id=0x0101 len=2
[machine.4]       630500 can-rx receiver=4 id=0x0102 len=2
[machine.4]       630500 can-rx receiver=4 id=0x0200 len=8
[machine.4]       630500 can-rx receiver=4 id=0x0500 len=7
[machine.4]       640500 can-rx receiver=4 id=0x0101 len=2
[machine.4]       640500 can-rx receiver=4 id=0x0102 len=2
[machine.4]       640500 can-rx receiver=4 id=0x0200 len=8
[machine.4]       640500 can-rx receiver=4 id=0x0500 len=7
[machine.4]       650500 can-rx receiver=4 id=0x0010 len=2
[machine.4]       650500 can-rx receiver=4 id=0x0101 len=2
[machine.4]       650500 can-rx receiver=4 id=0x0102 len=2
[machine.4]       650500 can-rx receiver=4 id=0x0200 len=8
[machine.4]       650500 can-rx receiver=4 id=0x0201 len=2
[machine.4]       650500 can-rx receiver=4 id=0x0500 len=7
[machine.4]       660500 can-rx receiver=4 id=0x0101 len=2
[machine.4]       660500 can-rx receiver=4 id=0x0102 len=2
[machine.4]       660500 can-rx receiver=4 id=0x0200 len=8
[machine.4]       660500 can-rx receiver=4 id=0x0500 len=7
[machine.4]       670500 can-rx receiver=4 id=0x0101 len=2
[machine.4]       670500 can-rx receiver=4 id=0x0102 len=2
[machine.4]       670500 can-rx receiver=4 id=0x0200 len=8
[machine.4]       670500 can-rx receiver=4 id=0x0500 len=7
[machine.4]       680500 can-rx receiver=4 id=0x0101 len=2
[machine.4]       680500 can-rx receiver=4 id=0x0102 len=2
[machine.4]       680500 can-rx receiver=4 id=0x0200 len=8
[machine.4]       680500 can-rx receiver=4 id=0x0500 len=7
[machine.4]       690500 can-rx receiver=4 id=0x0101 len=2
[machine.4]       690500 can-rx receiver=4 id=0x0102 len=2
[machine.4]       690500 can-rx receiver=4 id=0x0200 len=8
[machine.4]       690500 can-rx receiver=4 id=0x0500 len=7
[machine.4]       700500 can-rx receiver=4 id=0x0001 len=5
[machine.4]       700500 can-rx receiver=4 id=0x0001 len=5
[machine.4]       700500 can-rx receiver=4 id=0x0001 len=5
[machine.4]       700500 can-tx sender=4 id=0x0001 len=5
[machine.4]       700500 can-tx sender=4 id=0x0001 len=5
[machine.4]       700500 can-tx sender=4 id=0x0001 len=5
[machine.4]       700500 can-rx receiver=4 id=0x0010 len=2
[machine.4]       700500 can-rx receiver=4 id=0x0101 len=2
[machine.4]       700500 can-rx receiver=4 id=0x0102 len=2
[machine.4]       700500 can-rx receiver=4 id=0x0200 len=8
[machine.4]       700500 can-rx receiver=4 id=0x0201 len=2
[machine.4]       700500 can-rx receiver=4 id=0x0500 len=7
[machine.4]       710500 can-rx receiver=4 id=0x0101 len=2
[machine.4]       710500 can-rx receiver=4 id=0x0102 len=2
[machine.4]       710500 can-rx receiver=4 id=0x0200 len=8
[machine.4]       710500 can-rx receiver=4 id=0x0500 len=7
[machine.4]       720500 can-rx receiver=4 id=0x0101 len=2
[machine.4]       720500 can-rx receiver=4 id=0x0102 len=2
[machine.4]       720500 can-rx receiver=4 id=0x0200 len=8
[machine.4]       720500 can-rx receiver=4 id=0x0500 len=7
[machine.4]       730500 can-rx receiver=4 id=0x0101 len=2
[machine.4]       730500 can-rx receiver=4 id=0x0102 len=2
[machine.4]       730500 can-rx receiver=4 id=0x0200 len=8
[machine.4]       730500 can-rx receiver=4 id=0x0500 len=7
[machine.4]       740500 can-rx receiver=4 id=0x0101 len=2
[machine.4]       740500 can-rx receiver=4 id=0x0102 len=2
[machine.4]       740500 can-rx receiver=4 id=0x0200 len=8
[machine.4]       740500 can-rx receiver=4 id=0x0500 len=7
[machine.4]       750500 can-rx receiver=4 id=0x0010 len=2
[machine.4]       750500 can-rx receiver=4 id=0x0101 len=2
[machine.4]       750500 can-rx receiver=4 id=0x0102 len=2
[machine.4]       750500 can-rx receiver=4 id=0x0200 len=8
[machine.4]       750500 can-rx receiver=4 id=0x0201 len=2
[machine.4]       750500 can-rx receiver=4 id=0x0500 len=7
[machine.4]       760500 can-rx receiver=4 id=0x0101 len=2
[machine.4]       760500 can-rx receiver=4 id=0x0102 len=2
[machine.4]       760500 can-rx receiver=4 id=0x0200 len=8
[machine.4]       760500 can-rx receiver=4 id=0x0500 len=7
[machine.4]       770500 can-rx receiver=4 id=0x0101 len=2
[machine.4]       770500 can-rx receiver=4 id=0x0102 len=2
[machine.4]       770500 can-rx receiver=4 id=0x0200 len=8
[machine.4]       770500 can-rx receiver=4 id=0x0500 len=7
[machine.4]       780500 can-rx receiver=4 id=0x0101 len=2
[machine.4]       780500 can-rx receiver=4 id=0x0102 len=2
[machine.4]       780500 can-rx receiver=4 id=0x0200 len=8
[machine.4]       780500 can-rx receiver=4 id=0x0500 len=7
[machine.4]       790500 can-rx receiver=4 id=0x0101 len=2
[machine.4]       790500 can-rx receiver=4 id=0x0102 len=2
[machine.4]       790500 can-rx receiver=4 id=0x0200 len=8
[machine.4]       790500 can-rx receiver=4 id=0x0500 len=7
[machine.4]       800500 can-rx receiver=4 id=0x0001 len=5
[machine.4]       800500 can-rx receiver=4 id=0x0001 len=5
[machine.4]       800500 can-rx receiver=4 id=0x0001 len=5
[machine.4]       800500 can-tx sender=4 id=0x0001 len=5
[machine.4]       800500 can-tx sender=4 id=0x0001 len=5
[machine.4]       800500 can-tx sender=4 id=0x0001 len=5
[machine.4]       800500 can-rx receiver=4 id=0x0010 len=2
[machine.4]       800500 can-rx receiver=4 id=0x0101 len=2
[machine.4]       800500 can-rx receiver=4 id=0x0102 len=2
[machine.4]       800500 can-rx receiver=4 id=0x0200 len=8
[machine.4]       800500 can-rx receiver=4 id=0x0201 len=2
[machine.4]       800500 can-rx receiver=4 id=0x0500 len=7
[machine.4]       810500 can-rx receiver=4 id=0x0101 len=2
[machine.4]       810500 can-rx receiver=4 id=0x0102 len=2
[machine.4]       810500 can-rx receiver=4 id=0x0200 len=8
[machine.4]       810500 can-rx receiver=4 id=0x0500 len=7
[machine.4]       820500 can-rx receiver=4 id=0x0101 len=2
[machine.4]       820500 can-rx receiver=4 id=0x0102 len=2
[machine.4]       820500 can-rx receiver=4 id=0x0200 len=8
[machine.4]       820500 can-rx receiver=4 id=0x0500 len=7
[machine.4]       830500 can-rx receiver=4 id=0x0101 len=2
[machine.4]       830500 can-rx receiver=4 id=0x0102 len=2
[machine.4]       830500 can-rx receiver=4 id=0x0200 len=8
[machine.4]       830500 can-rx receiver=4 id=0x0500 len=7
[machine.4]       840500 can-rx receiver=4 id=0x0101 len=2
[machine.4]       840500 can-rx receiver=4 id=0x0102 len=2
[machine.4]       840500 can-rx receiver=4 id=0x0200 len=8
[machine.4]       840500 can-rx receiver=4 id=0x0500 len=7
[machine.4]       850500 can-rx receiver=4 id=0x0010 len=2
[machine.4]       850500 can-rx receiver=4 id=0x0101 len=2
[machine.4]       850500 can-rx receiver=4 id=0x0102 len=2
[machine.4]       850500 can-rx receiver=4 id=0x0200 len=8
[machine.4]       850500 can-rx receiver=4 id=0x0201 len=2
[machine.4]       850500 can-rx receiver=4 id=0x0500 len=7
[machine.4]       860500 can-rx receiver=4 id=0x0101 len=2
[machine.4]       860500 can-rx receiver=4 id=0x0102 len=2
[machine.4]       860500 can-rx receiver=4 id=0x0200 len=8
[machine.4]       860500 can-rx receiver=4 id=0x0500 len=7
[machine.4]       870500 can-rx receiver=4 id=0x0101 len=2
[machine.4]       870500 can-rx receiver=4 id=0x0102 len=2
[machine.4]       870500 can-rx receiver=4 id=0x0200 len=8
[machine.4]       870500 can-rx receiver=4 id=0x0500 len=7
[machine.4]       880500 can-rx receiver=4 id=0x0101 len=2
[machine.4]       880500 can-rx receiver=4 id=0x0102 len=2
[machine.4]       880500 can-rx receiver=4 id=0x0200 len=8
[machine.4]       880500 can-rx receiver=4 id=0x0500 len=7
[machine.4]       890500 can-rx receiver=4 id=0x0101 len=2
[machine.4]       890500 can-rx receiver=4 id=0x0102 len=2
[machine.4]       890500 can-rx receiver=4 id=0x0200 len=8
[machine.4]       890500 can-rx receiver=4 id=0x0500 len=7
[machine.4]       900500 can-rx receiver=4 id=0x0001 len=5
[machine.4]       900500 can-rx receiver=4 id=0x0001 len=5
[machine.4]       900500 can-rx receiver=4 id=0x0001 len=5
[machine.4]       900500 can-tx sender=4 id=0x0001 len=5
[machine.4]       900500 can-tx sender=4 id=0x0001 len=5
[machine.4]       900500 can-tx sender=4 id=0x0001 len=5
[machine.4]       900500 can-rx receiver=4 id=0x0010 len=2
[machine.4]       900500 can-rx receiver=4 id=0x0101 len=2
[machine.4]       900500 can-rx receiver=4 id=0x0102 len=2
[machine.4]       900500 can-rx receiver=4 id=0x0200 len=8
[machine.4]       900500 can-rx receiver=4 id=0x0201 len=2
[machine.4]       900500 can-rx receiver=4 id=0x0500 len=7
[machine.4]       910500 can-rx receiver=4 id=0x0101 len=2
[machine.4]       910500 can-rx receiver=4 id=0x0102 len=2
[machine.4]       910500 can-rx receiver=4 id=0x0200 len=8
[machine.4]       910500 can-rx receiver=4 id=0x0500 len=7
[machine.4]       920500 can-rx receiver=4 id=0x0101 len=2
[machine.4]       920500 can-rx receiver=4 id=0x0102 len=2
[machine.4]       920500 can-rx receiver=4 id=0x0200 len=8
[machine.4]       920500 can-rx receiver=4 id=0x0500 len=7
[machine.4]       930500 can-rx receiver=4 id=0x0101 len=2
[machine.4]       930500 can-rx receiver=4 id=0x0102 len=2
[machine.4]       930500 can-rx receiver=4 id=0x0200 len=8
[machine.4]       930500 can-rx receiver=4 id=0x0500 len=7
[machine.4]       940500 can-rx receiver=4 id=0x0101 len=2
[machine.4]       940500 can-rx receiver=4 id=0x0102 len=2
[machine.4]       940500 can-rx receiver=4 id=0x0200 len=8
[machine.4]       940500 can-rx receiver=4 id=0x0500 len=7
[machine.4]       950500 can-rx receiver=4 id=0x0010 len=2
[machine.4]       950500 can-rx receiver=4 id=0x0101 len=2
[machine.4]       950500 can-rx receiver=4 id=0x0102 len=2
[machine.4]       950500 can-rx receiver=4 id=0x0200 len=8
[machine.4]       950500 can-rx receiver=4 id=0x0201 len=2
[machine.4]       950500 can-rx receiver=4 id=0x0500 len=7
[machine.4]       960500 can-rx receiver=4 id=0x0101 len=2
[machine.4]       960500 can-rx receiver=4 id=0x0102 len=2
[machine.4]       960500 can-rx receiver=4 id=0x0200 len=8
[machine.4]       960500 can-rx receiver=4 id=0x0500 len=7
[machine.4]       970500 can-rx receiver=4 id=0x0101 len=2
[machine.4]       970500 can-rx receiver=4 id=0x0102 len=2
[machine.4]       970500 can-rx receiver=4 id=0x0200 len=8
[machine.4]       970500 can-rx receiver=4 id=0x0500 len=7
[machine.4]       980500 can-rx receiver=4 id=0x0101 len=2
[machine.4]       980500 can-rx receiver=4 id=0x0102 len=2
[machine.4]       980500 can-rx receiver=4 id=0x0200 len=8
[machine.4]       980500 can-rx receiver=4 id=0x0500 len=7
[machine.4]       990500 can-rx receiver=4 id=0x0101 len=2
[machine.4]       990500 can-rx receiver=4 id=0x0102 len=2
[machine.4]       990500 can-rx receiver=4 id=0x0200 len=8
[machine.4]       990500 can-rx receiver=4 id=0x0500 len=7
[machine.4]      1000500 can-rx receiver=4 id=0x0001 len=5
[machine.4]      1000500 can-rx receiver=4 id=0x0001 len=5
[machine.4]      1000500 can-rx receiver=4 id=0x0001 len=5
[machine.4]      1000500 can-tx sender=4 id=0x0001 len=5
[machine.4]      1000500 can-tx sender=4 id=0x0001 len=5
[machine.4]      1000500 can-tx sender=4 id=0x0001 len=5
[machine.4]      1000500 can-rx receiver=4 id=0x0010 len=2
[machine.4]      1000500 can-rx receiver=4 id=0x0101 len=2
[machine.4]      1000500 can-rx receiver=4 id=0x0102 len=2
[machine.4]      1000500 can-rx receiver=4 id=0x0200 len=8
[machine.4]      1000500 can-rx receiver=4 id=0x0201 len=2
[machine.4]      1000500 can-rx receiver=4 id=0x0500 len=7
[machine.4]      1010500 can-rx receiver=4 id=0x0101 len=2
[machine.4]      1010500 can-rx receiver=4 id=0x0102 len=2
[machine.4]      1010500 can-rx receiver=4 id=0x0200 len=8
[machine.4]      1010500 can-rx receiver=4 id=0x0500 len=7
[machine.4]      1020500 can-rx receiver=4 id=0x0101 len=2
[machine.4]      1020500 can-rx receiver=4 id=0x0102 len=2
[machine.4]      1020500 can-rx receiver=4 id=0x0200 len=8
[machine.4]      1020500 can-rx receiver=4 id=0x0500 len=7
[machine.4]      1030500 can-rx receiver=4 id=0x0101 len=2
[machine.4]      1030500 can-rx receiver=4 id=0x0102 len=2
[machine.4]      1030500 can-rx receiver=4 id=0x0200 len=8
[machine.4]      1030500 can-rx receiver=4 id=0x0500 len=7
[machine.4]      1040500 can-rx receiver=4 id=0x0101 len=2
[machine.4]      1040500 can-rx receiver=4 id=0x0102 len=2
[machine.4]      1040500 can-rx receiver=4 id=0x0200 len=8
[machine.4]      1040500 can-rx receiver=4 id=0x0500 len=7
[machine.4]      1050500 can-rx receiver=4 id=0x0010 len=2
[machine.4]      1050500 can-rx receiver=4 id=0x0101 len=2
[machine.4]      1050500 can-rx receiver=4 id=0x0102 len=2
[machine.4]      1050500 can-rx receiver=4 id=0x0200 len=8
[machine.4]      1050500 can-rx receiver=4 id=0x0201 len=2
[machine.4]      1050500 can-rx receiver=4 id=0x0500 len=7
[machine.4]      1060500 can-rx receiver=4 id=0x0101 len=2
[machine.4]      1060500 can-rx receiver=4 id=0x0102 len=2
[machine.4]      1060500 can-rx receiver=4 id=0x0200 len=8
[machine.4]      1060500 can-rx receiver=4 id=0x0500 len=7
[machine.4]      1070500 can-rx receiver=4 id=0x0101 len=2
[machine.4]      1070500 can-rx receiver=4 id=0x0102 len=2
[machine.4]      1070500 can-rx receiver=4 id=0x0200 len=8
[machine.4]      1070500 can-rx receiver=4 id=0x0500 len=7
[machine.4]      1080500 can-rx receiver=4 id=0x0101 len=2
[machine.4]      1080500 can-rx receiver=4 id=0x0102 len=2
[machine.4]      1080500 can-rx receiver=4 id=0x0200 len=8
[machine.4]      1080500 can-rx receiver=4 id=0x0500 len=7
[machine.4]      1090500 can-rx receiver=4 id=0x0101 len=2
[machine.4]      1090500 can-rx receiver=4 id=0x0102 len=2
[machine.4]      1090500 can-rx receiver=4 id=0x0200 len=8
[machine.4]      1090500 can-rx receiver=4 id=0x0500 len=7
[machine.4]      1100500 can-rx receiver=4 id=0x0001 len=5
[machine.4]      1100500 can-rx receiver=4 id=0x0001 len=5
[machine.4]      1100500 can-rx receiver=4 id=0x0001 len=5
[machine.4]      1100500 can-tx sender=4 id=0x0001 len=5
[machine.4]      1100500 can-tx sender=4 id=0x0001 len=5
[machine.4]      1100500 can-tx sender=4 id=0x0001 len=5
[machine.4]      1100500 can-rx receiver=4 id=0x0010 len=2
[machine.4]      1100500 can-rx receiver=4 id=0x0101 len=2
[machine.4]      1100500 can-rx receiver=4 id=0x0102 len=2
[machine.4]      1100500 can-rx receiver=4 id=0x0200 len=8
[machine.4]      1100500 can-rx receiver=4 id=0x0201 len=2
[machine.4]      1100500 can-rx receiver=4 id=0x0500 len=7
[machine.4]      1110500 can-rx receiver=4 id=0x0101 len=2
[machine.4]      1110500 can-rx receiver=4 id=0x0102 len=2
[machine.4]      1110500 can-rx receiver=4 id=0x0200 len=8
[machine.4]      1110500 can-rx receiver=4 id=0x0500 len=7
[machine.4]      1120500 can-rx receiver=4 id=0x0101 len=2
[machine.4]      1120500 can-rx receiver=4 id=0x0102 len=2
[machine.4]      1120500 can-rx receiver=4 id=0x0200 len=8
[machine.4]      1120500 can-rx receiver=4 id=0x0500 len=7
[machine.4]      1130500 can-rx receiver=4 id=0x0101 len=2
[machine.4]      1130500 can-rx receiver=4 id=0x0102 len=2
[machine.4]      1130500 can-rx receiver=4 id=0x0200 len=8
[machine.4]      1130500 can-rx receiver=4 id=0x0500 len=7
[machine.4]      1140500 can-rx receiver=4 id=0x0101 len=2
[machine.4]      1140500 can-rx receiver=4 id=0x0102 len=2
[machine.4]      1140500 can-rx receiver=4 id=0x0200 len=8
[machine.4]      1140500 can-rx receiver=4 id=0x0500 len=7
[machine.4]      1150500 can-rx receiver=4 id=0x0010 len=2
[machine.4]      1150500 can-rx receiver=4 id=0x0101 len=2
[machine.4]      1150500 can-rx receiver=4 id=0x0102 len=2
[machine.4]      1150500 can-rx receiver=4 id=0x0200 len=8
[machine.4]      1150500 can-rx receiver=4 id=0x0201 len=2
[machine.4]      1150500 can-rx receiver=4 id=0x0500 len=7
[machine.4]      1160500 can-rx receiver=4 id=0x0101 len=2
[machine.4]      1160500 can-rx receiver=4 id=0x0102 len=2
[machine.4]      1160500 can-rx receiver=4 id=0x0200 len=8
[machine.4]      1160500 can-rx receiver=4 id=0x0500 len=7
[machine.4]      1170500 can-rx receiver=4 id=0x0101 len=2
[machine.4]      1170500 can-rx receiver=4 id=0x0102 len=2
[machine.4]      1170500 can-rx receiver=4 id=0x0200 len=8
[machine.4]      1170500 can-rx receiver=4 id=0x0500 len=7
[machine.4]      1180500 can-rx receiver=4 id=0x0101 len=2
[machine.4]      1180500 can-rx receiver=4 id=0x0102 len=2
[machine.4]      1180500 can-rx receiver=4 id=0x0200 len=8
[machine.4]      1180500 can-rx receiver=4 id=0x0500 len=7
[machine.4]      1190500 can-rx receiver=4 id=0x0101 len=2
[machine.4]      1190500 can-rx receiver=4 id=0x0102 len=2
[machine.4]      1190500 can-rx receiver=4 id=0x0200 len=8
[machine.4]      1190500 can-rx receiver=4 id=0x0500 len=7
[machine.4]      1200500 can-rx receiver=4 id=0x0001 len=5
[machine.4]      1200500 can-rx receiver=4 id=0x0001 len=5
[machine.4]      1200500 can-rx receiver=4 id=0x0001 len=5
[machine.4]      1200500 can-tx sender=4 id=0x0001 len=5
[machine.4]      1200500 can-tx sender=4 id=0x0001 len=5
[machine.4]      1200500 can-tx sender=4 id=0x0001 len=5
[machine.4]      1200500 can-rx receiver=4 id=0x0010 len=2
[machine.4]      1200500 can-rx receiver=4 id=0x0101 len=2
[machine.4]      1200500 can-rx receiver=4 id=0x0102 len=2
[machine.4]      1200500 can-rx receiver=4 id=0x0200 len=8
[machine.4]      1200500 can-rx receiver=4 id=0x0201 len=2
[machine.4]      1200500 can-rx receiver=4 id=0x0500 len=7
[machine.4]      1210500 can-rx receiver=4 id=0x0101 len=2
[machine.4]      1210500 can-rx receiver=4 id=0x0102 len=2
[machine.4]      1210500 can-rx receiver=4 id=0x0200 len=8
[machine.4]      1210500 can-rx receiver=4 id=0x0500 len=7
[machine.4]      1220500 can-rx receiver=4 id=0x0101 len=2
[machine.4]      1220500 can-rx receiver=4 id=0x0102 len=2
[machine.4]      1220500 can-rx receiver=4 id=0x0200 len=8
[machine.4]      1220500 can-rx receiver=4 id=0x0500 len=7
[machine.4]      1230500 can-rx receiver=4 id=0x0101 len=2
[machine.4]      1230500 can-rx receiver=4 id=0x0102 len=2
[machine.4]      1230500 can-rx receiver=4 id=0x0200 len=8
[machine.4]      1230500 can-rx receiver=4 id=0x0500 len=7
[machine.4]      1240500 can-rx receiver=4 id=0x0101 len=2
[machine.4]      1240500 can-rx receiver=4 id=0x0102 len=2
[machine.4]      1240500 can-rx receiver=4 id=0x0200 len=8
[machine.4]      1240500 can-rx receiver=4 id=0x0500 len=7
[machine.4]      1250500 can-rx receiver=4 id=0x0010 len=2
[machine.4]      1250500 can-rx receiver=4 id=0x0101 len=2
[machine.4]      1250500 can-rx receiver=4 id=0x0102 len=2
[machine.4]      1250500 can-rx receiver=4 id=0x0200 len=8
[machine.4]      1250500 can-rx receiver=4 id=0x0201 len=2
[machine.4]      1250500 can-rx receiver=4 id=0x0500 len=7
[machine.4]      1260500 can-rx receiver=4 id=0x0101 len=2
[machine.4]      1260500 can-rx receiver=4 id=0x0102 len=2
[machine.4]      1260500 can-rx receiver=4 id=0x0200 len=8
[machine.4]      1260500 can-rx receiver=4 id=0x0500 len=7
[machine.4]      1270500 can-rx receiver=4 id=0x0101 len=2
[machine.4]      1270500 can-rx receiver=4 id=0x0102 len=2
[machine.4]      1270500 can-rx receiver=4 id=0x0200 len=8
[machine.4]      1270500 can-rx receiver=4 id=0x0500 len=7
[machine.4]      1280500 can-rx receiver=4 id=0x0101 len=2
[machine.4]      1280500 can-rx receiver=4 id=0x0102 len=2
[machine.4]      1280500 can-rx receiver=4 id=0x0200 len=8
[machine.4]      1280500 can-rx receiver=4 id=0x0500 len=7
[machine.4]      1290500 can-rx receiver=4 id=0x0101 len=2
[machine.4]      1290500 can-rx receiver=4 id=0x0102 len=2
[machine.4]      1290500 can-rx receiver=4 id=0x0200 len=8
[machine.4]      1290500 can-rx receiver=4 id=0x0500 len=7
[machine.4]      1300500 can-rx receiver=4 id=0x0001 len=5
[machine.4]      1300500 can-rx receiver=4 id=0x0001 len=5
[machine.4]      1300500 can-rx receiver=4 id=0x0001 len=5
[machine.4]      1300500 can-tx sender=4 id=0x0001 len=5
[machine.4]      1300500 can-tx sender=4 id=0x0001 len=5
[machine.4]      1300500 can-tx sender=4 id=0x0001 len=5
[machine.4]      1300500 can-rx receiver=4 id=0x0010 len=2
[machine.4]      1300500 can-rx receiver=4 id=0x0101 len=2
[machine.4]      1300500 can-rx receiver=4 id=0x0102 len=2
[machine.4]      1300500 can-rx receiver=4 id=0x0200 len=8
[machine.4]      1300500 can-rx receiver=4 id=0x0201 len=2
[machine.4]      1300500 can-rx receiver=4 id=0x0500 len=7
[machine.4]      1310500 can-rx receiver=4 id=0x0101 len=2
[machine.4]      1310500 can-rx receiver=4 id=0x0102 len=2
[machine.4]      1310500 can-rx receiver=4 id=0x0200 len=8
[machine.4]      1310500 can-rx receiver=4 id=0x0500 len=7
[machine.4]      1320500 can-rx receiver=4 id=0x0101 len=2
[machine.4]      1320500 can-rx receiver=4 id=0x0102 len=2
[machine.4]      1320500 can-rx receiver=4 id=0x0200 len=8
[machine.4]      1320500 can-rx receiver=4 id=0x0500 len=7
[machine.4]      1330500 can-rx receiver=4 id=0x0101 len=2
[machine.4]      1330500 can-rx receiver=4 id=0x0102 len=2
[machine.4]      1330500 can-rx receiver=4 id=0x0200 len=8
[machine.4]      1330500 can-rx receiver=4 id=0x0500 len=7
[machine.4]      1340500 can-rx receiver=4 id=0x0101 len=2
[machine.4]      1340500 can-rx receiver=4 id=0x0102 len=2
[machine.4]      1340500 can-rx receiver=4 id=0x0200 len=8
[machine.4]      1340500 can-rx receiver=4 id=0x0500 len=7
[machine.4]      1350500 can-rx receiver=4 id=0x0010 len=2
[machine.4]      1350500 can-rx receiver=4 id=0x0101 len=2
[machine.4]      1350500 can-rx receiver=4 id=0x0102 len=2
[machine.4]      1350500 can-rx receiver=4 id=0x0200 len=8
[machine.4]      1350500 can-rx receiver=4 id=0x0201 len=2
[machine.4]      1350500 can-rx receiver=4 id=0x0500 len=7
[machine.4]      1360500 can-rx receiver=4 id=0x0101 len=2
[machine.4]      1360500 can-rx receiver=4 id=0x0102 len=2
[machine.4]      1360500 can-rx receiver=4 id=0x0200 len=8
[machine.4]      1360500 can-rx receiver=4 id=0x0500 len=7
[machine.4]      1370500 can-rx receiver=4 id=0x0101 len=2
[machine.4]      1370500 can-rx receiver=4 id=0x0102 len=2
[machine.4]      1370500 can-rx receiver=4 id=0x0200 len=8
[machine.4]      1370500 can-rx receiver=4 id=0x0500 len=7
[machine.4]      1380500 can-rx receiver=4 id=0x0101 len=2
[machine.4]      1380500 can-rx receiver=4 id=0x0102 len=2
[machine.4]      1380500 can-rx receiver=4 id=0x0200 len=8
[machine.4]      1380500 can-rx receiver=4 id=0x0500 len=7
[machine.4]      1390500 can-rx receiver=4 id=0x0101 len=2
[machine.4]      1390500 can-rx receiver=4 id=0x0102 len=2
[machine.4]      1390500 can-rx receiver=4 id=0x0200 len=8
[machine.4]      1390500 can-rx receiver=4 id=0x0500 len=7
[machine.4]      1400500 can-rx receiver=4 id=0x0001 len=5
[machine.4]      1400500 can-rx receiver=4 id=0x0001 len=5
[machine.4]      1400500 can-rx receiver=4 id=0x0001 len=5
[machine.4]      1400500 can-tx sender=4 id=0x0001 len=5
[machine.4]      1400500 can-tx sender=4 id=0x0001 len=5
[machine.4]      1400500 can-tx sender=4 id=0x0001 len=5
[machine.4]      1400500 can-rx receiver=4 id=0x0010 len=2
[machine.4]      1400500 can-rx receiver=4 id=0x0101 len=2
[machine.4]      1400500 can-rx receiver=4 id=0x0102 len=2
[machine.4]      1400500 can-rx receiver=4 id=0x0200 len=8
[machine.4]      1400500 can-rx receiver=4 id=0x0201 len=2
[machine.4]      1400500 can-rx receiver=4 id=0x0500 len=7
[machine.4]      1410500 can-rx receiver=4 id=0x0101 len=2
[machine.4]      1410500 can-rx receiver=4 id=0x0102 len=2
[machine.4]      1410500 can-rx receiver=4 id=0x0200 len=8
[machine.4]      1410500 can-rx receiver=4 id=0x0500 len=7
[machine.4]      1420500 can-rx receiver=4 id=0x0101 len=2
[machine.4]      1420500 can-rx receiver=4 id=0x0102 len=2
[machine.4]      1420500 can-rx receiver=4 id=0x0200 len=8
[machine.4]      1420500 can-rx receiver=4 id=0x0500 len=7
[machine.4]      1430500 can-rx receiver=4 id=0x0101 len=2
[machine.4]      1430500 can-rx receiver=4 id=0x0102 len=2
[machine.4]      1430500 can-rx receiver=4 id=0x0200 len=8
[machine.4]      1430500 can-rx receiver=4 id=0x0500 len=7
[machine.4]      1440500 can-rx receiver=4 id=0x0101 len=2
[machine.4]      1440500 can-rx receiver=4 id=0x0102 len=2
[machine.4]      1440500 can-rx receiver=4 id=0x0200 len=8
[machine.4]      1440500 can-rx receiver=4 id=0x0500 len=7
[machine.4]      1450500 can-rx receiver=4 id=0x0010 len=2
[machine.4]      1450500 can-rx receiver=4 id=0x0101 len=2
[machine.4]      1450500 can-rx receiver=4 id=0x0102 len=2
[machine.4]      1450500 can-rx receiver=4 id=0x0200 len=8
[machine.4]      1450500 can-rx receiver=4 id=0x0201 len=2
[machine.4]      1450500 can-rx receiver=4 id=0x0500 len=7
[machine.4]      1460500 can-rx receiver=4 id=0x0101 len=2
[machine.4]      1460500 can-rx receiver=4 id=0x0102 len=2
[machine.4]      1460500 can-rx receiver=4 id=0x0200 len=8
[machine.4]      1460500 can-rx receiver=4 id=0x0500 len=7
[machine.4]      1470500 can-rx receiver=4 id=0x0101 len=2
[machine.4]      1470500 can-rx receiver=4 id=0x0102 len=2
[machine.4]      1470500 can-rx receiver=4 id=0x0200 len=8
[machine.4]      1470500 can-rx receiver=4 id=0x0500 len=7
[machine.4]      1480500 can-rx receiver=4 id=0x0101 len=2
[machine.4]      1480500 can-rx receiver=4 id=0x0102 len=2
[machine.4]      1480500 can-rx receiver=4 id=0x0200 len=8
[machine.4]      1480500 can-rx receiver=4 id=0x0500 len=7
[machine.4]      1490500 can-rx receiver=4 id=0x0101 len=2
[machine.4]      1490500 can-rx receiver=4 id=0x0102 len=2
[machine.4]      1490500 can-rx receiver=4 id=0x0200 len=8
[machine.4]      1490500 can-rx receiver=4 id=0x0500 len=7
[machine.4]      1500500 can-rx receiver=4 id=0x0001 len=5
[machine.4]      1500500 can-rx receiver=4 id=0x0001 len=5
[machine.4]      1500500 can-tx sender=4 id=0x0001 len=5
[machine.4]      1500500 can-tx sender=4 id=0x0001 len=5
[machine.4]      1500500 can-tx sender=4 id=0x0001 len=5
[machine.4]      1500500 can-rx receiver=4 id=0x0101 len=2
[machine.4]      1500500 can-rx receiver=4 id=0x0102 len=2
[machine.4]      1500500 can-rx receiver=4 id=0x0200 len=8
[machine.4]      1500500 can-rx receiver=4 id=0x0201 len=2
[machine.4]      1500500 can-rx receiver=4 id=0x0500 len=7
[machine.4]      1510500 can-rx receiver=4 id=0x0101 len=2
[machine.4]      1510500 can-rx receiver=4 id=0x0102 len=2
[machine.4]      1510500 can-rx receiver=4 id=0x0200 len=8
[machine.4]      1510500 can-rx receiver=4 id=0x0500 len=7
[machine.4]      1520500 can-rx receiver=4 id=0x0101 len=2
[machine.4]      1520500 can-rx receiver=4 id=0x0102 len=2
[machine.4]      1520500 can-rx receiver=4 id=0x0200 len=8
[machine.4]      1520500 can-rx receiver=4 id=0x0500 len=7
[machine.4]      1530500 can-rx receiver=4 id=0x0101 len=2
[machine.4]      1530500 can-rx receiver=4 id=0x0102 len=2
[machine.4]      1530500 can-rx receiver=4 id=0x0200 len=8
[machine.4]      1530500 can-rx receiver=4 id=0x0500 len=7
[machine.4]      1540500 can-rx receiver=4 id=0x0101 len=2
[machine.4]      1540500 can-rx receiver=4 id=0x0102 len=2
[machine.4]      1540500 can-rx receiver=4 id=0x0200 len=8
[machine.4]      1540500 can-rx receiver=4 id=0x0500 len=7
[machine.4]      1550500 can-rx receiver=4 id=0x0101 len=2
[machine.4]      1550500 can-rx receiver=4 id=0x0102 len=2
[machine.4]      1550500 can-rx receiver=4 id=0x0200 len=8
[machine.4]      1550500 can-rx receiver=4 id=0x0201 len=2
[machine.4]      1550500 can-rx receiver=4 id=0x0500 len=7
[machine.4]      1560500 can-rx receiver=4 id=0x0101 len=2
[machine.4]      1560500 can-rx receiver=4 id=0x0102 len=2
[machine.4]      1560500 can-rx receiver=4 id=0x0200 len=8
[machine.4]      1560500 can-rx receiver=4 id=0x0500 len=7
[machine.4]      1570500 can-rx receiver=4 id=0x0101 len=2
[machine.4]      1570500 can-rx receiver=4 id=0x0102 len=2
[machine.4]      1570500 can-rx receiver=4 id=0x0200 len=8
[machine.4]      1570500 can-rx receiver=4 id=0x0500 len=7
[machine.4]      1580500 can-rx receiver=4 id=0x0101 len=2
[machine.4]      1580500 can-rx receiver=4 id=0x0102 len=2
[machine.4]      1580500 can-rx receiver=4 id=0x0200 len=8
[machine.4]      1580500 can-rx receiver=4 id=0x0500 len=7
[machine.4]      1590500 can-rx receiver=4 id=0x0101 len=2
[machine.4]      1590500 can-rx receiver=4 id=0x0102 len=2
[machine.4]      1590500 can-rx receiver=4 id=0x0200 len=8
[machine.4]      1590500 can-rx receiver=4 id=0x0500 len=7
[machine.4]      1600500 can-rx receiver=4 id=0x0001 len=5
[machine.4]      1600500 can-rx receiver=4 id=0x0001 len=5
[machine.4]      1600500 can-tx sender=4 id=0x0001 len=5
[machine.4]      1600500 can-tx sender=4 id=0x0001 len=5
[machine.4]      1600500 can-tx sender=4 id=0x0001 len=5
[machine.4]      1600500 can-rx receiver=4 id=0x0101 len=2
[machine.4]      1600500 can-rx receiver=4 id=0x0102 len=2
[machine.4]      1600500 can-rx receiver=4 id=0x0200 len=8
[machine.4]      1600500 can-rx receiver=4 id=0x0201 len=2
[machine.4]      1600500 can-rx receiver=4 id=0x0500 len=7
[machine.4]      1610500 can-rx receiver=4 id=0x0101 len=2
[machine.4]      1610500 can-rx receiver=4 id=0x0102 len=2
[machine.4]      1610500 can-rx receiver=4 id=0x0200 len=8
[machine.4]      1610500 can-rx receiver=4 id=0x0500 len=7
[machine.4]      1620500 can-rx receiver=4 id=0x0101 len=2
[machine.4]      1620500 can-rx receiver=4 id=0x0102 len=2
[machine.4]      1620500 can-rx receiver=4 id=0x0200 len=8
[machine.4]      1620500 can-rx receiver=4 id=0x0500 len=7
[machine.4]      1630500 can-rx receiver=4 id=0x0101 len=2
[machine.4]      1630500 can-rx receiver=4 id=0x0102 len=2
[machine.4]      1630500 can-rx receiver=4 id=0x0200 len=8
[machine.4]      1630500 can-rx receiver=4 id=0x0500 len=7
[machine.4]      1640500 can-rx receiver=4 id=0x0101 len=2
[machine.4]      1640500 can-rx receiver=4 id=0x0102 len=2
[machine.4]      1640500 can-rx receiver=4 id=0x0200 len=8
[machine.4]      1640500 can-rx receiver=4 id=0x0500 len=7
[machine.4]      1650500 can-rx receiver=4 id=0x0101 len=2
[machine.4]      1650500 can-rx receiver=4 id=0x0102 len=2
[machine.4]      1650500 can-rx receiver=4 id=0x0200 len=8
[machine.4]      1650500 can-rx receiver=4 id=0x0201 len=2
[machine.4]      1650500 can-rx receiver=4 id=0x0500 len=7
[machine.4]      1660500 can-rx receiver=4 id=0x0101 len=2
[machine.4]      1660500 can-rx receiver=4 id=0x0102 len=2
[machine.4]      1660500 can-rx receiver=4 id=0x0200 len=8
[machine.4]      1660500 can-rx receiver=4 id=0x0500 len=7
[machine.4]      1670500 can-rx receiver=4 id=0x0101 len=2
[machine.4]      1670500 can-rx receiver=4 id=0x0102 len=2
[machine.4]      1670500 can-rx receiver=4 id=0x0200 len=8
[machine.4]      1670500 can-rx receiver=4 id=0x0500 len=7
[machine.4]      1680500 can-rx receiver=4 id=0x0101 len=2
[machine.4]      1680500 can-rx receiver=4 id=0x0102 len=2
[machine.4]      1680500 can-rx receiver=4 id=0x0200 len=8
[machine.4]      1680500 can-rx receiver=4 id=0x0500 len=7
[machine.4]      1690500 can-rx receiver=4 id=0x0101 len=2
[machine.4]      1690500 can-rx receiver=4 id=0x0102 len=2
[machine.4]      1690500 can-rx receiver=4 id=0x0200 len=8
[machine.4]      1690500 can-rx receiver=4 id=0x0500 len=7
[machine.4]      1700500 can-rx receiver=4 id=0x0001 len=5
[machine.4]      1700500 can-rx receiver=4 id=0x0001 len=5
[machine.4]      1700500 can-tx sender=4 id=0x0001 len=5
[machine.4]      1700500 can-tx sender=4 id=0x0001 len=5
[machine.4]      1700500 can-tx sender=4 id=0x0001 len=5
[machine.4]      1700500 can-rx receiver=4 id=0x0101 len=2
[machine.4]      1700500 can-rx receiver=4 id=0x0102 len=2
[machine.4]      1700500 can-rx receiver=4 id=0x0200 len=8
[machine.4]      1700500 can-rx receiver=4 id=0x0201 len=2
[machine.4]      1700500 can-rx receiver=4 id=0x0500 len=7
[machine.4]      1710500 can-rx receiver=4 id=0x0101 len=2
[machine.4]      1710500 can-rx receiver=4 id=0x0102 len=2
[machine.4]      1710500 can-rx receiver=4 id=0x0200 len=8
[machine.4]      1710500 can-rx receiver=4 id=0x0500 len=7
[machine.4]      1720500 can-rx receiver=4 id=0x0101 len=2
[machine.4]      1720500 can-rx receiver=4 id=0x0102 len=2
[machine.4]      1720500 can-rx receiver=4 id=0x0200 len=8
[machine.4]      1720500 can-rx receiver=4 id=0x0500 len=7
[machine.4]      1730500 can-rx receiver=4 id=0x0101 len=2
[machine.4]      1730500 can-rx receiver=4 id=0x0102 len=2
[machine.4]      1730500 can-rx receiver=4 id=0x0200 len=8
[machine.4]      1730500 can-rx receiver=4 id=0x0500 len=7
[machine.4]      1740500 can-rx receiver=4 id=0x0101 len=2
[machine.4]      1740500 can-rx receiver=4 id=0x0102 len=2
[machine.4]      1740500 can-rx receiver=4 id=0x0200 len=8
[machine.4]      1740500 can-rx receiver=4 id=0x0500 len=7
[machine.4]      1750500 can-rx receiver=4 id=0x0101 len=2
[machine.4]      1750500 can-rx receiver=4 id=0x0102 len=2
[machine.4]      1750500 can-rx receiver=4 id=0x0200 len=8
[machine.4]      1750500 can-rx receiver=4 id=0x0201 len=2
[machine.4]      1750500 can-rx receiver=4 id=0x0500 len=7
[machine.4]      1760500 can-rx receiver=4 id=0x0101 len=2
[machine.4]      1760500 can-rx receiver=4 id=0x0102 len=2
[machine.4]      1760500 can-rx receiver=4 id=0x0200 len=8
[machine.4]      1760500 can-rx receiver=4 id=0x0500 len=7
[machine.4]      1770500 can-rx receiver=4 id=0x0101 len=2
[machine.4]      1770500 can-rx receiver=4 id=0x0102 len=2
[machine.4]      1770500 can-rx receiver=4 id=0x0200 len=8
[machine.4]      1770500 can-rx receiver=4 id=0x0500 len=7
[machine.4]      1780500 can-rx receiver=4 id=0x0101 len=2
[machine.4]      1780500 can-rx receiver=4 id=0x0102 len=2
[machine.4]      1780500 can-rx receiver=4 id=0x0200 len=8
[machine.4]      1780500 can-rx receiver=4 id=0x0500 len=7
[machine.4]      1790500 can-rx receiver=4 id=0x0101 len=2
[machine.4]      1790500 can-rx receiver=4 id=0x0102 len=2
[machine.4]      1790500 can-rx receiver=4 id=0x0200 len=8
[machine.4]      1790500 can-rx receiver=4 id=0x0500 len=7
[machine.4]      1800500 can-rx receiver=4 id=0x0001 len=5
[machine.4]      1800500 can-rx receiver=4 id=0x0001 len=5
[machine.4]      1800500 can-tx sender=4 id=0x0001 len=5
[machine.4]      1800500 can-tx sender=4 id=0x0001 len=5
[machine.4]      1800500 can-tx sender=4 id=0x0001 len=5
[machine.4]      1800500 can-rx receiver=4 id=0x0101 len=2
[machine.4]      1800500 can-rx receiver=4 id=0x0102 len=2
[machine.4]      1800500 can-rx receiver=4 id=0x0200 len=8
[machine.4]      1800500 can-rx receiver=4 id=0x0201 len=2
[machine.4]      1800500 can-rx receiver=4 id=0x0500 len=7
[machine.4]      1810500 can-rx receiver=4 id=0x0101 len=2
[machine.4]      1810500 can-rx receiver=4 id=0x0102 len=2
[machine.4]      1810500 can-rx receiver=4 id=0x0200 len=8
[machine.4]      1810500 can-rx receiver=4 id=0x0500 len=7
[machine.4]      1820500 can-rx receiver=4 id=0x0101 len=2
[machine.4]      1820500 can-rx receiver=4 id=0x0102 len=2
[machine.4]      1820500 can-rx receiver=4 id=0x0200 len=8
[machine.4]      1820500 can-rx receiver=4 id=0x0500 len=7
[machine.4]      1830500 can-rx receiver=4 id=0x0101 len=2
[machine.4]      1830500 can-rx receiver=4 id=0x0102 len=2
[machine.4]      1830500 can-rx receiver=4 id=0x0200 len=8
[machine.4]      1830500 can-rx receiver=4 id=0x0500 len=7
[machine.4]      1840500 can-rx receiver=4 id=0x0101 len=2
[machine.4]      1840500 can-rx receiver=4 id=0x0102 len=2
[machine.4]      1840500 can-rx receiver=4 id=0x0200 len=8
[machine.4]      1840500 can-rx receiver=4 id=0x0500 len=7
[machine.4]      1850500 can-rx receiver=4 id=0x0101 len=2
[machine.4]      1850500 can-rx receiver=4 id=0x0102 len=2
[machine.4]      1850500 can-rx receiver=4 id=0x0200 len=8
[machine.4]      1850500 can-rx receiver=4 id=0x0201 len=2
[machine.4]      1850500 can-rx receiver=4 id=0x0500 len=7
[machine.4]      1860500 can-rx receiver=4 id=0x0101 len=2
[machine.4]      1860500 can-rx receiver=4 id=0x0102 len=2
[machine.4]      1860500 can-rx receiver=4 id=0x0200 len=8
[machine.4]      1860500 can-rx receiver=4 id=0x0500 len=7
[machine.4]      1870500 can-rx receiver=4 id=0x0101 len=2
[machine.4]      1870500 can-rx receiver=4 id=0x0102 len=2
[machine.4]      1870500 can-rx receiver=4 id=0x0200 len=8
[machine.4]      1870500 can-rx receiver=4 id=0x0500 len=7
[machine.4]      1880500 can-rx receiver=4 id=0x0101 len=2
[machine.4]      1880500 can-rx receiver=4 id=0x0102 len=2
[machine.4]      1880500 can-rx receiver=4 id=0x0200 len=8
[machine.4]      1880500 can-rx receiver=4 id=0x0500 len=7
[machine.4]      1890500 can-rx receiver=4 id=0x0101 len=2
[machine.4]      1890500 can-rx receiver=4 id=0x0102 len=2
[machine.4]      1890500 can-rx receiver=4 id=0x0200 len=8
[machine.4]      1890500 can-rx receiver=4 id=0x0500 len=7
[machine.4]      1900500 can-rx receiver=4 id=0x0001 len=5
[machine.4]      1900500 can-rx receiver=4 id=0x0001 len=5
[machine.4]      1900500 can-tx sender=4 id=0x0001 len=5
[machine.4]      1900500 can-tx sender=4 id=0x0001 len=5
[machine.4]      1900500 can-tx sender=4 id=0x0001 len=5
[machine.4]      1900500 can-rx receiver=4 id=0x0101 len=2
[machine.4]      1900500 can-rx receiver=4 id=0x0102 len=2
[machine.4]      1900500 can-rx receiver=4 id=0x0200 len=8
[machine.4]      1900500 can-rx receiver=4 id=0x0201 len=2
[machine.4]      1900500 can-rx receiver=4 id=0x0500 len=7
[machine.4]      1910500 can-rx receiver=4 id=0x0101 len=2
[machine.4]      1910500 can-rx receiver=4 id=0x0102 len=2
[machine.4]      1910500 can-rx receiver=4 id=0x0200 len=8
[machine.4]      1910500 can-rx receiver=4 id=0x0500 len=7
[machine.4]      1920500 can-rx receiver=4 id=0x0101 len=2
[machine.4]      1920500 can-rx receiver=4 id=0x0102 len=2
[machine.4]      1920500 can-rx receiver=4 id=0x0200 len=8
[machine.4]      1920500 can-rx receiver=4 id=0x0500 len=7
[machine.4]      1930500 can-rx receiver=4 id=0x0101 len=2
[machine.4]      1930500 can-rx receiver=4 id=0x0102 len=2
[machine.4]      1930500 can-rx receiver=4 id=0x0200 len=8
[machine.4]      1930500 can-rx receiver=4 id=0x0500 len=7
[machine.4]      1940500 can-rx receiver=4 id=0x0101 len=2
[machine.4]      1940500 can-rx receiver=4 id=0x0102 len=2
[machine.4]      1940500 can-rx receiver=4 id=0x0200 len=8
[machine.4]      1940500 can-rx receiver=4 id=0x0500 len=7
[machine.4]      1950500 can-rx receiver=4 id=0x0101 len=2
[machine.4]      1950500 can-rx receiver=4 id=0x0102 len=2
[machine.4]      1950500 can-rx receiver=4 id=0x0200 len=8
[machine.4]      1950500 can-rx receiver=4 id=0x0201 len=2
[machine.4]      1950500 can-rx receiver=4 id=0x0500 len=7
[machine.4]      1960500 can-rx receiver=4 id=0x0101 len=2
[machine.4]      1960500 can-rx receiver=4 id=0x0102 len=2
[machine.4]      1960500 can-rx receiver=4 id=0x0200 len=8
[machine.4]      1960500 can-rx receiver=4 id=0x0500 len=7
[machine.4]      1970500 can-rx receiver=4 id=0x0101 len=2
[machine.4]      1970500 can-rx receiver=4 id=0x0102 len=2
[machine.4]      1970500 can-rx receiver=4 id=0x0200 len=8
[machine.4]      1970500 can-rx receiver=4 id=0x0500 len=7
[machine.4]      1980500 can-rx receiver=4 id=0x0101 len=2
[machine.4]      1980500 can-rx receiver=4 id=0x0102 len=2
[machine.4]      1980500 can-rx receiver=4 id=0x0200 len=8
[machine.4]      1980500 can-rx receiver=4 id=0x0500 len=7
[machine.4]      1990500 can-rx receiver=4 id=0x0101 len=2
[machine.4]      1990500 can-rx receiver=4 id=0x0102 len=2
[machine.4]      1990500 can-rx receiver=4 id=0x0200 len=8
[machine.4]      1990500 can-rx receiver=4 id=0x0500 len=7
[machine.4]      2000500 can-rx receiver=4 id=0x0001 len=5
[machine.4]      2000500 can-rx receiver=4 id=0x0001 len=5
[machine.4]      2000500 can-tx sender=4 id=0x0001 len=5
[machine.4]      2000500 can-tx sender=4 id=0x0001 len=5
[machine.4]      2000500 can-tx sender=4 id=0x0001 len=5
[machine.4]      2000500 can-rx receiver=4 id=0x0101 len=2
[machine.4]      2000500 can-rx receiver=4 id=0x0102 len=2
[machine.4]      2000500 can-rx receiver=4 id=0x0200 len=8
[machine.4]      2000500 can-rx receiver=4 id=0x0201 len=2
[machine.4]      2000500 can-rx receiver=4 id=0x0500 len=7
[machine.4]      2010500 can-rx receiver=4 id=0x0101 len=2
[machine.4]      2010500 can-rx receiver=4 id=0x0102 len=2
[machine.4]      2010500 can-rx receiver=4 id=0x0200 len=8
[machine.4]      2010500 can-rx receiver=4 id=0x0500 len=7
[machine.4]      2020500 can-rx receiver=4 id=0x0101 len=2
[machine.4]      2020500 can-rx receiver=4 id=0x0102 len=2
[machine.4]      2020500 can-rx receiver=4 id=0x0200 len=8
[machine.4]      2020500 can-rx receiver=4 id=0x0500 len=7
[machine.4]      2030500 can-rx receiver=4 id=0x0101 len=2
[machine.4]      2030500 can-rx receiver=4 id=0x0102 len=2
[machine.4]      2030500 can-rx receiver=4 id=0x0200 len=8
[machine.4]      2030500 can-rx receiver=4 id=0x0500 len=7
[machine.4]      2040500 can-rx receiver=4 id=0x0101 len=2
[machine.4]      2040500 can-rx receiver=4 id=0x0102 len=2
[machine.4]      2040500 can-rx receiver=4 id=0x0200 len=8
[machine.4]      2040500 can-rx receiver=4 id=0x0500 len=7
[machine.4]      2050500 can-rx receiver=4 id=0x0101 len=2
[machine.4]      2050500 can-rx receiver=4 id=0x0102 len=2
[machine.4]      2050500 can-rx receiver=4 id=0x0200 len=8
[machine.4]      2050500 can-rx receiver=4 id=0x0201 len=2
[machine.4]      2050500 can-rx receiver=4 id=0x0500 len=7
[machine.4]      2060500 can-rx receiver=4 id=0x0101 len=2
[machine.4]      2060500 can-rx receiver=4 id=0x0102 len=2
[machine.4]      2060500 can-rx receiver=4 id=0x0200 len=8
[machine.4]      2060500 can-rx receiver=4 id=0x0500 len=7
[machine.4]      2070500 can-rx receiver=4 id=0x0101 len=2
[machine.4]      2070500 can-rx receiver=4 id=0x0102 len=2
[machine.4]      2070500 can-rx receiver=4 id=0x0200 len=8
[machine.4]      2070500 can-rx receiver=4 id=0x0500 len=7
[machine.4]      2080500 can-rx receiver=4 id=0x0101 len=2
[machine.4]      2080500 can-rx receiver=4 id=0x0102 len=2
[machine.4]      2080500 can-rx receiver=4 id=0x0200 len=8
[machine.4]      2080500 can-rx receiver=4 id=0x0500 len=7
[machine.4]      2090500 can-rx receiver=4 id=0x0101 len=2
[machine.4]      2090500 can-rx receiver=4 id=0x0102 len=2
[machine.4]      2090500 can-rx receiver=4 id=0x0200 len=8
[machine.4]      2090500 can-rx receiver=4 id=0x0500 len=7
[machine.4]      2100500 can-rx receiver=4 id=0x0001 len=5
[machine.4]      2100500 can-rx receiver=4 id=0x0001 len=5
[machine.4]      2100500 can-tx sender=4 id=0x0001 len=5
[machine.4]      2100500 can-tx sender=4 id=0x0001 len=5
[machine.4]      2100500 can-tx sender=4 id=0x0001 len=5
[machine.4]      2100500 can-rx receiver=4 id=0x0101 len=2
[machine.4]      2100500 can-rx receiver=4 id=0x0102 len=2
[machine.4]      2100500 can-rx receiver=4 id=0x0200 len=8
[machine.4]      2100500 can-rx receiver=4 id=0x0201 len=2
[machine.4]      2100500 can-rx receiver=4 id=0x0500 len=7
[machine.4]      2110500 can-rx receiver=4 id=0x0101 len=2
[machine.4]      2110500 can-rx receiver=4 id=0x0102 len=2
[machine.4]      2110500 can-rx receiver=4 id=0x0200 len=8
[machine.4]      2110500 can-rx receiver=4 id=0x0500 len=7
[machine.4]      2120500 can-rx receiver=4 id=0x0101 len=2
[machine.4]      2120500 can-rx receiver=4 id=0x0102 len=2
[machine.4]      2120500 can-rx receiver=4 id=0x0200 len=8
[machine.4]      2120500 can-rx receiver=4 id=0x0500 len=7
[machine.4]      2130500 can-rx receiver=4 id=0x0101 len=2
[machine.4]      2130500 can-rx receiver=4 id=0x0102 len=2
[machine.4]      2130500 can-rx receiver=4 id=0x0200 len=8
[machine.4]      2130500 can-rx receiver=4 id=0x0500 len=7
[machine.4]      2140500 can-rx receiver=4 id=0x0101 len=2
[machine.4]      2140500 can-rx receiver=4 id=0x0102 len=2
[machine.4]      2140500 can-rx receiver=4 id=0x0200 len=8
[machine.4]      2140500 can-rx receiver=4 id=0x0500 len=7
[machine.4]      2150500 can-rx receiver=4 id=0x0101 len=2
[machine.4]      2150500 can-rx receiver=4 id=0x0102 len=2
[machine.4]      2150500 can-rx receiver=4 id=0x0200 len=8
[machine.4]      2150500 can-rx receiver=4 id=0x0201 len=2
[machine.4]      2150500 can-rx receiver=4 id=0x0500 len=7
[machine.4]      2160500 can-rx receiver=4 id=0x0101 len=2
[machine.4]      2160500 can-rx receiver=4 id=0x0102 len=2
[machine.4]      2160500 can-rx receiver=4 id=0x0200 len=8
[machine.4]      2160500 can-rx receiver=4 id=0x0500 len=7
[machine.4]      2170500 can-rx receiver=4 id=0x0101 len=2
[machine.4]      2170500 can-rx receiver=4 id=0x0102 len=2
[machine.4]      2170500 can-rx receiver=4 id=0x0200 len=8
[machine.4]      2170500 can-rx receiver=4 id=0x0500 len=7
[machine.4]      2180500 can-rx receiver=4 id=0x0101 len=2
[machine.4]      2180500 can-rx receiver=4 id=0x0102 len=2
[machine.4]      2180500 can-rx receiver=4 id=0x0200 len=8
[machine.4]      2180500 can-rx receiver=4 id=0x0500 len=7
[machine.4]      2190500 can-rx receiver=4 id=0x0101 len=2
[machine.4]      2190500 can-rx receiver=4 id=0x0102 len=2
[machine.4]      2190500 can-rx receiver=4 id=0x0200 len=8
[machine.4]      2190500 can-rx receiver=4 id=0x0500 len=7
[machine.4]      2200500 can-rx receiver=4 id=0x0001 len=5
[machine.4]      2200500 can-rx receiver=4 id=0x0001 len=5
[machine.4]      2200500 can-tx sender=4 id=0x0001 len=5
[machine.4]      2200500 can-tx sender=4 id=0x0001 len=5
[machine.4]      2200500 can-tx sender=4 id=0x0001 len=5
[machine.4]      2200500 can-rx receiver=4 id=0x0101 len=2
[machine.4]      2200500 can-rx receiver=4 id=0x0102 len=2
[machine.4]      2200500 can-rx receiver=4 id=0x0200 len=8
[machine.4]      2200500 can-rx receiver=4 id=0x0201 len=2
[machine.4]      2200500 can-rx receiver=4 id=0x0500 len=7
[machine.4]      2210500 can-rx receiver=4 id=0x0101 len=2
[machine.4]      2210500 can-rx receiver=4 id=0x0102 len=2
[machine.4]      2210500 can-rx receiver=4 id=0x0200 len=8
[machine.4]      2210500 can-rx receiver=4 id=0x0500 len=7
[machine.4]      2220500 can-rx receiver=4 id=0x0101 len=2
[machine.4]      2220500 can-rx receiver=4 id=0x0102 len=2
[machine.4]      2220500 can-rx receiver=4 id=0x0200 len=8
[machine.4]      2220500 can-rx receiver=4 id=0x0500 len=7
[machine.4]      2230500 can-rx receiver=4 id=0x0101 len=2
[machine.4]      2230500 can-rx receiver=4 id=0x0102 len=2
[machine.4]      2230500 can-rx receiver=4 id=0x0200 len=8
[machine.4]      2230500 can-rx receiver=4 id=0x0500 len=7
[machine.4]      2240500 can-rx receiver=4 id=0x0101 len=2
[machine.4]      2240500 can-rx receiver=4 id=0x0102 len=2
[machine.4]      2240500 can-rx receiver=4 id=0x0200 len=8
[machine.4]      2240500 can-rx receiver=4 id=0x0500 len=7
[machine.4]      2250500 can-rx receiver=4 id=0x0101 len=2
[machine.4]      2250500 can-rx receiver=4 id=0x0102 len=2
[machine.4]      2250500 can-rx receiver=4 id=0x0200 len=8
[machine.4]      2250500 can-rx receiver=4 id=0x0201 len=2
[machine.4]      2250500 can-rx receiver=4 id=0x0500 len=7
[machine.4]      2260500 can-rx receiver=4 id=0x0101 len=2
[machine.4]      2260500 can-rx receiver=4 id=0x0102 len=2
[machine.4]      2260500 can-rx receiver=4 id=0x0200 len=8
[machine.4]      2260500 can-rx receiver=4 id=0x0500 len=7
[machine.4]      2270500 can-rx receiver=4 id=0x0101 len=2
[machine.4]      2270500 can-rx receiver=4 id=0x0102 len=2
[machine.4]      2270500 can-rx receiver=4 id=0x0200 len=8
[machine.4]      2270500 can-rx receiver=4 id=0x0500 len=7
[machine.4]      2280500 can-rx receiver=4 id=0x0101 len=2
[machine.4]      2280500 can-rx receiver=4 id=0x0102 len=2
[machine.4]      2280500 can-rx receiver=4 id=0x0200 len=8
[machine.4]      2280500 can-rx receiver=4 id=0x0500 len=7
[machine.4]      2290500 can-rx receiver=4 id=0x0101 len=2
[machine.4]      2290500 can-rx receiver=4 id=0x0102 len=2
[machine.4]      2290500 can-rx receiver=4 id=0x0200 len=8
[machine.4]      2290500 can-rx receiver=4 id=0x0500 len=7
[machine.4]      2300500 can-rx receiver=4 id=0x0001 len=5
[machine.4]      2300500 can-rx receiver=4 id=0x0001 len=5
[machine.4]      2300500 can-tx sender=4 id=0x0001 len=5
[machine.4]      2300500 can-tx sender=4 id=0x0001 len=5
[machine.4]      2300500 can-tx sender=4 id=0x0001 len=5
[machine.4]      2300500 can-rx receiver=4 id=0x0101 len=2
[machine.4]      2300500 can-rx receiver=4 id=0x0102 len=2
[machine.4]      2300500 can-rx receiver=4 id=0x0200 len=8
[machine.4]      2300500 can-rx receiver=4 id=0x0201 len=2
[machine.4]      2300500 can-rx receiver=4 id=0x0500 len=7
[machine.4]      2310500 can-rx receiver=4 id=0x0101 len=2
[machine.4]      2310500 can-rx receiver=4 id=0x0102 len=2
[machine.4]      2310500 can-rx receiver=4 id=0x0200 len=8
[machine.4]      2310500 can-rx receiver=4 id=0x0500 len=7
[machine.4]      2320500 can-rx receiver=4 id=0x0101 len=2
[machine.4]      2320500 can-rx receiver=4 id=0x0102 len=2
[machine.4]      2320500 can-rx receiver=4 id=0x0200 len=8
[machine.4]      2320500 can-rx receiver=4 id=0x0500 len=7
[machine.4]      2330500 can-rx receiver=4 id=0x0101 len=2
[machine.4]      2330500 can-rx receiver=4 id=0x0102 len=2
[machine.4]      2330500 can-rx receiver=4 id=0x0200 len=8
[machine.4]      2330500 can-rx receiver=4 id=0x0500 len=7
[machine.4]      2340500 can-rx receiver=4 id=0x0101 len=2
[machine.4]      2340500 can-rx receiver=4 id=0x0102 len=2
[machine.4]      2340500 can-rx receiver=4 id=0x0200 len=8
[machine.4]      2340500 can-rx receiver=4 id=0x0500 len=7
[machine.4]      2350500 can-rx receiver=4 id=0x0101 len=2
[machine.4]      2350500 can-rx receiver=4 id=0x0102 len=2
[machine.4]      2350500 can-rx receiver=4 id=0x0200 len=8
[machine.4]      2350500 can-rx receiver=4 id=0x0201 len=2
[machine.4]      2350500 can-rx receiver=4 id=0x0500 len=7
[machine.4]      2360500 can-rx receiver=4 id=0x0101 len=2
[machine.4]      2360500 can-rx receiver=4 id=0x0102 len=2
[machine.4]      2360500 can-rx receiver=4 id=0x0200 len=8
[machine.4]      2360500 can-rx receiver=4 id=0x0500 len=7
[machine.4]      2370500 can-rx receiver=4 id=0x0101 len=2
[machine.4]      2370500 can-rx receiver=4 id=0x0102 len=2
[machine.4]      2370500 can-rx receiver=4 id=0x0200 len=8
[machine.4]      2370500 can-rx receiver=4 id=0x0500 len=7
[machine.4]      2380500 can-rx receiver=4 id=0x0101 len=2
[machine.4]      2380500 can-rx receiver=4 id=0x0102 len=2
[machine.4]      2380500 can-rx receiver=4 id=0x0200 len=8
[machine.4]      2380500 can-rx receiver=4 id=0x0500 len=7
[machine.4]      2390500 can-rx receiver=4 id=0x0101 len=2
[machine.4]      2390500 can-rx receiver=4 id=0x0102 len=2
[machine.4]      2390500 can-rx receiver=4 id=0x0200 len=8
[machine.4]      2390500 can-rx receiver=4 id=0x0500 len=7
[machine.4]      2400500 can-rx receiver=4 id=0x0001 len=5
[machine.4]      2400500 can-rx receiver=4 id=0x0001 len=5
[machine.4]      2400500 can-tx sender=4 id=0x0001 len=5
[machine.4]      2400500 can-tx sender=4 id=0x0001 len=5
[machine.4]      2400500 can-tx sender=4 id=0x0001 len=5
[machine.4]      2400500 can-rx receiver=4 id=0x0101 len=2
[machine.4]      2400500 can-rx receiver=4 id=0x0102 len=2
[machine.4]      2400500 can-rx receiver=4 id=0x0200 len=8
[machine.4]      2400500 can-rx receiver=4 id=0x0201 len=2
[machine.4]      2400500 can-rx receiver=4 id=0x0500 len=7
[machine.4]      2410500 can-rx receiver=4 id=0x0101 len=2
[machine.4]      2410500 can-rx receiver=4 id=0x0102 len=2
[machine.4]      2410500 can-rx receiver=4 id=0x0200 len=8
[machine.4]      2410500 can-rx receiver=4 id=0x0500 len=7
[machine.4]      2420500 can-rx receiver=4 id=0x0101 len=2
[machine.4]      2420500 can-rx receiver=4 id=0x0102 len=2
[machine.4]      2420500 can-rx receiver=4 id=0x0200 len=8
[machine.4]      2420500 can-rx receiver=4 id=0x0500 len=7
[machine.4]      2430500 can-rx receiver=4 id=0x0101 len=2
[machine.4]      2430500 can-rx receiver=4 id=0x0102 len=2
[machine.4]      2430500 can-rx receiver=4 id=0x0200 len=8
[machine.4]      2430500 can-rx receiver=4 id=0x0500 len=7
[machine.4]      2440500 can-rx receiver=4 id=0x0101 len=2
[machine.4]      2440500 can-rx receiver=4 id=0x0102 len=2
[machine.4]      2440500 can-rx receiver=4 id=0x0200 len=8
[machine.4]      2440500 can-rx receiver=4 id=0x0500 len=7
[machine.4]      2450500 can-rx receiver=4 id=0x0101 len=2
[machine.4]      2450500 can-rx receiver=4 id=0x0102 len=2
[machine.4]      2450500 can-rx receiver=4 id=0x0200 len=8
[machine.4]      2450500 can-rx receiver=4 id=0x0201 len=2
[machine.4]      2450500 can-rx receiver=4 id=0x0500 len=7
[machine.4]      2460500 can-rx receiver=4 id=0x0101 len=2
[machine.4]      2460500 can-rx receiver=4 id=0x0102 len=2
[machine.4]      2460500 can-rx receiver=4 id=0x0200 len=8
[machine.4]      2460500 can-rx receiver=4 id=0x0500 len=7
[machine.4]      2470500 can-rx receiver=4 id=0x0101 len=2
[machine.4]      2470500 can-rx receiver=4 id=0x0102 len=2
[machine.4]      2470500 can-rx receiver=4 id=0x0200 len=8
[machine.4]      2470500 can-rx receiver=4 id=0x0500 len=7
[machine.4]      2480500 can-rx receiver=4 id=0x0101 len=2
[machine.4]      2480500 can-rx receiver=4 id=0x0102 len=2
[machine.4]      2480500 can-rx receiver=4 id=0x0200 len=8
[machine.4]      2480500 can-rx receiver=4 id=0x0500 len=7
[machine.4]      2490500 can-rx receiver=4 id=0x0101 len=2
[machine.4]      2490500 can-rx receiver=4 id=0x0102 len=2
[machine.4]      2490500 can-rx receiver=4 id=0x0200 len=8
[machine.4]      2490500 can-rx receiver=4 id=0x0500 len=7
[machine.4]      2500500 can-rx receiver=4 id=0x0001 len=5
[machine.4]      2500500 can-rx receiver=4 id=0x0001 len=5
[machine.4]      2500500 can-tx sender=4 id=0x0001 len=5
[machine.4]      2500500 can-tx sender=4 id=0x0001 len=5
[machine.4]      2500500 can-tx sender=4 id=0x0001 len=5
[machine.4]      2500500 can-rx receiver=4 id=0x0101 len=2
[machine.4]      2500500 can-rx receiver=4 id=0x0102 len=2
[machine.4]      2500500 can-rx receiver=4 id=0x0200 len=8
[machine.4]      2500500 can-rx receiver=4 id=0x0201 len=2
[machine.4]      2500500 can-rx receiver=4 id=0x0500 len=7
[machine.4]      2510500 can-rx receiver=4 id=0x0101 len=2
[machine.4]      2510500 can-rx receiver=4 id=0x0102 len=2
[machine.4]      2510500 can-rx receiver=4 id=0x0200 len=8
[machine.4]      2510500 can-rx receiver=4 id=0x0500 len=7
[machine.4]      2520500 can-rx receiver=4 id=0x0101 len=2
[machine.4]      2520500 can-rx receiver=4 id=0x0102 len=2
[machine.4]      2520500 can-rx receiver=4 id=0x0200 len=8
[machine.4]      2520500 can-rx receiver=4 id=0x0500 len=7
[machine.4]      2530500 can-rx receiver=4 id=0x0101 len=2
[machine.4]      2530500 can-rx receiver=4 id=0x0102 len=2
[machine.4]      2530500 can-rx receiver=4 id=0x0200 len=8
[machine.4]      2530500 can-rx receiver=4 id=0x0500 len=7
[machine.4]      2540500 can-rx receiver=4 id=0x0101 len=2
[machine.4]      2540500 can-rx receiver=4 id=0x0102 len=2
[machine.4]      2540500 can-rx receiver=4 id=0x0200 len=8
[machine.4]      2540500 can-rx receiver=4 id=0x0500 len=7
[machine.4]      2550500 can-rx receiver=4 id=0x0101 len=2
[machine.4]      2550500 can-rx receiver=4 id=0x0102 len=2
[machine.4]      2550500 can-rx receiver=4 id=0x0200 len=8
[machine.4]      2550500 can-rx receiver=4 id=0x0201 len=2
[machine.4]      2550500 can-rx receiver=4 id=0x0500 len=7
[machine.4]      2560500 can-rx receiver=4 id=0x0101 len=2
[machine.4]      2560500 can-rx receiver=4 id=0x0102 len=2
[machine.4]      2560500 can-rx receiver=4 id=0x0200 len=8
[machine.4]      2560500 can-rx receiver=4 id=0x0500 len=7
[machine.4]      2570500 can-rx receiver=4 id=0x0101 len=2
[machine.4]      2570500 can-rx receiver=4 id=0x0102 len=2
[machine.4]      2570500 can-rx receiver=4 id=0x0200 len=8
[machine.4]      2570500 can-rx receiver=4 id=0x0500 len=7
[machine.4]      2580500 can-rx receiver=4 id=0x0101 len=2
[machine.4]      2580500 can-rx receiver=4 id=0x0102 len=2
[machine.4]      2580500 can-rx receiver=4 id=0x0200 len=8
[machine.4]      2580500 can-rx receiver=4 id=0x0500 len=7
[machine.4]      2590500 can-rx receiver=4 id=0x0101 len=2
[machine.4]      2590500 can-rx receiver=4 id=0x0102 len=2
[machine.4]      2590500 can-rx receiver=4 id=0x0200 len=8
[machine.4]      2590500 can-rx receiver=4 id=0x0500 len=7
[machine.4]      2600500 can-rx receiver=4 id=0x0001 len=5
[machine.4]      2600500 can-rx receiver=4 id=0x0001 len=5
[machine.4]      2600500 can-tx sender=4 id=0x0001 len=5
[machine.4]      2600500 can-tx sender=4 id=0x0001 len=5
[machine.4]      2600500 can-tx sender=4 id=0x0001 len=5
[machine.4]      2600500 can-rx receiver=4 id=0x0101 len=2
[machine.4]      2600500 can-rx receiver=4 id=0x0102 len=2
[machine.4]      2600500 can-rx receiver=4 id=0x0200 len=8
[machine.4]      2600500 can-rx receiver=4 id=0x0201 len=2
[machine.4]      2600500 can-rx receiver=4 id=0x0500 len=7
[machine.4]      2610500 can-rx receiver=4 id=0x0101 len=2
[machine.4]      2610500 can-rx receiver=4 id=0x0102 len=2
[machine.4]      2610500 can-rx receiver=4 id=0x0200 len=8
[machine.4]      2610500 can-rx receiver=4 id=0x0500 len=7
[machine.4]      2620500 can-rx receiver=4 id=0x0101 len=2
[machine.4]      2620500 can-rx receiver=4 id=0x0102 len=2
[machine.4]      2620500 can-rx receiver=4 id=0x0200 len=8
[machine.4]      2620500 can-rx receiver=4 id=0x0500 len=7
[machine.4]      2630500 can-rx receiver=4 id=0x0101 len=2
[machine.4]      2630500 can-rx receiver=4 id=0x0102 len=2
[machine.4]      2630500 can-rx receiver=4 id=0x0200 len=8
[machine.4]      2630500 can-rx receiver=4 id=0x0500 len=7
[machine.4]      2640500 can-rx receiver=4 id=0x0101 len=2
[machine.4]      2640500 can-rx receiver=4 id=0x0102 len=2
[machine.4]      2640500 can-rx receiver=4 id=0x0200 len=8
[machine.4]      2640500 can-rx receiver=4 id=0x0500 len=7
[machine.4]      2650500 can-rx receiver=4 id=0x0101 len=2
[machine.4]      2650500 can-rx receiver=4 id=0x0102 len=2
[machine.4]      2650500 can-rx receiver=4 id=0x0200 len=8
[machine.4]      2650500 can-rx receiver=4 id=0x0201 len=2
[machine.4]      2650500 can-rx receiver=4 id=0x0500 len=7
[machine.4]      2660500 can-rx receiver=4 id=0x0101 len=2
[machine.4]      2660500 can-rx receiver=4 id=0x0102 len=2
[machine.4]      2660500 can-rx receiver=4 id=0x0200 len=8
[machine.4]      2660500 can-rx receiver=4 id=0x0500 len=7
[machine.4]      2670500 can-rx receiver=4 id=0x0101 len=2
[machine.4]      2670500 can-rx receiver=4 id=0x0102 len=2
[machine.4]      2670500 can-rx receiver=4 id=0x0200 len=8
[machine.4]      2670500 can-rx receiver=4 id=0x0500 len=7
[machine.4]      2680500 can-rx receiver=4 id=0x0101 len=2
[machine.4]      2680500 can-rx receiver=4 id=0x0102 len=2
[machine.4]      2680500 can-rx receiver=4 id=0x0200 len=8
[machine.4]      2680500 can-rx receiver=4 id=0x0500 len=7
[machine.4]      2690500 can-rx receiver=4 id=0x0101 len=2
[machine.4]      2690500 can-rx receiver=4 id=0x0102 len=2
[machine.4]      2690500 can-rx receiver=4 id=0x0200 len=8
[machine.4]      2690500 can-rx receiver=4 id=0x0500 len=7
[machine.4]      2700500 can-rx receiver=4 id=0x0001 len=5
[machine.4]      2700500 can-rx receiver=4 id=0x0001 len=5
[machine.4]      2700500 can-tx sender=4 id=0x0001 len=5
[machine.4]      2700500 can-tx sender=4 id=0x0001 len=5
[machine.4]      2700500 can-tx sender=4 id=0x0001 len=5
[machine.4]      2700500 can-rx receiver=4 id=0x0101 len=2
[machine.4]      2700500 can-rx receiver=4 id=0x0102 len=2
[machine.4]      2700500 can-rx receiver=4 id=0x0200 len=8
[machine.4]      2700500 can-rx receiver=4 id=0x0201 len=2
[machine.4]      2700500 can-rx receiver=4 id=0x0500 len=7
[machine.4]      2710500 can-rx receiver=4 id=0x0101 len=2
[machine.4]      2710500 can-rx receiver=4 id=0x0102 len=2
[machine.4]      2710500 can-rx receiver=4 id=0x0200 len=8
[machine.4]      2710500 can-rx receiver=4 id=0x0500 len=7
[machine.4]      2720500 can-rx receiver=4 id=0x0101 len=2
[machine.4]      2720500 can-rx receiver=4 id=0x0102 len=2
[machine.4]      2720500 can-rx receiver=4 id=0x0200 len=8
[machine.4]      2720500 can-rx receiver=4 id=0x0500 len=7
[machine.4]      2730500 can-rx receiver=4 id=0x0101 len=2
[machine.4]      2730500 can-rx receiver=4 id=0x0102 len=2
[machine.4]      2730500 can-rx receiver=4 id=0x0200 len=8
[machine.4]      2730500 can-rx receiver=4 id=0x0500 len=7
[machine.4]      2740500 can-rx receiver=4 id=0x0101 len=2
[machine.4]      2740500 can-rx receiver=4 id=0x0102 len=2
[machine.4]      2740500 can-rx receiver=4 id=0x0200 len=8
[machine.4]      2740500 can-rx receiver=4 id=0x0500 len=7
[machine.4]      2750500 can-rx receiver=4 id=0x0101 len=2
[machine.4]      2750500 can-rx receiver=4 id=0x0102 len=2
[machine.4]      2750500 can-rx receiver=4 id=0x0200 len=8
[machine.4]      2750500 can-rx receiver=4 id=0x0201 len=2
[machine.4]      2750500 can-rx receiver=4 id=0x0500 len=7
[machine.4]      2760500 can-rx receiver=4 id=0x0101 len=2
[machine.4]      2760500 can-rx receiver=4 id=0x0102 len=2
[machine.4]      2760500 can-rx receiver=4 id=0x0200 len=8
[machine.4]      2760500 can-rx receiver=4 id=0x0500 len=7
[machine.4]      2770500 can-rx receiver=4 id=0x0101 len=2
[machine.4]      2770500 can-rx receiver=4 id=0x0102 len=2
[machine.4]      2770500 can-rx receiver=4 id=0x0200 len=8
[machine.4]      2770500 can-rx receiver=4 id=0x0500 len=7
[machine.4]      2780500 can-rx receiver=4 id=0x0101 len=2
[machine.4]      2780500 can-rx receiver=4 id=0x0102 len=2
[machine.4]      2780500 can-rx receiver=4 id=0x0200 len=8
[machine.4]      2780500 can-rx receiver=4 id=0x0500 len=7
[machine.4]      2790500 can-rx receiver=4 id=0x0101 len=2
[machine.4]      2790500 can-rx receiver=4 id=0x0102 len=2
[machine.4]      2790500 can-rx receiver=4 id=0x0200 len=8
[machine.4]      2790500 can-rx receiver=4 id=0x0500 len=7
[machine.4]      2800500 can-rx receiver=4 id=0x0001 len=5
[machine.4]      2800500 can-rx receiver=4 id=0x0001 len=5
[machine.4]      2800500 can-tx sender=4 id=0x0001 len=5
[machine.4]      2800500 can-tx sender=4 id=0x0001 len=5
[machine.4]      2800500 can-tx sender=4 id=0x0001 len=5
[machine.4]      2800500 can-rx receiver=4 id=0x0101 len=2
[machine.4]      2800500 can-rx receiver=4 id=0x0102 len=2
[machine.4]      2800500 can-rx receiver=4 id=0x0200 len=8
[machine.4]      2800500 can-rx receiver=4 id=0x0201 len=2
[machine.4]      2800500 can-rx receiver=4 id=0x0500 len=7
[machine.4]      2810500 can-rx receiver=4 id=0x0101 len=2
[machine.4]      2810500 can-rx receiver=4 id=0x0102 len=2
[machine.4]      2810500 can-rx receiver=4 id=0x0200 len=8
[machine.4]      2810500 can-rx receiver=4 id=0x0500 len=7
[machine.4]      2820500 can-rx receiver=4 id=0x0101 len=2
[machine.4]      2820500 can-rx receiver=4 id=0x0102 len=2
[machine.4]      2820500 can-rx receiver=4 id=0x0200 len=8
[machine.4]      2820500 can-rx receiver=4 id=0x0500 len=7
[machine.4]      2830500 can-rx receiver=4 id=0x0101 len=2
[machine.4]      2830500 can-rx receiver=4 id=0x0102 len=2
[machine.4]      2830500 can-rx receiver=4 id=0x0200 len=8
[machine.4]      2830500 can-rx receiver=4 id=0x0500 len=7
[machine.4]      2840500 can-rx receiver=4 id=0x0101 len=2
[machine.4]      2840500 can-rx receiver=4 id=0x0102 len=2
[machine.4]      2840500 can-rx receiver=4 id=0x0200 len=8
[machine.4]      2840500 can-rx receiver=4 id=0x0500 len=7
[machine.4]      2850500 can-rx receiver=4 id=0x0101 len=2
[machine.4]      2850500 can-rx receiver=4 id=0x0102 len=2
[machine.4]      2850500 can-rx receiver=4 id=0x0200 len=8
[machine.4]      2850500 can-rx receiver=4 id=0x0201 len=2
[machine.4]      2850500 can-rx receiver=4 id=0x0500 len=7
[machine.4]      2860500 can-rx receiver=4 id=0x0101 len=2
[machine.4]      2860500 can-rx receiver=4 id=0x0102 len=2
[machine.4]      2860500 can-rx receiver=4 id=0x0200 len=8
[machine.4]      2860500 can-rx receiver=4 id=0x0500 len=7
[machine.4]      2870500 can-rx receiver=4 id=0x0101 len=2
[machine.4]      2870500 can-rx receiver=4 id=0x0102 len=2
[machine.4]      2870500 can-rx receiver=4 id=0x0200 len=8
[machine.4]      2870500 can-rx receiver=4 id=0x0500 len=7
[machine.4]      2880500 can-rx receiver=4 id=0x0101 len=2
[machine.4]      2880500 can-rx receiver=4 id=0x0102 len=2
[machine.4]      2880500 can-rx receiver=4 id=0x0200 len=8
[machine.4]      2880500 can-rx receiver=4 id=0x0500 len=7
[machine.4]      2890500 can-rx receiver=4 id=0x0101 len=2
[machine.4]      2890500 can-rx receiver=4 id=0x0102 len=2
[machine.4]      2890500 can-rx receiver=4 id=0x0200 len=8
[machine.4]      2890500 can-rx receiver=4 id=0x0500 len=7
[machine.4]      2900500 can-rx receiver=4 id=0x0001 len=5
[machine.4]      2900500 can-rx receiver=4 id=0x0001 len=5
[machine.4]      2900500 can-tx sender=4 id=0x0001 len=5
[machine.4]      2900500 can-tx sender=4 id=0x0001 len=5
[machine.4]      2900500 can-tx sender=4 id=0x0001 len=5
[machine.4]      2900500 can-rx receiver=4 id=0x0101 len=2
[machine.4]      2900500 can-rx receiver=4 id=0x0102 len=2
[machine.4]      2900500 can-rx receiver=4 id=0x0200 len=8
[machine.4]      2900500 can-rx receiver=4 id=0x0201 len=2
[machine.4]      2900500 can-rx receiver=4 id=0x0500 len=7
[machine.4]      2910500 can-rx receiver=4 id=0x0101 len=2
[machine.4]      2910500 can-rx receiver=4 id=0x0102 len=2
[machine.4]      2910500 can-rx receiver=4 id=0x0200 len=8
[machine.4]      2910500 can-rx receiver=4 id=0x0500 len=7
[machine.4]      2920500 can-rx receiver=4 id=0x0101 len=2
[machine.4]      2920500 can-rx receiver=4 id=0x0102 len=2
[machine.4]      2920500 can-rx receiver=4 id=0x0200 len=8
[machine.4]      2920500 can-rx receiver=4 id=0x0500 len=7
[machine.4]      2930500 can-rx receiver=4 id=0x0101 len=2
[machine.4]      2930500 can-rx receiver=4 id=0x0102 len=2
[machine.4]      2930500 can-rx receiver=4 id=0x0200 len=8
[machine.4]      2930500 can-rx receiver=4 id=0x0500 len=7
[machine.4]      2940500 can-rx receiver=4 id=0x0101 len=2
[machine.4]      2940500 can-rx receiver=4 id=0x0102 len=2
[machine.4]      2940500 can-rx receiver=4 id=0x0200 len=8
[machine.4]      2940500 can-rx receiver=4 id=0x0500 len=7
[machine.4]      2950500 can-rx receiver=4 id=0x0101 len=2
[machine.4]      2950500 can-rx receiver=4 id=0x0102 len=2
[machine.4]      2950500 can-rx receiver=4 id=0x0200 len=8
[machine.4]      2950500 can-rx receiver=4 id=0x0201 len=2
[machine.4]      2950500 can-rx receiver=4 id=0x0500 len=7
[machine.4]      2960500 can-rx receiver=4 id=0x0101 len=2
[machine.4]      2960500 can-rx receiver=4 id=0x0102 len=2
[machine.4]      2960500 can-rx receiver=4 id=0x0200 len=8
[machine.4]      2960500 can-rx receiver=4 id=0x0500 len=7
[machine.4]      2970500 can-rx receiver=4 id=0x0101 len=2
[machine.4]      2970500 can-rx receiver=4 id=0x0102 len=2
[machine.4]      2970500 can-rx receiver=4 id=0x0200 len=8
[machine.4]      2970500 can-rx receiver=4 id=0x0500 len=7
[machine.4]      2980500 can-rx receiver=4 id=0x0101 len=2
[machine.4]      2980500 can-rx receiver=4 id=0x0102 len=2
[machine.4]      2980500 can-rx receiver=4 id=0x0200 len=8
[machine.4]      2980500 can-rx receiver=4 id=0x0500 len=7
[machine.4]      2990500 can-rx receiver=4 id=0x0101 len=2
[machine.4]      2990500 can-rx receiver=4 id=0x0102 len=2
[machine.4]      2990500 can-rx receiver=4 id=0x0200 len=8
[machine.4]      2990500 can-rx receiver=4 id=0x0500 len=7
[machine.4]            0 task-created id=1 name="dashboard"
[machine.4]            0 user-u32 "microcar_boot_dashboard" = 1
[machine.4]            0 user-u32 "microcar_tasks_created" = 1
[machine.4]            0 task-created id=2 name="IDLE"
[machine.4]            0 task-created id=3 name="Tmr Svc"
[machine.4]            0 task-resume id=3 reason=scheduler
[machine.4]            0 task-yield id=3 reason=RtosPortYield
[machine.4]            0 task-resume id=1 reason=scheduler
[machine.4]            0 task-created id=4 name="display"
[machine.4]            0 task-yield id=1 reason=RtosPortYield
[machine.4]            0 task-resume id=4 reason=scheduler
[machine.4]            0 task-yield id=4 reason=RtosPortYield
[machine.4]            0 task-resume id=1 reason=scheduler
[machine.4]            0 task-yield id=1 reason=RtosPortYield
[machine.4]            0 user-u32 "can_send" = 0
[machine.4]            0 task-resume id=2 reason=scheduler
[machine.4]            0 task-yield id=2 reason=Idle
[machine.4]           10 task-resume id=1 reason=scheduler
[machine.4]           10 task-yield id=1 reason=RtosPortYield
[machine.4]           10 user-u32 "can_recv" = 0
[machine.4]           10 user-u32 "can_recv" = 0
[machine.4]           10 user-u32 "can_recv" = 0
[machine.4]           10 user-u32 "can_recv" = 0
[machine.4]           10 task-resume id=2 reason=scheduler
[machine.4]           10 task-yield id=2 reason=Idle
[machine.4]           20 task-resume id=1 reason=scheduler
[machine.4]           20 task-yield id=1 reason=RtosPortYield
[machine.4]           20 user-u32 "can_recv" = 0
[machine.4]           20 user-u32 "can_recv" = 0
[machine.4]           20 user-u32 "can_recv" = 0
[machine.4]           20 user-u32 "can_recv" = 0
[machine.4]           20 user-u32 "can_recv" = 0
[machine.4]           20 task-resume id=2 reason=scheduler
[machine.4]           20 task-yield id=2 reason=Idle
[machine.4]           30 task-resume id=1 reason=scheduler
[machine.4]           30 task-yield id=1 reason=RtosPortYield
[machine.4]           30 user-u32 "can_recv" = 0
[machine.4]           30 user-u32 "can_recv" = 0
[machine.4]           30 user-u32 "can_recv" = 0
[machine.4]           30 user-u32 "can_recv" = 0
[machine.4]           30 user-u32 "can_recv" = 0
[machine.4]           30 task-resume id=2 reason=scheduler
[machine.4]           30 task-yield id=2 reason=Idle
[machine.4]           40 task-resume id=1 reason=scheduler
[machine.4]           40 task-yield id=1 reason=RtosPortYield
[machine.4]           40 user-u32 "can_recv" = 0
[machine.4]           40 user-u32 "can_recv" = 0
[machine.4]           40 user-u32 "can_recv" = 0
[machine.4]           40 user-u32 "can_recv" = 0
[machine.4]           40 user-u32 "can_recv" = 0
[machine.4]           40 task-resume id=2 reason=scheduler
[machine.4]           40 task-yield id=2 reason=Idle
[machine.4]           50 task-resume id=4 reason=scheduler
[machine.4]           50 task-yield id=4 reason=RtosPortYield
[machine.4]           50 user-u32 "display_init" = 1
[machine.4]           50 task-resume id=1 reason=scheduler
[machine.4]           50 task-yield id=1 reason=RtosPortYield
[machine.4]           50 user-u32 "can_recv" = 0
[machine.4]           50 user-u32 "can_recv" = 0
[machine.4]           50 user-u32 "can_recv" = 0
[machine.4]           50 user-u32 "can_recv" = 0
[machine.4]           50 user-u32 "can_recv" = 0
[machine.4]           50 task-resume id=2 reason=scheduler
[machine.4]           50 task-yield id=2 reason=Idle
[machine.4]           60 task-resume id=1 reason=scheduler
[machine.4]           60 task-yield id=1 reason=RtosPortYield
[machine.4]           60 user-u32 "can_recv" = 0
[machine.4]           60 user-u32 "can_recv" = 0
[machine.4]           60 user-u32 "can_recv" = 0
[machine.4]           60 user-u32 "can_recv" = 0
[machine.4]           60 user-u32 "can_recv" = 0
[machine.4]           60 user-u32 "can_recv" = 0
[machine.4]           60 user-u32 "can_recv" = 0
[machine.4]           60 task-resume id=2 reason=scheduler
[machine.4]           60 task-yield id=2 reason=Idle
[machine.4]           70 task-resume id=1 reason=scheduler
[machine.4]           70 task-yield id=1 reason=RtosPortYield
[machine.4]           70 user-u32 "can_recv" = 0
[machine.4]           70 user-u32 "can_recv" = 0
[machine.4]           70 user-u32 "can_recv" = 0
[machine.4]           70 user-u32 "can_recv" = 0
[machine.4]           70 user-u32 "can_recv" = 0
[machine.4]           70 task-resume id=2 reason=scheduler
[machine.4]           70 task-yield id=2 reason=Idle
[machine.4]           80 task-resume id=1 reason=scheduler
[machine.4]           80 task-yield id=1 reason=RtosPortYield
[machine.4]           80 user-u32 "can_recv" = 0
[machine.4]           80 user-u32 "can_recv" = 0
[machine.4]           80 user-u32 "can_recv" = 0
[machine.4]           80 user-u32 "can_recv" = 0
[machine.4]           80 user-u32 "can_recv" = 0
[machine.4]           80 task-resume id=2 reason=scheduler
[machine.4]           80 task-yield id=2 reason=Idle
[machine.4]           90 task-resume id=1 reason=scheduler
[machine.4]           90 task-yield id=1 reason=RtosPortYield
[machine.4]           90 user-u32 "can_recv" = 0
[machine.4]           90 user-u32 "can_recv" = 0
[machine.4]           90 user-u32 "can_recv" = 0
[machine.4]           90 user-u32 "can_recv" = 0
[machine.4]           90 user-u32 "can_recv" = 0
[machine.4]           90 task-resume id=2 reason=scheduler
[machine.4]           90 task-yield id=2 reason=Idle
[machine.4]          100 task-resume id=4 reason=scheduler
[machine.4]          100 task-yield id=4 reason=RtosPortYield
[machine.4]          100 task-resume id=1 reason=scheduler
[machine.4]          100 task-yield id=1 reason=RtosPortYield
[machine.4]          100 user-u32 "can_recv" = 0
[machine.4]          100 user-u32 "can_recv" = 0
[machine.4]          100 user-u32 "can_recv" = 0
[machine.4]          100 user-u32 "can_recv" = 0
[machine.4]          100 user-u32 "can_recv" = 0
[machine.4]          100 user-u32 "can_send" = 0
[machine.4]          100 task-resume id=2 reason=scheduler
[machine.4]          100 task-yield id=2 reason=Idle
[machine.4]          110 task-resume id=1 reason=scheduler
[machine.4]          110 task-yield id=1 reason=RtosPortYield
[machine.4]          110 user-u32 "can_recv" = 0
[machine.4]          110 user-u32 "can_recv" = 0
[machine.4]          110 user-u32 "can_recv" = 0
[machine.4]          110 user-u32 "can_recv" = 0
[machine.4]          110 user-u32 "can_recv" = 0
[machine.4]          110 user-u32 "can_recv" = 0
[machine.4]          110 user-u32 "can_recv" = 0
[machine.4]          110 user-u32 "can_recv" = 0
[machine.4]          110 user-u32 "can_recv" = 0
[machine.4]          110 user-u32 "can_recv" = 0
[machine.4]          110 task-resume id=2 reason=scheduler
[machine.4]          110 task-yield id=2 reason=Idle
[machine.4]          120 task-resume id=1 reason=scheduler
[machine.4]          120 task-yield id=1 reason=RtosPortYield
[machine.4]          120 user-u32 "can_recv" = 0
[machine.4]          120 user-u32 "can_recv" = 0
[machine.4]          120 user-u32 "can_recv" = 0
[machine.4]          120 user-u32 "can_recv" = 0
[machine.4]          120 user-u32 "can_recv" = 0
[machine.4]          120 task-resume id=2 reason=scheduler
[machine.4]          120 task-yield id=2 reason=Idle
[machine.4]          130 task-resume id=1 reason=scheduler
[machine.4]          130 task-yield id=1 reason=RtosPortYield
[machine.4]          130 user-u32 "can_recv" = 0
[machine.4]          130 user-u32 "can_recv" = 0
[machine.4]          130 user-u32 "can_recv" = 0
[machine.4]          130 user-u32 "can_recv" = 0
[machine.4]          130 user-u32 "can_recv" = 0
[machine.4]          130 task-resume id=2 reason=scheduler
[machine.4]          130 task-yield id=2 reason=Idle
[machine.4]          140 task-resume id=1 reason=scheduler
[machine.4]          140 task-yield id=1 reason=RtosPortYield
[machine.4]          140 user-u32 "can_recv" = 0
[machine.4]          140 user-u32 "can_recv" = 0
[machine.4]          140 user-u32 "can_recv" = 0
[machine.4]          140 user-u32 "can_recv" = 0
[machine.4]          140 user-u32 "can_recv" = 0
[machine.4]          140 task-resume id=2 reason=scheduler
[machine.4]          140 task-yield id=2 reason=Idle
[machine.4]          150 task-resume id=4 reason=scheduler
[machine.4]          150 task-yield id=4 reason=RtosPortYield
[machine.4]          150 task-resume id=1 reason=scheduler
[machine.4]          150 task-yield id=1 reason=RtosPortYield
[machine.4]          150 user-u32 "can_recv" = 0
[machine.4]          150 user-u32 "can_recv" = 0
[machine.4]          150 user-u32 "can_recv" = 0
[machine.4]          150 user-u32 "can_recv" = 0
[machine.4]          150 user-u32 "can_recv" = 0
[machine.4]          150 task-resume id=2 reason=scheduler
[machine.4]          150 task-yield id=2 reason=Idle
[machine.4]          160 task-resume id=1 reason=scheduler
[machine.4]          160 task-yield id=1 reason=RtosPortYield
[machine.4]          160 user-u32 "can_recv" = 0
[machine.4]          160 user-u32 "can_recv" = 0
[machine.4]          160 user-u32 "can_recv" = 0
[machine.4]          160 user-u32 "can_recv" = 0
[machine.4]          160 user-u32 "can_recv" = 0
[machine.4]          160 user-u32 "can_recv" = 0
[machine.4]          160 user-u32 "can_recv" = 0
[machine.4]          160 task-resume id=2 reason=scheduler
[machine.4]          160 task-yield id=2 reason=Idle
[machine.4]          170 task-resume id=1 reason=scheduler
[machine.4]          170 task-yield id=1 reason=RtosPortYield
[machine.4]          170 user-u32 "can_recv" = 0
[machine.4]          170 user-u32 "can_recv" = 0
[machine.4]          170 user-u32 "can_recv" = 0
[machine.4]          170 user-u32 "can_recv" = 0
[machine.4]          170 user-u32 "can_recv" = 0
[machine.4]          170 task-resume id=2 reason=scheduler
[machine.4]          170 task-yield id=2 reason=Idle
[machine.4]          180 task-resume id=1 reason=scheduler
[machine.4]          180 task-yield id=1 reason=RtosPortYield
[machine.4]          180 user-u32 "can_recv" = 0
[machine.4]          180 user-u32 "can_recv" = 0
[machine.4]          180 user-u32 "can_recv" = 0
[machine.4]          180 user-u32 "can_recv" = 0
[machine.4]          180 user-u32 "can_recv" = 0
[machine.4]          180 task-resume id=2 reason=scheduler
[machine.4]          180 task-yield id=2 reason=Idle
[machine.4]          190 task-resume id=1 reason=scheduler
[machine.4]          190 task-yield id=1 reason=RtosPortYield
[machine.4]          190 user-u32 "can_recv" = 0
[machine.4]          190 user-u32 "can_recv" = 0
[machine.4]          190 user-u32 "can_recv" = 0
[machine.4]          190 user-u32 "can_recv" = 0
[machine.4]          190 user-u32 "can_recv" = 0
[machine.4]          190 task-resume id=2 reason=scheduler
[machine.4]          190 task-yield id=2 reason=Idle
[machine.4]          200 task-resume id=4 reason=scheduler
[machine.4]          200 task-yield id=4 reason=RtosPortYield
[machine.4]          200 task-resume id=1 reason=scheduler
[machine.4]          200 task-yield id=1 reason=RtosPortYield
[machine.4]          200 user-u32 "can_recv" = 0
[machine.4]          200 user-u32 "can_recv" = 0
[machine.4]          200 user-u32 "can_recv" = 0
[machine.4]          200 user-u32 "can_recv" = 0
[machine.4]          200 user-u32 "can_recv" = 0
[machine.4]          200 user-u32 "can_send" = 0
[machine.4]          200 task-resume id=2 reason=scheduler
[machine.4]          200 task-yield id=2 reason=Idle
[machine.4]          210 task-resume id=1 reason=scheduler
[machine.4]          210 task-yield id=1 reason=RtosPortYield
[machine.4]          210 user-u32 "can_recv" = 0
[machine.4]          210 user-u32 "can_recv" = 0
[machine.4]          210 user-u32 "can_recv" = 0
[machine.4]          210 user-u32 "can_recv" = 0
[machine.4]          210 user-u32 "can_recv" = 0
[machine.4]          210 user-u32 "can_recv" = 0
[machine.4]          210 user-u32 "can_recv" = 0
[machine.4]          210 user-u32 "can_recv" = 0
[machine.4]          210 user-u32 "can_recv" = 0
[machine.4]          210 user-u32 "can_recv" = 0
[machine.4]          210 task-resume id=2 reason=scheduler
[machine.4]          210 task-yield id=2 reason=Idle
[machine.4]          220 task-resume id=1 reason=scheduler
[machine.4]          220 task-yield id=1 reason=RtosPortYield
[machine.4]          220 user-u32 "can_recv" = 0
[machine.4]          220 user-u32 "can_recv" = 0
[machine.4]          220 user-u32 "can_recv" = 0
[machine.4]          220 user-u32 "can_recv" = 0
[machine.4]          220 user-u32 "can_recv" = 0
[machine.4]          220 task-resume id=2 reason=scheduler
[machine.4]          220 task-yield id=2 reason=Idle
[machine.4]          230 task-resume id=1 reason=scheduler
[machine.4]          230 task-yield id=1 reason=RtosPortYield
[machine.4]          230 user-u32 "can_recv" = 0
[machine.4]          230 user-u32 "can_recv" = 0
[machine.4]          230 user-u32 "can_recv" = 0
[machine.4]          230 user-u32 "can_recv" = 0
[machine.4]          230 user-u32 "can_recv" = 0
[machine.4]          230 task-resume id=2 reason=scheduler
[machine.4]          230 task-yield id=2 reason=Idle
[machine.4]          240 task-resume id=1 reason=scheduler
[machine.4]          240 task-yield id=1 reason=RtosPortYield
[machine.4]          240 user-u32 "can_recv" = 0
[machine.4]          240 user-u32 "can_recv" = 0
[machine.4]          240 user-u32 "can_recv" = 0
[machine.4]          240 user-u32 "can_recv" = 0
[machine.4]          240 user-u32 "can_recv" = 0
[machine.4]          240 task-resume id=2 reason=scheduler
[machine.4]          240 task-yield id=2 reason=Idle
[machine.4]          250 task-resume id=4 reason=scheduler
[machine.4]          250 task-yield id=4 reason=RtosPortYield
[machine.4]          250 task-resume id=1 reason=scheduler
[machine.4]          250 task-yield id=1 reason=RtosPortYield
[machine.4]          250 user-u32 "can_recv" = 0
[machine.4]          250 user-u32 "can_recv" = 0
[machine.4]          250 user-u32 "can_recv" = 0
[machine.4]          250 user-u32 "can_recv" = 0
[machine.4]          250 user-u32 "can_recv" = 0
[machine.4]          250 task-resume id=2 reason=scheduler
[machine.4]          250 task-yield id=2 reason=Idle
[machine.4]          260 task-resume id=1 reason=scheduler
[machine.4]          260 task-yield id=1 reason=RtosPortYield
[machine.4]          260 user-u32 "can_recv" = 0
[machine.4]          260 user-u32 "can_recv" = 0
[machine.4]          260 user-u32 "can_recv" = 0
[machine.4]          260 user-u32 "can_recv" = 0
[machine.4]          260 user-u32 "can_recv" = 0
[machine.4]          260 user-u32 "can_recv" = 0
[machine.4]          260 user-u32 "can_recv" = 0
[machine.4]          260 task-resume id=2 reason=scheduler
[machine.4]          260 task-yield id=2 reason=Idle
[machine.4]          270 task-resume id=1 reason=scheduler
[machine.4]          270 task-yield id=1 reason=RtosPortYield
[machine.4]          270 user-u32 "can_recv" = 0
[machine.4]          270 user-u32 "can_recv" = 0
[machine.4]          270 user-u32 "can_recv" = 0
[machine.4]          270 user-u32 "can_recv" = 0
[machine.4]          270 user-u32 "can_recv" = 0
[machine.4]          270 task-resume id=2 reason=scheduler
[machine.4]          270 task-yield id=2 reason=Idle
[machine.4]          280 task-resume id=1 reason=scheduler
[machine.4]          280 task-yield id=1 reason=RtosPortYield
[machine.4]          280 user-u32 "can_recv" = 0
[machine.4]          280 user-u32 "can_recv" = 0
[machine.4]          280 user-u32 "can_recv" = 0
[machine.4]          280 user-u32 "can_recv" = 0
[machine.4]          280 user-u32 "can_recv" = 0
[machine.4]          280 task-resume id=2 reason=scheduler
[machine.4]          280 task-yield id=2 reason=Idle
[machine.4]          290 task-resume id=1 reason=scheduler
[machine.4]          290 task-yield id=1 reason=RtosPortYield
[machine.4]          290 user-u32 "can_recv" = 0
[machine.4]          290 user-u32 "can_recv" = 0
[machine.4]          290 user-u32 "can_recv" = 0
[machine.4]          290 user-u32 "can_recv" = 0
[machine.4]          290 user-u32 "can_recv" = 0
[machine.4]          290 task-resume id=2 reason=scheduler
[machine.4]          290 task-yield id=2 reason=Idle
[machine.4]          300 task-resume id=4 reason=scheduler
[machine.4]          300 task-yield id=4 reason=RtosPortYield
[machine.4]          300 task-resume id=1 reason=scheduler
[machine.4]          300 task-yield id=1 reason=RtosPortYield
[machine.4]          300 user-u32 "can_recv" = 0
[machine.4]          300 user-u32 "can_recv" = 0
[machine.4]          300 user-u32 "can_recv" = 0
[machine.4]          300 user-u32 "can_recv" = 0
[machine.4]          300 user-u32 "can_recv" = 0
[machine.4]          300 user-u32 "can_send" = 0
[machine.4]          300 task-resume id=2 reason=scheduler
[machine.4]          300 task-yield id=2 reason=Idle
[machine.4]          310 task-resume id=1 reason=scheduler
[machine.4]          310 task-yield id=1 reason=RtosPortYield
[machine.4]          310 user-u32 "can_recv" = 0
[machine.4]          310 user-u32 "can_recv" = 0
[machine.4]          310 user-u32 "can_recv" = 0
[machine.4]          310 user-u32 "can_recv" = 0
[machine.4]          310 user-u32 "can_recv" = 0
[machine.4]          310 user-u32 "can_recv" = 0
[machine.4]          310 user-u32 "can_recv" = 0
[machine.4]          310 user-u32 "can_recv" = 0
[machine.4]          310 user-u32 "can_recv" = 0
[machine.4]          310 user-u32 "can_recv" = 0
[machine.4]          310 task-resume id=2 reason=scheduler
[machine.4]          310 task-yield id=2 reason=Idle
[machine.4]          320 task-resume id=1 reason=scheduler
[machine.4]          320 task-yield id=1 reason=RtosPortYield
[machine.4]          320 user-u32 "can_recv" = 0
[machine.4]          320 user-u32 "can_recv" = 0
[machine.4]          320 user-u32 "can_recv" = 0
[machine.4]          320 user-u32 "can_recv" = 0
[machine.4]          320 user-u32 "can_recv" = 0
[machine.4]          320 task-resume id=2 reason=scheduler
[machine.4]          320 task-yield id=2 reason=Idle
[machine.4]          330 task-resume id=1 reason=scheduler
[machine.4]          330 task-yield id=1 reason=RtosPortYield
[machine.4]          330 user-u32 "can_recv" = 0
[machine.4]          330 user-u32 "can_recv" = 0
[machine.4]          330 user-u32 "can_recv" = 0
[machine.4]          330 user-u32 "can_recv" = 0
[machine.4]          330 user-u32 "can_recv" = 0
[machine.4]          330 task-resume id=2 reason=scheduler
[machine.4]          330 task-yield id=2 reason=Idle
[machine.4]          340 task-resume id=1 reason=scheduler
[machine.4]          340 task-yield id=1 reason=RtosPortYield
[machine.4]          340 user-u32 "can_recv" = 0
[machine.4]          340 user-u32 "can_recv" = 0
[machine.4]          340 user-u32 "can_recv" = 0
[machine.4]          340 user-u32 "can_recv" = 0
[machine.4]          340 user-u32 "can_recv" = 0
[machine.4]          340 task-resume id=2 reason=scheduler
[machine.4]          340 task-yield id=2 reason=Idle
[machine.4]          350 task-resume id=4 reason=scheduler
[machine.4]          350 task-yield id=4 reason=RtosPortYield
[machine.4]          350 task-resume id=1 reason=scheduler
[machine.4]          350 task-yield id=1 reason=RtosPortYield
[machine.4]          350 user-u32 "can_recv" = 0
[machine.4]          350 user-u32 "can_recv" = 0
[machine.4]          350 user-u32 "can_recv" = 0
[machine.4]          350 user-u32 "can_recv" = 0
[machine.4]          350 user-u32 "can_recv" = 0
[machine.4]          350 task-resume id=2 reason=scheduler
[machine.4]          350 task-yield id=2 reason=Idle
[machine.4]          360 task-resume id=1 reason=scheduler
[machine.4]          360 task-yield id=1 reason=RtosPortYield
[machine.4]          360 user-u32 "can_recv" = 0
[machine.4]          360 user-u32 "can_recv" = 0
[machine.4]          360 user-u32 "can_recv" = 0
[machine.4]          360 user-u32 "can_recv" = 0
[machine.4]          360 user-u32 "can_recv" = 0
[machine.4]          360 user-u32 "can_recv" = 0
[machine.4]          360 user-u32 "can_recv" = 0
[machine.4]          360 task-resume id=2 reason=scheduler
[machine.4]          360 task-yield id=2 reason=Idle
[machine.4]          370 task-resume id=1 reason=scheduler
[machine.4]          370 task-yield id=1 reason=RtosPortYield
[machine.4]          370 user-u32 "can_recv" = 0
[machine.4]          370 user-u32 "can_recv" = 0
[machine.4]          370 user-u32 "can_recv" = 0
[machine.4]          370 user-u32 "can_recv" = 0
[machine.4]          370 user-u32 "can_recv" = 0
[machine.4]          370 task-resume id=2 reason=scheduler
[machine.4]          370 task-yield id=2 reason=Idle
[machine.4]          380 task-resume id=1 reason=scheduler
[machine.4]          380 task-yield id=1 reason=RtosPortYield
[machine.4]          380 user-u32 "can_recv" = 0
[machine.4]          380 user-u32 "can_recv" = 0
[machine.4]          380 user-u32 "can_recv" = 0
[machine.4]          380 user-u32 "can_recv" = 0
[machine.4]          380 user-u32 "can_recv" = 0
[machine.4]          380 task-resume id=2 reason=scheduler
[machine.4]          380 task-yield id=2 reason=Idle
[machine.4]          390 task-resume id=1 reason=scheduler
[machine.4]          390 task-yield id=1 reason=RtosPortYield
[machine.4]          390 user-u32 "can_recv" = 0
[machine.4]          390 user-u32 "can_recv" = 0
[machine.4]          390 user-u32 "can_recv" = 0
[machine.4]          390 user-u32 "can_recv" = 0
[machine.4]          390 user-u32 "can_recv" = 0
[machine.4]          390 task-resume id=2 reason=scheduler
[machine.4]          390 task-yield id=2 reason=Idle
[machine.4]          400 task-resume id=4 reason=scheduler
[machine.4]          400 task-yield id=4 reason=RtosPortYield
[machine.4]          400 task-resume id=1 reason=scheduler
[machine.4]          400 task-yield id=1 reason=RtosPortYield
[machine.4]          400 user-u32 "can_recv" = 0
[machine.4]          400 user-u32 "can_recv" = 0
[machine.4]          400 user-u32 "can_recv" = 0
[machine.4]          400 user-u32 "can_recv" = 0
[machine.4]          400 user-u32 "can_recv" = 0
[machine.4]          400 user-u32 "can_send" = 0
[machine.4]          400 task-resume id=2 reason=scheduler
[machine.4]          400 task-yield id=2 reason=Idle
[machine.4]          410 task-resume id=1 reason=scheduler
[machine.4]          410 task-yield id=1 reason=RtosPortYield
[machine.4]          410 user-u32 "can_recv" = 0
[machine.4]          410 user-u32 "can_recv" = 0
[machine.4]          410 user-u32 "can_recv" = 0
[machine.4]          410 user-u32 "can_recv" = 0
[machine.4]          410 user-u32 "can_recv" = 0
[machine.4]          410 user-u32 "can_recv" = 0
[machine.4]          410 user-u32 "can_recv" = 0
[machine.4]          410 user-u32 "can_recv" = 0
[machine.4]          410 user-u32 "can_recv" = 0
[machine.4]          410 user-u32 "can_recv" = 0
[machine.4]          410 task-resume id=2 reason=scheduler
[machine.4]          410 task-yield id=2 reason=Idle
[machine.4]          420 task-resume id=1 reason=scheduler
[machine.4]          420 task-yield id=1 reason=RtosPortYield
[machine.4]          420 user-u32 "can_recv" = 0
[machine.4]          420 user-u32 "can_recv" = 0
[machine.4]          420 user-u32 "can_recv" = 0
[machine.4]          420 user-u32 "can_recv" = 0
[machine.4]          420 user-u32 "can_recv" = 0
[machine.4]          420 task-resume id=2 reason=scheduler
[machine.4]          420 task-yield id=2 reason=Idle
[machine.4]          430 task-resume id=1 reason=scheduler
[machine.4]          430 task-yield id=1 reason=RtosPortYield
[machine.4]          430 user-u32 "can_recv" = 0
[machine.4]          430 user-u32 "can_recv" = 0
[machine.4]          430 user-u32 "can_recv" = 0
[machine.4]          430 user-u32 "can_recv" = 0
[machine.4]          430 user-u32 "can_recv" = 0
[machine.4]          430 task-resume id=2 reason=scheduler
[machine.4]          430 task-yield id=2 reason=Idle
[machine.4]          440 task-resume id=1 reason=scheduler
[machine.4]          440 task-yield id=1 reason=RtosPortYield
[machine.4]          440 user-u32 "can_recv" = 0
[machine.4]          440 user-u32 "can_recv" = 0
[machine.4]          440 user-u32 "can_recv" = 0
[machine.4]          440 user-u32 "can_recv" = 0
[machine.4]          440 user-u32 "can_recv" = 0
[machine.4]          440 task-resume id=2 reason=scheduler
[machine.4]          440 task-yield id=2 reason=Idle
[machine.4]          450 task-resume id=4 reason=scheduler
[machine.4]          450 task-yield id=4 reason=RtosPortYield
[machine.4]          450 task-resume id=1 reason=scheduler
[machine.4]          450 task-yield id=1 reason=RtosPortYield
[machine.4]          450 user-u32 "can_recv" = 0
[machine.4]          450 user-u32 "can_recv" = 0
[machine.4]          450 user-u32 "can_recv" = 0
[machine.4]          450 user-u32 "can_recv" = 0
[machine.4]          450 user-u32 "can_recv" = 0
[machine.4]          450 task-resume id=2 reason=scheduler
[machine.4]          450 task-yield id=2 reason=Idle
[machine.4]          460 task-resume id=1 reason=scheduler
[machine.4]          460 task-yield id=1 reason=RtosPortYield
[machine.4]          460 user-u32 "can_recv" = 0
[machine.4]          460 user-u32 "can_recv" = 0
[machine.4]          460 user-u32 "can_recv" = 0
[machine.4]          460 user-u32 "can_recv" = 0
[machine.4]          460 user-u32 "can_recv" = 0
[machine.4]          460 user-u32 "can_recv" = 0
[machine.4]          460 user-u32 "can_recv" = 0
[machine.4]          460 task-resume id=2 reason=scheduler
[machine.4]          460 task-yield id=2 reason=Idle
[machine.4]          470 task-resume id=1 reason=scheduler
[machine.4]          470 task-yield id=1 reason=RtosPortYield
[machine.4]          470 user-u32 "can_recv" = 0
[machine.4]          470 user-u32 "can_recv" = 0
[machine.4]          470 user-u32 "can_recv" = 0
[machine.4]          470 user-u32 "can_recv" = 0
[machine.4]          470 user-u32 "can_recv" = 0
[machine.4]          470 task-resume id=2 reason=scheduler
[machine.4]          470 task-yield id=2 reason=Idle
[machine.4]          480 task-resume id=1 reason=scheduler
[machine.4]          480 task-yield id=1 reason=RtosPortYield
[machine.4]          480 user-u32 "can_recv" = 0
[machine.4]          480 user-u32 "can_recv" = 0
[machine.4]          480 user-u32 "can_recv" = 0
[machine.4]          480 user-u32 "can_recv" = 0
[machine.4]          480 user-u32 "can_recv" = 0
[machine.4]          480 task-resume id=2 reason=scheduler
[machine.4]          480 task-yield id=2 reason=Idle
[machine.4]          490 task-resume id=1 reason=scheduler
[machine.4]          490 task-yield id=1 reason=RtosPortYield
[machine.4]          490 user-u32 "can_recv" = 0
[machine.4]          490 user-u32 "can_recv" = 0
[machine.4]          490 user-u32 "can_recv" = 0
[machine.4]          490 user-u32 "can_recv" = 0
[machine.4]          490 user-u32 "can_recv" = 0
[machine.4]          490 task-resume id=2 reason=scheduler
[machine.4]          490 task-yield id=2 reason=Idle
[machine.4]          500 task-resume id=4 reason=scheduler
[machine.4]          500 task-yield id=4 reason=RtosPortYield
[machine.4]          500 user-u32 "display_update" = 0
[machine.4]          500 task-resume id=1 reason=scheduler
[machine.4]          500 task-yield id=1 reason=RtosPortYield
[machine.4]          500 user-u32 "can_recv" = 0
[machine.4]          500 user-u32 "can_recv" = 0
[machine.4]          500 user-u32 "can_recv" = 0
[machine.4]          500 user-u32 "can_recv" = 0
[machine.4]          500 user-u32 "can_recv" = 0
[machine.4]          500 user-u32 "can_send" = 0
[machine.4]          500 task-resume id=2 reason=scheduler
[machine.4]          500 task-yield id=2 reason=Idle
[machine.4]          510 task-resume id=1 reason=scheduler
[machine.4]          510 task-yield id=1 reason=RtosPortYield
[machine.4]          510 user-u32 "can_recv" = 0
[machine.4]          510 user-u32 "can_recv" = 0
[machine.4]          510 user-u32 "can_recv" = 0
[machine.4]          510 user-u32 "can_recv" = 0
[machine.4]          510 user-u32 "can_recv" = 0
[machine.4]          510 user-u32 "can_recv" = 0
[machine.4]          510 user-u32 "can_recv" = 0
[machine.4]          510 user-u32 "can_recv" = 0
[machine.4]          510 user-u32 "can_recv" = 0
[machine.4]          510 user-u32 "can_recv" = 0
[machine.4]          510 task-resume id=2 reason=scheduler
[machine.4]          510 task-yield id=2 reason=Idle
[machine.4]          520 task-resume id=1 reason=scheduler
[machine.4]          520 task-yield id=1 reason=RtosPortYield
[machine.4]          520 user-u32 "can_recv" = 0
[machine.4]          520 user-u32 "can_recv" = 0
[machine.4]          520 user-u32 "can_recv" = 0
[machine.4]          520 user-u32 "can_recv" = 0
[machine.4]          520 user-u32 "can_recv" = 0
[machine.4]          520 task-resume id=2 reason=scheduler
[machine.4]          520 task-yield id=2 reason=Idle
[machine.4]          530 task-resume id=1 reason=scheduler
[machine.4]          530 task-yield id=1 reason=RtosPortYield
[machine.4]          530 user-u32 "can_recv" = 0
[machine.4]          530 user-u32 "can_recv" = 0
[machine.4]          530 user-u32 "can_recv" = 0
[machine.4]          530 user-u32 "can_recv" = 0
[machine.4]          530 user-u32 "can_recv" = 0
[machine.4]          530 task-resume id=2 reason=scheduler
[machine.4]          530 task-yield id=2 reason=Idle
[machine.4]          540 task-resume id=1 reason=scheduler
[machine.4]          540 task-yield id=1 reason=RtosPortYield
[machine.4]          540 user-u32 "can_recv" = 0
[machine.4]          540 user-u32 "can_recv" = 0
[machine.4]          540 user-u32 "can_recv" = 0
[machine.4]          540 user-u32 "can_recv" = 0
[machine.4]          540 user-u32 "can_recv" = 0
[machine.4]          540 task-resume id=2 reason=scheduler
[machine.4]          540 task-yield id=2 reason=Idle
[machine.4]          550 task-resume id=4 reason=scheduler
[machine.4]          550 task-yield id=4 reason=RtosPortYield
[machine.4]          550 task-resume id=1 reason=scheduler
[machine.4]          550 task-yield id=1 reason=RtosPortYield
[machine.4]          550 user-u32 "can_recv" = 0
[machine.4]          550 user-u32 "can_recv" = 0
[machine.4]          550 user-u32 "can_recv" = 0
[machine.4]          550 user-u32 "can_recv" = 0
[machine.4]          550 user-u32 "can_recv" = 0
[machine.4]          550 task-resume id=2 reason=scheduler
[machine.4]          550 task-yield id=2 reason=Idle
[machine.4]          560 task-resume id=1 reason=scheduler
[machine.4]          560 task-yield id=1 reason=RtosPortYield
[machine.4]          560 user-u32 "can_recv" = 0
[machine.4]          560 user-u32 "can_recv" = 0
[machine.4]          560 user-u32 "can_recv" = 0
[machine.4]          560 user-u32 "can_recv" = 0
[machine.4]          560 user-u32 "can_recv" = 0
[machine.4]          560 user-u32 "can_recv" = 0
[machine.4]          560 user-u32 "can_recv" = 0
[machine.4]          560 task-resume id=2 reason=scheduler
[machine.4]          560 task-yield id=2 reason=Idle
[machine.4]          570 task-resume id=1 reason=scheduler
[machine.4]          570 task-yield id=1 reason=RtosPortYield
[machine.4]          570 user-u32 "can_recv" = 0
[machine.4]          570 user-u32 "can_recv" = 0
[machine.4]          570 user-u32 "can_recv" = 0
[machine.4]          570 user-u32 "can_recv" = 0
[machine.4]          570 user-u32 "can_recv" = 0
[machine.4]          570 task-resume id=2 reason=scheduler
[machine.4]          570 task-yield id=2 reason=Idle
[machine.4]          580 task-resume id=1 reason=scheduler
[machine.4]          580 task-yield id=1 reason=RtosPortYield
[machine.4]          580 user-u32 "can_recv" = 0
[machine.4]          580 user-u32 "can_recv" = 0
[machine.4]          580 user-u32 "can_recv" = 0
[machine.4]          580 user-u32 "can_recv" = 0
[machine.4]          580 user-u32 "can_recv" = 0
[machine.4]          580 task-resume id=2 reason=scheduler
[machine.4]          580 task-yield id=2 reason=Idle
[machine.4]          590 task-resume id=1 reason=scheduler
[machine.4]          590 task-yield id=1 reason=RtosPortYield
[machine.4]          590 user-u32 "can_recv" = 0
[machine.4]          590 user-u32 "can_recv" = 0
[machine.4]          590 user-u32 "can_recv" = 0
[machine.4]          590 user-u32 "can_recv" = 0
[machine.4]          590 user-u32 "can_recv" = 0
[machine.4]          590 task-resume id=2 reason=scheduler
[machine.4]          590 task-yield id=2 reason=Idle
[machine.4]          600 task-resume id=4 reason=scheduler
[machine.4]          600 task-yield id=4 reason=RtosPortYield
[machine.4]          600 task-resume id=1 reason=scheduler
[machine.4]          600 task-yield id=1 reason=RtosPortYield
[machine.4]          600 user-u32 "can_recv" = 0
[machine.4]          600 user-u32 "can_recv" = 0
[machine.4]          600 user-u32 "can_recv" = 0
[machine.4]          600 user-u32 "can_recv" = 0
[machine.4]          600 user-u32 "can_recv" = 0
[machine.4]          600 user-u32 "can_send" = 0
[machine.4]          600 task-resume id=2 reason=scheduler
[machine.4]          600 task-yield id=2 reason=Idle
[machine.4]          610 task-resume id=1 reason=scheduler
[machine.4]          610 task-yield id=1 reason=RtosPortYield
[machine.4]          610 user-u32 "can_recv" = 0
[machine.4]          610 user-u32 "can_recv" = 0
[machine.4]          610 user-u32 "can_recv" = 0
[machine.4]          610 user-u32 "can_recv" = 0
[machine.4]          610 user-u32 "can_recv" = 0
[machine.4]          610 user-u32 "can_recv" = 0
[machine.4]          610 user-u32 "can_recv" = 0
[machine.4]          610 user-u32 "can_recv" = 0
[machine.4]          610 user-u32 "can_recv" = 0
[machine.4]          610 user-u32 "can_recv" = 0
[machine.4]          610 task-resume id=2 reason=scheduler
[machine.4]          610 task-yield id=2 reason=Idle
[machine.4]          620 task-resume id=1 reason=scheduler
[machine.4]          620 task-yield id=1 reason=RtosPortYield
[machine.4]          620 user-u32 "can_recv" = 0
[machine.4]          620 user-u32 "can_recv" = 0
[machine.4]          620 user-u32 "can_recv" = 0
[machine.4]          620 user-u32 "can_recv" = 0
[machine.4]          620 user-u32 "can_recv" = 0
[machine.4]          620 task-resume id=2 reason=scheduler
[machine.4]          620 task-yield id=2 reason=Idle
[machine.4]          630 task-resume id=1 reason=scheduler
[machine.4]          630 task-yield id=1 reason=RtosPortYield
[machine.4]          630 user-u32 "can_recv" = 0
[machine.4]          630 user-u32 "can_recv" = 0
[machine.4]          630 user-u32 "can_recv" = 0
[machine.4]          630 user-u32 "can_recv" = 0
[machine.4]          630 user-u32 "can_recv" = 0
[machine.4]          630 task-resume id=2 reason=scheduler
[machine.4]          630 task-yield id=2 reason=Idle
[machine.4]          640 task-resume id=1 reason=scheduler
[machine.4]          640 task-yield id=1 reason=RtosPortYield
[machine.4]          640 user-u32 "can_recv" = 0
[machine.4]          640 user-u32 "can_recv" = 0
[machine.4]          640 user-u32 "can_recv" = 0
[machine.4]          640 user-u32 "can_recv" = 0
[machine.4]          640 user-u32 "can_recv" = 0
[machine.4]          640 task-resume id=2 reason=scheduler
[machine.4]          640 task-yield id=2 reason=Idle
[machine.4]          650 task-resume id=4 reason=scheduler
[machine.4]          650 task-yield id=4 reason=RtosPortYield
[machine.4]          650 task-resume id=1 reason=scheduler
[machine.4]          650 task-yield id=1 reason=RtosPortYield
[machine.4]          650 user-u32 "can_recv" = 0
[machine.4]          650 user-u32 "can_recv" = 0
[machine.4]          650 user-u32 "can_recv" = 0
[machine.4]          650 user-u32 "can_recv" = 0
[machine.4]          650 user-u32 "can_recv" = 0
[machine.4]          650 task-resume id=2 reason=scheduler
[machine.4]          650 task-yield id=2 reason=Idle
[machine.4]          660 task-resume id=1 reason=scheduler
[machine.4]          660 task-yield id=1 reason=RtosPortYield
[machine.4]          660 user-u32 "can_recv" = 0
[machine.4]          660 user-u32 "can_recv" = 0
[machine.4]          660 user-u32 "can_recv" = 0
[machine.4]          660 user-u32 "can_recv" = 0
[machine.4]          660 user-u32 "can_recv" = 0
[machine.4]          660 user-u32 "can_recv" = 0
[machine.4]          660 user-u32 "can_recv" = 0
[machine.4]          660 task-resume id=2 reason=scheduler
[machine.4]          660 task-yield id=2 reason=Idle
[machine.4]          670 task-resume id=1 reason=scheduler
[machine.4]          670 task-yield id=1 reason=RtosPortYield
[machine.4]          670 user-u32 "can_recv" = 0
[machine.4]          670 user-u32 "can_recv" = 0
[machine.4]          670 user-u32 "can_recv" = 0
[machine.4]          670 user-u32 "can_recv" = 0
[machine.4]          670 user-u32 "can_recv" = 0
[machine.4]          670 task-resume id=2 reason=scheduler
[machine.4]          670 task-yield id=2 reason=Idle
[machine.4]          680 task-resume id=1 reason=scheduler
[machine.4]          680 task-yield id=1 reason=RtosPortYield
[machine.4]          680 user-u32 "can_recv" = 0
[machine.4]          680 user-u32 "can_recv" = 0
[machine.4]          680 user-u32 "can_recv" = 0
[machine.4]          680 user-u32 "can_recv" = 0
[machine.4]          680 user-u32 "can_recv" = 0
[machine.4]          680 task-resume id=2 reason=scheduler
[machine.4]          680 task-yield id=2 reason=Idle
[machine.4]          690 task-resume id=1 reason=scheduler
[machine.4]          690 task-yield id=1 reason=RtosPortYield
[machine.4]          690 user-u32 "can_recv" = 0
[machine.4]          690 user-u32 "can_recv" = 0
[machine.4]          690 user-u32 "can_recv" = 0
[machine.4]          690 user-u32 "can_recv" = 0
[machine.4]          690 user-u32 "can_recv" = 0
[machine.4]          690 task-resume id=2 reason=scheduler
[machine.4]          690 task-yield id=2 reason=Idle
[machine.4]          700 task-resume id=4 reason=scheduler
[machine.4]          700 task-yield id=4 reason=RtosPortYield
[machine.4]          700 task-resume id=1 reason=scheduler
[machine.4]          700 task-yield id=1 reason=RtosPortYield
[machine.4]          700 user-u32 "can_recv" = 0
[machine.4]          700 user-u32 "can_recv" = 0
[machine.4]          700 user-u32 "can_recv" = 0
[machine.4]          700 user-u32 "can_recv" = 0
[machine.4]          700 user-u32 "can_recv" = 0
[machine.4]          700 user-u32 "can_send" = 0
[machine.4]          700 task-resume id=2 reason=scheduler
[machine.4]          700 task-yield id=2 reason=Idle
[machine.4]          710 task-resume id=1 reason=scheduler
[machine.4]          710 task-yield id=1 reason=RtosPortYield
[machine.4]          710 user-u32 "can_recv" = 0
[machine.4]          710 user-u32 "can_recv" = 0
[machine.4]          710 user-u32 "can_recv" = 0
[machine.4]          710 user-u32 "can_recv" = 0
[machine.4]          710 user-u32 "can_recv" = 0
[machine.4]          710 user-u32 "can_recv" = 0
[machine.4]          710 user-u32 "can_recv" = 0
[machine.4]          710 user-u32 "can_recv" = 0
[machine.4]          710 user-u32 "can_recv" = 0
[machine.4]          710 user-u32 "can_recv" = 0
[machine.4]          710 task-resume id=2 reason=scheduler
[machine.4]          710 task-yield id=2 reason=Idle
[machine.4]          720 task-resume id=1 reason=scheduler
[machine.4]          720 task-yield id=1 reason=RtosPortYield
[machine.4]          720 user-u32 "can_recv" = 0
[machine.4]          720 user-u32 "can_recv" = 0
[machine.4]          720 user-u32 "can_recv" = 0
[machine.4]          720 user-u32 "can_recv" = 0
[machine.4]          720 user-u32 "can_recv" = 0
[machine.4]          720 task-resume id=2 reason=scheduler
[machine.4]          720 task-yield id=2 reason=Idle
[machine.4]          730 task-resume id=1 reason=scheduler
[machine.4]          730 task-yield id=1 reason=RtosPortYield
[machine.4]          730 user-u32 "can_recv" = 0
[machine.4]          730 user-u32 "can_recv" = 0
[machine.4]          730 user-u32 "can_recv" = 0
[machine.4]          730 user-u32 "can_recv" = 0
[machine.4]          730 user-u32 "can_recv" = 0
[machine.4]          730 task-resume id=2 reason=scheduler
[machine.4]          730 task-yield id=2 reason=Idle
[machine.4]          740 task-resume id=1 reason=scheduler
[machine.4]          740 task-yield id=1 reason=RtosPortYield
[machine.4]          740 user-u32 "can_recv" = 0
[machine.4]          740 user-u32 "can_recv" = 0
[machine.4]          740 user-u32 "can_recv" = 0
[machine.4]          740 user-u32 "can_recv" = 0
[machine.4]          740 user-u32 "can_recv" = 0
[machine.4]          740 task-resume id=2 reason=scheduler
[machine.4]          740 task-yield id=2 reason=Idle
[machine.4]          750 task-resume id=4 reason=scheduler
[machine.4]          750 task-yield id=4 reason=RtosPortYield
[machine.4]          750 task-resume id=1 reason=scheduler
[machine.4]          750 task-yield id=1 reason=RtosPortYield
[machine.4]          750 user-u32 "can_recv" = 0
[machine.4]          750 user-u32 "can_recv" = 0
[machine.4]          750 user-u32 "can_recv" = 0
[machine.4]          750 user-u32 "can_recv" = 0
[machine.4]          750 user-u32 "can_recv" = 0
[machine.4]          750 task-resume id=2 reason=scheduler
[machine.4]          750 task-yield id=2 reason=Idle
[machine.4]          760 task-resume id=1 reason=scheduler
[machine.4]          760 task-yield id=1 reason=RtosPortYield
[machine.4]          760 user-u32 "can_recv" = 0
[machine.4]          760 user-u32 "can_recv" = 0
[machine.4]          760 user-u32 "can_recv" = 0
[machine.4]          760 user-u32 "can_recv" = 0
[machine.4]          760 user-u32 "can_recv" = 0
[machine.4]          760 user-u32 "can_recv" = 0
[machine.4]          760 user-u32 "can_recv" = 0
[machine.4]          760 task-resume id=2 reason=scheduler
[machine.4]          760 task-yield id=2 reason=Idle
[machine.4]          770 task-resume id=1 reason=scheduler
[machine.4]          770 task-yield id=1 reason=RtosPortYield
[machine.4]          770 user-u32 "can_recv" = 0
[machine.4]          770 user-u32 "can_recv" = 0
[machine.4]          770 user-u32 "can_recv" = 0
[machine.4]          770 user-u32 "can_recv" = 0
[machine.4]          770 user-u32 "can_recv" = 0
[machine.4]          770 task-resume id=2 reason=scheduler
[machine.4]          770 task-yield id=2 reason=Idle
[machine.4]          780 task-resume id=1 reason=scheduler
[machine.4]          780 task-yield id=1 reason=RtosPortYield
[machine.4]          780 user-u32 "can_recv" = 0
[machine.4]          780 user-u32 "can_recv" = 0
[machine.4]          780 user-u32 "can_recv" = 0
[machine.4]          780 user-u32 "can_recv" = 0
[machine.4]          780 user-u32 "can_recv" = 0
[machine.4]          780 task-resume id=2 reason=scheduler
[machine.4]          780 task-yield id=2 reason=Idle
[machine.4]          790 task-resume id=1 reason=scheduler
[machine.4]          790 task-yield id=1 reason=RtosPortYield
[machine.4]          790 user-u32 "can_recv" = 0
[machine.4]          790 user-u32 "can_recv" = 0
[machine.4]          790 user-u32 "can_recv" = 0
[machine.4]          790 user-u32 "can_recv" = 0
[machine.4]          790 user-u32 "can_recv" = 0
[machine.4]          790 task-resume id=2 reason=scheduler
[machine.4]          790 task-yield id=2 reason=Idle
[machine.4]          800 task-resume id=4 reason=scheduler
[machine.4]          800 task-yield id=4 reason=RtosPortYield
[machine.4]          800 task-resume id=1 reason=scheduler
[machine.4]          800 task-yield id=1 reason=RtosPortYield
[machine.4]          800 user-u32 "can_recv" = 0
[machine.4]          800 user-u32 "can_recv" = 0
[machine.4]          800 user-u32 "can_recv" = 0
[machine.4]          800 user-u32 "can_recv" = 0
[machine.4]          800 user-u32 "can_recv" = 0
[machine.4]          800 user-u32 "can_send" = 0
[machine.4]          800 task-resume id=2 reason=scheduler
[machine.4]          800 task-yield id=2 reason=Idle
[machine.4]          810 task-resume id=1 reason=scheduler
[machine.4]          810 task-yield id=1 reason=RtosPortYield
[machine.4]          810 user-u32 "can_recv" = 0
[machine.4]          810 user-u32 "can_recv" = 0
[machine.4]          810 user-u32 "can_recv" = 0
[machine.4]          810 user-u32 "can_recv" = 0
[machine.4]          810 user-u32 "can_recv" = 0
[machine.4]          810 user-u32 "can_recv" = 0
[machine.4]          810 user-u32 "can_recv" = 0
[machine.4]          810 user-u32 "can_recv" = 0
[machine.4]          810 user-u32 "can_recv" = 0
[machine.4]          810 user-u32 "can_recv" = 0
[machine.4]          810 task-resume id=2 reason=scheduler
[machine.4]          810 task-yield id=2 reason=Idle
[machine.4]          820 task-resume id=1 reason=scheduler
[machine.4]          820 task-yield id=1 reason=RtosPortYield
[machine.4]          820 user-u32 "can_recv" = 0
[machine.4]          820 user-u32 "can_recv" = 0
[machine.4]          820 user-u32 "can_recv" = 0
[machine.4]          820 user-u32 "can_recv" = 0
[machine.4]          820 user-u32 "can_recv" = 0
[machine.4]          820 task-resume id=2 reason=scheduler
[machine.4]          820 task-yield id=2 reason=Idle
[machine.4]          830 task-resume id=1 reason=scheduler
[machine.4]          830 task-yield id=1 reason=RtosPortYield
[machine.4]          830 user-u32 "can_recv" = 0
[machine.4]          830 user-u32 "can_recv" = 0
[machine.4]          830 user-u32 "can_recv" = 0
[machine.4]          830 user-u32 "can_recv" = 0
[machine.4]          830 user-u32 "can_recv" = 0
[machine.4]          830 task-resume id=2 reason=scheduler
[machine.4]          830 task-yield id=2 reason=Idle
[machine.4]          840 task-resume id=1 reason=scheduler
[machine.4]          840 task-yield id=1 reason=RtosPortYield
[machine.4]          840 user-u32 "can_recv" = 0
[machine.4]          840 user-u32 "can_recv" = 0
[machine.4]          840 user-u32 "can_recv" = 0
[machine.4]          840 user-u32 "can_recv" = 0
[machine.4]          840 user-u32 "can_recv" = 0
[machine.4]          840 task-resume id=2 reason=scheduler
[machine.4]          840 task-yield id=2 reason=Idle
[machine.4]          850 task-resume id=4 reason=scheduler
[machine.4]          850 task-yield id=4 reason=RtosPortYield
[machine.4]          850 task-resume id=1 reason=scheduler
[machine.4]          850 task-yield id=1 reason=RtosPortYield
[machine.4]          850 user-u32 "can_recv" = 0
[machine.4]          850 user-u32 "can_recv" = 0
[machine.4]          850 user-u32 "can_recv" = 0
[machine.4]          850 user-u32 "can_recv" = 0
[machine.4]          850 user-u32 "can_recv" = 0
[machine.4]          850 task-resume id=2 reason=scheduler
[machine.4]          850 task-yield id=2 reason=Idle
[machine.4]          860 task-resume id=1 reason=scheduler
[machine.4]          860 task-yield id=1 reason=RtosPortYield
[machine.4]          860 user-u32 "can_recv" = 0
[machine.4]          860 user-u32 "can_recv" = 0
[machine.4]          860 user-u32 "can_recv" = 0
[machine.4]          860 user-u32 "can_recv" = 0
[machine.4]          860 user-u32 "can_recv" = 0
[machine.4]          860 user-u32 "can_recv" = 0
[machine.4]          860 user-u32 "can_recv" = 0
[machine.4]          860 task-resume id=2 reason=scheduler
[machine.4]          860 task-yield id=2 reason=Idle
[machine.4]          870 task-resume id=1 reason=scheduler
[machine.4]          870 task-yield id=1 reason=RtosPortYield
[machine.4]          870 user-u32 "can_recv" = 0
[machine.4]          870 user-u32 "can_recv" = 0
[machine.4]          870 user-u32 "can_recv" = 0
[machine.4]          870 user-u32 "can_recv" = 0
[machine.4]          870 user-u32 "can_recv" = 0
[machine.4]          870 task-resume id=2 reason=scheduler
[machine.4]          870 task-yield id=2 reason=Idle
[machine.4]          880 task-resume id=1 reason=scheduler
[machine.4]          880 task-yield id=1 reason=RtosPortYield
[machine.4]          880 user-u32 "can_recv" = 0
[machine.4]          880 user-u32 "can_recv" = 0
[machine.4]          880 user-u32 "can_recv" = 0
[machine.4]          880 user-u32 "can_recv" = 0
[machine.4]          880 user-u32 "can_recv" = 0
[machine.4]          880 task-resume id=2 reason=scheduler
[machine.4]          880 task-yield id=2 reason=Idle
[machine.4]          890 task-resume id=1 reason=scheduler
[machine.4]          890 task-yield id=1 reason=RtosPortYield
[machine.4]          890 user-u32 "can_recv" = 0
[machine.4]          890 user-u32 "can_recv" = 0
[machine.4]          890 user-u32 "can_recv" = 0
[machine.4]          890 user-u32 "can_recv" = 0
[machine.4]          890 user-u32 "can_recv" = 0
[machine.4]          890 task-resume id=2 reason=scheduler
[machine.4]          890 task-yield id=2 reason=Idle
[machine.4]          900 task-resume id=4 reason=scheduler
[machine.4]          900 task-yield id=4 reason=RtosPortYield
[machine.4]          900 task-resume id=1 reason=scheduler
[machine.4]          900 task-yield id=1 reason=RtosPortYield
[machine.4]          900 user-u32 "can_recv" = 0
[machine.4]          900 user-u32 "can_recv" = 0
[machine.4]          900 user-u32 "can_recv" = 0
[machine.4]          900 user-u32 "can_recv" = 0
[machine.4]          900 user-u32 "can_recv" = 0
[machine.4]          900 user-u32 "can_send" = 0
[machine.4]          900 task-resume id=2 reason=scheduler
[machine.4]          900 task-yield id=2 reason=Idle
[machine.4]          910 task-resume id=1 reason=scheduler
[machine.4]          910 task-yield id=1 reason=RtosPortYield
[machine.4]          910 user-u32 "can_recv" = 0
[machine.4]          910 user-u32 "can_recv" = 0
[machine.4]          910 user-u32 "can_recv" = 0
[machine.4]          910 user-u32 "can_recv" = 0
[machine.4]          910 user-u32 "can_recv" = 0
[machine.4]          910 user-u32 "can_recv" = 0
[machine.4]          910 user-u32 "can_recv" = 0
[machine.4]          910 user-u32 "can_recv" = 0
[machine.4]          910 user-u32 "can_recv" = 0
[machine.4]          910 user-u32 "can_recv" = 0
[machine.4]          910 task-resume id=2 reason=scheduler
[machine.4]          910 task-yield id=2 reason=Idle
[machine.4]          920 task-resume id=1 reason=scheduler
[machine.4]          920 task-yield id=1 reason=RtosPortYield
[machine.4]          920 user-u32 "can_recv" = 0
[machine.4]          920 user-u32 "can_recv" = 0
[machine.4]          920 user-u32 "can_recv" = 0
[machine.4]          920 user-u32 "can_recv" = 0
[machine.4]          920 user-u32 "can_recv" = 0
[machine.4]          920 task-resume id=2 reason=scheduler
[machine.4]          920 task-yield id=2 reason=Idle
[machine.4]          930 task-resume id=1 reason=scheduler
[machine.4]          930 task-yield id=1 reason=RtosPortYield
[machine.4]          930 user-u32 "can_recv" = 0
[machine.4]          930 user-u32 "can_recv" = 0
[machine.4]          930 user-u32 "can_recv" = 0
[machine.4]          930 user-u32 "can_recv" = 0
[machine.4]          930 user-u32 "can_recv" = 0
[machine.4]          930 task-resume id=2 reason=scheduler
[machine.4]          930 task-yield id=2 reason=Idle
[machine.4]          940 task-resume id=1 reason=scheduler
[machine.4]          940 task-yield id=1 reason=RtosPortYield
[machine.4]          940 user-u32 "can_recv" = 0
[machine.4]          940 user-u32 "can_recv" = 0
[machine.4]          940 user-u32 "can_recv" = 0
[machine.4]          940 user-u32 "can_recv" = 0
[machine.4]          940 user-u32 "can_recv" = 0
[machine.4]          940 task-resume id=2 reason=scheduler
[machine.4]          940 task-yield id=2 reason=Idle
[machine.4]          950 task-resume id=4 reason=scheduler
[machine.4]          950 task-yield id=4 reason=RtosPortYield
[machine.4]          950 task-resume id=1 reason=scheduler
[machine.4]          950 task-yield id=1 reason=RtosPortYield
[machine.4]          950 user-u32 "can_recv" = 0
[machine.4]          950 user-u32 "can_recv" = 0
[machine.4]          950 user-u32 "can_recv" = 0
[machine.4]          950 user-u32 "can_recv" = 0
[machine.4]          950 user-u32 "can_recv" = 0
[machine.4]          950 task-resume id=2 reason=scheduler
[machine.4]          950 task-yield id=2 reason=Idle
[machine.4]          960 task-resume id=1 reason=scheduler
[machine.4]          960 task-yield id=1 reason=RtosPortYield
[machine.4]          960 user-u32 "can_recv" = 0
[machine.4]          960 user-u32 "can_recv" = 0
[machine.4]          960 user-u32 "can_recv" = 0
[machine.4]          960 user-u32 "can_recv" = 0
[machine.4]          960 user-u32 "can_recv" = 0
[machine.4]          960 user-u32 "can_recv" = 0
[machine.4]          960 user-u32 "can_recv" = 0
[machine.4]          960 task-resume id=2 reason=scheduler
[machine.4]          960 task-yield id=2 reason=Idle
[machine.4]          970 task-resume id=1 reason=scheduler
[machine.4]          970 task-yield id=1 reason=RtosPortYield
[machine.4]          970 user-u32 "can_recv" = 0
[machine.4]          970 user-u32 "can_recv" = 0
[machine.4]          970 user-u32 "can_recv" = 0
[machine.4]          970 user-u32 "can_recv" = 0
[machine.4]          970 user-u32 "can_recv" = 0
[machine.4]          970 task-resume id=2 reason=scheduler
[machine.4]          970 task-yield id=2 reason=Idle
[machine.4]          980 task-resume id=1 reason=scheduler
[machine.4]          980 task-yield id=1 reason=RtosPortYield
[machine.4]          980 user-u32 "can_recv" = 0
[machine.4]          980 user-u32 "can_recv" = 0
[machine.4]          980 user-u32 "can_recv" = 0
[machine.4]          980 user-u32 "can_recv" = 0
[machine.4]          980 user-u32 "can_recv" = 0
[machine.4]          980 task-resume id=2 reason=scheduler
[machine.4]          980 task-yield id=2 reason=Idle
[machine.4]          990 task-resume id=1 reason=scheduler
[machine.4]          990 task-yield id=1 reason=RtosPortYield
[machine.4]          990 user-u32 "can_recv" = 0
[machine.4]          990 user-u32 "can_recv" = 0
[machine.4]          990 user-u32 "can_recv" = 0
[machine.4]          990 user-u32 "can_recv" = 0
[machine.4]          990 user-u32 "can_recv" = 0
[machine.4]          990 task-resume id=2 reason=scheduler
[machine.4]          990 task-yield id=2 reason=Idle
[machine.4]         1000 task-resume id=4 reason=scheduler
[machine.4]         1000 task-yield id=4 reason=RtosPortYield
[machine.4]         1000 user-u32 "display_update" = 0
[machine.4]         1000 task-resume id=1 reason=scheduler
[machine.4]         1000 task-yield id=1 reason=RtosPortYield
[machine.4]         1000 user-u32 "can_recv" = 0
[machine.4]         1000 user-u32 "can_recv" = 0
[machine.4]         1000 user-u32 "can_recv" = 0
[machine.4]         1000 user-u32 "can_recv" = 0
[machine.4]         1000 user-u32 "can_recv" = 0
[machine.4]         1000 user-u32 "can_send" = 0
[machine.4]         1000 task-resume id=2 reason=scheduler
[machine.4]         1000 task-yield id=2 reason=Idle
[machine.4]         1010 task-resume id=1 reason=scheduler
[machine.4]         1010 task-yield id=1 reason=RtosPortYield
[machine.4]         1010 user-u32 "can_recv" = 0
[machine.4]         1010 user-u32 "can_recv" = 0
[machine.4]         1010 user-u32 "can_recv" = 0
[machine.4]         1010 user-u32 "can_recv" = 0
[machine.4]         1010 user-u32 "can_recv" = 0
[machine.4]         1010 user-u32 "can_recv" = 0
[machine.4]         1010 user-u32 "can_recv" = 0
[machine.4]         1010 user-u32 "can_recv" = 0
[machine.4]         1010 user-u32 "can_recv" = 0
[machine.4]         1010 user-u32 "can_recv" = 0
[machine.4]         1010 task-resume id=2 reason=scheduler
[machine.4]         1010 task-yield id=2 reason=Idle
[machine.4]         1020 task-resume id=1 reason=scheduler
[machine.4]         1020 task-yield id=1 reason=RtosPortYield
[machine.4]         1020 user-u32 "can_recv" = 0
[machine.4]         1020 user-u32 "can_recv" = 0
[machine.4]         1020 user-u32 "can_recv" = 0
[machine.4]         1020 user-u32 "can_recv" = 0
[machine.4]         1020 user-u32 "can_recv" = 0
[machine.4]         1020 task-resume id=2 reason=scheduler
[machine.4]         1020 task-yield id=2 reason=Idle
[machine.4]         1030 task-resume id=1 reason=scheduler
[machine.4]         1030 task-yield id=1 reason=RtosPortYield
[machine.4]         1030 user-u32 "can_recv" = 0
[machine.4]         1030 user-u32 "can_recv" = 0
[machine.4]         1030 user-u32 "can_recv" = 0
[machine.4]         1030 user-u32 "can_recv" = 0
[machine.4]         1030 user-u32 "can_recv" = 0
[machine.4]         1030 task-resume id=2 reason=scheduler
[machine.4]         1030 task-yield id=2 reason=Idle
[machine.4]         1040 task-resume id=1 reason=scheduler
[machine.4]         1040 task-yield id=1 reason=RtosPortYield
[machine.4]         1040 user-u32 "can_recv" = 0
[machine.4]         1040 user-u32 "can_recv" = 0
[machine.4]         1040 user-u32 "can_recv" = 0
[machine.4]         1040 user-u32 "can_recv" = 0
[machine.4]         1040 user-u32 "can_recv" = 0
[machine.4]         1040 task-resume id=2 reason=scheduler
[machine.4]         1040 task-yield id=2 reason=Idle
[machine.4]         1050 task-resume id=4 reason=scheduler
[machine.4]         1050 task-yield id=4 reason=RtosPortYield
[machine.4]         1050 task-resume id=1 reason=scheduler
[machine.4]         1050 task-yield id=1 reason=RtosPortYield
[machine.4]         1050 user-u32 "can_recv" = 0
[machine.4]         1050 user-u32 "can_recv" = 0
[machine.4]         1050 user-u32 "can_recv" = 0
[machine.4]         1050 user-u32 "can_recv" = 0
[machine.4]         1050 user-u32 "can_recv" = 0
[machine.4]         1050 task-resume id=2 reason=scheduler
[machine.4]         1050 task-yield id=2 reason=Idle
[machine.4]         1060 task-resume id=1 reason=scheduler
[machine.4]         1060 task-yield id=1 reason=RtosPortYield
[machine.4]         1060 user-u32 "can_recv" = 0
[machine.4]         1060 user-u32 "can_recv" = 0
[machine.4]         1060 user-u32 "can_recv" = 0
[machine.4]         1060 user-u32 "can_recv" = 0
[machine.4]         1060 user-u32 "can_recv" = 0
[machine.4]         1060 user-u32 "can_recv" = 0
[machine.4]         1060 user-u32 "can_recv" = 0
[machine.4]         1060 task-resume id=2 reason=scheduler
[machine.4]         1060 task-yield id=2 reason=Idle
[machine.4]         1070 task-resume id=1 reason=scheduler
[machine.4]         1070 task-yield id=1 reason=RtosPortYield
[machine.4]         1070 user-u32 "can_recv" = 0
[machine.4]         1070 user-u32 "can_recv" = 0
[machine.4]         1070 user-u32 "can_recv" = 0
[machine.4]         1070 user-u32 "can_recv" = 0
[machine.4]         1070 user-u32 "can_recv" = 0
[machine.4]         1070 task-resume id=2 reason=scheduler
[machine.4]         1070 task-yield id=2 reason=Idle
[machine.4]         1080 task-resume id=1 reason=scheduler
[machine.4]         1080 task-yield id=1 reason=RtosPortYield
[machine.4]         1080 user-u32 "can_recv" = 0
[machine.4]         1080 user-u32 "can_recv" = 0
[machine.4]         1080 user-u32 "can_recv" = 0
[machine.4]         1080 user-u32 "can_recv" = 0
[machine.4]         1080 user-u32 "can_recv" = 0
[machine.4]         1080 task-resume id=2 reason=scheduler
[machine.4]         1080 task-yield id=2 reason=Idle
[machine.4]         1090 task-resume id=1 reason=scheduler
[machine.4]         1090 task-yield id=1 reason=RtosPortYield
[machine.4]         1090 user-u32 "can_recv" = 0
[machine.4]         1090 user-u32 "can_recv" = 0
[machine.4]         1090 user-u32 "can_recv" = 0
[machine.4]         1090 user-u32 "can_recv" = 0
[machine.4]         1090 user-u32 "can_recv" = 0
[machine.4]         1090 task-resume id=2 reason=scheduler
[machine.4]         1090 task-yield id=2 reason=Idle
[machine.4]         1100 task-resume id=4 reason=scheduler
[machine.4]         1100 task-yield id=4 reason=RtosPortYield
[machine.4]         1100 task-resume id=1 reason=scheduler
[machine.4]         1100 task-yield id=1 reason=RtosPortYield
[machine.4]         1100 user-u32 "can_recv" = 0
[machine.4]         1100 user-u32 "can_recv" = 0
[machine.4]         1100 user-u32 "can_recv" = 0
[machine.4]         1100 user-u32 "can_recv" = 0
[machine.4]         1100 user-u32 "can_recv" = 0
[machine.4]         1100 user-u32 "can_send" = 0
[machine.4]         1100 task-resume id=2 reason=scheduler
[machine.4]         1100 task-yield id=2 reason=Idle
[machine.4]         1110 task-resume id=1 reason=scheduler
[machine.4]         1110 task-yield id=1 reason=RtosPortYield
[machine.4]         1110 user-u32 "can_recv" = 0
[machine.4]         1110 user-u32 "can_recv" = 0
[machine.4]         1110 user-u32 "can_recv" = 0
[machine.4]         1110 user-u32 "can_recv" = 0
[machine.4]         1110 user-u32 "can_recv" = 0
[machine.4]         1110 user-u32 "can_recv" = 0
[machine.4]         1110 user-u32 "can_recv" = 0
[machine.4]         1110 user-u32 "can_recv" = 0
[machine.4]         1110 user-u32 "can_recv" = 0
[machine.4]         1110 user-u32 "can_recv" = 0
[machine.4]         1110 task-resume id=2 reason=scheduler
[machine.4]         1110 task-yield id=2 reason=Idle
[machine.4]         1120 task-resume id=1 reason=scheduler
[machine.4]         1120 task-yield id=1 reason=RtosPortYield
[machine.4]         1120 user-u32 "can_recv" = 0
[machine.4]         1120 user-u32 "can_recv" = 0
[machine.4]         1120 user-u32 "can_recv" = 0
[machine.4]         1120 user-u32 "can_recv" = 0
[machine.4]         1120 user-u32 "can_recv" = 0
[machine.4]         1120 task-resume id=2 reason=scheduler
[machine.4]         1120 task-yield id=2 reason=Idle
[machine.4]         1130 task-resume id=1 reason=scheduler
[machine.4]         1130 task-yield id=1 reason=RtosPortYield
[machine.4]         1130 user-u32 "can_recv" = 0
[machine.4]         1130 user-u32 "can_recv" = 0
[machine.4]         1130 user-u32 "can_recv" = 0
[machine.4]         1130 user-u32 "can_recv" = 0
[machine.4]         1130 user-u32 "can_recv" = 0
[machine.4]         1130 task-resume id=2 reason=scheduler
[machine.4]         1130 task-yield id=2 reason=Idle
[machine.4]         1140 task-resume id=1 reason=scheduler
[machine.4]         1140 task-yield id=1 reason=RtosPortYield
[machine.4]         1140 user-u32 "can_recv" = 0
[machine.4]         1140 user-u32 "can_recv" = 0
[machine.4]         1140 user-u32 "can_recv" = 0
[machine.4]         1140 user-u32 "can_recv" = 0
[machine.4]         1140 user-u32 "can_recv" = 0
[machine.4]         1140 task-resume id=2 reason=scheduler
[machine.4]         1140 task-yield id=2 reason=Idle
[machine.4]         1150 task-resume id=4 reason=scheduler
[machine.4]         1150 task-yield id=4 reason=RtosPortYield
[machine.4]         1150 task-resume id=1 reason=scheduler
[machine.4]         1150 task-yield id=1 reason=RtosPortYield
[machine.4]         1150 user-u32 "can_recv" = 0
[machine.4]         1150 user-u32 "can_recv" = 0
[machine.4]         1150 user-u32 "can_recv" = 0
[machine.4]         1150 user-u32 "can_recv" = 0
[machine.4]         1150 user-u32 "can_recv" = 0
[machine.4]         1150 task-resume id=2 reason=scheduler
[machine.4]         1150 task-yield id=2 reason=Idle
[machine.4]         1160 task-resume id=1 reason=scheduler
[machine.4]         1160 task-yield id=1 reason=RtosPortYield
[machine.4]         1160 user-u32 "can_recv" = 0
[machine.4]         1160 user-u32 "can_recv" = 0
[machine.4]         1160 user-u32 "can_recv" = 0
[machine.4]         1160 user-u32 "can_recv" = 0
[machine.4]         1160 user-u32 "can_recv" = 0
[machine.4]         1160 user-u32 "can_recv" = 0
[machine.4]         1160 user-u32 "can_recv" = 0
[machine.4]         1160 task-resume id=2 reason=scheduler
[machine.4]         1160 task-yield id=2 reason=Idle
[machine.4]         1170 task-resume id=1 reason=scheduler
[machine.4]         1170 task-yield id=1 reason=RtosPortYield
[machine.4]         1170 user-u32 "can_recv" = 0
[machine.4]         1170 user-u32 "can_recv" = 0
[machine.4]         1170 user-u32 "can_recv" = 0
[machine.4]         1170 user-u32 "can_recv" = 0
[machine.4]         1170 user-u32 "can_recv" = 0
[machine.4]         1170 task-resume id=2 reason=scheduler
[machine.4]         1170 task-yield id=2 reason=Idle
[machine.4]         1180 task-resume id=1 reason=scheduler
[machine.4]         1180 task-yield id=1 reason=RtosPortYield
[machine.4]         1180 user-u32 "can_recv" = 0
[machine.4]         1180 user-u32 "can_recv" = 0
[machine.4]         1180 user-u32 "can_recv" = 0
[machine.4]         1180 user-u32 "can_recv" = 0
[machine.4]         1180 user-u32 "can_recv" = 0
[machine.4]         1180 task-resume id=2 reason=scheduler
[machine.4]         1180 task-yield id=2 reason=Idle
[machine.4]         1190 task-resume id=1 reason=scheduler
[machine.4]         1190 task-yield id=1 reason=RtosPortYield
[machine.4]         1190 user-u32 "can_recv" = 0
[machine.4]         1190 user-u32 "can_recv" = 0
[machine.4]         1190 user-u32 "can_recv" = 0
[machine.4]         1190 user-u32 "can_recv" = 0
[machine.4]         1190 user-u32 "can_recv" = 0
[machine.4]         1190 task-resume id=2 reason=scheduler
[machine.4]         1190 task-yield id=2 reason=Idle
[machine.4]         1200 task-resume id=4 reason=scheduler
[machine.4]         1200 task-yield id=4 reason=RtosPortYield
[machine.4]         1200 task-resume id=1 reason=scheduler
[machine.4]         1200 task-yield id=1 reason=RtosPortYield
[machine.4]         1200 user-u32 "can_recv" = 0
[machine.4]         1200 user-u32 "can_recv" = 0
[machine.4]         1200 user-u32 "can_recv" = 0
[machine.4]         1200 user-u32 "can_recv" = 0
[machine.4]         1200 user-u32 "can_recv" = 0
[machine.4]         1200 user-u32 "can_send" = 0
[machine.4]         1200 task-resume id=2 reason=scheduler
[machine.4]         1200 task-yield id=2 reason=Idle
[machine.4]         1210 task-resume id=1 reason=scheduler
[machine.4]         1210 task-yield id=1 reason=RtosPortYield
[machine.4]         1210 user-u32 "can_recv" = 0
[machine.4]         1210 user-u32 "can_recv" = 0
[machine.4]         1210 user-u32 "can_recv" = 0
[machine.4]         1210 user-u32 "can_recv" = 0
[machine.4]         1210 user-u32 "can_recv" = 0
[machine.4]         1210 user-u32 "can_recv" = 0
[machine.4]         1210 user-u32 "can_recv" = 0
[machine.4]         1210 user-u32 "can_recv" = 0
[machine.4]         1210 user-u32 "can_recv" = 0
[machine.4]         1210 user-u32 "can_recv" = 0
[machine.4]         1210 task-resume id=2 reason=scheduler
[machine.4]         1210 task-yield id=2 reason=Idle
[machine.4]         1220 task-resume id=1 reason=scheduler
[machine.4]         1220 task-yield id=1 reason=RtosPortYield
[machine.4]         1220 user-u32 "can_recv" = 0
[machine.4]         1220 user-u32 "can_recv" = 0
[machine.4]         1220 user-u32 "can_recv" = 0
[machine.4]         1220 user-u32 "can_recv" = 0
[machine.4]         1220 user-u32 "can_recv" = 0
[machine.4]         1220 task-resume id=2 reason=scheduler
[machine.4]         1220 task-yield id=2 reason=Idle
[machine.4]         1230 task-resume id=1 reason=scheduler
[machine.4]         1230 task-yield id=1 reason=RtosPortYield
[machine.4]         1230 user-u32 "can_recv" = 0
[machine.4]         1230 user-u32 "can_recv" = 0
[machine.4]         1230 user-u32 "can_recv" = 0
[machine.4]         1230 user-u32 "can_recv" = 0
[machine.4]         1230 user-u32 "can_recv" = 0
[machine.4]         1230 task-resume id=2 reason=scheduler
[machine.4]         1230 task-yield id=2 reason=Idle
[machine.4]         1240 task-resume id=1 reason=scheduler
[machine.4]         1240 task-yield id=1 reason=RtosPortYield
[machine.4]         1240 user-u32 "can_recv" = 0
[machine.4]         1240 user-u32 "can_recv" = 0
[machine.4]         1240 user-u32 "can_recv" = 0
[machine.4]         1240 user-u32 "can_recv" = 0
[machine.4]         1240 user-u32 "can_recv" = 0
[machine.4]         1240 task-resume id=2 reason=scheduler
[machine.4]         1240 task-yield id=2 reason=Idle
[machine.4]         1250 task-resume id=4 reason=scheduler
[machine.4]         1250 task-yield id=4 reason=RtosPortYield
[machine.4]         1250 task-resume id=1 reason=scheduler
[machine.4]         1250 task-yield id=1 reason=RtosPortYield
[machine.4]         1250 user-u32 "can_recv" = 0
[machine.4]         1250 user-u32 "can_recv" = 0
[machine.4]         1250 user-u32 "can_recv" = 0
[machine.4]         1250 user-u32 "can_recv" = 0
[machine.4]         1250 user-u32 "can_recv" = 0
[machine.4]         1250 task-resume id=2 reason=scheduler
[machine.4]         1250 task-yield id=2 reason=Idle
[machine.4]         1260 task-resume id=1 reason=scheduler
[machine.4]         1260 task-yield id=1 reason=RtosPortYield
[machine.4]         1260 user-u32 "can_recv" = 0
[machine.4]         1260 user-u32 "can_recv" = 0
[machine.4]         1260 user-u32 "can_recv" = 0
[machine.4]         1260 user-u32 "can_recv" = 0
[machine.4]         1260 user-u32 "can_recv" = 0
[machine.4]         1260 user-u32 "can_recv" = 0
[machine.4]         1260 user-u32 "can_recv" = 0
[machine.4]         1260 task-resume id=2 reason=scheduler
[machine.4]         1260 task-yield id=2 reason=Idle
[machine.4]         1270 task-resume id=1 reason=scheduler
[machine.4]         1270 task-yield id=1 reason=RtosPortYield
[machine.4]         1270 user-u32 "can_recv" = 0
[machine.4]         1270 user-u32 "can_recv" = 0
[machine.4]         1270 user-u32 "can_recv" = 0
[machine.4]         1270 user-u32 "can_recv" = 0
[machine.4]         1270 user-u32 "can_recv" = 0
[machine.4]         1270 task-resume id=2 reason=scheduler
[machine.4]         1270 task-yield id=2 reason=Idle
[machine.4]         1280 task-resume id=1 reason=scheduler
[machine.4]         1280 task-yield id=1 reason=RtosPortYield
[machine.4]         1280 user-u32 "can_recv" = 0
[machine.4]         1280 user-u32 "can_recv" = 0
[machine.4]         1280 user-u32 "can_recv" = 0
[machine.4]         1280 user-u32 "can_recv" = 0
[machine.4]         1280 user-u32 "can_recv" = 0
[machine.4]         1280 task-resume id=2 reason=scheduler
[machine.4]         1280 task-yield id=2 reason=Idle
[machine.4]         1290 task-resume id=1 reason=scheduler
[machine.4]         1290 task-yield id=1 reason=RtosPortYield
[machine.4]         1290 user-u32 "can_recv" = 0
[machine.4]         1290 user-u32 "can_recv" = 0
[machine.4]         1290 user-u32 "can_recv" = 0
[machine.4]         1290 user-u32 "can_recv" = 0
[machine.4]         1290 user-u32 "can_recv" = 0
[machine.4]         1290 task-resume id=2 reason=scheduler
[machine.4]         1290 task-yield id=2 reason=Idle
[machine.4]         1300 task-resume id=4 reason=scheduler
[machine.4]         1300 task-yield id=4 reason=RtosPortYield
[machine.4]         1300 task-resume id=1 reason=scheduler
[machine.4]         1300 task-yield id=1 reason=RtosPortYield
[machine.4]         1300 user-u32 "can_recv" = 0
[machine.4]         1300 user-u32 "can_recv" = 0
[machine.4]         1300 user-u32 "can_recv" = 0
[machine.4]         1300 user-u32 "can_recv" = 0
[machine.4]         1300 user-u32 "can_recv" = 0
[machine.4]         1300 user-u32 "can_send" = 0
[machine.4]         1300 task-resume id=2 reason=scheduler
[machine.4]         1300 task-yield id=2 reason=Idle
[machine.4]         1310 task-resume id=1 reason=scheduler
[machine.4]         1310 task-yield id=1 reason=RtosPortYield
[machine.4]         1310 user-u32 "can_recv" = 0
[machine.4]         1310 user-u32 "can_recv" = 0
[machine.4]         1310 user-u32 "can_recv" = 0
[machine.4]         1310 user-u32 "can_recv" = 0
[machine.4]         1310 user-u32 "can_recv" = 0
[machine.4]         1310 user-u32 "can_recv" = 0
[machine.4]         1310 user-u32 "can_recv" = 0
[machine.4]         1310 user-u32 "can_recv" = 0
[machine.4]         1310 user-u32 "can_recv" = 0
[machine.4]         1310 user-u32 "can_recv" = 0
[machine.4]         1310 task-resume id=2 reason=scheduler
[machine.4]         1310 task-yield id=2 reason=Idle
[machine.4]         1320 task-resume id=1 reason=scheduler
[machine.4]         1320 task-yield id=1 reason=RtosPortYield
[machine.4]         1320 user-u32 "can_recv" = 0
[machine.4]         1320 user-u32 "can_recv" = 0
[machine.4]         1320 user-u32 "can_recv" = 0
[machine.4]         1320 user-u32 "can_recv" = 0
[machine.4]         1320 user-u32 "can_recv" = 0
[machine.4]         1320 task-resume id=2 reason=scheduler
[machine.4]         1320 task-yield id=2 reason=Idle
[machine.4]         1330 task-resume id=1 reason=scheduler
[machine.4]         1330 task-yield id=1 reason=RtosPortYield
[machine.4]         1330 user-u32 "can_recv" = 0
[machine.4]         1330 user-u32 "can_recv" = 0
[machine.4]         1330 user-u32 "can_recv" = 0
[machine.4]         1330 user-u32 "can_recv" = 0
[machine.4]         1330 user-u32 "can_recv" = 0
[machine.4]         1330 task-resume id=2 reason=scheduler
[machine.4]         1330 task-yield id=2 reason=Idle
[machine.4]         1340 task-resume id=1 reason=scheduler
[machine.4]         1340 task-yield id=1 reason=RtosPortYield
[machine.4]         1340 user-u32 "can_recv" = 0
[machine.4]         1340 user-u32 "can_recv" = 0
[machine.4]         1340 user-u32 "can_recv" = 0
[machine.4]         1340 user-u32 "can_recv" = 0
[machine.4]         1340 user-u32 "can_recv" = 0
[machine.4]         1340 task-resume id=2 reason=scheduler
[machine.4]         1340 task-yield id=2 reason=Idle
[machine.4]         1350 task-resume id=4 reason=scheduler
[machine.4]         1350 task-yield id=4 reason=RtosPortYield
[machine.4]         1350 task-resume id=1 reason=scheduler
[machine.4]         1350 task-yield id=1 reason=RtosPortYield
[machine.4]         1350 user-u32 "can_recv" = 0
[machine.4]         1350 user-u32 "can_recv" = 0
[machine.4]         1350 user-u32 "can_recv" = 0
[machine.4]         1350 user-u32 "can_recv" = 0
[machine.4]         1350 user-u32 "can_recv" = 0
[machine.4]         1350 task-resume id=2 reason=scheduler
[machine.4]         1350 task-yield id=2 reason=Idle
[machine.4]         1360 task-resume id=1 reason=scheduler
[machine.4]         1360 task-yield id=1 reason=RtosPortYield
[machine.4]         1360 user-u32 "can_recv" = 0
[machine.4]         1360 user-u32 "can_recv" = 0
[machine.4]         1360 user-u32 "can_recv" = 0
[machine.4]         1360 user-u32 "can_recv" = 0
[machine.4]         1360 user-u32 "can_recv" = 0
[machine.4]         1360 user-u32 "can_recv" = 0
[machine.4]         1360 user-u32 "can_recv" = 0
[machine.4]         1360 task-resume id=2 reason=scheduler
[machine.4]         1360 task-yield id=2 reason=Idle
[machine.4]         1370 task-resume id=1 reason=scheduler
[machine.4]         1370 task-yield id=1 reason=RtosPortYield
[machine.4]         1370 user-u32 "can_recv" = 0
[machine.4]         1370 user-u32 "can_recv" = 0
[machine.4]         1370 user-u32 "can_recv" = 0
[machine.4]         1370 user-u32 "can_recv" = 0
[machine.4]         1370 user-u32 "can_recv" = 0
[machine.4]         1370 task-resume id=2 reason=scheduler
[machine.4]         1370 task-yield id=2 reason=Idle
[machine.4]         1380 task-resume id=1 reason=scheduler
[machine.4]         1380 task-yield id=1 reason=RtosPortYield
[machine.4]         1380 user-u32 "can_recv" = 0
[machine.4]         1380 user-u32 "can_recv" = 0
[machine.4]         1380 user-u32 "can_recv" = 0
[machine.4]         1380 user-u32 "can_recv" = 0
[machine.4]         1380 user-u32 "can_recv" = 0
[machine.4]         1380 task-resume id=2 reason=scheduler
[machine.4]         1380 task-yield id=2 reason=Idle
[machine.4]         1390 task-resume id=1 reason=scheduler
[machine.4]         1390 task-yield id=1 reason=RtosPortYield
[machine.4]         1390 user-u32 "can_recv" = 0
[machine.4]         1390 user-u32 "can_recv" = 0
[machine.4]         1390 user-u32 "can_recv" = 0
[machine.4]         1390 user-u32 "can_recv" = 0
[machine.4]         1390 user-u32 "can_recv" = 0
[machine.4]         1390 task-resume id=2 reason=scheduler
[machine.4]         1390 task-yield id=2 reason=Idle
[machine.4]         1400 task-resume id=4 reason=scheduler
[machine.4]         1400 task-yield id=4 reason=RtosPortYield
[machine.4]         1400 task-resume id=1 reason=scheduler
[machine.4]         1400 task-yield id=1 reason=RtosPortYield
[machine.4]         1400 user-u32 "can_recv" = 0
[machine.4]         1400 user-u32 "can_recv" = 0
[machine.4]         1400 user-u32 "can_recv" = 0
[machine.4]         1400 user-u32 "can_recv" = 0
[machine.4]         1400 user-u32 "can_recv" = 0
[machine.4]         1400 user-u32 "can_send" = 0
[machine.4]         1400 task-resume id=2 reason=scheduler
[machine.4]         1400 task-yield id=2 reason=Idle
[machine.4]         1410 task-resume id=1 reason=scheduler
[machine.4]         1410 task-yield id=1 reason=RtosPortYield
[machine.4]         1410 user-u32 "can_recv" = 0
[machine.4]         1410 user-u32 "can_recv" = 0
[machine.4]         1410 user-u32 "can_recv" = 0
[machine.4]         1410 user-u32 "can_recv" = 0
[machine.4]         1410 user-u32 "can_recv" = 0
[machine.4]         1410 user-u32 "can_recv" = 0
[machine.4]         1410 user-u32 "can_recv" = 0
[machine.4]         1410 user-u32 "can_recv" = 0
[machine.4]         1410 user-u32 "can_recv" = 0
[machine.4]         1410 user-u32 "can_recv" = 0
[machine.4]         1410 task-resume id=2 reason=scheduler
[machine.4]         1410 task-yield id=2 reason=Idle
[machine.4]         1420 task-resume id=1 reason=scheduler
[machine.4]         1420 task-yield id=1 reason=RtosPortYield
[machine.4]         1420 user-u32 "can_recv" = 0
[machine.4]         1420 user-u32 "can_recv" = 0
[machine.4]         1420 user-u32 "can_recv" = 0
[machine.4]         1420 user-u32 "can_recv" = 0
[machine.4]         1420 user-u32 "can_recv" = 0
[machine.4]         1420 task-resume id=2 reason=scheduler
[machine.4]         1420 task-yield id=2 reason=Idle
[machine.4]         1430 task-resume id=1 reason=scheduler
[machine.4]         1430 task-yield id=1 reason=RtosPortYield
[machine.4]         1430 user-u32 "can_recv" = 0
[machine.4]         1430 user-u32 "can_recv" = 0
[machine.4]         1430 user-u32 "can_recv" = 0
[machine.4]         1430 user-u32 "can_recv" = 0
[machine.4]         1430 user-u32 "can_recv" = 0
[machine.4]         1430 task-resume id=2 reason=scheduler
[machine.4]         1430 task-yield id=2 reason=Idle
[machine.4]         1440 task-resume id=1 reason=scheduler
[machine.4]         1440 task-yield id=1 reason=RtosPortYield
[machine.4]         1440 user-u32 "can_recv" = 0
[machine.4]         1440 user-u32 "can_recv" = 0
[machine.4]         1440 user-u32 "can_recv" = 0
[machine.4]         1440 user-u32 "can_recv" = 0
[machine.4]         1440 user-u32 "can_recv" = 0
[machine.4]         1440 task-resume id=2 reason=scheduler
[machine.4]         1440 task-yield id=2 reason=Idle
[machine.4]         1450 task-resume id=4 reason=scheduler
[machine.4]         1450 task-yield id=4 reason=RtosPortYield
[machine.4]         1450 task-resume id=1 reason=scheduler
[machine.4]         1450 task-yield id=1 reason=RtosPortYield
[machine.4]         1450 user-u32 "can_recv" = 0
[machine.4]         1450 user-u32 "can_recv" = 0
[machine.4]         1450 user-u32 "can_recv" = 0
[machine.4]         1450 user-u32 "can_recv" = 0
[machine.4]         1450 user-u32 "can_recv" = 0
[machine.4]         1450 task-resume id=2 reason=scheduler
[machine.4]         1450 task-yield id=2 reason=Idle
[machine.4]         1460 task-resume id=1 reason=scheduler
[machine.4]         1460 task-yield id=1 reason=RtosPortYield
[machine.4]         1460 user-u32 "can_recv" = 0
[machine.4]         1460 user-u32 "can_recv" = 0
[machine.4]         1460 user-u32 "can_recv" = 0
[machine.4]         1460 user-u32 "can_recv" = 0
[machine.4]         1460 user-u32 "can_recv" = 0
[machine.4]         1460 user-u32 "can_recv" = 0
[machine.4]         1460 user-u32 "can_recv" = 0
[machine.4]         1460 task-resume id=2 reason=scheduler
[machine.4]         1460 task-yield id=2 reason=Idle
[machine.4]         1470 task-resume id=1 reason=scheduler
[machine.4]         1470 task-yield id=1 reason=RtosPortYield
[machine.4]         1470 user-u32 "can_recv" = 0
[machine.4]         1470 user-u32 "can_recv" = 0
[machine.4]         1470 user-u32 "can_recv" = 0
[machine.4]         1470 user-u32 "can_recv" = 0
[machine.4]         1470 user-u32 "can_recv" = 0
[machine.4]         1470 task-resume id=2 reason=scheduler
[machine.4]         1470 task-yield id=2 reason=Idle
[machine.4]         1480 task-resume id=1 reason=scheduler
[machine.4]         1480 task-yield id=1 reason=RtosPortYield
[machine.4]         1480 user-u32 "can_recv" = 0
[machine.4]         1480 user-u32 "can_recv" = 0
[machine.4]         1480 user-u32 "can_recv" = 0
[machine.4]         1480 user-u32 "can_recv" = 0
[machine.4]         1480 user-u32 "can_recv" = 0
[machine.4]         1480 task-resume id=2 reason=scheduler
[machine.4]         1480 task-yield id=2 reason=Idle
[machine.4]         1490 task-resume id=1 reason=scheduler
[machine.4]         1490 task-yield id=1 reason=RtosPortYield
[machine.4]         1490 user-u32 "can_recv" = 0
[machine.4]         1490 user-u32 "can_recv" = 0
[machine.4]         1490 user-u32 "can_recv" = 0
[machine.4]         1490 user-u32 "can_recv" = 0
[machine.4]         1490 user-u32 "can_recv" = 0
[machine.4]         1490 task-resume id=2 reason=scheduler
[machine.4]         1490 task-yield id=2 reason=Idle
[machine.4]         1500 task-resume id=4 reason=scheduler
[machine.4]         1500 task-yield id=4 reason=RtosPortYield
[machine.4]         1500 user-u32 "display_update" = 0
[machine.4]         1500 task-resume id=1 reason=scheduler
[machine.4]         1500 task-yield id=1 reason=RtosPortYield
[machine.4]         1500 user-u32 "can_recv" = 0
[machine.4]         1500 user-u32 "can_recv" = 0
[machine.4]         1500 user-u32 "can_recv" = 0
[machine.4]         1500 user-u32 "can_recv" = 0
[machine.4]         1500 user-u32 "can_recv" = 0
[machine.4]         1500 user-u32 "can_send" = 0
[machine.4]         1500 task-resume id=2 reason=scheduler
[machine.4]         1500 task-yield id=2 reason=Idle
[machine.4]         1510 task-resume id=1 reason=scheduler
[machine.4]         1510 task-yield id=1 reason=RtosPortYield
[machine.4]         1510 user-u32 "can_recv" = 0
[machine.4]         1510 user-u32 "can_recv" = 0
[machine.4]         1510 user-u32 "can_recv" = 0
[machine.4]         1510 user-u32 "can_recv" = 0
[machine.4]         1510 user-u32 "can_recv" = 0
[machine.4]         1510 user-u32 "can_recv" = 0
[machine.4]         1510 user-u32 "can_recv" = 0
[machine.4]         1510 user-u32 "can_recv" = 0
[machine.4]         1510 task-resume id=2 reason=scheduler
[machine.4]         1510 task-yield id=2 reason=Idle
[machine.4]         1520 task-resume id=1 reason=scheduler
[machine.4]         1520 task-yield id=1 reason=RtosPortYield
[machine.4]         1520 user-u32 "can_recv" = 0
[machine.4]         1520 user-u32 "can_recv" = 0
[machine.4]         1520 user-u32 "can_recv" = 0
[machine.4]         1520 user-u32 "can_recv" = 0
[machine.4]         1520 user-u32 "can_recv" = 0
[machine.4]         1520 task-resume id=2 reason=scheduler
[machine.4]         1520 task-yield id=2 reason=Idle
[machine.4]         1530 task-resume id=1 reason=scheduler
[machine.4]         1530 task-yield id=1 reason=RtosPortYield
[machine.4]         1530 user-u32 "can_recv" = 0
[machine.4]         1530 user-u32 "can_recv" = 0
[machine.4]         1530 user-u32 "can_recv" = 0
[machine.4]         1530 user-u32 "can_recv" = 0
[machine.4]         1530 user-u32 "can_recv" = 0
[machine.4]         1530 task-resume id=2 reason=scheduler
[machine.4]         1530 task-yield id=2 reason=Idle
[machine.4]         1540 task-resume id=1 reason=scheduler
[machine.4]         1540 task-yield id=1 reason=RtosPortYield
[machine.4]         1540 user-u32 "can_recv" = 0
[machine.4]         1540 user-u32 "can_recv" = 0
[machine.4]         1540 user-u32 "can_recv" = 0
[machine.4]         1540 user-u32 "can_recv" = 0
[machine.4]         1540 user-u32 "can_recv" = 0
[machine.4]         1540 task-resume id=2 reason=scheduler
[machine.4]         1540 task-yield id=2 reason=Idle
[machine.4]         1550 task-resume id=4 reason=scheduler
[machine.4]         1550 task-yield id=4 reason=RtosPortYield
[machine.4]         1550 task-resume id=1 reason=scheduler
[machine.4]         1550 task-yield id=1 reason=RtosPortYield
[machine.4]         1550 user-u32 "can_recv" = 0
[machine.4]         1550 user-u32 "can_recv" = 0
[machine.4]         1550 user-u32 "can_recv" = 0
[machine.4]         1550 user-u32 "can_recv" = 0
[machine.4]         1550 user-u32 "can_recv" = 0
[machine.4]         1550 task-resume id=2 reason=scheduler
[machine.4]         1550 task-yield id=2 reason=Idle
[machine.4]         1560 task-resume id=1 reason=scheduler
[machine.4]         1560 task-yield id=1 reason=RtosPortYield
[machine.4]         1560 user-u32 "can_recv" = 0
[machine.4]         1560 user-u32 "can_recv" = 0
[machine.4]         1560 user-u32 "can_recv" = 0
[machine.4]         1560 user-u32 "can_recv" = 0
[machine.4]         1560 user-u32 "can_recv" = 0
[machine.4]         1560 user-u32 "can_recv" = 0
[machine.4]         1560 task-resume id=2 reason=scheduler
[machine.4]         1560 task-yield id=2 reason=Idle
[machine.4]         1570 task-resume id=1 reason=scheduler
[machine.4]         1570 task-yield id=1 reason=RtosPortYield
[machine.4]         1570 user-u32 "can_recv" = 0
[machine.4]         1570 user-u32 "can_recv" = 0
[machine.4]         1570 user-u32 "can_recv" = 0
[machine.4]         1570 user-u32 "can_recv" = 0
[machine.4]         1570 user-u32 "can_recv" = 0
[machine.4]         1570 task-resume id=2 reason=scheduler
[machine.4]         1570 task-yield id=2 reason=Idle
[machine.4]         1580 task-resume id=1 reason=scheduler
[machine.4]         1580 task-yield id=1 reason=RtosPortYield
[machine.4]         1580 user-u32 "can_recv" = 0
[machine.4]         1580 user-u32 "can_recv" = 0
[machine.4]         1580 user-u32 "can_recv" = 0
[machine.4]         1580 user-u32 "can_recv" = 0
[machine.4]         1580 user-u32 "can_recv" = 0
[machine.4]         1580 task-resume id=2 reason=scheduler
[machine.4]         1580 task-yield id=2 reason=Idle
[machine.4]         1590 task-resume id=1 reason=scheduler
[machine.4]         1590 task-yield id=1 reason=RtosPortYield
[machine.4]         1590 user-u32 "can_recv" = 0
[machine.4]         1590 user-u32 "can_recv" = 0
[machine.4]         1590 user-u32 "can_recv" = 0
[machine.4]         1590 user-u32 "can_recv" = 0
[machine.4]         1590 user-u32 "can_recv" = 0
[machine.4]         1590 task-resume id=2 reason=scheduler
[machine.4]         1590 task-yield id=2 reason=Idle
[machine.4]         1600 task-resume id=4 reason=scheduler
[machine.4]         1600 task-yield id=4 reason=RtosPortYield
[machine.4]         1600 task-resume id=1 reason=scheduler
[machine.4]         1600 task-yield id=1 reason=RtosPortYield
[machine.4]         1600 user-u32 "can_recv" = 0
[machine.4]         1600 user-u32 "can_recv" = 0
[machine.4]         1600 user-u32 "can_recv" = 0
[machine.4]         1600 user-u32 "can_recv" = 0
[machine.4]         1600 user-u32 "can_recv" = 0
[machine.4]         1600 user-u32 "can_send" = 0
[machine.4]         1600 task-resume id=2 reason=scheduler
[machine.4]         1600 task-yield id=2 reason=Idle
[machine.4]         1610 task-resume id=1 reason=scheduler
[machine.4]         1610 task-yield id=1 reason=RtosPortYield
[machine.4]         1610 user-u32 "can_recv" = 0
[machine.4]         1610 user-u32 "can_recv" = 0
[machine.4]         1610 user-u32 "can_recv" = 0
[machine.4]         1610 user-u32 "can_recv" = 0
[machine.4]         1610 user-u32 "can_recv" = 0
[machine.4]         1610 user-u32 "can_recv" = 0
[machine.4]         1610 user-u32 "can_recv" = 0
[machine.4]         1610 user-u32 "can_recv" = 0
[machine.4]         1610 task-resume id=2 reason=scheduler
[machine.4]         1610 task-yield id=2 reason=Idle
[machine.4]         1620 task-resume id=1 reason=scheduler
[machine.4]         1620 task-yield id=1 reason=RtosPortYield
[machine.4]         1620 user-u32 "can_recv" = 0
[machine.4]         1620 user-u32 "can_recv" = 0
[machine.4]         1620 user-u32 "can_recv" = 0
[machine.4]         1620 user-u32 "can_recv" = 0
[machine.4]         1620 user-u32 "can_recv" = 0
[machine.4]         1620 task-resume id=2 reason=scheduler
[machine.4]         1620 task-yield id=2 reason=Idle
[machine.4]         1630 task-resume id=1 reason=scheduler
[machine.4]         1630 task-yield id=1 reason=RtosPortYield
[machine.4]         1630 user-u32 "can_recv" = 0
[machine.4]         1630 user-u32 "can_recv" = 0
[machine.4]         1630 user-u32 "can_recv" = 0
[machine.4]         1630 user-u32 "can_recv" = 0
[machine.4]         1630 user-u32 "can_recv" = 0
[machine.4]         1630 task-resume id=2 reason=scheduler
[machine.4]         1630 task-yield id=2 reason=Idle
[machine.4]         1640 task-resume id=1 reason=scheduler
[machine.4]         1640 task-yield id=1 reason=RtosPortYield
[machine.4]         1640 user-u32 "can_recv" = 0
[machine.4]         1640 user-u32 "can_recv" = 0
[machine.4]         1640 user-u32 "can_recv" = 0
[machine.4]         1640 user-u32 "can_recv" = 0
[machine.4]         1640 user-u32 "can_recv" = 0
[machine.4]         1640 task-resume id=2 reason=scheduler
[machine.4]         1640 task-yield id=2 reason=Idle
[machine.4]         1650 task-resume id=4 reason=scheduler
[machine.4]         1650 task-yield id=4 reason=RtosPortYield
[machine.4]         1650 task-resume id=1 reason=scheduler
[machine.4]         1650 task-yield id=1 reason=RtosPortYield
[machine.4]         1650 user-u32 "can_recv" = 0
[machine.4]         1650 user-u32 "can_recv" = 0
[machine.4]         1650 user-u32 "can_recv" = 0
[machine.4]         1650 user-u32 "can_recv" = 0
[machine.4]         1650 user-u32 "can_recv" = 0
[machine.4]         1650 task-resume id=2 reason=scheduler
[machine.4]         1650 task-yield id=2 reason=Idle
[machine.4]         1660 task-resume id=1 reason=scheduler
[machine.4]         1660 task-yield id=1 reason=RtosPortYield
[machine.4]         1660 user-u32 "can_recv" = 0
[machine.4]         1660 user-u32 "can_recv" = 0
[machine.4]         1660 user-u32 "can_recv" = 0
[machine.4]         1660 user-u32 "can_recv" = 0
[machine.4]         1660 user-u32 "can_recv" = 0
[machine.4]         1660 user-u32 "can_recv" = 0
[machine.4]         1660 task-resume id=2 reason=scheduler
[machine.4]         1660 task-yield id=2 reason=Idle
[machine.4]         1670 task-resume id=1 reason=scheduler
[machine.4]         1670 task-yield id=1 reason=RtosPortYield
[machine.4]         1670 user-u32 "can_recv" = 0
[machine.4]         1670 user-u32 "can_recv" = 0
[machine.4]         1670 user-u32 "can_recv" = 0
[machine.4]         1670 user-u32 "can_recv" = 0
[machine.4]         1670 user-u32 "can_recv" = 0
[machine.4]         1670 task-resume id=2 reason=scheduler
[machine.4]         1670 task-yield id=2 reason=Idle
[machine.4]         1680 task-resume id=1 reason=scheduler
[machine.4]         1680 task-yield id=1 reason=RtosPortYield
[machine.4]         1680 user-u32 "can_recv" = 0
[machine.4]         1680 user-u32 "can_recv" = 0
[machine.4]         1680 user-u32 "can_recv" = 0
[machine.4]         1680 user-u32 "can_recv" = 0
[machine.4]         1680 user-u32 "can_recv" = 0
[machine.4]         1680 task-resume id=2 reason=scheduler
[machine.4]         1680 task-yield id=2 reason=Idle
[machine.4]         1690 task-resume id=1 reason=scheduler
[machine.4]         1690 task-yield id=1 reason=RtosPortYield
[machine.4]         1690 user-u32 "can_recv" = 0
[machine.4]         1690 user-u32 "can_recv" = 0
[machine.4]         1690 user-u32 "can_recv" = 0
[machine.4]         1690 user-u32 "can_recv" = 0
[machine.4]         1690 user-u32 "can_recv" = 0
[machine.4]         1690 task-resume id=2 reason=scheduler
[machine.4]         1690 task-yield id=2 reason=Idle
[machine.4]         1700 task-resume id=4 reason=scheduler
[machine.4]         1700 task-yield id=4 reason=RtosPortYield
[machine.4]         1700 task-resume id=1 reason=scheduler
[machine.4]         1700 task-yield id=1 reason=RtosPortYield
[machine.4]         1700 user-u32 "can_recv" = 0
[machine.4]         1700 user-u32 "can_recv" = 0
[machine.4]         1700 user-u32 "can_recv" = 0
[machine.4]         1700 user-u32 "can_recv" = 0
[machine.4]         1700 user-u32 "can_recv" = 0
[machine.4]         1700 user-u32 "can_send" = 0
[machine.4]         1700 task-resume id=2 reason=scheduler
[machine.4]         1700 task-yield id=2 reason=Idle
[machine.4]         1710 task-resume id=1 reason=scheduler
[machine.4]         1710 task-yield id=1 reason=RtosPortYield
[machine.4]         1710 user-u32 "can_recv" = 0
[machine.4]         1710 user-u32 "can_recv" = 0
[machine.4]         1710 user-u32 "can_recv" = 0
[machine.4]         1710 user-u32 "can_recv" = 0
[machine.4]         1710 user-u32 "can_recv" = 0
[machine.4]         1710 user-u32 "can_recv" = 0
[machine.4]         1710 user-u32 "can_recv" = 0
[machine.4]         1710 user-u32 "can_recv" = 0
[machine.4]         1710 task-resume id=2 reason=scheduler
[machine.4]         1710 task-yield id=2 reason=Idle
[machine.4]         1720 task-resume id=1 reason=scheduler
[machine.4]         1720 task-yield id=1 reason=RtosPortYield
[machine.4]         1720 user-u32 "can_recv" = 0
[machine.4]         1720 user-u32 "can_recv" = 0
[machine.4]         1720 user-u32 "can_recv" = 0
[machine.4]         1720 user-u32 "can_recv" = 0
[machine.4]         1720 user-u32 "can_recv" = 0
[machine.4]         1720 task-resume id=2 reason=scheduler
[machine.4]         1720 task-yield id=2 reason=Idle
[machine.4]         1730 task-resume id=1 reason=scheduler
[machine.4]         1730 task-yield id=1 reason=RtosPortYield
[machine.4]         1730 user-u32 "can_recv" = 0
[machine.4]         1730 user-u32 "can_recv" = 0
[machine.4]         1730 user-u32 "can_recv" = 0
[machine.4]         1730 user-u32 "can_recv" = 0
[machine.4]         1730 user-u32 "can_recv" = 0
[machine.4]         1730 task-resume id=2 reason=scheduler
[machine.4]         1730 task-yield id=2 reason=Idle
[machine.4]         1740 task-resume id=1 reason=scheduler
[machine.4]         1740 task-yield id=1 reason=RtosPortYield
[machine.4]         1740 user-u32 "can_recv" = 0
[machine.4]         1740 user-u32 "can_recv" = 0
[machine.4]         1740 user-u32 "can_recv" = 0
[machine.4]         1740 user-u32 "can_recv" = 0
[machine.4]         1740 user-u32 "can_recv" = 0
[machine.4]         1740 task-resume id=2 reason=scheduler
[machine.4]         1740 task-yield id=2 reason=Idle
[machine.4]         1750 task-resume id=4 reason=scheduler
[machine.4]         1750 task-yield id=4 reason=RtosPortYield
[machine.4]         1750 task-resume id=1 reason=scheduler
[machine.4]         1750 task-yield id=1 reason=RtosPortYield
[machine.4]         1750 user-u32 "can_recv" = 0
[machine.4]         1750 user-u32 "can_recv" = 0
[machine.4]         1750 user-u32 "can_recv" = 0
[machine.4]         1750 user-u32 "can_recv" = 0
[machine.4]         1750 user-u32 "can_recv" = 0
[machine.4]         1750 task-resume id=2 reason=scheduler
[machine.4]         1750 task-yield id=2 reason=Idle
[machine.4]         1760 task-resume id=1 reason=scheduler
[machine.4]         1760 task-yield id=1 reason=RtosPortYield
[machine.4]         1760 user-u32 "can_recv" = 0
[machine.4]         1760 user-u32 "can_recv" = 0
[machine.4]         1760 user-u32 "can_recv" = 0
[machine.4]         1760 user-u32 "can_recv" = 0
[machine.4]         1760 user-u32 "can_recv" = 0
[machine.4]         1760 user-u32 "can_recv" = 0
[machine.4]         1760 task-resume id=2 reason=scheduler
[machine.4]         1760 task-yield id=2 reason=Idle
[machine.4]         1770 task-resume id=1 reason=scheduler
[machine.4]         1770 task-yield id=1 reason=RtosPortYield
[machine.4]         1770 user-u32 "can_recv" = 0
[machine.4]         1770 user-u32 "can_recv" = 0
[machine.4]         1770 user-u32 "can_recv" = 0
[machine.4]         1770 user-u32 "can_recv" = 0
[machine.4]         1770 user-u32 "can_recv" = 0
[machine.4]         1770 task-resume id=2 reason=scheduler
[machine.4]         1770 task-yield id=2 reason=Idle
[machine.4]         1780 task-resume id=1 reason=scheduler
[machine.4]         1780 task-yield id=1 reason=RtosPortYield
[machine.4]         1780 user-u32 "can_recv" = 0
[machine.4]         1780 user-u32 "can_recv" = 0
[machine.4]         1780 user-u32 "can_recv" = 0
[machine.4]         1780 user-u32 "can_recv" = 0
[machine.4]         1780 user-u32 "can_recv" = 0
[machine.4]         1780 task-resume id=2 reason=scheduler
[machine.4]         1780 task-yield id=2 reason=Idle
[machine.4]         1790 task-resume id=1 reason=scheduler
[machine.4]         1790 task-yield id=1 reason=RtosPortYield
[machine.4]         1790 user-u32 "can_recv" = 0
[machine.4]         1790 user-u32 "can_recv" = 0
[machine.4]         1790 user-u32 "can_recv" = 0
[machine.4]         1790 user-u32 "can_recv" = 0
[machine.4]         1790 user-u32 "can_recv" = 0
[machine.4]         1790 task-resume id=2 reason=scheduler
[machine.4]         1790 task-yield id=2 reason=Idle
[machine.4]         1800 task-resume id=4 reason=scheduler
[machine.4]         1800 task-yield id=4 reason=RtosPortYield
[machine.4]         1800 task-resume id=1 reason=scheduler
[machine.4]         1800 task-yield id=1 reason=RtosPortYield
[machine.4]         1800 user-u32 "can_recv" = 0
[machine.4]         1800 user-u32 "can_recv" = 0
[machine.4]         1800 user-u32 "can_recv" = 0
[machine.4]         1800 user-u32 "can_recv" = 0
[machine.4]         1800 user-u32 "can_recv" = 0
[machine.4]         1800 user-u32 "can_send" = 0
[machine.4]         1800 task-resume id=2 reason=scheduler
[machine.4]         1800 task-yield id=2 reason=Idle
[machine.4]         1810 task-resume id=1 reason=scheduler
[machine.4]         1810 task-yield id=1 reason=RtosPortYield
[machine.4]         1810 user-u32 "can_recv" = 0
[machine.4]         1810 user-u32 "can_recv" = 0
[machine.4]         1810 user-u32 "can_recv" = 0
[machine.4]         1810 user-u32 "can_recv" = 0
[machine.4]         1810 user-u32 "can_recv" = 0
[machine.4]         1810 user-u32 "can_recv" = 0
[machine.4]         1810 user-u32 "can_recv" = 0
[machine.4]         1810 user-u32 "can_recv" = 0
[machine.4]         1810 task-resume id=2 reason=scheduler
[machine.4]         1810 task-yield id=2 reason=Idle
[machine.4]         1820 task-resume id=1 reason=scheduler
[machine.4]         1820 task-yield id=1 reason=RtosPortYield
[machine.4]         1820 user-u32 "can_recv" = 0
[machine.4]         1820 user-u32 "can_recv" = 0
[machine.4]         1820 user-u32 "can_recv" = 0
[machine.4]         1820 user-u32 "can_recv" = 0
[machine.4]         1820 user-u32 "can_recv" = 0
[machine.4]         1820 task-resume id=2 reason=scheduler
[machine.4]         1820 task-yield id=2 reason=Idle
[machine.4]         1830 task-resume id=1 reason=scheduler
[machine.4]         1830 task-yield id=1 reason=RtosPortYield
[machine.4]         1830 user-u32 "can_recv" = 0
[machine.4]         1830 user-u32 "can_recv" = 0
[machine.4]         1830 user-u32 "can_recv" = 0
[machine.4]         1830 user-u32 "can_recv" = 0
[machine.4]         1830 user-u32 "can_recv" = 0
[machine.4]         1830 task-resume id=2 reason=scheduler
[machine.4]         1830 task-yield id=2 reason=Idle
[machine.4]         1840 task-resume id=1 reason=scheduler
[machine.4]         1840 task-yield id=1 reason=RtosPortYield
[machine.4]         1840 user-u32 "can_recv" = 0
[machine.4]         1840 user-u32 "can_recv" = 0
[machine.4]         1840 user-u32 "can_recv" = 0
[machine.4]         1840 user-u32 "can_recv" = 0
[machine.4]         1840 user-u32 "can_recv" = 0
[machine.4]         1840 task-resume id=2 reason=scheduler
[machine.4]         1840 task-yield id=2 reason=Idle
[machine.4]         1850 task-resume id=4 reason=scheduler
[machine.4]         1850 task-yield id=4 reason=RtosPortYield
[machine.4]         1850 task-resume id=1 reason=scheduler
[machine.4]         1850 task-yield id=1 reason=RtosPortYield
[machine.4]         1850 user-u32 "can_recv" = 0
[machine.4]         1850 user-u32 "can_recv" = 0
[machine.4]         1850 user-u32 "can_recv" = 0
[machine.4]         1850 user-u32 "can_recv" = 0
[machine.4]         1850 user-u32 "can_recv" = 0
[machine.4]         1850 task-resume id=2 reason=scheduler
[machine.4]         1850 task-yield id=2 reason=Idle
[machine.4]         1860 task-resume id=1 reason=scheduler
[machine.4]         1860 task-yield id=1 reason=RtosPortYield
[machine.4]         1860 user-u32 "can_recv" = 0
[machine.4]         1860 user-u32 "can_recv" = 0
[machine.4]         1860 user-u32 "can_recv" = 0
[machine.4]         1860 user-u32 "can_recv" = 0
[machine.4]         1860 user-u32 "can_recv" = 0
[machine.4]         1860 user-u32 "can_recv" = 0
[machine.4]         1860 task-resume id=2 reason=scheduler
[machine.4]         1860 task-yield id=2 reason=Idle
[machine.4]         1870 task-resume id=1 reason=scheduler
[machine.4]         1870 task-yield id=1 reason=RtosPortYield
[machine.4]         1870 user-u32 "can_recv" = 0
[machine.4]         1870 user-u32 "can_recv" = 0
[machine.4]         1870 user-u32 "can_recv" = 0
[machine.4]         1870 user-u32 "can_recv" = 0
[machine.4]         1870 user-u32 "can_recv" = 0
[machine.4]         1870 task-resume id=2 reason=scheduler
[machine.4]         1870 task-yield id=2 reason=Idle
[machine.4]         1880 task-resume id=1 reason=scheduler
[machine.4]         1880 task-yield id=1 reason=RtosPortYield
[machine.4]         1880 user-u32 "can_recv" = 0
[machine.4]         1880 user-u32 "can_recv" = 0
[machine.4]         1880 user-u32 "can_recv" = 0
[machine.4]         1880 user-u32 "can_recv" = 0
[machine.4]         1880 user-u32 "can_recv" = 0
[machine.4]         1880 task-resume id=2 reason=scheduler
[machine.4]         1880 task-yield id=2 reason=Idle
[machine.4]         1890 task-resume id=1 reason=scheduler
[machine.4]         1890 task-yield id=1 reason=RtosPortYield
[machine.4]         1890 user-u32 "can_recv" = 0
[machine.4]         1890 user-u32 "can_recv" = 0
[machine.4]         1890 user-u32 "can_recv" = 0
[machine.4]         1890 user-u32 "can_recv" = 0
[machine.4]         1890 user-u32 "can_recv" = 0
[machine.4]         1890 task-resume id=2 reason=scheduler
[machine.4]         1890 task-yield id=2 reason=Idle
[machine.4]         1900 task-resume id=4 reason=scheduler
[machine.4]         1900 task-yield id=4 reason=RtosPortYield
[machine.4]         1900 task-resume id=1 reason=scheduler
[machine.4]         1900 task-yield id=1 reason=RtosPortYield
[machine.4]         1900 user-u32 "can_recv" = 0
[machine.4]         1900 user-u32 "can_recv" = 0
[machine.4]         1900 user-u32 "can_recv" = 0
[machine.4]         1900 user-u32 "can_recv" = 0
[machine.4]         1900 user-u32 "can_recv" = 0
[machine.4]         1900 user-u32 "can_send" = 0
[machine.4]         1900 task-resume id=2 reason=scheduler
[machine.4]         1900 task-yield id=2 reason=Idle
[machine.4]         1910 task-resume id=1 reason=scheduler
[machine.4]         1910 task-yield id=1 reason=RtosPortYield
[machine.4]         1910 user-u32 "can_recv" = 0
[machine.4]         1910 user-u32 "can_recv" = 0
[machine.4]         1910 user-u32 "can_recv" = 0
[machine.4]         1910 user-u32 "can_recv" = 0
[machine.4]         1910 user-u32 "can_recv" = 0
[machine.4]         1910 user-u32 "can_recv" = 0
[machine.4]         1910 user-u32 "can_recv" = 0
[machine.4]         1910 user-u32 "can_recv" = 0
[machine.4]         1910 task-resume id=2 reason=scheduler
[machine.4]         1910 task-yield id=2 reason=Idle
[machine.4]         1920 task-resume id=1 reason=scheduler
[machine.4]         1920 task-yield id=1 reason=RtosPortYield
[machine.4]         1920 user-u32 "can_recv" = 0
[machine.4]         1920 user-u32 "can_recv" = 0
[machine.4]         1920 user-u32 "can_recv" = 0
[machine.4]         1920 user-u32 "can_recv" = 0
[machine.4]         1920 user-u32 "can_recv" = 0
[machine.4]         1920 task-resume id=2 reason=scheduler
[machine.4]         1920 task-yield id=2 reason=Idle
[machine.4]         1930 task-resume id=1 reason=scheduler
[machine.4]         1930 task-yield id=1 reason=RtosPortYield
[machine.4]         1930 user-u32 "can_recv" = 0
[machine.4]         1930 user-u32 "can_recv" = 0
[machine.4]         1930 user-u32 "can_recv" = 0
[machine.4]         1930 user-u32 "can_recv" = 0
[machine.4]         1930 user-u32 "can_recv" = 0
[machine.4]         1930 task-resume id=2 reason=scheduler
[machine.4]         1930 task-yield id=2 reason=Idle
[machine.4]         1940 task-resume id=1 reason=scheduler
[machine.4]         1940 task-yield id=1 reason=RtosPortYield
[machine.4]         1940 user-u32 "can_recv" = 0
[machine.4]         1940 user-u32 "can_recv" = 0
[machine.4]         1940 user-u32 "can_recv" = 0
[machine.4]         1940 user-u32 "can_recv" = 0
[machine.4]         1940 user-u32 "can_recv" = 0
[machine.4]         1940 task-resume id=2 reason=scheduler
[machine.4]         1940 task-yield id=2 reason=Idle
[machine.4]         1950 task-resume id=4 reason=scheduler
[machine.4]         1950 task-yield id=4 reason=RtosPortYield
[machine.4]         1950 task-resume id=1 reason=scheduler
[machine.4]         1950 task-yield id=1 reason=RtosPortYield
[machine.4]         1950 user-u32 "can_recv" = 0
[machine.4]         1950 user-u32 "can_recv" = 0
[machine.4]         1950 user-u32 "can_recv" = 0
[machine.4]         1950 user-u32 "can_recv" = 0
[machine.4]         1950 user-u32 "can_recv" = 0
[machine.4]         1950 task-resume id=2 reason=scheduler
[machine.4]         1950 task-yield id=2 reason=Idle
[machine.4]         1960 task-resume id=1 reason=scheduler
[machine.4]         1960 task-yield id=1 reason=RtosPortYield
[machine.4]         1960 user-u32 "can_recv" = 0
[machine.4]         1960 user-u32 "can_recv" = 0
[machine.4]         1960 user-u32 "can_recv" = 0
[machine.4]         1960 user-u32 "can_recv" = 0
[machine.4]         1960 user-u32 "can_recv" = 0
[machine.4]         1960 user-u32 "can_recv" = 0
[machine.4]         1960 task-resume id=2 reason=scheduler
[machine.4]         1960 task-yield id=2 reason=Idle
[machine.4]         1970 task-resume id=1 reason=scheduler
[machine.4]         1970 task-yield id=1 reason=RtosPortYield
[machine.4]         1970 user-u32 "can_recv" = 0
[machine.4]         1970 user-u32 "can_recv" = 0
[machine.4]         1970 user-u32 "can_recv" = 0
[machine.4]         1970 user-u32 "can_recv" = 0
[machine.4]         1970 user-u32 "can_recv" = 0
[machine.4]         1970 task-resume id=2 reason=scheduler
[machine.4]         1970 task-yield id=2 reason=Idle
[machine.4]         1980 task-resume id=1 reason=scheduler
[machine.4]         1980 task-yield id=1 reason=RtosPortYield
[machine.4]         1980 user-u32 "can_recv" = 0
[machine.4]         1980 user-u32 "can_recv" = 0
[machine.4]         1980 user-u32 "can_recv" = 0
[machine.4]         1980 user-u32 "can_recv" = 0
[machine.4]         1980 user-u32 "can_recv" = 0
[machine.4]         1980 task-resume id=2 reason=scheduler
[machine.4]         1980 task-yield id=2 reason=Idle
[machine.4]         1990 task-resume id=1 reason=scheduler
[machine.4]         1990 task-yield id=1 reason=RtosPortYield
[machine.4]         1990 user-u32 "can_recv" = 0
[machine.4]         1990 user-u32 "can_recv" = 0
[machine.4]         1990 user-u32 "can_recv" = 0
[machine.4]         1990 user-u32 "can_recv" = 0
[machine.4]         1990 user-u32 "can_recv" = 0
[machine.4]         1990 task-resume id=2 reason=scheduler
[machine.4]         1990 task-yield id=2 reason=Idle
[machine.4]         2000 task-resume id=4 reason=scheduler
[machine.4]         2000 task-yield id=4 reason=RtosPortYield
[machine.4]         2000 user-u32 "display_update" = 0
[machine.4]         2000 task-resume id=1 reason=scheduler
[machine.4]         2000 task-yield id=1 reason=RtosPortYield
[machine.4]         2000 user-u32 "can_recv" = 0
[machine.4]         2000 user-u32 "can_recv" = 0
[machine.4]         2000 user-u32 "can_recv" = 0
[machine.4]         2000 user-u32 "can_recv" = 0
[machine.4]         2000 user-u32 "can_recv" = 0
[machine.4]         2000 user-u32 "can_send" = 0
[machine.4]         2000 task-resume id=2 reason=scheduler
[machine.4]         2000 task-yield id=2 reason=Idle
[machine.4]         2010 task-resume id=1 reason=scheduler
[machine.4]         2010 task-yield id=1 reason=RtosPortYield
[machine.4]         2010 user-u32 "can_recv" = 0
[machine.4]         2010 user-u32 "can_recv" = 0
[machine.4]         2010 user-u32 "can_recv" = 0
[machine.4]         2010 user-u32 "can_recv" = 0
[machine.4]         2010 user-u32 "can_recv" = 0
[machine.4]         2010 user-u32 "can_recv" = 0
[machine.4]         2010 user-u32 "can_recv" = 0
[machine.4]         2010 user-u32 "can_recv" = 0
[machine.4]         2010 task-resume id=2 reason=scheduler
[machine.4]         2010 task-yield id=2 reason=Idle
[machine.4]         2020 task-resume id=1 reason=scheduler
[machine.4]         2020 task-yield id=1 reason=RtosPortYield
[machine.4]         2020 user-u32 "can_recv" = 0
[machine.4]         2020 user-u32 "can_recv" = 0
[machine.4]         2020 user-u32 "can_recv" = 0
[machine.4]         2020 user-u32 "can_recv" = 0
[machine.4]         2020 user-u32 "can_recv" = 0
[machine.4]         2020 task-resume id=2 reason=scheduler
[machine.4]         2020 task-yield id=2 reason=Idle
[machine.4]         2030 task-resume id=1 reason=scheduler
[machine.4]         2030 task-yield id=1 reason=RtosPortYield
[machine.4]         2030 user-u32 "can_recv" = 0
[machine.4]         2030 user-u32 "can_recv" = 0
[machine.4]         2030 user-u32 "can_recv" = 0
[machine.4]         2030 user-u32 "can_recv" = 0
[machine.4]         2030 user-u32 "can_recv" = 0
[machine.4]         2030 task-resume id=2 reason=scheduler
[machine.4]         2030 task-yield id=2 reason=Idle
[machine.4]         2040 task-resume id=1 reason=scheduler
[machine.4]         2040 task-yield id=1 reason=RtosPortYield
[machine.4]         2040 user-u32 "can_recv" = 0
[machine.4]         2040 user-u32 "can_recv" = 0
[machine.4]         2040 user-u32 "can_recv" = 0
[machine.4]         2040 user-u32 "can_recv" = 0
[machine.4]         2040 user-u32 "can_recv" = 0
[machine.4]         2040 task-resume id=2 reason=scheduler
[machine.4]         2040 task-yield id=2 reason=Idle
[machine.4]         2050 task-resume id=4 reason=scheduler
[machine.4]         2050 task-yield id=4 reason=RtosPortYield
[machine.4]         2050 task-resume id=1 reason=scheduler
[machine.4]         2050 task-yield id=1 reason=RtosPortYield
[machine.4]         2050 user-u32 "can_recv" = 0
[machine.4]         2050 user-u32 "can_recv" = 0
[machine.4]         2050 user-u32 "can_recv" = 0
[machine.4]         2050 user-u32 "can_recv" = 0
[machine.4]         2050 user-u32 "can_recv" = 0
[machine.4]         2050 task-resume id=2 reason=scheduler
[machine.4]         2050 task-yield id=2 reason=Idle
[machine.4]         2060 task-resume id=1 reason=scheduler
[machine.4]         2060 task-yield id=1 reason=RtosPortYield
[machine.4]         2060 user-u32 "can_recv" = 0
[machine.4]         2060 user-u32 "can_recv" = 0
[machine.4]         2060 user-u32 "can_recv" = 0
[machine.4]         2060 user-u32 "can_recv" = 0
[machine.4]         2060 user-u32 "can_recv" = 0
[machine.4]         2060 user-u32 "can_recv" = 0
[machine.4]         2060 task-resume id=2 reason=scheduler
[machine.4]         2060 task-yield id=2 reason=Idle
[machine.4]         2070 task-resume id=1 reason=scheduler
[machine.4]         2070 task-yield id=1 reason=RtosPortYield
[machine.4]         2070 user-u32 "can_recv" = 0
[machine.4]         2070 user-u32 "can_recv" = 0
[machine.4]         2070 user-u32 "can_recv" = 0
[machine.4]         2070 user-u32 "can_recv" = 0
[machine.4]         2070 user-u32 "can_recv" = 0
[machine.4]         2070 task-resume id=2 reason=scheduler
[machine.4]         2070 task-yield id=2 reason=Idle
[machine.4]         2080 task-resume id=1 reason=scheduler
[machine.4]         2080 task-yield id=1 reason=RtosPortYield
[machine.4]         2080 user-u32 "can_recv" = 0
[machine.4]         2080 user-u32 "can_recv" = 0
[machine.4]         2080 user-u32 "can_recv" = 0
[machine.4]         2080 user-u32 "can_recv" = 0
[machine.4]         2080 user-u32 "can_recv" = 0
[machine.4]         2080 task-resume id=2 reason=scheduler
[machine.4]         2080 task-yield id=2 reason=Idle
[machine.4]         2090 task-resume id=1 reason=scheduler
[machine.4]         2090 task-yield id=1 reason=RtosPortYield
[machine.4]         2090 user-u32 "can_recv" = 0
[machine.4]         2090 user-u32 "can_recv" = 0
[machine.4]         2090 user-u32 "can_recv" = 0
[machine.4]         2090 user-u32 "can_recv" = 0
[machine.4]         2090 user-u32 "can_recv" = 0
[machine.4]         2090 task-resume id=2 reason=scheduler
[machine.4]         2090 task-yield id=2 reason=Idle
[machine.4]         2100 task-resume id=4 reason=scheduler
[machine.4]         2100 task-yield id=4 reason=RtosPortYield
[machine.4]         2100 task-resume id=1 reason=scheduler
[machine.4]         2100 task-yield id=1 reason=RtosPortYield
[machine.4]         2100 user-u32 "can_recv" = 0
[machine.4]         2100 user-u32 "can_recv" = 0
[machine.4]         2100 user-u32 "can_recv" = 0
[machine.4]         2100 user-u32 "can_recv" = 0
[machine.4]         2100 user-u32 "can_recv" = 0
[machine.4]         2100 user-u32 "can_send" = 0
[machine.4]         2100 task-resume id=2 reason=scheduler
[machine.4]         2100 task-yield id=2 reason=Idle
[machine.4]         2110 task-resume id=1 reason=scheduler
[machine.4]         2110 task-yield id=1 reason=RtosPortYield
[machine.4]         2110 user-u32 "can_recv" = 0
[machine.4]         2110 user-u32 "can_recv" = 0
[machine.4]         2110 user-u32 "can_recv" = 0
[machine.4]         2110 user-u32 "can_recv" = 0
[machine.4]         2110 user-u32 "can_recv" = 0
[machine.4]         2110 user-u32 "can_recv" = 0
[machine.4]         2110 user-u32 "can_recv" = 0
[machine.4]         2110 user-u32 "can_recv" = 0
[machine.4]         2110 task-resume id=2 reason=scheduler
[machine.4]         2110 task-yield id=2 reason=Idle
[machine.4]         2120 task-resume id=1 reason=scheduler
[machine.4]         2120 task-yield id=1 reason=RtosPortYield
[machine.4]         2120 user-u32 "can_recv" = 0
[machine.4]         2120 user-u32 "can_recv" = 0
[machine.4]         2120 user-u32 "can_recv" = 0
[machine.4]         2120 user-u32 "can_recv" = 0
[machine.4]         2120 user-u32 "can_recv" = 0
[machine.4]         2120 task-resume id=2 reason=scheduler
[machine.4]         2120 task-yield id=2 reason=Idle
[machine.4]         2130 task-resume id=1 reason=scheduler
[machine.4]         2130 task-yield id=1 reason=RtosPortYield
[machine.4]         2130 user-u32 "can_recv" = 0
[machine.4]         2130 user-u32 "can_recv" = 0
[machine.4]         2130 user-u32 "can_recv" = 0
[machine.4]         2130 user-u32 "can_recv" = 0
[machine.4]         2130 user-u32 "can_recv" = 0
[machine.4]         2130 task-resume id=2 reason=scheduler
[machine.4]         2130 task-yield id=2 reason=Idle
[machine.4]         2140 task-resume id=1 reason=scheduler
[machine.4]         2140 task-yield id=1 reason=RtosPortYield
[machine.4]         2140 user-u32 "can_recv" = 0
[machine.4]         2140 user-u32 "can_recv" = 0
[machine.4]         2140 user-u32 "can_recv" = 0
[machine.4]         2140 user-u32 "can_recv" = 0
[machine.4]         2140 user-u32 "can_recv" = 0
[machine.4]         2140 task-resume id=2 reason=scheduler
[machine.4]         2140 task-yield id=2 reason=Idle
[machine.4]         2150 task-resume id=4 reason=scheduler
[machine.4]         2150 task-yield id=4 reason=RtosPortYield
[machine.4]         2150 task-resume id=1 reason=scheduler
[machine.4]         2150 task-yield id=1 reason=RtosPortYield
[machine.4]         2150 user-u32 "can_recv" = 0
[machine.4]         2150 user-u32 "can_recv" = 0
[machine.4]         2150 user-u32 "can_recv" = 0
[machine.4]         2150 user-u32 "can_recv" = 0
[machine.4]         2150 user-u32 "can_recv" = 0
[machine.4]         2150 task-resume id=2 reason=scheduler
[machine.4]         2150 task-yield id=2 reason=Idle
[machine.4]         2160 task-resume id=1 reason=scheduler
[machine.4]         2160 task-yield id=1 reason=RtosPortYield
[machine.4]         2160 user-u32 "can_recv" = 0
[machine.4]         2160 user-u32 "can_recv" = 0
[machine.4]         2160 user-u32 "can_recv" = 0
[machine.4]         2160 user-u32 "can_recv" = 0
[machine.4]         2160 user-u32 "can_recv" = 0
[machine.4]         2160 user-u32 "can_recv" = 0
[machine.4]         2160 task-resume id=2 reason=scheduler
[machine.4]         2160 task-yield id=2 reason=Idle
[machine.4]         2170 task-resume id=1 reason=scheduler
[machine.4]         2170 task-yield id=1 reason=RtosPortYield
[machine.4]         2170 user-u32 "can_recv" = 0
[machine.4]         2170 user-u32 "can_recv" = 0
[machine.4]         2170 user-u32 "can_recv" = 0
[machine.4]         2170 user-u32 "can_recv" = 0
[machine.4]         2170 user-u32 "can_recv" = 0
[machine.4]         2170 task-resume id=2 reason=scheduler
[machine.4]         2170 task-yield id=2 reason=Idle
[machine.4]         2180 task-resume id=1 reason=scheduler
[machine.4]         2180 task-yield id=1 reason=RtosPortYield
[machine.4]         2180 user-u32 "can_recv" = 0
[machine.4]         2180 user-u32 "can_recv" = 0
[machine.4]         2180 user-u32 "can_recv" = 0
[machine.4]         2180 user-u32 "can_recv" = 0
[machine.4]         2180 user-u32 "can_recv" = 0
[machine.4]         2180 task-resume id=2 reason=scheduler
[machine.4]         2180 task-yield id=2 reason=Idle
[machine.4]         2190 task-resume id=1 reason=scheduler
[machine.4]         2190 task-yield id=1 reason=RtosPortYield
[machine.4]         2190 user-u32 "can_recv" = 0
[machine.4]         2190 user-u32 "can_recv" = 0
[machine.4]         2190 user-u32 "can_recv" = 0
[machine.4]         2190 user-u32 "can_recv" = 0
[machine.4]         2190 user-u32 "can_recv" = 0
[machine.4]         2190 task-resume id=2 reason=scheduler
[machine.4]         2190 task-yield id=2 reason=Idle
[machine.4]         2200 task-resume id=4 reason=scheduler
[machine.4]         2200 task-yield id=4 reason=RtosPortYield
[machine.4]         2200 task-resume id=1 reason=scheduler
[machine.4]         2200 task-yield id=1 reason=RtosPortYield
[machine.4]         2200 user-u32 "can_recv" = 0
[machine.4]         2200 user-u32 "can_recv" = 0
[machine.4]         2200 user-u32 "can_recv" = 0
[machine.4]         2200 user-u32 "can_recv" = 0
[machine.4]         2200 user-u32 "can_recv" = 0
[machine.4]         2200 user-u32 "can_send" = 0
[machine.4]         2200 task-resume id=2 reason=scheduler
[machine.4]         2200 task-yield id=2 reason=Idle
[machine.4]         2210 task-resume id=1 reason=scheduler
[machine.4]         2210 task-yield id=1 reason=RtosPortYield
[machine.4]         2210 user-u32 "can_recv" = 0
[machine.4]         2210 user-u32 "can_recv" = 0
[machine.4]         2210 user-u32 "can_recv" = 0
[machine.4]         2210 user-u32 "can_recv" = 0
[machine.4]         2210 user-u32 "can_recv" = 0
[machine.4]         2210 user-u32 "can_recv" = 0
[machine.4]         2210 user-u32 "can_recv" = 0
[machine.4]         2210 user-u32 "can_recv" = 0
[machine.4]         2210 task-resume id=2 reason=scheduler
[machine.4]         2210 task-yield id=2 reason=Idle
[machine.4]         2220 task-resume id=1 reason=scheduler
[machine.4]         2220 task-yield id=1 reason=RtosPortYield
[machine.4]         2220 user-u32 "can_recv" = 0
[machine.4]         2220 user-u32 "can_recv" = 0
[machine.4]         2220 user-u32 "can_recv" = 0
[machine.4]         2220 user-u32 "can_recv" = 0
[machine.4]         2220 user-u32 "can_recv" = 0
[machine.4]         2220 task-resume id=2 reason=scheduler
[machine.4]         2220 task-yield id=2 reason=Idle
[machine.4]         2230 task-resume id=1 reason=scheduler
[machine.4]         2230 task-yield id=1 reason=RtosPortYield
[machine.4]         2230 user-u32 "can_recv" = 0
[machine.4]         2230 user-u32 "can_recv" = 0
[machine.4]         2230 user-u32 "can_recv" = 0
[machine.4]         2230 user-u32 "can_recv" = 0
[machine.4]         2230 user-u32 "can_recv" = 0
[machine.4]         2230 task-resume id=2 reason=scheduler
[machine.4]         2230 task-yield id=2 reason=Idle
[machine.4]         2240 task-resume id=1 reason=scheduler
[machine.4]         2240 task-yield id=1 reason=RtosPortYield
[machine.4]         2240 user-u32 "can_recv" = 0
[machine.4]         2240 user-u32 "can_recv" = 0
[machine.4]         2240 user-u32 "can_recv" = 0
[machine.4]         2240 user-u32 "can_recv" = 0
[machine.4]         2240 user-u32 "can_recv" = 0
[machine.4]         2240 task-resume id=2 reason=scheduler
[machine.4]         2240 task-yield id=2 reason=Idle
[machine.4]         2250 task-resume id=4 reason=scheduler
[machine.4]         2250 task-yield id=4 reason=RtosPortYield
[machine.4]         2250 task-resume id=1 reason=scheduler
[machine.4]         2250 task-yield id=1 reason=RtosPortYield
[machine.4]         2250 user-u32 "can_recv" = 0
[machine.4]         2250 user-u32 "can_recv" = 0
[machine.4]         2250 user-u32 "can_recv" = 0
[machine.4]         2250 user-u32 "can_recv" = 0
[machine.4]         2250 user-u32 "can_recv" = 0
[machine.4]         2250 task-resume id=2 reason=scheduler
[machine.4]         2250 task-yield id=2 reason=Idle
[machine.4]         2260 task-resume id=1 reason=scheduler
[machine.4]         2260 task-yield id=1 reason=RtosPortYield
[machine.4]         2260 user-u32 "can_recv" = 0
[machine.4]         2260 user-u32 "can_recv" = 0
[machine.4]         2260 user-u32 "can_recv" = 0
[machine.4]         2260 user-u32 "can_recv" = 0
[machine.4]         2260 user-u32 "can_recv" = 0
[machine.4]         2260 user-u32 "can_recv" = 0
[machine.4]         2260 task-resume id=2 reason=scheduler
[machine.4]         2260 task-yield id=2 reason=Idle
[machine.4]         2270 task-resume id=1 reason=scheduler
[machine.4]         2270 task-yield id=1 reason=RtosPortYield
[machine.4]         2270 user-u32 "can_recv" = 0
[machine.4]         2270 user-u32 "can_recv" = 0
[machine.4]         2270 user-u32 "can_recv" = 0
[machine.4]         2270 user-u32 "can_recv" = 0
[machine.4]         2270 user-u32 "can_recv" = 0
[machine.4]         2270 task-resume id=2 reason=scheduler
[machine.4]         2270 task-yield id=2 reason=Idle
[machine.4]         2280 task-resume id=1 reason=scheduler
[machine.4]         2280 task-yield id=1 reason=RtosPortYield
[machine.4]         2280 user-u32 "can_recv" = 0
[machine.4]         2280 user-u32 "can_recv" = 0
[machine.4]         2280 user-u32 "can_recv" = 0
[machine.4]         2280 user-u32 "can_recv" = 0
[machine.4]         2280 user-u32 "can_recv" = 0
[machine.4]         2280 task-resume id=2 reason=scheduler
[machine.4]         2280 task-yield id=2 reason=Idle
[machine.4]         2290 task-resume id=1 reason=scheduler
[machine.4]         2290 task-yield id=1 reason=RtosPortYield
[machine.4]         2290 user-u32 "can_recv" = 0
[machine.4]         2290 user-u32 "can_recv" = 0
[machine.4]         2290 user-u32 "can_recv" = 0
[machine.4]         2290 user-u32 "can_recv" = 0
[machine.4]         2290 user-u32 "can_recv" = 0
[machine.4]         2290 task-resume id=2 reason=scheduler
[machine.4]         2290 task-yield id=2 reason=Idle
[machine.4]         2300 task-resume id=4 reason=scheduler
[machine.4]         2300 task-yield id=4 reason=RtosPortYield
[machine.4]         2300 task-resume id=1 reason=scheduler
[machine.4]         2300 task-yield id=1 reason=RtosPortYield
[machine.4]         2300 user-u32 "can_recv" = 0
[machine.4]         2300 user-u32 "can_recv" = 0
[machine.4]         2300 user-u32 "can_recv" = 0
[machine.4]         2300 user-u32 "can_recv" = 0
[machine.4]         2300 user-u32 "can_recv" = 0
[machine.4]         2300 user-u32 "can_send" = 0
[machine.4]         2300 task-resume id=2 reason=scheduler
[machine.4]         2300 task-yield id=2 reason=Idle
[machine.4]         2310 task-resume id=1 reason=scheduler
[machine.4]         2310 task-yield id=1 reason=RtosPortYield
[machine.4]         2310 user-u32 "can_recv" = 0
[machine.4]         2310 user-u32 "can_recv" = 0
[machine.4]         2310 user-u32 "can_recv" = 0
[machine.4]         2310 user-u32 "can_recv" = 0
[machine.4]         2310 user-u32 "can_recv" = 0
[machine.4]         2310 user-u32 "can_recv" = 0
[machine.4]         2310 user-u32 "can_recv" = 0
[machine.4]         2310 user-u32 "can_recv" = 0
[machine.4]         2310 task-resume id=2 reason=scheduler
[machine.4]         2310 task-yield id=2 reason=Idle
[machine.4]         2320 task-resume id=1 reason=scheduler
[machine.4]         2320 task-yield id=1 reason=RtosPortYield
[machine.4]         2320 user-u32 "can_recv" = 0
[machine.4]         2320 user-u32 "can_recv" = 0
[machine.4]         2320 user-u32 "can_recv" = 0
[machine.4]         2320 user-u32 "can_recv" = 0
[machine.4]         2320 user-u32 "can_recv" = 0
[machine.4]         2320 task-resume id=2 reason=scheduler
[machine.4]         2320 task-yield id=2 reason=Idle
[machine.4]         2330 task-resume id=1 reason=scheduler
[machine.4]         2330 task-yield id=1 reason=RtosPortYield
[machine.4]         2330 user-u32 "can_recv" = 0
[machine.4]         2330 user-u32 "can_recv" = 0
[machine.4]         2330 user-u32 "can_recv" = 0
[machine.4]         2330 user-u32 "can_recv" = 0
[machine.4]         2330 user-u32 "can_recv" = 0
[machine.4]         2330 task-resume id=2 reason=scheduler
[machine.4]         2330 task-yield id=2 reason=Idle
[machine.4]         2340 task-resume id=1 reason=scheduler
[machine.4]         2340 task-yield id=1 reason=RtosPortYield
[machine.4]         2340 user-u32 "can_recv" = 0
[machine.4]         2340 user-u32 "can_recv" = 0
[machine.4]         2340 user-u32 "can_recv" = 0
[machine.4]         2340 user-u32 "can_recv" = 0
[machine.4]         2340 user-u32 "can_recv" = 0
[machine.4]         2340 task-resume id=2 reason=scheduler
[machine.4]         2340 task-yield id=2 reason=Idle
[machine.4]         2350 task-resume id=4 reason=scheduler
[machine.4]         2350 task-yield id=4 reason=RtosPortYield
[machine.4]         2350 task-resume id=1 reason=scheduler
[machine.4]         2350 task-yield id=1 reason=RtosPortYield
[machine.4]         2350 user-u32 "can_recv" = 0
[machine.4]         2350 user-u32 "can_recv" = 0
[machine.4]         2350 user-u32 "can_recv" = 0
[machine.4]         2350 user-u32 "can_recv" = 0
[machine.4]         2350 user-u32 "can_recv" = 0
[machine.4]         2350 task-resume id=2 reason=scheduler
[machine.4]         2350 task-yield id=2 reason=Idle
[machine.4]         2360 task-resume id=1 reason=scheduler
[machine.4]         2360 task-yield id=1 reason=RtosPortYield
[machine.4]         2360 user-u32 "can_recv" = 0
[machine.4]         2360 user-u32 "can_recv" = 0
[machine.4]         2360 user-u32 "can_recv" = 0
[machine.4]         2360 user-u32 "can_recv" = 0
[machine.4]         2360 user-u32 "can_recv" = 0
[machine.4]         2360 user-u32 "can_recv" = 0
[machine.4]         2360 task-resume id=2 reason=scheduler
[machine.4]         2360 task-yield id=2 reason=Idle
[machine.4]         2370 task-resume id=1 reason=scheduler
[machine.4]         2370 task-yield id=1 reason=RtosPortYield
[machine.4]         2370 user-u32 "can_recv" = 0
[machine.4]         2370 user-u32 "can_recv" = 0
[machine.4]         2370 user-u32 "can_recv" = 0
[machine.4]         2370 user-u32 "can_recv" = 0
[machine.4]         2370 user-u32 "can_recv" = 0
[machine.4]         2370 task-resume id=2 reason=scheduler
[machine.4]         2370 task-yield id=2 reason=Idle
[machine.4]         2380 task-resume id=1 reason=scheduler
[machine.4]         2380 task-yield id=1 reason=RtosPortYield
[machine.4]         2380 user-u32 "can_recv" = 0
[machine.4]         2380 user-u32 "can_recv" = 0
[machine.4]         2380 user-u32 "can_recv" = 0
[machine.4]         2380 user-u32 "can_recv" = 0
[machine.4]         2380 user-u32 "can_recv" = 0
[machine.4]         2380 task-resume id=2 reason=scheduler
[machine.4]         2380 task-yield id=2 reason=Idle
[machine.4]         2390 task-resume id=1 reason=scheduler
[machine.4]         2390 task-yield id=1 reason=RtosPortYield
[machine.4]         2390 user-u32 "can_recv" = 0
[machine.4]         2390 user-u32 "can_recv" = 0
[machine.4]         2390 user-u32 "can_recv" = 0
[machine.4]         2390 user-u32 "can_recv" = 0
[machine.4]         2390 user-u32 "can_recv" = 0
[machine.4]         2390 task-resume id=2 reason=scheduler
[machine.4]         2390 task-yield id=2 reason=Idle
[machine.4]         2400 task-resume id=4 reason=scheduler
[machine.4]         2400 task-yield id=4 reason=RtosPortYield
[machine.4]         2400 task-resume id=1 reason=scheduler
[machine.4]         2400 task-yield id=1 reason=RtosPortYield
[machine.4]         2400 user-u32 "can_recv" = 0
[machine.4]         2400 user-u32 "can_recv" = 0
[machine.4]         2400 user-u32 "can_recv" = 0
[machine.4]         2400 user-u32 "can_recv" = 0
[machine.4]         2400 user-u32 "can_recv" = 0
[machine.4]         2400 user-u32 "can_send" = 0
[machine.4]         2400 task-resume id=2 reason=scheduler
[machine.4]         2400 task-yield id=2 reason=Idle
[machine.4]         2410 task-resume id=1 reason=scheduler
[machine.4]         2410 task-yield id=1 reason=RtosPortYield
[machine.4]         2410 user-u32 "can_recv" = 0
[machine.4]         2410 user-u32 "can_recv" = 0
[machine.4]         2410 user-u32 "can_recv" = 0
[machine.4]         2410 user-u32 "can_recv" = 0
[machine.4]         2410 user-u32 "can_recv" = 0
[machine.4]         2410 user-u32 "can_recv" = 0
[machine.4]         2410 user-u32 "can_recv" = 0
[machine.4]         2410 user-u32 "can_recv" = 0
[machine.4]         2410 task-resume id=2 reason=scheduler
[machine.4]         2410 task-yield id=2 reason=Idle
[machine.4]         2420 task-resume id=1 reason=scheduler
[machine.4]         2420 task-yield id=1 reason=RtosPortYield
[machine.4]         2420 user-u32 "can_recv" = 0
[machine.4]         2420 user-u32 "can_recv" = 0
[machine.4]         2420 user-u32 "can_recv" = 0
[machine.4]         2420 user-u32 "can_recv" = 0
[machine.4]         2420 user-u32 "can_recv" = 0
[machine.4]         2420 task-resume id=2 reason=scheduler
[machine.4]         2420 task-yield id=2 reason=Idle
[machine.4]         2430 task-resume id=1 reason=scheduler
[machine.4]         2430 task-yield id=1 reason=RtosPortYield
[machine.4]         2430 user-u32 "can_recv" = 0
[machine.4]         2430 user-u32 "can_recv" = 0
[machine.4]         2430 user-u32 "can_recv" = 0
[machine.4]         2430 user-u32 "can_recv" = 0
[machine.4]         2430 user-u32 "can_recv" = 0
[machine.4]         2430 task-resume id=2 reason=scheduler
[machine.4]         2430 task-yield id=2 reason=Idle
[machine.4]         2440 task-resume id=1 reason=scheduler
[machine.4]         2440 task-yield id=1 reason=RtosPortYield
[machine.4]         2440 user-u32 "can_recv" = 0
[machine.4]         2440 user-u32 "can_recv" = 0
[machine.4]         2440 user-u32 "can_recv" = 0
[machine.4]         2440 user-u32 "can_recv" = 0
[machine.4]         2440 user-u32 "can_recv" = 0
[machine.4]         2440 task-resume id=2 reason=scheduler
[machine.4]         2440 task-yield id=2 reason=Idle
[machine.4]         2450 task-resume id=4 reason=scheduler
[machine.4]         2450 task-yield id=4 reason=RtosPortYield
[machine.4]         2450 task-resume id=1 reason=scheduler
[machine.4]         2450 task-yield id=1 reason=RtosPortYield
[machine.4]         2450 user-u32 "can_recv" = 0
[machine.4]         2450 user-u32 "can_recv" = 0
[machine.4]         2450 user-u32 "can_recv" = 0
[machine.4]         2450 user-u32 "can_recv" = 0
[machine.4]         2450 user-u32 "can_recv" = 0
[machine.4]         2450 task-resume id=2 reason=scheduler
[machine.4]         2450 task-yield id=2 reason=Idle
[machine.4]         2460 task-resume id=1 reason=scheduler
[machine.4]         2460 task-yield id=1 reason=RtosPortYield
[machine.4]         2460 user-u32 "can_recv" = 0
[machine.4]         2460 user-u32 "can_recv" = 0
[machine.4]         2460 user-u32 "can_recv" = 0
[machine.4]         2460 user-u32 "can_recv" = 0
[machine.4]         2460 user-u32 "can_recv" = 0
[machine.4]         2460 user-u32 "can_recv" = 0
[machine.4]         2460 task-resume id=2 reason=scheduler
[machine.4]         2460 task-yield id=2 reason=Idle
[machine.4]         2470 task-resume id=1 reason=scheduler
[machine.4]         2470 task-yield id=1 reason=RtosPortYield
[machine.4]         2470 user-u32 "can_recv" = 0
[machine.4]         2470 user-u32 "can_recv" = 0
[machine.4]         2470 user-u32 "can_recv" = 0
[machine.4]         2470 user-u32 "can_recv" = 0
[machine.4]         2470 user-u32 "can_recv" = 0
[machine.4]         2470 task-resume id=2 reason=scheduler
[machine.4]         2470 task-yield id=2 reason=Idle
[machine.4]         2480 task-resume id=1 reason=scheduler
[machine.4]         2480 task-yield id=1 reason=RtosPortYield
[machine.4]         2480 user-u32 "can_recv" = 0
[machine.4]         2480 user-u32 "can_recv" = 0
[machine.4]         2480 user-u32 "can_recv" = 0
[machine.4]         2480 user-u32 "can_recv" = 0
[machine.4]         2480 user-u32 "can_recv" = 0
[machine.4]         2480 task-resume id=2 reason=scheduler
[machine.4]         2480 task-yield id=2 reason=Idle
[machine.4]         2490 task-resume id=1 reason=scheduler
[machine.4]         2490 task-yield id=1 reason=RtosPortYield
[machine.4]         2490 user-u32 "can_recv" = 0
[machine.4]         2490 user-u32 "can_recv" = 0
[machine.4]         2490 user-u32 "can_recv" = 0
[machine.4]         2490 user-u32 "can_recv" = 0
[machine.4]         2490 user-u32 "can_recv" = 0
[machine.4]         2490 task-resume id=2 reason=scheduler
[machine.4]         2490 task-yield id=2 reason=Idle
[machine.4]         2500 task-resume id=4 reason=scheduler
[machine.4]         2500 task-yield id=4 reason=RtosPortYield
[machine.4]         2500 user-u32 "display_update" = 0
[machine.4]         2500 task-resume id=1 reason=scheduler
[machine.4]         2500 task-yield id=1 reason=RtosPortYield
[machine.4]         2500 user-u32 "can_recv" = 0
[machine.4]         2500 user-u32 "can_recv" = 0
[machine.4]         2500 user-u32 "can_recv" = 0
[machine.4]         2500 user-u32 "can_recv" = 0
[machine.4]         2500 user-u32 "can_recv" = 0
[machine.4]         2500 user-u32 "can_send" = 0
[machine.4]         2500 task-resume id=2 reason=scheduler
[machine.4]         2500 task-yield id=2 reason=Idle
[machine.4]         2510 task-resume id=1 reason=scheduler
[machine.4]         2510 task-yield id=1 reason=RtosPortYield
[machine.4]         2510 user-u32 "can_recv" = 0
[machine.4]         2510 user-u32 "can_recv" = 0
[machine.4]         2510 user-u32 "can_recv" = 0
[machine.4]         2510 user-u32 "can_recv" = 0
[machine.4]         2510 user-u32 "can_recv" = 0
[machine.4]         2510 user-u32 "can_recv" = 0
[machine.4]         2510 user-u32 "can_recv" = 0
[machine.4]         2510 user-u32 "can_recv" = 0
[machine.4]         2510 task-resume id=2 reason=scheduler
[machine.4]         2510 task-yield id=2 reason=Idle
[machine.4]         2520 task-resume id=1 reason=scheduler
[machine.4]         2520 task-yield id=1 reason=RtosPortYield
[machine.4]         2520 user-u32 "can_recv" = 0
[machine.4]         2520 user-u32 "can_recv" = 0
[machine.4]         2520 user-u32 "can_recv" = 0
[machine.4]         2520 user-u32 "can_recv" = 0
[machine.4]         2520 user-u32 "can_recv" = 0
[machine.4]         2520 task-resume id=2 reason=scheduler
[machine.4]         2520 task-yield id=2 reason=Idle
[machine.4]         2530 task-resume id=1 reason=scheduler
[machine.4]         2530 task-yield id=1 reason=RtosPortYield
[machine.4]         2530 user-u32 "can_recv" = 0
[machine.4]         2530 user-u32 "can_recv" = 0
[machine.4]         2530 user-u32 "can_recv" = 0
[machine.4]         2530 user-u32 "can_recv" = 0
[machine.4]         2530 user-u32 "can_recv" = 0
[machine.4]         2530 task-resume id=2 reason=scheduler
[machine.4]         2530 task-yield id=2 reason=Idle
[machine.4]         2540 task-resume id=1 reason=scheduler
[machine.4]         2540 task-yield id=1 reason=RtosPortYield
[machine.4]         2540 user-u32 "can_recv" = 0
[machine.4]         2540 user-u32 "can_recv" = 0
[machine.4]         2540 user-u32 "can_recv" = 0
[machine.4]         2540 user-u32 "can_recv" = 0
[machine.4]         2540 user-u32 "can_recv" = 0
[machine.4]         2540 task-resume id=2 reason=scheduler
[machine.4]         2540 task-yield id=2 reason=Idle
[machine.4]         2550 task-resume id=4 reason=scheduler
[machine.4]         2550 task-yield id=4 reason=RtosPortYield
[machine.4]         2550 task-resume id=1 reason=scheduler
[machine.4]         2550 task-yield id=1 reason=RtosPortYield
[machine.4]         2550 user-u32 "can_recv" = 0
[machine.4]         2550 user-u32 "can_recv" = 0
[machine.4]         2550 user-u32 "can_recv" = 0
[machine.4]         2550 user-u32 "can_recv" = 0
[machine.4]         2550 user-u32 "can_recv" = 0
[machine.4]         2550 task-resume id=2 reason=scheduler
[machine.4]         2550 task-yield id=2 reason=Idle
[machine.4]         2560 task-resume id=1 reason=scheduler
[machine.4]         2560 task-yield id=1 reason=RtosPortYield
[machine.4]         2560 user-u32 "can_recv" = 0
[machine.4]         2560 user-u32 "can_recv" = 0
[machine.4]         2560 user-u32 "can_recv" = 0
[machine.4]         2560 user-u32 "can_recv" = 0
[machine.4]         2560 user-u32 "can_recv" = 0
[machine.4]         2560 user-u32 "can_recv" = 0
[machine.4]         2560 task-resume id=2 reason=scheduler
[machine.4]         2560 task-yield id=2 reason=Idle
[machine.4]         2570 task-resume id=1 reason=scheduler
[machine.4]         2570 task-yield id=1 reason=RtosPortYield
[machine.4]         2570 user-u32 "can_recv" = 0
[machine.4]         2570 user-u32 "can_recv" = 0
[machine.4]         2570 user-u32 "can_recv" = 0
[machine.4]         2570 user-u32 "can_recv" = 0
[machine.4]         2570 user-u32 "can_recv" = 0
[machine.4]         2570 task-resume id=2 reason=scheduler
[machine.4]         2570 task-yield id=2 reason=Idle
[machine.4]         2580 task-resume id=1 reason=scheduler
[machine.4]         2580 task-yield id=1 reason=RtosPortYield
[machine.4]         2580 user-u32 "can_recv" = 0
[machine.4]         2580 user-u32 "can_recv" = 0
[machine.4]         2580 user-u32 "can_recv" = 0
[machine.4]         2580 user-u32 "can_recv" = 0
[machine.4]         2580 user-u32 "can_recv" = 0
[machine.4]         2580 task-resume id=2 reason=scheduler
[machine.4]         2580 task-yield id=2 reason=Idle
[machine.4]         2590 task-resume id=1 reason=scheduler
[machine.4]         2590 task-yield id=1 reason=RtosPortYield
[machine.4]         2590 user-u32 "can_recv" = 0
[machine.4]         2590 user-u32 "can_recv" = 0
[machine.4]         2590 user-u32 "can_recv" = 0
[machine.4]         2590 user-u32 "can_recv" = 0
[machine.4]         2590 user-u32 "can_recv" = 0
[machine.4]         2590 task-resume id=2 reason=scheduler
[machine.4]         2590 task-yield id=2 reason=Idle
[machine.4]         2600 task-resume id=4 reason=scheduler
[machine.4]         2600 task-yield id=4 reason=RtosPortYield
[machine.4]         2600 task-resume id=1 reason=scheduler
[machine.4]         2600 task-yield id=1 reason=RtosPortYield
[machine.4]         2600 user-u32 "can_recv" = 0
[machine.4]         2600 user-u32 "can_recv" = 0
[machine.4]         2600 user-u32 "can_recv" = 0
[machine.4]         2600 user-u32 "can_recv" = 0
[machine.4]         2600 user-u32 "can_recv" = 0
[machine.4]         2600 user-u32 "can_send" = 0
[machine.4]         2600 task-resume id=2 reason=scheduler
[machine.4]         2600 task-yield id=2 reason=Idle
[machine.4]         2610 task-resume id=1 reason=scheduler
[machine.4]         2610 task-yield id=1 reason=RtosPortYield
[machine.4]         2610 user-u32 "can_recv" = 0
[machine.4]         2610 user-u32 "can_recv" = 0
[machine.4]         2610 user-u32 "can_recv" = 0
[machine.4]         2610 user-u32 "can_recv" = 0
[machine.4]         2610 user-u32 "can_recv" = 0
[machine.4]         2610 user-u32 "can_recv" = 0
[machine.4]         2610 user-u32 "can_recv" = 0
[machine.4]         2610 user-u32 "can_recv" = 0
[machine.4]         2610 task-resume id=2 reason=scheduler
[machine.4]         2610 task-yield id=2 reason=Idle
[machine.4]         2620 task-resume id=1 reason=scheduler
[machine.4]         2620 task-yield id=1 reason=RtosPortYield
[machine.4]         2620 user-u32 "can_recv" = 0
[machine.4]         2620 user-u32 "can_recv" = 0
[machine.4]         2620 user-u32 "can_recv" = 0
[machine.4]         2620 user-u32 "can_recv" = 0
[machine.4]         2620 user-u32 "can_recv" = 0
[machine.4]         2620 task-resume id=2 reason=scheduler
[machine.4]         2620 task-yield id=2 reason=Idle
[machine.4]         2630 task-resume id=1 reason=scheduler
[machine.4]         2630 task-yield id=1 reason=RtosPortYield
[machine.4]         2630 user-u32 "can_recv" = 0
[machine.4]         2630 user-u32 "can_recv" = 0
[machine.4]         2630 user-u32 "can_recv" = 0
[machine.4]         2630 user-u32 "can_recv" = 0
[machine.4]         2630 user-u32 "can_recv" = 0
[machine.4]         2630 task-resume id=2 reason=scheduler
[machine.4]         2630 task-yield id=2 reason=Idle
[machine.4]         2640 task-resume id=1 reason=scheduler
[machine.4]         2640 task-yield id=1 reason=RtosPortYield
[machine.4]         2640 user-u32 "can_recv" = 0
[machine.4]         2640 user-u32 "can_recv" = 0
[machine.4]         2640 user-u32 "can_recv" = 0
[machine.4]         2640 user-u32 "can_recv" = 0
[machine.4]         2640 user-u32 "can_recv" = 0
[machine.4]         2640 task-resume id=2 reason=scheduler
[machine.4]         2640 task-yield id=2 reason=Idle
[machine.4]         2650 task-resume id=4 reason=scheduler
[machine.4]         2650 task-yield id=4 reason=RtosPortYield
[machine.4]         2650 task-resume id=1 reason=scheduler
[machine.4]         2650 task-yield id=1 reason=RtosPortYield
[machine.4]         2650 user-u32 "can_recv" = 0
[machine.4]         2650 user-u32 "can_recv" = 0
[machine.4]         2650 user-u32 "can_recv" = 0
[machine.4]         2650 user-u32 "can_recv" = 0
[machine.4]         2650 user-u32 "can_recv" = 0
[machine.4]         2650 task-resume id=2 reason=scheduler
[machine.4]         2650 task-yield id=2 reason=Idle
[machine.4]         2660 task-resume id=1 reason=scheduler
[machine.4]         2660 task-yield id=1 reason=RtosPortYield
[machine.4]         2660 user-u32 "can_recv" = 0
[machine.4]         2660 user-u32 "can_recv" = 0
[machine.4]         2660 user-u32 "can_recv" = 0
[machine.4]         2660 user-u32 "can_recv" = 0
[machine.4]         2660 user-u32 "can_recv" = 0
[machine.4]         2660 user-u32 "can_recv" = 0
[machine.4]         2660 task-resume id=2 reason=scheduler
[machine.4]         2660 task-yield id=2 reason=Idle
[machine.4]         2670 task-resume id=1 reason=scheduler
[machine.4]         2670 task-yield id=1 reason=RtosPortYield
[machine.4]         2670 user-u32 "can_recv" = 0
[machine.4]         2670 user-u32 "can_recv" = 0
[machine.4]         2670 user-u32 "can_recv" = 0
[machine.4]         2670 user-u32 "can_recv" = 0
[machine.4]         2670 user-u32 "can_recv" = 0
[machine.4]         2670 task-resume id=2 reason=scheduler
[machine.4]         2670 task-yield id=2 reason=Idle
[machine.4]         2680 task-resume id=1 reason=scheduler
[machine.4]         2680 task-yield id=1 reason=RtosPortYield
[machine.4]         2680 user-u32 "can_recv" = 0
[machine.4]         2680 user-u32 "can_recv" = 0
[machine.4]         2680 user-u32 "can_recv" = 0
[machine.4]         2680 user-u32 "can_recv" = 0
[machine.4]         2680 user-u32 "can_recv" = 0
[machine.4]         2680 task-resume id=2 reason=scheduler
[machine.4]         2680 task-yield id=2 reason=Idle
[machine.4]         2690 task-resume id=1 reason=scheduler
[machine.4]         2690 task-yield id=1 reason=RtosPortYield
[machine.4]         2690 user-u32 "can_recv" = 0
[machine.4]         2690 user-u32 "can_recv" = 0
[machine.4]         2690 user-u32 "can_recv" = 0
[machine.4]         2690 user-u32 "can_recv" = 0
[machine.4]         2690 user-u32 "can_recv" = 0
[machine.4]         2690 task-resume id=2 reason=scheduler
[machine.4]         2690 task-yield id=2 reason=Idle
[machine.4]         2700 task-resume id=4 reason=scheduler
[machine.4]         2700 task-yield id=4 reason=RtosPortYield
[machine.4]         2700 task-resume id=1 reason=scheduler
[machine.4]         2700 task-yield id=1 reason=RtosPortYield
[machine.4]         2700 user-u32 "can_recv" = 0
[machine.4]         2700 user-u32 "can_recv" = 0
[machine.4]         2700 user-u32 "can_recv" = 0
[machine.4]         2700 user-u32 "can_recv" = 0
[machine.4]         2700 user-u32 "can_recv" = 0
[machine.4]         2700 user-u32 "can_send" = 0
[machine.4]         2700 task-resume id=2 reason=scheduler
[machine.4]         2700 task-yield id=2 reason=Idle
[machine.4]         2710 task-resume id=1 reason=scheduler
[machine.4]         2710 task-yield id=1 reason=RtosPortYield
[machine.4]         2710 user-u32 "can_recv" = 0
[machine.4]         2710 user-u32 "can_recv" = 0
[machine.4]         2710 user-u32 "can_recv" = 0
[machine.4]         2710 user-u32 "can_recv" = 0
[machine.4]         2710 user-u32 "can_recv" = 0
[machine.4]         2710 user-u32 "can_recv" = 0
[machine.4]         2710 user-u32 "can_recv" = 0
[machine.4]         2710 user-u32 "can_recv" = 0
[machine.4]         2710 task-resume id=2 reason=scheduler
[machine.4]         2710 task-yield id=2 reason=Idle
[machine.4]         2720 task-resume id=1 reason=scheduler
[machine.4]         2720 task-yield id=1 reason=RtosPortYield
[machine.4]         2720 user-u32 "can_recv" = 0
[machine.4]         2720 user-u32 "can_recv" = 0
[machine.4]         2720 user-u32 "can_recv" = 0
[machine.4]         2720 user-u32 "can_recv" = 0
[machine.4]         2720 user-u32 "can_recv" = 0
[machine.4]         2720 task-resume id=2 reason=scheduler
[machine.4]         2720 task-yield id=2 reason=Idle
[machine.4]         2730 task-resume id=1 reason=scheduler
[machine.4]         2730 task-yield id=1 reason=RtosPortYield
[machine.4]         2730 user-u32 "can_recv" = 0
[machine.4]         2730 user-u32 "can_recv" = 0
[machine.4]         2730 user-u32 "can_recv" = 0
[machine.4]         2730 user-u32 "can_recv" = 0
[machine.4]         2730 user-u32 "can_recv" = 0
[machine.4]         2730 task-resume id=2 reason=scheduler
[machine.4]         2730 task-yield id=2 reason=Idle
[machine.4]         2740 task-resume id=1 reason=scheduler
[machine.4]         2740 task-yield id=1 reason=RtosPortYield
[machine.4]         2740 user-u32 "can_recv" = 0
[machine.4]         2740 user-u32 "can_recv" = 0
[machine.4]         2740 user-u32 "can_recv" = 0
[machine.4]         2740 user-u32 "can_recv" = 0
[machine.4]         2740 user-u32 "can_recv" = 0
[machine.4]         2740 task-resume id=2 reason=scheduler
[machine.4]         2740 task-yield id=2 reason=Idle
[machine.4]         2750 task-resume id=4 reason=scheduler
[machine.4]         2750 task-yield id=4 reason=RtosPortYield
[machine.4]         2750 task-resume id=1 reason=scheduler
[machine.4]         2750 task-yield id=1 reason=RtosPortYield
[machine.4]         2750 user-u32 "can_recv" = 0
[machine.4]         2750 user-u32 "can_recv" = 0
[machine.4]         2750 user-u32 "can_recv" = 0
[machine.4]         2750 user-u32 "can_recv" = 0
[machine.4]         2750 user-u32 "can_recv" = 0
[machine.4]         2750 task-resume id=2 reason=scheduler
[machine.4]         2750 task-yield id=2 reason=Idle
[machine.4]         2760 task-resume id=1 reason=scheduler
[machine.4]         2760 task-yield id=1 reason=RtosPortYield
[machine.4]         2760 user-u32 "can_recv" = 0
[machine.4]         2760 user-u32 "can_recv" = 0
[machine.4]         2760 user-u32 "can_recv" = 0
[machine.4]         2760 user-u32 "can_recv" = 0
[machine.4]         2760 user-u32 "can_recv" = 0
[machine.4]         2760 user-u32 "can_recv" = 0
[machine.4]         2760 task-resume id=2 reason=scheduler
[machine.4]         2760 task-yield id=2 reason=Idle
[machine.4]         2770 task-resume id=1 reason=scheduler
[machine.4]         2770 task-yield id=1 reason=RtosPortYield
[machine.4]         2770 user-u32 "can_recv" = 0
[machine.4]         2770 user-u32 "can_recv" = 0
[machine.4]         2770 user-u32 "can_recv" = 0
[machine.4]         2770 user-u32 "can_recv" = 0
[machine.4]         2770 user-u32 "can_recv" = 0
[machine.4]         2770 task-resume id=2 reason=scheduler
[machine.4]         2770 task-yield id=2 reason=Idle
[machine.4]         2780 task-resume id=1 reason=scheduler
[machine.4]         2780 task-yield id=1 reason=RtosPortYield
[machine.4]         2780 user-u32 "can_recv" = 0
[machine.4]         2780 user-u32 "can_recv" = 0
[machine.4]         2780 user-u32 "can_recv" = 0
[machine.4]         2780 user-u32 "can_recv" = 0
[machine.4]         2780 user-u32 "can_recv" = 0
[machine.4]         2780 task-resume id=2 reason=scheduler
[machine.4]         2780 task-yield id=2 reason=Idle
[machine.4]         2790 task-resume id=1 reason=scheduler
[machine.4]         2790 task-yield id=1 reason=RtosPortYield
[machine.4]         2790 user-u32 "can_recv" = 0
[machine.4]         2790 user-u32 "can_recv" = 0
[machine.4]         2790 user-u32 "can_recv" = 0
[machine.4]         2790 user-u32 "can_recv" = 0
[machine.4]         2790 user-u32 "can_recv" = 0
[machine.4]         2790 task-resume id=2 reason=scheduler
[machine.4]         2790 task-yield id=2 reason=Idle
[machine.4]         2800 task-resume id=4 reason=scheduler
[machine.4]         2800 task-yield id=4 reason=RtosPortYield
[machine.4]         2800 task-resume id=1 reason=scheduler
[machine.4]         2800 task-yield id=1 reason=RtosPortYield
[machine.4]         2800 user-u32 "can_recv" = 0
[machine.4]         2800 user-u32 "can_recv" = 0
[machine.4]         2800 user-u32 "can_recv" = 0
[machine.4]         2800 user-u32 "can_recv" = 0
[machine.4]         2800 user-u32 "can_recv" = 0
[machine.4]         2800 user-u32 "can_send" = 0
[machine.4]         2800 task-resume id=2 reason=scheduler
[machine.4]         2800 task-yield id=2 reason=Idle
[machine.4]         2810 task-resume id=1 reason=scheduler
[machine.4]         2810 task-yield id=1 reason=RtosPortYield
[machine.4]         2810 user-u32 "can_recv" = 0
[machine.4]         2810 user-u32 "can_recv" = 0
[machine.4]         2810 user-u32 "can_recv" = 0
[machine.4]         2810 user-u32 "can_recv" = 0
[machine.4]         2810 user-u32 "can_recv" = 0
[machine.4]         2810 user-u32 "can_recv" = 0
[machine.4]         2810 user-u32 "can_recv" = 0
[machine.4]         2810 user-u32 "can_recv" = 0
[machine.4]         2810 task-resume id=2 reason=scheduler
[machine.4]         2810 task-yield id=2 reason=Idle
[machine.4]         2820 task-resume id=1 reason=scheduler
[machine.4]         2820 task-yield id=1 reason=RtosPortYield
[machine.4]         2820 user-u32 "can_recv" = 0
[machine.4]         2820 user-u32 "can_recv" = 0
[machine.4]         2820 user-u32 "can_recv" = 0
[machine.4]         2820 user-u32 "can_recv" = 0
[machine.4]         2820 user-u32 "can_recv" = 0
[machine.4]         2820 task-resume id=2 reason=scheduler
[machine.4]         2820 task-yield id=2 reason=Idle
[machine.4]         2830 task-resume id=1 reason=scheduler
[machine.4]         2830 task-yield id=1 reason=RtosPortYield
[machine.4]         2830 user-u32 "can_recv" = 0
[machine.4]         2830 user-u32 "can_recv" = 0
[machine.4]         2830 user-u32 "can_recv" = 0
[machine.4]         2830 user-u32 "can_recv" = 0
[machine.4]         2830 user-u32 "can_recv" = 0
[machine.4]         2830 task-resume id=2 reason=scheduler
[machine.4]         2830 task-yield id=2 reason=Idle
[machine.4]         2840 task-resume id=1 reason=scheduler
[machine.4]         2840 task-yield id=1 reason=RtosPortYield
[machine.4]         2840 user-u32 "can_recv" = 0
[machine.4]         2840 user-u32 "can_recv" = 0
[machine.4]         2840 user-u32 "can_recv" = 0
[machine.4]         2840 user-u32 "can_recv" = 0
[machine.4]         2840 user-u32 "can_recv" = 0
[machine.4]         2840 task-resume id=2 reason=scheduler
[machine.4]         2840 task-yield id=2 reason=Idle
[machine.4]         2850 task-resume id=4 reason=scheduler
[machine.4]         2850 task-yield id=4 reason=RtosPortYield
[machine.4]         2850 task-resume id=1 reason=scheduler
[machine.4]         2850 task-yield id=1 reason=RtosPortYield
[machine.4]         2850 user-u32 "can_recv" = 0
[machine.4]         2850 user-u32 "can_recv" = 0
[machine.4]         2850 user-u32 "can_recv" = 0
[machine.4]         2850 user-u32 "can_recv" = 0
[machine.4]         2850 user-u32 "can_recv" = 0
[machine.4]         2850 task-resume id=2 reason=scheduler
[machine.4]         2850 task-yield id=2 reason=Idle
[machine.4]         2860 task-resume id=1 reason=scheduler
[machine.4]         2860 task-yield id=1 reason=RtosPortYield
[machine.4]         2860 user-u32 "can_recv" = 0
[machine.4]         2860 user-u32 "can_recv" = 0
[machine.4]         2860 user-u32 "can_recv" = 0
[machine.4]         2860 user-u32 "can_recv" = 0
[machine.4]         2860 user-u32 "can_recv" = 0
[machine.4]         2860 user-u32 "can_recv" = 0
[machine.4]         2860 task-resume id=2 reason=scheduler
[machine.4]         2860 task-yield id=2 reason=Idle
[machine.4]         2870 task-resume id=1 reason=scheduler
[machine.4]         2870 task-yield id=1 reason=RtosPortYield
[machine.4]         2870 user-u32 "can_recv" = 0
[machine.4]         2870 user-u32 "can_recv" = 0
[machine.4]         2870 user-u32 "can_recv" = 0
[machine.4]         2870 user-u32 "can_recv" = 0
[machine.4]         2870 user-u32 "can_recv" = 0
[machine.4]         2870 task-resume id=2 reason=scheduler
[machine.4]         2870 task-yield id=2 reason=Idle
[machine.4]         2880 task-resume id=1 reason=scheduler
[machine.4]         2880 task-yield id=1 reason=RtosPortYield
[machine.4]         2880 user-u32 "can_recv" = 0
[machine.4]         2880 user-u32 "can_recv" = 0
[machine.4]         2880 user-u32 "can_recv" = 0
[machine.4]         2880 user-u32 "can_recv" = 0
[machine.4]         2880 user-u32 "can_recv" = 0
[machine.4]         2880 task-resume id=2 reason=scheduler
[machine.4]         2880 task-yield id=2 reason=Idle
[machine.4]         2890 task-resume id=1 reason=scheduler
[machine.4]         2890 task-yield id=1 reason=RtosPortYield
[machine.4]         2890 user-u32 "can_recv" = 0
[machine.4]         2890 user-u32 "can_recv" = 0
[machine.4]         2890 user-u32 "can_recv" = 0
[machine.4]         2890 user-u32 "can_recv" = 0
[machine.4]         2890 user-u32 "can_recv" = 0
[machine.4]         2890 task-resume id=2 reason=scheduler
[machine.4]         2890 task-yield id=2 reason=Idle
[machine.4]         2900 task-resume id=4 reason=scheduler
[machine.4]         2900 task-yield id=4 reason=RtosPortYield
[machine.4]         2900 task-resume id=1 reason=scheduler
[machine.4]         2900 task-yield id=1 reason=RtosPortYield
[machine.4]         2900 user-u32 "can_recv" = 0
[machine.4]         2900 user-u32 "can_recv" = 0
[machine.4]         2900 user-u32 "can_recv" = 0
[machine.4]         2900 user-u32 "can_recv" = 0
[machine.4]         2900 user-u32 "can_recv" = 0
[machine.4]         2900 user-u32 "can_send" = 0
[machine.4]         2900 task-resume id=2 reason=scheduler
[machine.4]         2900 task-yield id=2 reason=Idle
[machine.4]         2910 task-resume id=1 reason=scheduler
[machine.4]         2910 task-yield id=1 reason=RtosPortYield
[machine.4]         2910 user-u32 "can_recv" = 0
[machine.4]         2910 user-u32 "can_recv" = 0
[machine.4]         2910 user-u32 "can_recv" = 0
[machine.4]         2910 user-u32 "can_recv" = 0
[machine.4]         2910 user-u32 "can_recv" = 0
[machine.4]         2910 user-u32 "can_recv" = 0
[machine.4]         2910 user-u32 "can_recv" = 0
[machine.4]         2910 user-u32 "can_recv" = 0
[machine.4]         2910 task-resume id=2 reason=scheduler
[machine.4]         2910 task-yield id=2 reason=Idle
[machine.4]         2920 task-resume id=1 reason=scheduler
[machine.4]         2920 task-yield id=1 reason=RtosPortYield
[machine.4]         2920 user-u32 "can_recv" = 0
[machine.4]         2920 user-u32 "can_recv" = 0
[machine.4]         2920 user-u32 "can_recv" = 0
[machine.4]         2920 user-u32 "can_recv" = 0
[machine.4]         2920 user-u32 "can_recv" = 0
[machine.4]         2920 task-resume id=2 reason=scheduler
[machine.4]         2920 task-yield id=2 reason=Idle
[machine.4]         2930 task-resume id=1 reason=scheduler
[machine.4]         2930 task-yield id=1 reason=RtosPortYield
[machine.4]         2930 user-u32 "can_recv" = 0
[machine.4]         2930 user-u32 "can_recv" = 0
[machine.4]         2930 user-u32 "can_recv" = 0
[machine.4]         2930 user-u32 "can_recv" = 0
[machine.4]         2930 user-u32 "can_recv" = 0
[machine.4]         2930 task-resume id=2 reason=scheduler
[machine.4]         2930 task-yield id=2 reason=Idle
[machine.4]         2940 task-resume id=1 reason=scheduler
[machine.4]         2940 task-yield id=1 reason=RtosPortYield
[machine.4]         2940 user-u32 "can_recv" = 0
[machine.4]         2940 user-u32 "can_recv" = 0
[machine.4]         2940 user-u32 "can_recv" = 0
[machine.4]         2940 user-u32 "can_recv" = 0
[machine.4]         2940 user-u32 "can_recv" = 0
[machine.4]         2940 task-resume id=2 reason=scheduler
[machine.4]         2940 task-yield id=2 reason=Idle
[machine.4]         2950 task-resume id=4 reason=scheduler
[machine.4]         2950 task-yield id=4 reason=RtosPortYield
[machine.4]         2950 task-resume id=1 reason=scheduler
[machine.4]         2950 task-yield id=1 reason=RtosPortYield
[machine.4]         2950 user-u32 "can_recv" = 0
[machine.4]         2950 user-u32 "can_recv" = 0
[machine.4]         2950 user-u32 "can_recv" = 0
[machine.4]         2950 user-u32 "can_recv" = 0
[machine.4]         2950 user-u32 "can_recv" = 0
[machine.4]         2950 task-resume id=2 reason=scheduler
[machine.4]         2950 task-yield id=2 reason=Idle
[machine.4]         2960 task-resume id=1 reason=scheduler
[machine.4]         2960 task-yield id=1 reason=RtosPortYield
[machine.4]         2960 user-u32 "can_recv" = 0
[machine.4]         2960 user-u32 "can_recv" = 0
[machine.4]         2960 user-u32 "can_recv" = 0
[machine.4]         2960 user-u32 "can_recv" = 0
[machine.4]         2960 user-u32 "can_recv" = 0
[machine.4]         2960 user-u32 "can_recv" = 0
[machine.4]         2960 task-resume id=2 reason=scheduler
[machine.4]         2960 task-yield id=2 reason=Idle
[machine.4]         2970 task-resume id=1 reason=scheduler
[machine.4]         2970 task-yield id=1 reason=RtosPortYield
[machine.4]         2970 user-u32 "can_recv" = 0
[machine.4]         2970 user-u32 "can_recv" = 0
[machine.4]         2970 user-u32 "can_recv" = 0
[machine.4]         2970 user-u32 "can_recv" = 0
[machine.4]         2970 user-u32 "can_recv" = 0
[machine.4]         2970 task-resume id=2 reason=scheduler
[machine.4]         2970 task-yield id=2 reason=Idle
[machine.4]         2980 task-resume id=1 reason=scheduler
[machine.4]         2980 task-yield id=1 reason=RtosPortYield
[machine.4]         2980 user-u32 "can_recv" = 0
[machine.4]         2980 user-u32 "can_recv" = 0
[machine.4]         2980 user-u32 "can_recv" = 0
[machine.4]         2980 user-u32 "can_recv" = 0
[machine.4]         2980 user-u32 "can_recv" = 0
[machine.4]         2980 task-resume id=2 reason=scheduler
[machine.4]         2980 task-yield id=2 reason=Idle
[machine.4]         2990 task-resume id=1 reason=scheduler
[machine.4]         2990 task-yield id=1 reason=RtosPortYield
[machine.4]         2990 user-u32 "can_recv" = 0
[machine.4]         2990 user-u32 "can_recv" = 0
[machine.4]         2990 user-u32 "can_recv" = 0
[machine.4]         2990 user-u32 "can_recv" = 0
[machine.4]         2990 user-u32 "can_recv" = 0
[machine.4]         2990 task-resume id=2 reason=scheduler
[machine.4]         2990 task-yield id=2 reason=Idle
[machine.4]         3000 task-resume id=4 reason=scheduler
[machine.4]         3000 task-yield id=4 reason=RtosPortYield
[machine.4]         3000 user-u32 "display_update" = 0
[machine.4]         3000 task-resume id=1 reason=scheduler
[machine.4]         3000 task-yield id=1 reason=RtosPortYield
[machine.4]         3000 user-u32 "can_recv" = 0
[machine.4]         3000 user-u32 "can_recv" = 0
[machine.4]         3000 user-u32 "can_recv" = 0
[machine.4]         3000 user-u32 "can_recv" = 0
[machine.4]         3000 user-u32 "can_recv" = 0
[machine.4]         3000 user-u32 "can_send" = 0
[machine.4]         3000 task-resume id=2 reason=scheduler
[machine.4]         3000 task-yield id=2 reason=Idle
